Linux 7.0.0-31-generic (HELIOS) 	09/13/2026 	_x86_64_	(32 CPU)

01:50:59 PM  CPU    %usr   %nice    %sys %iowait    %irq   %soft  %steal  %guest  %gnice   %idle
01:51:00 PM  all    0.50    0.00    0.56    2.25    0.00    0.00    0.00    0.00    0.00   96.69
01:51:00 PM    0    0.00    0.00    0.00    0.00    0.00    0.00    0.00    0.00    0.00  100.00
01:51:00 PM    1    0.00    0.00    0.00    0.00    0.00    0.00    0.00    0.00    0.00  100.00
01:51:00 PM    2    0.00    0.00    1.00    0.00    0.00    0.00    0.00    0.00    0.00   99.00
01:51:00 PM    3    0.00    0.00    0.00    0.00    0.00    0.00    0.00    0.00    0.00  100.00
01:51:00 PM    4    0.00    0.00    0.00    0.00    0.00    0.00    0.00    0.00    0.00  100.00
01:51:00 PM    5    0.00    0.00    0.00    0.00    0.00    0.00    0.00    0.00    0.00  100.00
01:51:00 PM    6    0.00    0.00    0.00    0.00    0.00    0.00    0.00    0.00    0.00  100.00
01:51:00 PM    7    0.00    0.00    0.00    0.00    0.00    0.00    0.00    0.00    0.00  100.00
01:51:00 PM    8    0.00    0.00    3.03    0.00    0.00    0.00    0.00    0.00    0.00   96.97
01:51:00 PM    9    2.02    0.00    1.01   11.11    0.00    0.00    0.00    0.00    0.00   85.86
01:51:00 PM   10    0.00    0.00    2.02   14.14    0.00    0.00    0.00    0.00    0.00   83.84
01:51:00 PM   11   12.87    0.00    7.92   44.55    0.00    0.00    0.00    0.00    0.00   34.65
01:51:00 PM   12    0.00    0.00    0.00    0.00    0.00    0.00    0.00    0.00    0.00  100.00
01:51:00 PM   13    0.00    0.00    0.00    0.00    0.00    0.00    0.00    0.00    0.00  100.00
01:51:00 PM   14    0.99    0.00    0.00    0.99    0.00    0.00    0.00    0.00    0.00   98.02
01:51:00 PM   15    0.00    0.00    0.00    0.00    0.00    0.00    0.00    0.00    0.00  100.00
01:51:00 PM   16    0.00    0.00    0.99    0.00    0.00    0.00    0.00    0.00    0.00   99.01
01:51:00 PM   17    0.00    0.00    0.00    0.00    0.00    0.00    0.00    0.00    0.00  100.00
01:51:00 PM   18    0.00    0.00    0.00    0.00    0.00    0.00    0.00    0.00    0.00  100.00
01:51:00 PM   19    0.00    0.00    0.00    0.00    0.00    0.00    0.00    0.00    0.00  100.00
01:51:00 PM   20    0.00    0.00    0.00    0.00    0.00    0.00    0.00    0.00    0.00  100.00
01:51:00 PM   21    0.00    0.00    0.00    0.00    0.00    0.00    0.00    0.00    0.00  100.00
01:51:00 PM   22    0.00    0.00    0.00    0.00    0.00    0.00    0.00    0.00    0.00  100.00
01:51:00 PM   23    0.00    0.00    1.00    0.00    0.00    0.00    0.00    0.00    0.00   99.00
01:51:00 PM   24    0.00    0.00    0.00    0.00    0.00    0.00    0.00    0.00    0.00  100.00
01:51:00 PM   25    0.00    0.00    0.00    0.00    0.00    0.00    0.00    0.00    0.00  100.00
01:51:00 PM   26    0.00    0.00    0.00    0.00    0.00    0.00    0.00    0.00    0.00  100.00
01:51:00 PM   27    0.00    0.00    0.00    1.01    0.00    0.00    0.00    0.00    0.00   98.99
01:51:00 PM   28    0.00    0.00    0.00    0.00    0.00    0.00    0.00    0.00    0.00  100.00
01:51:00 PM   29    0.00    0.00    0.00    0.00    0.00    0.00    0.00    0.00    0.00  100.00
01:51:00 PM   30    0.00    0.00    0.99    0.00    0.00    0.00    0.00    0.00    0.00   99.01
01:51:00 PM   31    0.00    0.00    0.00    0.00    0.00    0.00    0.00    0.00    0.00  100.00

01:51:00 PM  CPU    %usr   %nice    %sys %iowait    %irq   %soft  %steal  %guest  %gnice   %idle
01:51:01 PM  all    1.50    0.00    0.69    1.06    0.00    0.00    0.00    0.00    0.00   96.75
01:51:01 PM    0    0.00    0.00    0.00    0.00    0.00    0.00    0.00    0.00    0.00  100.00
01:51:01 PM    1    0.00    0.00    0.00    0.00    0.00    0.00    0.00    0.00    0.00  100.00
01:51:01 PM    2    0.00    0.00    0.99    0.00    0.00    0.00    0.00    0.00    0.00   99.01
01:51:01 PM    3    0.00    0.00    0.00    0.00    0.00    0.00    0.00    0.00    0.00  100.00
01:51:01 PM    4    0.00    0.00    0.00    0.00    0.00    0.00    0.00    0.00    0.00  100.00
01:51:01 PM    5    0.00    0.00    0.00    0.00    0.00    0.00    0.00    0.00    0.00  100.00
01:51:01 PM    6    0.00    0.00    0.00    0.00    0.00    0.00    0.00    0.00    0.00  100.00
01:51:01 PM    7    0.00    0.00    0.00    0.00    0.00    0.00    0.00    0.00    0.00  100.00
01:51:01 PM    8    1.00    0.00    1.00    1.00    0.00    0.00    0.00    0.00    0.00   97.00
01:51:01 PM    9   42.00    0.00   17.00   27.00    0.00    0.00    0.00    0.00    0.00   14.00
01:51:01 PM   10    0.99    0.00    0.99    0.00    0.00    0.00    0.00    0.00    0.00   98.02
01:51:01 PM   11    0.00    0.00    1.01    3.03    0.00    0.00    0.00    0.00    0.00   95.96
01:51:01 PM   12    0.00    0.00    0.00    0.00    0.00    0.00    0.00    0.00    0.00  100.00
01:51:01 PM   13    0.00    0.00    0.00    0.00    0.00    0.00    0.00    0.00    0.00  100.00
01:51:01 PM   14    0.00    0.00    0.00    0.00    0.00    0.00    0.00    0.00    0.00  100.00
01:51:01 PM   15    0.00    0.00    0.00    0.00    0.00    0.00    0.00    0.00    0.00  100.00
01:51:01 PM   16    0.00    0.00    0.00    0.00    0.00    0.00    0.00    0.00    0.00  100.00
01:51:01 PM   17    0.00    0.00    0.00    0.00    0.00    0.00    0.00    0.00    0.00  100.00
01:51:01 PM   18    0.00    0.00    0.00    0.00    0.00    0.00    0.00    0.00    0.00  100.00
01:51:01 PM   19    0.00    0.00    0.00    0.00    0.00    0.00    0.00    0.00    0.00  100.00
01:51:01 PM   20    0.00    0.00    0.00    0.00    0.00    0.00    0.00    0.00    0.00  100.00
01:51:01 PM   21    0.00    0.00    0.00    0.00    0.00    0.00    0.00    0.00    0.00  100.00
01:51:01 PM   22    0.00    0.00    0.00    0.00    0.00    0.00    0.00    0.00    0.00  100.00
01:51:01 PM   23    0.00    0.00    0.00    0.00    0.00    0.00    0.00    0.00    0.00  100.00
01:51:01 PM   24    0.00    0.00    0.00    0.00    0.00    0.00    0.00    0.00    0.00  100.00
01:51:01 PM   25    0.00    0.00    0.00    0.00    0.00    0.00    0.00    0.00    0.00  100.00
01:51:01 PM   26    0.00    0.00    0.00    0.00    0.00    0.00    0.00    0.00    0.00  100.00
01:51:01 PM   27    0.00    0.00    0.00    0.00    0.00    0.00    0.00    0.00    0.00  100.00
01:51:01 PM   28    0.00    0.00    0.00    0.00    0.00    0.00    0.00    0.00    0.00  100.00
01:51:01 PM   29    0.00    0.00    0.00    0.00    0.00    0.00    0.00    0.00    0.00  100.00
01:51:01 PM   30    0.00    0.00    0.00    0.00    0.00    0.00    0.00    0.00    0.00  100.00
01:51:01 PM   31    3.96    0.00    0.99    2.97    0.00    0.00    0.00    0.00    0.00   92.08

01:51:01 PM  CPU    %usr   %nice    %sys %iowait    %irq   %soft  %steal  %guest  %gnice   %idle
01:51:02 PM  all    1.50    0.03    0.25    1.47    0.00    0.00    0.00    0.00    0.00   96.75
01:51:02 PM    0    0.00    0.00    0.00    0.00    0.00    0.00    0.00    0.00    0.00  100.00
01:51:02 PM    1    0.00    0.00    0.00    0.00    0.00    0.00    0.00    0.00    0.00  100.00
01:51:02 PM    2    0.00    1.00    0.00    0.00    0.00    0.00    0.00    0.00    0.00   99.00
01:51:02 PM    3    0.00    0.00    0.00    0.00    0.00    0.00    0.00    0.00    0.00  100.00
01:51:02 PM    4    0.00    0.00    0.00    0.00    0.00    0.00    0.00    0.00    0.00  100.00
01:51:02 PM    5    0.00    0.00    0.00    0.00    0.00    0.00    0.00    0.00    0.00  100.00
01:51:02 PM    6    0.00    0.00    0.00    0.00    0.00    0.00    0.00    0.00    0.00  100.00
01:51:02 PM    7    0.00    0.00    0.00    0.00    0.00    0.00    0.00    0.00    0.00  100.00
01:51:02 PM    8    0.00    0.00    1.00    0.00    0.00    0.00    0.00    0.00    0.00   99.00
01:51:02 PM    9   47.06    0.00    6.86   46.08    0.00    0.00    0.00    0.00    0.00    0.00
01:51:02 PM   10    0.00    0.00    0.00    0.00    0.00    0.00    0.00    0.00    0.00  100.00
01:51:02 PM   11    0.00    0.00    0.00    0.00    0.00    0.00    0.00    0.00    0.00  100.00
01:51:02 PM   12    0.00    0.00    0.00    0.00    0.00    0.00    0.00    0.00    0.00  100.00
01:51:02 PM   13    0.00    0.00    0.00    0.00    0.00    0.00    0.00    0.00    0.00  100.00
01:51:02 PM   14    0.00    0.00    0.00    0.00    0.00    0.00    0.00    0.00    0.00  100.00
01:51:02 PM   15    0.00    0.00    0.00    0.00    0.00    0.00    0.00    0.00    0.00  100.00
01:51:02 PM   16    0.00    0.00    0.00    0.00    0.00    0.00    0.00    0.00    0.00  100.00
01:51:02 PM   17    0.00    0.00    0.00    0.00    0.00    0.00    0.00    0.00    0.00  100.00
01:51:02 PM   18    0.00    0.00    0.00    0.00    0.00    0.00    0.00    0.00    0.00  100.00
01:51:02 PM   19    0.00    0.00    0.00    0.00    0.00    0.00    0.00    0.00    0.00  100.00
01:51:02 PM   20    0.00    0.00    0.00    0.00    0.00    0.00    0.00    0.00    0.00  100.00
01:51:02 PM   21    0.00    0.00    0.00    0.00    0.00    0.00    0.00    0.00    0.00  100.00
01:51:02 PM   22    0.00    0.00    0.00    0.00    0.00    0.00    0.00    0.00    0.00  100.00
01:51:02 PM   23    0.00    0.00    0.00    0.00    0.00    0.00    0.00    0.00    0.00  100.00
01:51:02 PM   24    0.00    0.00    0.00    0.00    0.00    0.00    0.00    0.00    0.00  100.00
01:51:02 PM   25    0.00    0.00    0.00    0.00    0.00    0.00    0.00    0.00    0.00  100.00
01:51:02 PM   26    0.00    0.00    0.00    0.00    0.00    0.00    0.00    0.00    0.00  100.00
01:51:02 PM   27    0.00    0.00    0.00    0.00    0.00    0.00    0.00    0.00    0.00  100.00
01:51:02 PM   28    0.00    0.00    0.00    0.00    0.00    0.00    0.00    0.00    0.00  100.00
01:51:02 PM   29    0.00    0.00    0.00    0.00    0.00    0.00    0.00    0.00    0.00  100.00
01:51:02 PM   30    0.00    0.00    0.00    0.00    0.00    0.00    0.00    0.00    0.00  100.00
01:51:02 PM   31    0.00    0.00    0.00    0.00    0.00    0.00    0.00    0.00    0.00  100.00

01:51:02 PM  CPU    %usr   %nice    %sys %iowait    %irq   %soft  %steal  %guest  %gnice   %idle
01:51:03 PM  all    1.38    0.03    0.28    1.53    0.00    0.00    0.00    0.00    0.00   96.78
01:51:03 PM    0    0.00    0.00    0.00    0.00    0.00    0.00    0.00    0.00    0.00  100.00
01:51:03 PM    1    0.00    0.00    0.00    0.00    0.00    0.00    0.00    0.00    0.00  100.00
01:51:03 PM    2    0.00    0.00    1.00    0.00    0.00    0.00    0.00    0.00    0.00   99.00
01:51:03 PM    3    0.00    0.00    0.00    0.00    0.00    0.00    0.00    0.00    0.00  100.00
01:51:03 PM    4    0.00    0.00    0.00    0.00    0.00    0.00    0.00    0.00    0.00  100.00
01:51:03 PM    5    0.00    0.00    0.00    0.00    0.00    0.00    0.00    0.00    0.00  100.00
01:51:03 PM    6    0.00    0.00    0.00    0.00    0.00    0.00    0.00    0.00    0.00  100.00
01:51:03 PM    7    0.00    0.00    0.00    0.00    0.00    0.00    0.00    0.00    0.00  100.00
01:51:03 PM    8    0.00    0.99    0.00    0.00    0.00    0.00    0.00    0.00    0.00   99.01
01:51:03 PM    9   42.00    0.00    7.00   47.00    0.00    0.00    0.00    0.00    0.00    4.00
01:51:03 PM   10    2.00    0.00    1.00    2.00    0.00    0.00    0.00    0.00    0.00   95.00
01:51:03 PM   11    0.00    0.00    0.00    0.00    0.00    0.00    0.00    0.00    0.00  100.00
01:51:03 PM   12    0.00    0.00    0.00    0.00    0.00    0.00    0.00    0.00    0.00  100.00
01:51:03 PM   13    0.00    0.00    0.00    0.00    0.00    0.00    0.00    0.00    0.00  100.00
01:51:03 PM   14    0.00    0.00    0.00    0.00    0.00    0.00    0.00    0.00    0.00  100.00
01:51:03 PM   15    0.00    0.00    0.00    0.00    0.00    0.00    0.00    0.00    0.00  100.00
01:51:03 PM   16    0.00    0.00    0.00    0.00    0.00    0.00    0.00    0.00    0.00  100.00
01:51:03 PM   17    0.00    0.00    0.00    0.00    0.00    0.00    0.00    0.00    0.00  100.00
01:51:03 PM   18    0.00    0.00    0.00    0.00    0.00    0.00    0.00    0.00    0.00  100.00
01:51:03 PM   19    0.00    0.00    0.00    0.00    0.00    0.00    0.00    0.00    0.00  100.00
01:51:03 PM   20    0.00    0.00    0.00    0.00    0.00    0.00    0.00    0.00    0.00  100.00
01:51:03 PM   21    0.00    0.00    0.00    0.00    0.00    0.00    0.00    0.00    0.00  100.00
01:51:03 PM   22    0.00    0.00    0.00    0.00    0.00    0.00    0.00    0.00    0.00  100.00
01:51:03 PM   23    0.00    0.00    0.00    0.00    0.00    0.00    0.00    0.00    0.00  100.00
01:51:03 PM   24    0.00    0.00    0.00    0.00    0.00    0.00    0.00    0.00    0.00  100.00
01:51:03 PM   25    0.00    0.00    0.00    0.00    0.00    0.00    0.00    0.00    0.00  100.00
01:51:03 PM   26    0.00    0.00    0.00    0.00    0.00    0.00    0.00    0.00    0.00  100.00
01:51:03 PM   27    0.00    0.00    0.00    0.00    0.00    0.00    0.00    0.00    0.00  100.00
01:51:03 PM   28    0.00    0.00    0.00    0.00    0.00    0.00    0.00    0.00    0.00  100.00
01:51:03 PM   29    0.00    0.00    0.00    0.00    0.00    0.00    0.00    0.00    0.00  100.00
01:51:03 PM   30    0.00    0.00    0.00    0.00    0.00    0.00    0.00    0.00    0.00  100.00
01:51:03 PM   31    0.00    0.00    0.00    0.00    0.00    0.00    0.00    0.00    0.00  100.00

01:51:03 PM  CPU    %usr   %nice    %sys %iowait    %irq   %soft  %steal  %guest  %gnice   %idle
01:51:04 PM  all    1.53    0.00    0.28    1.06    0.00    0.00    0.00    0.00    0.00   97.12
01:51:04 PM    0    0.00    0.00    0.00    0.00    0.00    0.00    0.00    0.00    0.00  100.00
01:51:04 PM    1    0.00    0.00    0.00    0.00    0.00    0.00    0.00    0.00    0.00  100.00
01:51:04 PM    2    0.00    0.00    1.00    0.00    0.00    0.00    0.00    0.00    0.00   99.00
01:51:04 PM    3    0.00    0.00    0.00    0.00    0.00    0.00    0.00    0.00    0.00  100.00
01:51:04 PM    4    0.00    0.00    1.00    0.00    0.00    0.00    0.00    0.00    0.00   99.00
01:51:04 PM    5    0.00    0.00    0.00    0.00    0.00    0.00    0.00    0.00    0.00  100.00
01:51:04 PM    6    0.00    0.00    0.00    0.00    0.00    0.00    0.00    0.00    0.00  100.00
01:51:04 PM    7    0.00    0.00    0.00    0.00    0.00    0.00    0.00    0.00    0.00  100.00
01:51:04 PM    8    0.00    0.00    0.00    0.00    0.00    0.00    0.00    0.00    0.00  100.00
01:51:04 PM    9    0.00    0.00    0.00    0.00    0.00    0.00    0.00    0.00    0.00  100.00
01:51:04 PM   10   12.00    0.00    1.00    0.00    0.00    0.00    0.00    0.00    0.00   87.00
01:51:04 PM   11   37.00    0.00    6.00   34.00    0.00    0.00    0.00    0.00    0.00   23.00
01:51:04 PM   12    0.00    0.00    0.00    0.00    0.00    0.00    0.00    0.00    0.00  100.00
01:51:04 PM   13    0.00    0.00    0.00    0.00    0.00    0.00    0.00    0.00    0.00  100.00
01:51:04 PM   14    0.00    0.00    0.00    0.00    0.00    0.00    0.00    0.00    0.00  100.00
01:51:04 PM   15    0.00    0.00    0.00    0.00    0.00    0.00    0.00    0.00    0.00  100.00
01:51:04 PM   16    0.00    0.00    0.00    0.00    0.00    0.00    0.00    0.00    0.00  100.00
01:51:04 PM   17    0.00    0.00    0.00    0.00    0.00    0.00    0.00    0.00    0.00  100.00
01:51:04 PM   18    0.00    0.00    0.00    0.00    0.00    0.00    0.00    0.00    0.00  100.00
01:51:04 PM   19    0.00    0.00    0.00    0.00    0.00    0.00    0.00    0.00    0.00  100.00
01:51:04 PM   20    0.00    0.00    0.00    0.00    0.00    0.00    0.00    0.00    0.00  100.00
01:51:04 PM   21    0.00    0.00    0.00    0.00    0.00    0.00    0.00    0.00    0.00  100.00
01:51:04 PM   22    0.00    0.00    0.00    0.00    0.00    0.00    0.00    0.00    0.00  100.00
01:51:04 PM   23    0.00    0.00    0.00    0.00    0.00    0.00    0.00    0.00    0.00  100.00
01:51:04 PM   24    0.00    0.00    0.00    0.00    0.00    0.00    0.00    0.00    0.00  100.00
01:51:04 PM   25    0.00    0.00    0.00    0.00    0.00    0.00    0.00    0.00    0.00  100.00
01:51:04 PM   26    0.00    0.00    0.00    0.00    0.00    0.00    0.00    0.00    0.00  100.00
01:51:04 PM   27    0.00    0.00    0.00    0.00    0.00    0.00    0.00    0.00    0.00  100.00
01:51:04 PM   28    0.00    0.00    0.00    0.00    0.00    0.00    0.00    0.00    0.00  100.00
01:51:04 PM   29    0.00    0.00    0.00    0.00    0.00    0.00    0.00    0.00    0.00  100.00
01:51:04 PM   30    0.00    0.00    0.00    0.00    0.00    0.00    0.00    0.00    0.00  100.00
01:51:04 PM   31    0.00    0.00    0.00    0.00    0.00    0.00    0.00    0.00    0.00  100.00

01:51:04 PM  CPU    %usr   %nice    %sys %iowait    %irq   %soft  %steal  %guest  %gnice   %idle
01:51:05 PM  all    1.06    0.00    0.41    0.31    0.00    0.00    0.00    0.00    0.00   98.22
01:51:05 PM    0    0.00    0.00    0.00    0.00    0.00    0.00    0.00    0.00    0.00  100.00
01:51:05 PM    1    0.00    0.00    0.00    0.00    0.00    0.00    0.00    0.00    0.00  100.00
01:51:05 PM    2    0.00    0.00    0.00    0.00    0.00    0.00    0.00    0.00    0.00  100.00
01:51:05 PM    3    0.00    0.00    0.00    0.00    0.00    0.00    0.00    0.00    0.00  100.00
01:51:05 PM    4    0.00    0.00    0.00    0.00    0.00    0.00    0.00    0.00    0.00  100.00
01:51:05 PM    5    0.00    0.00    0.00    0.00    0.00    0.00    0.00    0.00    0.00  100.00
01:51:05 PM    6    0.00    0.00    0.00    0.00    0.00    0.00    0.00    0.00    0.00  100.00
01:51:05 PM    7    0.00    0.00    0.00    0.00    0.00    0.00    0.00    0.00    0.00  100.00
01:51:05 PM    8    0.00    0.00    1.00    0.00    0.00    0.00    0.00    0.00    0.00   99.00
01:51:05 PM    9    0.00    0.00    0.00    0.00    0.00    0.00    0.00    0.00    0.00  100.00
01:51:05 PM   10    0.00    0.00    0.00    0.00    0.00    0.00    0.00    0.00    0.00  100.00
01:51:05 PM   11   34.00    0.00   12.00   10.00    0.00    0.00    0.00    0.00    0.00   44.00
01:51:05 PM   12    0.00    0.00    0.00    0.00    0.00    0.00    0.00    0.00    0.00  100.00
01:51:05 PM   13    0.00    0.00    0.00    0.00    0.00    0.00    0.00    0.00    0.00  100.00
01:51:05 PM   14    0.00    0.00    0.00    0.00    0.00    0.00    0.00    0.00    0.00  100.00
01:51:05 PM   15    0.00    0.00    0.00    0.00    0.00    0.00    0.00    0.00    0.00  100.00
01:51:05 PM   16    0.00    0.00    0.00    0.00    0.00    0.00    0.00    0.00    0.00  100.00
01:51:05 PM   17    0.00    0.00    0.00    0.00    0.00    0.00    0.00    0.00    0.00  100.00
01:51:05 PM   18    0.00    0.00    0.00    0.00    0.00    0.00    0.00    0.00    0.00  100.00
01:51:05 PM   19    0.00    0.00    0.00    0.00    0.00    0.00    0.00    0.00    0.00  100.00
01:51:05 PM   20    0.00    0.00    0.00    0.00    0.00    0.00    0.00    0.00    0.00  100.00
01:51:05 PM   21    0.00    0.00    0.00    0.00    0.00    0.00    0.00    0.00    0.00  100.00
01:51:05 PM   22    0.00    0.00    0.00    0.00    0.00    0.00    0.00    0.00    0.00  100.00
01:51:05 PM   23    0.00    0.00    0.00    0.00    0.00    0.00    0.00    0.00    0.00  100.00
01:51:05 PM   24    0.00    0.00    0.00    0.00    0.00    0.00    0.00    0.00    0.00  100.00
01:51:05 PM   25    0.00    0.00    0.00    0.00    0.00    0.00    0.00    0.00    0.00  100.00
01:51:05 PM   26    0.00    0.00    0.00    0.00    0.00    0.00    0.00    0.00    0.00  100.00
01:51:05 PM   27    0.00    0.00    0.00    0.00    0.00    0.00    0.00    0.00    0.00  100.00
01:51:05 PM   28    0.00    0.00    0.00    0.00    0.00    0.00    0.00    0.00    0.00  100.00
01:51:05 PM   29    0.00    0.00    0.00    0.00    0.00    0.00    0.00    0.00    0.00  100.00
01:51:05 PM   30    0.00    0.00    0.00    0.00    0.00    0.00    0.00    0.00    0.00  100.00
01:51:05 PM   31    0.00    0.00    0.00    0.00    0.00    0.00    0.00    0.00    0.00  100.00

01:51:05 PM  CPU    %usr   %nice    %sys %iowait    %irq   %soft  %steal  %guest  %gnice   %idle
01:51:06 PM  all    1.88    0.00    1.34    0.00    0.00    0.00    0.00    0.00    0.00   96.78
01:51:06 PM    0    0.00    0.00    0.00    0.00    0.00    0.00    0.00    0.00    0.00  100.00
01:51:06 PM    1    0.00    0.00    0.00    0.00    0.00    0.00    0.00    0.00    0.00  100.00
01:51:06 PM    2    0.00    0.00    0.00    0.00    0.00    0.00    0.00    0.00    0.00  100.00
01:51:06 PM    3    0.00    0.00    0.00    0.00    0.00    0.00    0.00    0.00    0.00  100.00
01:51:06 PM    4    0.00    0.00    0.00    0.00    0.00    0.00    0.00    0.00    0.00  100.00
01:51:06 PM    5    0.00    0.00    0.00    0.00    0.00    0.00    0.00    0.00    0.00  100.00
01:51:06 PM    6    0.00    0.00    0.00    0.00    0.00    0.00    0.00    0.00    0.00  100.00
01:51:06 PM    7    0.00    0.00    0.00    0.00    0.00    0.00    0.00    0.00    0.00  100.00
01:51:06 PM    8    0.00    0.00    1.00    0.00    0.00    0.00    0.00    0.00    0.00   99.00
01:51:06 PM    9    0.00    0.00    0.00    0.00    0.00    0.00    0.00    0.00    0.00  100.00
01:51:06 PM   10   27.72    0.00   27.72    0.00    0.00    0.00    0.00    0.00    0.00   44.55
01:51:06 PM   11   32.00    0.00   13.00    0.00    0.00    0.00    0.00    0.00    0.00   55.00
01:51:06 PM   12    0.00    0.00    1.00    0.00    0.00    0.00    0.00    0.00    0.00   99.00
01:51:06 PM   13    0.00    0.00    0.00    0.00    0.00    0.00    0.00    0.00    0.00  100.00
01:51:06 PM   14    0.00    0.00    0.00    0.00    0.00    0.00    0.00    0.00    0.00  100.00
01:51:06 PM   15    0.00    0.00    0.00    0.00    0.00    0.00    0.00    0.00    0.00  100.00
01:51:06 PM   16    0.00    0.00    0.00    0.00    0.00    0.00    0.00    0.00    0.00  100.00
01:51:06 PM   17    0.00    0.00    0.00    0.00    0.00    0.00    0.00    0.00    0.00  100.00
01:51:06 PM   18    0.00    0.00    0.00    0.00    0.00    0.00    0.00    0.00    0.00  100.00
01:51:06 PM   19    0.00    0.00    0.00    0.00    0.00    0.00    0.00    0.00    0.00  100.00
01:51:06 PM   20    0.00    0.00    0.00    0.00    0.00    0.00    0.00    0.00    0.00  100.00
01:51:06 PM   21    0.00    0.00    0.00    0.00    0.00    0.00    0.00    0.00    0.00  100.00
01:51:06 PM   22    0.00    0.00    0.00    0.00    0.00    0.00    0.00    0.00    0.00  100.00
01:51:06 PM   23    0.00    0.00    0.00    0.00    0.00    0.00    0.00    0.00    0.00  100.00
01:51:06 PM   24    0.00    0.00    0.00    0.00    0.00    0.00    0.00    0.00    0.00  100.00
01:51:06 PM   25    0.00    0.00    0.00    0.00    0.00    0.00    0.00    0.00    0.00  100.00
01:51:06 PM   26    0.00    0.00    0.00    0.00    0.00    0.00    0.00    0.00    0.00  100.00
01:51:06 PM   27    0.00    0.00    0.00    0.00    0.00    0.00    0.00    0.00    0.00  100.00
01:51:06 PM   28    0.00    0.00    0.00    0.00    0.00    0.00    0.00    0.00    0.00  100.00
01:51:06 PM   29    0.00    0.00    0.00    0.00    0.00    0.00    0.00    0.00    0.00  100.00
01:51:06 PM   30    0.00    0.00    0.00    0.00    0.00    0.00    0.00    0.00    0.00  100.00
01:51:06 PM   31    0.00    0.00    0.00    0.00    0.00    0.00    0.00    0.00    0.00  100.00

01:51:06 PM  CPU    %usr   %nice    %sys %iowait    %irq   %soft  %steal  %guest  %gnice   %idle
01:51:07 PM  all    1.10    0.00    0.59    0.34    0.00    0.00    0.00    0.00    0.00   97.96
01:51:07 PM    0    0.00    0.00    0.00    0.00    0.00    0.00    0.00    0.00    0.00  100.00
01:51:07 PM    1    0.00    0.00    0.00    0.00    0.00    0.00    0.00    0.00    0.00  100.00
01:51:07 PM    2    0.00    0.00    0.00    0.00    0.00    0.00    0.00    0.00    0.00  100.00
01:51:07 PM    3    0.00    0.00    0.00    0.00    0.00    0.00    0.00    0.00    0.00  100.00
01:51:07 PM    4    0.00    0.00    0.00    0.00    0.00    0.00    0.00    0.00    0.00  100.00
01:51:07 PM    5    0.00    0.00    0.00    0.00    0.00    0.00    0.00    0.00    0.00  100.00
01:51:07 PM    6    0.00    0.00    0.00    0.00    0.00    0.00    0.00    0.00    0.00  100.00
01:51:07 PM    7    0.00    0.00    0.00    0.00    0.00    0.00    0.00    0.00    0.00  100.00
01:51:07 PM    8    0.00    0.00    2.02    0.00    0.00    0.00    0.00    0.00    0.00   97.98
01:51:07 PM    9    0.00    0.00    0.00    0.00    0.00    0.00    0.00    0.00    0.00  100.00
01:51:07 PM   10   33.33    0.00   12.12    7.07    0.00    0.00    0.00    0.00    0.00   47.47
01:51:07 PM   11    1.01    0.00    5.05    4.04    0.00    0.00    0.00    0.00    0.00   89.90
01:51:07 PM   12    0.00    0.00    0.00    0.00    0.00    0.00    0.00    0.00    0.00  100.00
01:51:07 PM   13    0.00    0.00    0.00    0.00    0.00    0.00    0.00    0.00    0.00  100.00
01:51:07 PM   14    0.00    0.00    0.00    0.00    0.00    0.00    0.00    0.00    0.00  100.00
01:51:07 PM   15    0.00    0.00    0.00    0.00    0.00    0.00    0.00    0.00    0.00  100.00
01:51:07 PM   16    0.00    0.00    0.00    0.00    0.00    0.00    0.00    0.00    0.00  100.00
01:51:07 PM   17    0.00    0.00    0.00    0.00    0.00    0.00    0.00    0.00    0.00  100.00
01:51:07 PM   18    0.00    0.00    0.00    0.00    0.00    0.00    0.00    0.00    0.00  100.00
01:51:07 PM   19    0.00    0.00    0.00    0.00    0.00    0.00    0.00    0.00    0.00  100.00
01:51:07 PM   20    0.99    0.00    0.00    0.00    0.00    0.00    0.00    0.00    0.00   99.01
01:51:07 PM   21    0.00    0.00    0.00    0.00    0.00    0.00    0.00    0.00    0.00  100.00
01:51:07 PM   22    0.00    0.00    0.00    0.00    0.00    0.00    0.00    0.00    0.00  100.00
01:51:07 PM   23    0.00    0.00    0.00    0.00    0.00    0.00    0.00    0.00    0.00  100.00
01:51:07 PM   24    0.00    0.00    0.00    0.00    0.00    0.00    0.00    0.00    0.00  100.00
01:51:07 PM   25    0.00    0.00    0.00    0.00    0.00    0.00    0.00    0.00    0.00  100.00
01:51:07 PM   26    0.00    0.00    0.00    0.00    0.00    0.00    0.00    0.00    0.00  100.00
01:51:07 PM   27    0.00    0.00    0.00    0.00    0.00    0.00    0.00    0.00    0.00  100.00
01:51:07 PM   28    0.00    0.00    0.00    0.00    0.00    0.00    0.00    0.00    0.00  100.00
01:51:07 PM   29    0.00    0.00    0.00    0.00    0.00    0.00    0.00    0.00    0.00  100.00
01:51:07 PM   30    0.00    0.00    0.00    0.00    0.00    0.00    0.00    0.00    0.00  100.00
01:51:07 PM   31    0.00    0.00    0.00    0.00    0.00    0.00    0.00    0.00    0.00  100.00

01:51:07 PM  CPU    %usr   %nice    %sys %iowait    %irq   %soft  %steal  %guest  %gnice   %idle
01:51:08 PM  all    0.31    0.03    1.63    1.34    0.00    0.00    0.00    0.00    0.00   96.69
01:51:08 PM    0    0.00    0.00    0.00    0.00    0.00    0.00    0.00    0.00    0.00  100.00
01:51:08 PM    1    0.00    0.00    0.00    0.00    0.00    0.00    0.00    0.00    0.00  100.00
01:51:08 PM    2    0.00    0.00    0.00    0.00    0.00    0.00    0.00    0.00    0.00  100.00
01:51:08 PM    3    0.00    0.00    0.00    0.00    0.00    0.00    0.00    0.00    0.00  100.00
01:51:08 PM    4    0.00    0.00    0.00    4.00    0.00    0.00    0.00    0.00    0.00   96.00
01:51:08 PM    5    0.00    0.00    0.00    0.00    0.00    0.00    0.00    0.00    0.00  100.00
01:51:08 PM    6    0.00    0.00    0.99    0.00    0.00    0.00    0.00    0.00    0.00   99.01
01:51:08 PM    7    0.00    0.00    0.00    0.00    0.00    0.00    0.00    0.00    0.00  100.00
01:51:08 PM    8    0.00    0.99    1.98    0.00    0.00    0.00    0.00    0.00    0.00   97.03
01:51:08 PM    9    6.12    0.00   22.45   20.41    0.00    0.00    0.00    0.00    0.00   51.02
01:51:08 PM   10    0.00    0.00    0.00    0.00    0.00    0.00    0.00    0.00    0.00  100.00
01:51:08 PM   11    4.00    0.00   27.00   19.00    0.00    0.00    0.00    0.00    0.00   50.00
01:51:08 PM   12    0.00    0.00    0.00    0.00    0.00    0.00    0.00    0.00    0.00  100.00
01:51:08 PM   13    0.00    0.00    0.00    0.00    0.00    0.00    0.00    0.00    0.00  100.00
01:51:08 PM   14    0.00    0.00    0.00    0.00    0.00    0.00    0.00    0.00    0.00  100.00
01:51:08 PM   15    0.00    0.00    0.00    0.00    0.00    0.00    0.00    0.00    0.00  100.00
01:51:08 PM   16    0.00    0.00    0.00    0.00    0.00    0.00    0.00    0.00    0.00  100.00
01:51:08 PM   17    0.00    0.00    0.00    0.00    0.00    0.00    0.00    0.00    0.00  100.00
01:51:08 PM   18    0.00    0.00    0.00    0.00    0.00    0.00    0.00    0.00    0.00  100.00
01:51:08 PM   19    0.00    0.00    0.00    0.00    0.00    0.00    0.00    0.00    0.00  100.00
01:51:08 PM   20    0.00    0.00    0.00    0.00    0.00    0.00    0.00    0.00    0.00  100.00
01:51:08 PM   21    0.00    0.00    0.00    0.00    0.00    0.00    0.00    0.00    0.00  100.00
01:51:08 PM   22    0.00    0.00    0.00    0.00    0.00    0.00    0.00    0.00    0.00  100.00
01:51:08 PM   23    0.00    0.00    0.00    0.00    0.00    0.00    0.00    0.00    0.00  100.00
01:51:08 PM   24    0.00    0.00    0.00    0.00    0.00    0.00    0.00    0.00    0.00  100.00
01:51:08 PM   25    0.00    0.00    0.00    0.00    0.00    0.00    0.00    0.00    0.00  100.00
01:51:08 PM   26    0.00    0.00    0.00    0.00    0.00    0.00    0.00    0.00    0.00  100.00
01:51:08 PM   27    0.00    0.00    0.00    0.00    0.00    0.00    0.00    0.00    0.00  100.00
01:51:08 PM   28    0.00    0.00    0.00    0.00    0.00    0.00    0.00    0.00    0.00  100.00
01:51:08 PM   29    0.00    0.00    0.00    0.00    0.00    0.00    0.00    0.00    0.00  100.00
01:51:08 PM   30    0.00    0.00    0.00    0.00    0.00    0.00    0.00    0.00    0.00  100.00
01:51:08 PM   31    0.00    0.00    0.00    0.00    0.00    0.00    0.00    0.00    0.00  100.00

01:51:08 PM  CPU    %usr   %nice    %sys %iowait    %irq   %soft  %steal  %guest  %gnice   %idle
01:51:09 PM  all    0.25    0.00    1.85    1.10    0.00    0.00    0.00    0.00    0.00   96.81
01:51:09 PM    0    0.00    0.00    0.00    0.00    0.00    0.00    0.00    0.00    0.00  100.00
01:51:09 PM    1    0.00    0.00    0.00    0.00    0.00    0.00    0.00    0.00    0.00  100.00
01:51:09 PM    2    0.00    0.00    0.00    0.00    0.00    0.00    0.00    0.00    0.00  100.00
01:51:09 PM    3    0.00    0.00    0.00    0.00    0.00    0.00    0.00    0.00    0.00  100.00
01:51:09 PM    4    0.00    0.00    0.00    0.00    0.00    0.00    0.00    0.00    0.00  100.00
01:51:09 PM    5    0.00    0.00    0.00    0.00    0.00    0.00    0.00    0.00    0.00  100.00
01:51:09 PM    6    0.00    0.00    2.02    1.01    0.00    0.00    0.00    0.00    0.00   96.97
01:51:09 PM    7    0.00    0.00    0.00    0.00    0.00    0.00    0.00    0.00    0.00  100.00
01:51:09 PM    8    2.04    0.00   14.29    7.14    0.00    0.00    0.00    0.00    0.00   76.53
01:51:09 PM    9    0.00    0.00    0.99    0.99    0.00    0.00    0.00    0.00    0.00   98.02
01:51:09 PM   10    5.05    0.00   36.36   22.22    0.00    0.00    0.00    0.00    0.00   36.36
01:51:09 PM   11    0.00    0.00    0.00    0.00    0.00    0.00    0.00    0.00    0.00  100.00
01:51:09 PM   12    1.01    0.00    3.03    3.03    0.00    0.00    0.00    0.00    0.00   92.93
01:51:09 PM   13    0.00    0.00    0.00    0.00    0.00    0.00    0.00    0.00    0.00  100.00
01:51:09 PM   14    0.00    0.00    1.00    0.00    0.00    0.00    0.00    0.00    0.00   99.00
01:51:09 PM   15    0.00    0.00    0.00    0.00    0.00    0.00    0.00    0.00    0.00  100.00
01:51:09 PM   16    0.00    0.00    0.00    0.00    0.00    0.00    0.00    0.00    0.00  100.00
01:51:09 PM   17    0.00    0.00    0.00    0.00    0.00    0.00    0.00    0.00    0.00  100.00
01:51:09 PM   18    0.00    0.00    0.00    0.00    0.00    0.00    0.00    0.00    0.00  100.00
01:51:09 PM   19    0.00    0.00    0.00    0.00    0.00    0.00    0.00    0.00    0.00  100.00
01:51:09 PM   20    0.00    0.00    2.00    1.00    0.00    0.00    0.00    0.00    0.00   97.00
01:51:09 PM   21    0.00    0.00    0.00    0.00    0.00    0.00    0.00    0.00    0.00  100.00
01:51:09 PM   22    0.00    0.00    0.00    0.00    0.00    0.00    0.00    0.00    0.00  100.00
01:51:09 PM   23    0.00    0.00    0.00    0.00    0.00    0.00    0.00    0.00    0.00  100.00
01:51:09 PM   24    0.00    0.00    0.00    0.00    0.00    0.00    0.00    0.00    0.00  100.00
01:51:09 PM   25    0.00    0.00    0.00    0.00    0.00    0.00    0.00    0.00    0.00  100.00
01:51:09 PM   26    0.00    0.00    0.00    0.00    0.00    0.00    0.00    0.00    0.00  100.00
01:51:09 PM   27    0.00    0.00    0.00    0.00    0.00    0.00    0.00    0.00    0.00  100.00
01:51:09 PM   28    0.00    0.00    0.00    0.00    0.00    0.00    0.00    0.00    0.00  100.00
01:51:09 PM   29    0.00    0.00    0.00    0.00    0.00    0.00    0.00    0.00    0.00  100.00
01:51:09 PM   30    0.00    0.00    0.00    0.00    0.00    0.00    0.00    0.00    0.00  100.00
01:51:09 PM   31    0.00    0.00    0.00    0.00    0.00    0.00    0.00    0.00    0.00  100.00

01:51:09 PM  CPU    %usr   %nice    %sys %iowait    %irq   %soft  %steal  %guest  %gnice   %idle
01:51:10 PM  all    1.56    0.03    1.47    0.31    0.00    0.00    0.00    0.00    0.00   96.63
01:51:10 PM    0    0.00    0.00    0.00    0.00    0.00    0.00    0.00    0.00    0.00  100.00
01:51:10 PM    1    0.00    0.00    0.00    0.00    0.00    0.00    0.00    0.00    0.00  100.00
01:51:10 PM    2    0.00    0.00    0.00    1.00    0.00    0.00    0.00    0.00    0.00   99.00
01:51:10 PM    3    0.00    0.00    0.00    0.00    0.00    0.00    0.00    0.00    0.00  100.00
01:51:10 PM    4    0.99    0.00    0.00    0.00    0.00    0.00    0.00    0.00    0.00   99.01
01:51:10 PM    5    0.00    0.00    0.00    0.00    0.00    0.00    0.00    0.00    0.00  100.00
01:51:10 PM    6    0.00    0.00    0.00    0.00    0.00    0.00    0.00    0.00    0.00  100.00
01:51:10 PM    7    0.00    0.00    0.00    0.00    0.00    0.00    0.00    0.00    0.00  100.00
01:51:10 PM    8   47.52    0.00   43.56    8.91    0.00    0.00    0.00    0.00    0.00    0.00
01:51:10 PM    9    0.00    0.00    0.00    0.00    0.00    0.00    0.00    0.00    0.00  100.00
01:51:10 PM   10    1.00    1.00    2.00    0.00    0.00    0.00    0.00    0.00    0.00   96.00
01:51:10 PM   11    0.00    0.00    0.00    0.00    0.00    0.00    0.00    0.00    0.00  100.00
01:51:10 PM   12    0.00    0.00    0.99    0.00    0.00    0.00    0.00    0.00    0.00   99.01
01:51:10 PM   13    0.00    0.00    0.00    0.00    0.00    0.00    0.00    0.00    0.00  100.00
01:51:10 PM   14    0.00    0.00    0.00    0.00    0.00    0.00    0.00    0.00    0.00  100.00
01:51:10 PM   15    0.00    0.00    0.00    0.00    0.00    0.00    0.00    0.00    0.00  100.00
01:51:10 PM   16    0.00    0.00    0.00    0.00    0.00    0.00    0.00    0.00    0.00  100.00
01:51:10 PM   17    0.00    0.00    0.00    0.00    0.00    0.00    0.00    0.00    0.00  100.00
01:51:10 PM   18    0.00    0.00    0.00    0.00    0.00    0.00    0.00    0.00    0.00  100.00
01:51:10 PM   19    0.00    0.00    0.00    0.00    0.00    0.00    0.00    0.00    0.00  100.00
01:51:10 PM   20    0.00    0.00    0.00    0.00    0.00    0.00    0.00    0.00    0.00  100.00
01:51:10 PM   21    0.00    0.00    0.00    0.00    0.00    0.00    0.00    0.00    0.00  100.00
01:51:10 PM   22    0.00    0.00    0.00    0.00    0.00    0.00    0.00    0.00    0.00  100.00
01:51:10 PM   23    0.00    0.00    0.00    0.00    0.00    0.00    0.00    0.00    0.00  100.00
01:51:10 PM   24    0.00    0.00    0.00    0.00    0.00    0.00    0.00    0.00    0.00  100.00
01:51:10 PM   25    0.00    0.00    0.00    0.00    0.00    0.00    0.00    0.00    0.00  100.00
01:51:10 PM   26    0.00    0.00    0.00    0.00    0.00    0.00    0.00    0.00    0.00  100.00
01:51:10 PM   27    0.00    0.00    0.00    0.00    0.00    0.00    0.00    0.00    0.00  100.00
01:51:10 PM   28    0.00    0.00    0.00    0.00    0.00    0.00    0.00    0.00    0.00  100.00
01:51:10 PM   29    0.00    0.00    0.00    0.00    0.00    0.00    0.00    0.00    0.00  100.00
01:51:10 PM   30    0.00    0.00    0.00    0.00    0.00    0.00    0.00    0.00    0.00  100.00
01:51:10 PM   31    0.00    0.00    0.00    0.00    0.00    0.00    0.00    0.00    0.00  100.00

01:51:10 PM  CPU    %usr   %nice    %sys %iowait    %irq   %soft  %steal  %guest  %gnice   %idle
01:51:11 PM  all    1.19    0.00    0.06    0.00    0.00    0.00    0.00    0.00    0.00   98.75
01:51:11 PM    0    0.00    0.00    0.00    0.00    0.00    0.00    0.00    0.00    0.00  100.00
01:51:11 PM    1    0.00    0.00    0.00    0.00    0.00    0.00    0.00    0.00    0.00  100.00
01:51:11 PM    2    0.00    0.00    0.00    0.00    0.00    0.00    0.00    0.00    0.00  100.00
01:51:11 PM    3    0.00    0.00    0.00    0.00    0.00    0.00    0.00    0.00    0.00  100.00
01:51:11 PM    4    0.00    0.00    0.00    0.00    0.00    0.00    0.00    0.00    0.00  100.00
01:51:11 PM    5    0.00    0.00    0.00    0.00    0.00    0.00    0.00    0.00    0.00  100.00
01:51:11 PM    6    0.00    0.00    0.00    0.00    0.00    0.00    0.00    0.00    0.00  100.00
01:51:11 PM    7    0.00    0.00    0.00    0.00    0.00    0.00    0.00    0.00    0.00  100.00
01:51:11 PM    8   38.38    0.00    0.00    0.00    0.00    0.00    0.00    0.00    0.00   61.62
01:51:11 PM    9    0.00    0.00    0.00    0.00    0.00    0.00    0.00    0.00    0.00  100.00
01:51:11 PM   10    0.00    0.00    1.00    0.00    0.00    0.00    0.00    0.00    0.00   99.00
01:51:11 PM   11    0.00    0.00    0.00    0.00    0.00    0.00    0.00    0.00    0.00  100.00
01:51:11 PM   12    0.00    0.00    1.01    0.00    0.00    0.00    0.00    0.00    0.00   98.99
01:51:11 PM   13    0.00    0.00    0.00    0.00    0.00    0.00    0.00    0.00    0.00  100.00
01:51:11 PM   14    0.00    0.00    0.00    0.00    0.00    0.00    0.00    0.00    0.00  100.00
01:51:11 PM   15    0.00    0.00    0.00    0.00    0.00    0.00    0.00    0.00    0.00  100.00
01:51:11 PM   16    0.00    0.00    0.00    0.00    0.00    0.00    0.00    0.00    0.00  100.00
01:51:11 PM   17    0.00    0.00    0.00    0.00    0.00    0.00    0.00    0.00    0.00  100.00
01:51:11 PM   18    0.00    0.00    0.00    0.00    0.00    0.00    0.00    0.00    0.00  100.00
01:51:11 PM   19    0.00    0.00    0.00    0.00    0.00    0.00    0.00    0.00    0.00  100.00
01:51:11 PM   20    0.00    0.00    0.00    0.00    0.00    0.00    0.00    0.00    0.00  100.00
01:51:11 PM   21    0.00    0.00    0.00    0.00    0.00    0.00    0.00    0.00    0.00  100.00
01:51:11 PM   22    0.00    0.00    0.00    0.00    0.00    0.00    0.00    0.00    0.00  100.00
01:51:11 PM   23    0.00    0.00    0.00    0.00    0.00    0.00    0.00    0.00    0.00  100.00
01:51:11 PM   24    0.00    0.00    0.00    0.00    0.00    0.00    0.00    0.00    0.00  100.00
01:51:11 PM   25    0.00    0.00    0.00    0.00    0.00    0.00    0.00    0.00    0.00  100.00
01:51:11 PM   26    0.00    0.00    0.00    0.00    0.00    0.00    0.00    0.00    0.00  100.00
01:51:11 PM   27    0.00    0.00    0.00    0.00    0.00    0.00    0.00    0.00    0.00  100.00
01:51:11 PM   28    0.00    0.00    0.00    0.00    0.00    0.00    0.00    0.00    0.00  100.00
01:51:11 PM   29    0.00    0.00    0.00    0.00    0.00    0.00    0.00    0.00    0.00  100.00
01:51:11 PM   30    0.00    0.00    0.00    0.00    0.00    0.00    0.00    0.00    0.00  100.00
01:51:11 PM   31    0.00    0.00    0.00    0.00    0.00    0.00    0.00    0.00    0.00  100.00

01:51:11 PM  CPU    %usr   %nice    %sys %iowait    %irq   %soft  %steal  %guest  %gnice   %idle
01:51:12 PM  all    2.28    0.00    0.47    0.38    0.00    0.00    0.00    0.00    0.00   96.87
01:51:12 PM    0    0.00    0.00    0.00    0.00    0.00    0.00    0.00    0.00    0.00  100.00
01:51:12 PM    1    0.00    0.00    0.00    0.00    0.00    0.00    0.00    0.00    0.00  100.00
01:51:12 PM    2    0.00    0.00    0.00    0.00    0.00    0.00    0.00    0.00    0.00  100.00
01:51:12 PM    3    0.00    0.00    0.00    0.00    0.00    0.00    0.00    0.00    0.00  100.00
01:51:12 PM    4    0.00    0.00    0.00    1.00    0.00    0.00    0.00    0.00    0.00   99.00
01:51:12 PM    5    0.00    0.00    0.00    0.00    0.00    0.00    0.00    0.00    0.00  100.00
01:51:12 PM    6    0.00    0.00    0.00    0.00    0.00    0.00    0.00    0.00    0.00  100.00
01:51:12 PM    7    0.00    0.00    0.00    0.00    0.00    0.00    0.00    0.00    0.00  100.00
01:51:12 PM    8   70.30    0.00    2.97    0.99    0.00    0.00    0.00    0.00    0.00   25.74
01:51:12 PM    9    0.00    0.00    0.00    0.00    0.00    0.00    0.00    0.00    0.00  100.00
01:51:12 PM   10    2.02    0.00   11.11   10.10    0.00    0.00    0.00    0.00    0.00   76.77
01:51:12 PM   11    0.00    0.00    0.00    0.00    0.00    0.00    0.00    0.00    0.00  100.00
01:51:12 PM   12    0.00    0.00    0.00    0.00    0.00    0.00    0.00    0.00    0.00  100.00
01:51:12 PM   13    0.00    0.00    0.00    0.00    0.00    0.00    0.00    0.00    0.00  100.00
01:51:12 PM   14    0.00    0.00    1.00    0.00    0.00    0.00    0.00    0.00    0.00   99.00
01:51:12 PM   15    0.00    0.00    0.00    0.00    0.00    0.00    0.00    0.00    0.00  100.00
01:51:12 PM   16    0.00    0.00    0.00    0.00    0.00    0.00    0.00    0.00    0.00  100.00
01:51:12 PM   17    0.00    0.00    0.00    0.00    0.00    0.00    0.00    0.00    0.00  100.00
01:51:12 PM   18    0.00    0.00    0.00    0.00    0.00    0.00    0.00    0.00    0.00  100.00
01:51:12 PM   19    0.00    0.00    0.00    0.00    0.00    0.00    0.00    0.00    0.00  100.00
01:51:12 PM   20    0.00    0.00    0.00    0.00    0.00    0.00    0.00    0.00    0.00  100.00
01:51:12 PM   21    0.00    0.00    0.00    0.00    0.00    0.00    0.00    0.00    0.00  100.00
01:51:12 PM   22    0.00    0.00    0.00    0.00    0.00    0.00    0.00    0.00    0.00  100.00
01:51:12 PM   23    0.00    0.00    0.00    0.00    0.00    0.00    0.00    0.00    0.00  100.00
01:51:12 PM   24    0.00    0.00    0.00    0.00    0.00    0.00    0.00    0.00    0.00  100.00
01:51:12 PM   25    0.00    0.00    0.00    0.00    0.00    0.00    0.00    0.00    0.00  100.00
01:51:12 PM   26    0.00    0.00    0.00    0.00    0.00    0.00    0.00    0.00    0.00  100.00
01:51:12 PM   27    0.00    0.00    0.00    0.00    0.00    0.00    0.00    0.00    0.00  100.00
01:51:12 PM   28    0.00    0.00    0.00    0.00    0.00    0.00    0.00    0.00    0.00  100.00
01:51:12 PM   29    0.00    0.00    0.00    0.00    0.00    0.00    0.00    0.00    0.00  100.00
01:51:12 PM   30    0.00    0.00    0.00    0.00    0.00    0.00    0.00    0.00    0.00  100.00
01:51:12 PM   31    0.00    0.00    0.00    0.00    0.00    0.00    0.00    0.00    0.00  100.00

01:51:12 PM  CPU    %usr   %nice    %sys %iowait    %irq   %soft  %steal  %guest  %gnice   %idle
01:51:13 PM  all    0.41    0.03    0.44    2.31    0.00    0.00    0.00    0.00    0.00   96.81
01:51:13 PM    0    0.00    0.00    0.00    0.00    0.00    0.00    0.00    0.00    0.00  100.00
01:51:13 PM    1    0.00    0.00    0.00    0.00    0.00    0.00    0.00    0.00    0.00  100.00
01:51:13 PM    2    0.00    0.00    0.00    0.00    0.00    0.00    0.00    0.00    0.00  100.00
01:51:13 PM    3    0.00    0.00    0.00    0.00    0.00    0.00    0.00    0.00    0.00  100.00
01:51:13 PM    4    0.00    0.00    0.00    0.00    0.00    0.00    0.00    0.00    0.00  100.00
01:51:13 PM    5    0.00    0.00    0.00    0.00    0.00    0.00    0.00    0.00    0.00  100.00
01:51:13 PM    6    0.00    0.00    0.00    0.00    0.00    0.00    0.00    0.00    0.00  100.00
01:51:13 PM    7    0.00    0.00    0.00    0.00    0.00    0.00    0.00    0.00    0.00  100.00
01:51:13 PM    8    8.25    0.00    9.28   60.82    0.00    0.00    0.00    0.00    0.00   21.65
01:51:13 PM    9    3.00    0.00    3.00   14.00    0.00    0.00    0.00    0.00    0.00   80.00
01:51:13 PM   10    0.99    0.00    0.99    0.99    0.00    0.00    0.00    0.00    0.00   97.03
01:51:13 PM   11    1.00    0.00    0.00    0.00    0.00    0.00    0.00    0.00    0.00   99.00
01:51:13 PM   12    0.00    0.99    0.99    0.00    0.00    0.00    0.00    0.00    0.00   98.02
01:51:13 PM   13    0.00    0.00    0.00    0.00    0.00    0.00    0.00    0.00    0.00  100.00
01:51:13 PM   14    0.00    0.00    0.00    0.00    0.00    0.00    0.00    0.00    0.00  100.00
01:51:13 PM   15    0.00    0.00    0.00    0.00    0.00    0.00    0.00    0.00    0.00  100.00
01:51:13 PM   16    0.00    0.00    0.00    0.00    0.00    0.00    0.00    0.00    0.00  100.00
01:51:13 PM   17    0.00    0.00    0.00    0.00    0.00    0.00    0.00    0.00    0.00  100.00
01:51:13 PM   18    0.00    0.00    0.00    0.00    0.00    0.00    0.00    0.00    0.00  100.00
01:51:13 PM   19    0.00    0.00    0.00    0.00    0.00    0.00    0.00    0.00    0.00  100.00
01:51:13 PM   20    0.00    0.00    0.00    0.00    0.00    0.00    0.00    0.00    0.00  100.00
01:51:13 PM   21    0.00    0.00    0.00    0.00    0.00    0.00    0.00    0.00    0.00  100.00
01:51:13 PM   22    0.00    0.00    0.00    0.00    0.00    0.00    0.00    0.00    0.00  100.00
01:51:13 PM   23    0.00    0.00    0.00    0.00    0.00    0.00    0.00    0.00    0.00  100.00
01:51:13 PM   24    0.00    0.00    0.00    0.00    0.00    0.00    0.00    0.00    0.00  100.00
01:51:13 PM   25    0.00    0.00    0.00    0.00    0.00    0.00    0.00    0.00    0.00  100.00
01:51:13 PM   26    0.00    0.00    0.00    0.00    0.00    0.00    0.00    0.00    0.00  100.00
01:51:13 PM   27    0.00    0.00    0.00    0.00    0.00    0.00    0.00    0.00    0.00  100.00
01:51:13 PM   28    0.00    0.00    0.00    0.00    0.00    0.00    0.00    0.00    0.00  100.00
01:51:13 PM   29    0.00    0.00    0.00    0.00    0.00    0.00    0.00    0.00    0.00  100.00
01:51:13 PM   30    0.00    0.00    0.00    0.00    0.00    0.00    0.00    0.00    0.00  100.00
01:51:13 PM   31    0.00    0.00    0.00    0.00    0.00    0.00    0.00    0.00    0.00  100.00

01:51:13 PM  CPU    %usr   %nice    %sys %iowait    %irq   %soft  %steal  %guest  %gnice   %idle
01:51:14 PM  all    1.10    0.00    0.47    1.57    0.00    0.00    0.00    0.00    0.00   96.87
01:51:14 PM    0    0.00    0.00    0.00    0.00    0.00    0.00    0.00    0.00    0.00  100.00
01:51:14 PM    1    0.00    0.00    0.00    0.00    0.00    0.00    0.00    0.00    0.00  100.00
01:51:14 PM    2    1.00    0.00    1.00    2.00    0.00    0.00    0.00    0.00    0.00   96.00
01:51:14 PM    3    3.03    0.00    0.00    2.02    0.00    0.00    0.00    0.00    0.00   94.95
01:51:14 PM    4    0.00    0.00    0.00    0.00    0.00    0.00    0.00    0.00    0.00  100.00
01:51:14 PM    5    0.00    0.00    0.00    0.00    0.00    0.00    0.00    0.00    0.00  100.00
01:51:14 PM    6    0.00    0.00    0.00    0.00    0.00    0.00    0.00    0.00    0.00  100.00
01:51:14 PM    7    0.00    0.00    0.00    0.00    0.00    0.00    0.00    0.00    0.00  100.00
01:51:14 PM    8    0.00    0.00    1.00    1.00    0.00    0.00    0.00    0.00    0.00   98.00
01:51:14 PM    9   29.29    0.00   11.11   45.45    0.00    0.00    0.00    0.00    0.00   14.14
01:51:14 PM   10    0.00    0.00    0.00    0.00    0.00    0.00    0.00    0.00    0.00  100.00
01:51:14 PM   11    0.00    0.00    0.99    0.00    0.00    0.00    0.00    0.00    0.00   99.01
01:51:14 PM   12    0.00    0.00    0.00    0.00    0.00    0.00    0.00    0.00    0.00  100.00
01:51:14 PM   13    0.00    0.00    0.00    0.00    0.00    0.00    0.00    0.00    0.00  100.00
01:51:14 PM   14    0.00    0.00    0.00    0.00    0.00    0.00    0.00    0.00    0.00  100.00
01:51:14 PM   15    0.00    0.00    0.00    0.00    0.00    0.00    0.00    0.00    0.00  100.00
01:51:14 PM   16    0.00    0.00    1.00    0.00    0.00    0.00    0.00    0.00    0.00   99.00
01:51:14 PM   17    0.00    0.00    0.00    0.00    0.00    0.00    0.00    0.00    0.00  100.00
01:51:14 PM   18    0.00    0.00    0.00    0.00    0.00    0.00    0.00    0.00    0.00  100.00
01:51:14 PM   19    0.00    0.00    0.00    0.00    0.00    0.00    0.00    0.00    0.00  100.00
01:51:14 PM   20    1.01    0.00    0.00    0.00    0.00    0.00    0.00    0.00    0.00   98.99
01:51:14 PM   21    0.00    0.00    0.00    0.00    0.00    0.00    0.00    0.00    0.00  100.00
01:51:14 PM   22    0.00    0.00    0.00    0.00    0.00    0.00    0.00    0.00    0.00  100.00
01:51:14 PM   23    0.00    0.00    0.00    0.00    0.00    0.00    0.00    0.00    0.00  100.00
01:51:14 PM   24    0.00    0.00    0.00    0.00    0.00    0.00    0.00    0.00    0.00  100.00
01:51:14 PM   25    0.00    0.00    0.00    0.00    0.00    0.00    0.00    0.00    0.00  100.00
01:51:14 PM   26    1.00    0.00    0.00    0.00    0.00    0.00    0.00    0.00    0.00   99.00
01:51:14 PM   27    0.00    0.00    0.00    0.00    0.00    0.00    0.00    0.00    0.00  100.00
01:51:14 PM   28    0.00    0.00    0.00    0.00    0.00    0.00    0.00    0.00    0.00  100.00
01:51:14 PM   29    0.00    0.00    0.00    0.00    0.00    0.00    0.00    0.00    0.00  100.00
01:51:14 PM   30    0.00    0.00    0.00    0.00    0.00    0.00    0.00    0.00    0.00  100.00
01:51:14 PM   31    0.00    0.00    0.00    0.00    0.00    0.00    0.00    0.00    0.00  100.00

01:51:14 PM  CPU    %usr   %nice    %sys %iowait    %irq   %soft  %steal  %guest  %gnice   %idle
01:51:15 PM  all    2.97    0.00    0.66    0.62    0.00    0.00    0.00    0.00    0.00   95.75
01:51:15 PM    0   10.89    0.00    0.99    0.99    0.00    0.00    0.00    0.00    0.00   87.13
01:51:15 PM    1    0.00    0.00    1.00    0.00    0.00    0.00    0.00    0.00    0.00   99.00
01:51:15 PM    2    5.94    0.00    2.97    0.00    0.00    0.00    0.00    0.00    0.00   91.09
01:51:15 PM    3    0.00    0.00    0.00    0.00    0.00    0.00    0.00    0.00    0.00  100.00
01:51:15 PM    4    0.00    0.00    0.00    0.00    0.00    0.00    0.00    0.00    0.00  100.00
01:51:15 PM    5    0.00    0.00    0.00    0.00    0.00    0.00    0.00    0.00    0.00  100.00
01:51:15 PM    6    0.00    0.00    0.00    0.99    0.00    0.00    0.00    0.00    0.00   99.01
01:51:15 PM    7    0.00    0.00    0.00    0.00    0.00    0.00    0.00    0.00    0.00  100.00
01:51:15 PM    8   67.00    0.00    3.00    9.00    0.00    0.00    0.00    0.00    0.00   21.00
01:51:15 PM    9    3.03    0.00    0.00    0.00    0.00    0.00    0.00    0.00    0.00   96.97
01:51:15 PM   10    0.00    0.00    8.08    0.00    0.00    0.00    0.00    0.00    0.00   91.92
01:51:15 PM   11    0.00    0.00    0.00    0.00    0.00    0.00    0.00    0.00    0.00  100.00
01:51:15 PM   12    2.02    0.00    0.00    0.00    0.00    0.00    0.00    0.00    0.00   97.98
01:51:15 PM   13    0.00    0.00    0.00    0.00    0.00    0.00    0.00    0.00    0.00  100.00
01:51:15 PM   14    0.00    0.00    0.00    0.00    0.00    0.00    0.00    0.00    0.00  100.00
01:51:15 PM   15    0.00    0.00    0.00    0.00    0.00    0.00    0.00    0.00    0.00  100.00
01:51:15 PM   16    0.00    0.00    0.00    1.00    0.00    0.00    0.00    0.00    0.00   99.00
01:51:15 PM   17    0.00    0.00    1.00    0.00    0.00    0.00    0.00    0.00    0.00   99.00
01:51:15 PM   18    0.00    0.00    0.00    0.00    0.00    0.00    0.00    0.00    0.00  100.00
01:51:15 PM   19    0.00    0.00    0.00    1.00    0.00    0.00    0.00    0.00    0.00   99.00
01:51:15 PM   20    0.98    0.00    1.96    4.90    0.00    0.00    0.00    0.00    0.00   92.16
01:51:15 PM   21    0.00    0.00    0.00    0.00    0.00    0.00    0.00    0.00    0.00  100.00
01:51:15 PM   22    0.00    0.00    0.00    0.00    0.00    0.00    0.00    0.00    0.00  100.00
01:51:15 PM   23    0.00    0.00    0.00    0.00    0.00    0.00    0.00    0.00    0.00  100.00
01:51:15 PM   24    0.00    0.00    0.00    0.00    0.00    0.00    0.00    0.00    0.00  100.00
01:51:15 PM   25    3.00    0.00    2.00    0.00    0.00    0.00    0.00    0.00    0.00   95.00
01:51:15 PM   26    0.00    0.00    0.00    0.00    0.00    0.00    0.00    0.00    0.00  100.00
01:51:15 PM   27    0.00    0.00    0.00    0.00    0.00    0.00    0.00    0.00    0.00  100.00
01:51:15 PM   28    1.98    0.00    0.00    0.99    0.00    0.00    0.00    0.00    0.00   97.03
01:51:15 PM   29    0.00    0.00    0.00    0.00    0.00    0.00    0.00    0.00    0.00  100.00
01:51:15 PM   30    0.00    0.00    0.00    0.00    0.00    0.00    0.00    0.00    0.00  100.00
01:51:15 PM   31    0.00    0.00    0.00    1.00    0.00    0.00    0.00    0.00    0.00   99.00

01:51:15 PM  CPU    %usr   %nice    %sys %iowait    %irq   %soft  %steal  %guest  %gnice   %idle
01:51:16 PM  all   24.89    0.03    9.75    4.48    0.00    0.00    0.00    0.00    0.00   60.85
01:51:16 PM    0   17.35    0.00    6.12    4.08    0.00    0.00    0.00    0.00    0.00   72.45
01:51:16 PM    1   21.43    0.00    7.14    4.08    0.00    0.00    0.00    0.00    0.00   67.35
01:51:16 PM    2   15.46    0.00    3.09    7.22    0.00    0.00    0.00    0.00    0.00   74.23
01:51:16 PM    3   28.28    0.00    8.08    7.07    0.00    0.00    0.00    0.00    0.00   56.57
01:51:16 PM    4   14.00    0.00    3.00    2.00    0.00    0.00    0.00    0.00    0.00   81.00
01:51:16 PM    5   26.80    0.00   11.34   10.31    0.00    0.00    0.00    0.00    0.00   51.55
01:51:16 PM    6   18.37    0.00    9.18   11.22    0.00    0.00    0.00    0.00    0.00   61.22
01:51:16 PM    7   22.00    0.00    4.00    0.00    0.00    0.00    0.00    0.00    0.00   74.00
01:51:16 PM    8   80.00    0.00    6.00    0.00    0.00    0.00    0.00    0.00    0.00   14.00
01:51:16 PM    9   18.81    0.00    4.95    0.99    0.00    0.00    0.00    0.00    0.00   75.25
01:51:16 PM   10   15.15    0.00   45.45    0.00    0.00    0.00    0.00    0.00    0.00   39.39
01:51:16 PM   11   25.74    0.99    8.91    8.91    0.00    0.00    0.00    0.00    0.00   55.45
01:51:16 PM   12   21.43    0.00    8.16    6.12    0.00    0.00    0.00    0.00    0.00   64.29
01:51:16 PM   13   16.16    0.00    6.06    0.00    0.00    0.00    0.00    0.00    0.00   77.78
01:51:16 PM   14   19.19    0.00    6.06    1.01    0.00    0.00    0.00    0.00    0.00   73.74
01:51:16 PM   15   20.20    0.00    7.07    7.07    0.00    0.00    0.00    0.00    0.00   65.66
01:51:16 PM   16   28.28    0.00    9.09    4.04    0.00    0.00    0.00    0.00    0.00   58.59
01:51:16 PM   17   26.53    0.00    9.18    4.08    0.00    0.00    0.00    0.00    0.00   60.20
01:51:16 PM   18   17.00    0.00   13.00    4.00    0.00    0.00    0.00    0.00    0.00   66.00
01:51:16 PM   19   22.00    0.00   10.00    2.00    0.00    0.00    0.00    0.00    0.00   66.00
01:51:16 PM   20   18.37    0.00    6.12    3.06    0.00    0.00    0.00    0.00    0.00   72.45
01:51:16 PM   21   23.00    0.00    9.00    3.00    0.00    0.00    0.00    0.00    0.00   65.00
01:51:16 PM   22   28.00    0.00    9.00    1.00    0.00    0.00    0.00    0.00    0.00   62.00
01:51:16 PM   23   28.00    0.00    6.00    6.00    0.00    0.00    0.00    0.00    0.00   60.00
01:51:16 PM   24   19.80    0.00    8.91    0.00    0.00    0.00    0.00    0.00    0.00   71.29
01:51:16 PM   25   21.21    0.00   11.11    3.03    0.00    0.00    0.00    0.00    0.00   64.65
01:51:16 PM   26   21.00    0.00   13.00    7.00    0.00    0.00    0.00    0.00    0.00   59.00
01:51:16 PM   27   27.55    0.00   13.27    8.16    0.00    0.00    0.00    0.00    0.00   51.02
01:51:16 PM   28   35.35    0.00   11.11    7.07    0.00    0.00    0.00    0.00    0.00   46.46
01:51:16 PM   29   35.35    0.00   10.10    7.07    0.00    0.00    0.00    0.00    0.00   47.47
01:51:16 PM   30   34.02    0.00   11.34    7.22    0.00    0.00    0.00    0.00    0.00   47.42
01:51:16 PM   31   30.30    0.00   17.17    7.07    0.00    0.00    0.00    0.00    0.00   45.45

01:51:16 PM  CPU    %usr   %nice    %sys %iowait    %irq   %soft  %steal  %guest  %gnice   %idle
01:51:17 PM  all   61.10    0.03   14.15    0.38    0.00    0.00    0.00    0.00    0.00   24.34
01:51:17 PM    0   45.00    0.00    5.00    1.00    0.00    0.00    0.00    0.00    0.00   49.00
01:51:17 PM    1   59.60    0.00   15.15    1.01    0.00    0.00    0.00    0.00    0.00   24.24
01:51:17 PM    2   40.82    0.00    5.10    0.00    0.00    0.00    0.00    0.00    0.00   54.08
01:51:17 PM    3   44.90    0.00   28.57    0.00    0.00    0.00    0.00    0.00    0.00   26.53
01:51:17 PM    4   45.54    0.00    2.97    0.00    0.00    0.00    0.00    0.00    0.00   51.49
01:51:17 PM    5   49.49    0.00   15.15    1.01    0.00    0.00    0.00    0.00    0.00   34.34
01:51:17 PM    6   42.00    0.00    5.00    0.00    0.00    0.00    0.00    0.00    0.00   53.00
01:51:17 PM    7   60.00    0.00   12.00    2.00    0.00    0.00    0.00    0.00    0.00   26.00
01:51:17 PM    8   44.90    0.00    5.10    0.00    0.00    0.00    0.00    0.00    0.00   50.00
01:51:17 PM    9   52.00    0.00   15.00    1.00    0.00    0.00    0.00    0.00    0.00   32.00
01:51:17 PM   10   36.36    0.00    8.08    1.01    0.00    0.00    0.00    0.00    0.00   54.55
01:51:17 PM   11   60.20    0.00   18.37    0.00    0.00    0.00    0.00    0.00    0.00   21.43
01:51:17 PM   12   44.33    0.00   10.31    0.00    0.00    0.00    0.00    0.00    0.00   45.36
01:51:17 PM   13   51.49    0.00   22.77    0.99    0.00    0.00    0.00    0.00    0.00   24.75
01:51:17 PM   14   50.00    0.00    8.00    0.00    0.00    0.00    0.00    0.00    0.00   42.00
01:51:17 PM   15   56.12    0.00    7.14    1.02    0.00    0.00    0.00    0.00    0.00   35.71
01:51:17 PM   16   68.32    0.00    5.94    0.99    0.00    0.00    0.00    0.00    0.00   24.75
01:51:17 PM   17   64.00    0.00   11.00    1.00    0.00    0.00    0.00    0.00    0.00   24.00
01:51:17 PM   18   65.66    0.00   14.14    0.00    0.00    0.00    0.00    0.00    0.00   20.20
01:51:17 PM   19   74.75    0.00   14.14    0.00    0.00    0.00    0.00    0.00    0.00   11.11
01:51:17 PM   20   72.28    0.00   23.76    0.00    0.00    0.00    0.00    0.00    0.00    3.96
01:51:17 PM   21   69.70    0.00   25.25    0.00    0.00    0.00    0.00    0.00    0.00    5.05
01:51:17 PM   22   72.92    0.00   16.67    0.00    0.00    0.00    0.00    0.00    0.00   10.42
01:51:17 PM   23   68.00    0.00   26.00    0.00    0.00    0.00    0.00    0.00    0.00    6.00
01:51:17 PM   24   83.84    0.00    7.07    0.00    0.00    0.00    0.00    0.00    0.00    9.09
01:51:17 PM   25   85.00    0.00    8.00    0.00    0.00    0.00    0.00    0.00    0.00    7.00
01:51:17 PM   26   91.00    0.00    4.00    0.00    0.00    0.00    0.00    0.00    0.00    5.00
01:51:17 PM   27   75.25    0.00   17.82    0.00    0.00    0.00    0.00    0.00    0.00    6.93
01:51:17 PM   28   68.37    0.00   25.51    0.00    0.00    0.00    0.00    0.00    0.00    6.12
01:51:17 PM   29   69.00    0.00   24.00    0.00    0.00    0.00    0.00    0.00    0.00    7.00
01:51:17 PM   30   71.29    0.99   21.78    0.99    0.00    0.00    0.00    0.00    0.00    4.95
01:51:17 PM   31   72.00    0.00   24.00    0.00    0.00    0.00    0.00    0.00    0.00    4.00

01:51:17 PM  CPU    %usr   %nice    %sys %iowait    %irq   %soft  %steal  %guest  %gnice   %idle
01:51:18 PM  all   62.25    0.03   13.34    0.00    0.00    0.00    0.00    0.00    0.00   24.38
01:51:18 PM    0   48.98    0.00    3.06    0.00    0.00    0.00    0.00    0.00    0.00   47.96
01:51:18 PM    1   59.00    0.00   13.00    0.00    0.00    0.00    0.00    0.00    0.00   28.00
01:51:18 PM    2   46.00    0.00    4.00    0.00    0.00    0.00    0.00    0.00    0.00   50.00
01:51:18 PM    3   54.46    0.00   13.86    0.00    0.00    0.00    0.00    0.00    0.00   31.68
01:51:18 PM    4   35.00    0.00    4.00    0.00    0.00    0.00    0.00    0.00    0.00   61.00
01:51:18 PM    5   71.00    0.00   11.00    0.00    0.00    0.00    0.00    0.00    0.00   18.00
01:51:18 PM    6   37.00    0.00    4.00    0.00    0.00    0.00    0.00    0.00    0.00   59.00
01:51:18 PM    7   68.32    0.00   16.83    0.00    0.00    0.00    0.00    0.00    0.00   14.85
01:51:18 PM    8   51.00    0.00    7.00    0.00    0.00    0.00    0.00    0.00    0.00   42.00
01:51:18 PM    9   50.51    0.00   15.15    0.00    0.00    0.00    0.00    0.00    0.00   34.34
01:51:18 PM   10   46.39    0.00    8.25    0.00    0.00    0.00    0.00    0.00    0.00   45.36
01:51:18 PM   11   52.58    0.00   13.40    0.00    0.00    0.00    0.00    0.00    0.00   34.02
01:51:18 PM   12   43.88    0.00    5.10    0.00    0.00    0.00    0.00    0.00    0.00   51.02
01:51:18 PM   13   60.61    0.00   13.13    0.00    0.00    0.00    0.00    0.00    0.00   26.26
01:51:18 PM   14   48.45    0.00    8.25    0.00    0.00    0.00    0.00    0.00    0.00   43.30
01:51:18 PM   15   59.41    0.00    9.90    0.00    0.00    0.00    0.00    0.00    0.00   30.69
01:51:18 PM   16   70.41    0.00    6.12    0.00    0.00    0.00    0.00    0.00    0.00   23.47
01:51:18 PM   17   66.67    1.01    9.09    0.00    0.00    0.00    0.00    0.00    0.00   23.23
01:51:18 PM   18   69.70    0.00   13.13    0.00    0.00    0.00    0.00    0.00    0.00   17.17
01:51:18 PM   19   70.00    0.00   16.00    0.00    0.00    0.00    0.00    0.00    0.00   14.00
01:51:18 PM   20   74.75    0.00   18.18    0.00    0.00    0.00    0.00    0.00    0.00    7.07
01:51:18 PM   21   67.00    0.00   24.00    0.00    0.00    0.00    0.00    0.00    0.00    9.00
01:51:18 PM   22   71.00    0.00   23.00    0.00    0.00    0.00    0.00    0.00    0.00    6.00
01:51:18 PM   23   70.00    0.00   18.00    0.00    0.00    0.00    0.00    0.00    0.00   12.00
01:51:18 PM   24   67.71    0.00   19.79    0.00    0.00    0.00    0.00    0.00    0.00   12.50
01:51:18 PM   25   81.00    0.00   14.00    0.00    0.00    0.00    0.00    0.00    0.00    5.00
01:51:18 PM   26   74.75    0.00   15.15    0.00    0.00    0.00    0.00    0.00    0.00   10.10
01:51:18 PM   27   76.00    0.00   20.00    0.00    0.00    0.00    0.00    0.00    0.00    4.00
01:51:18 PM   28   76.00    0.00   21.00    0.00    0.00    0.00    0.00    0.00    0.00    3.00
01:51:18 PM   29   67.33    0.00   26.73    0.00    0.00    0.00    0.00    0.00    0.00    5.94
01:51:18 PM   30   77.00    0.00   16.00    0.00    0.00    0.00    0.00    0.00    0.00    7.00
01:51:18 PM   31   79.00    0.00   16.00    0.00    0.00    0.00    0.00    0.00    0.00    5.00

01:51:18 PM  CPU    %usr   %nice    %sys %iowait    %irq   %soft  %steal  %guest  %gnice   %idle
01:51:19 PM  all   61.05    0.03   13.07    0.03    0.00    0.00    0.00    0.00    0.00   25.82
01:51:19 PM    0   42.00    0.00    3.00    0.00    0.00    0.00    0.00    0.00    0.00   55.00
01:51:19 PM    1   55.56    0.00   21.21    0.00    0.00    0.00    0.00    0.00    0.00   23.23
01:51:19 PM    2   36.36    0.00    6.06    0.00    0.00    0.00    0.00    0.00    0.00   57.58
01:51:19 PM    3   68.32    0.00   10.89    0.99    0.00    0.00    0.00    0.00    0.00   19.80
01:51:19 PM    4   35.35    0.00    4.04    0.00    0.00    0.00    0.00    0.00    0.00   60.61
01:51:19 PM    5   64.29    0.00   16.33    0.00    0.00    0.00    0.00    0.00    0.00   19.39
01:51:19 PM    6   37.00    0.00    6.00    0.00    0.00    0.00    0.00    0.00    0.00   57.00
01:51:19 PM    7   62.63    0.00   18.18    0.00    0.00    0.00    0.00    0.00    0.00   19.19
01:51:19 PM    8   41.84    0.00   11.22    0.00    0.00    0.00    0.00    0.00    0.00   46.94
01:51:19 PM    9   53.06    0.00   14.29    0.00    0.00    0.00    0.00    0.00    0.00   32.65
01:51:19 PM   10   59.00    0.00   12.00    0.00    0.00    0.00    0.00    0.00    0.00   29.00
01:51:19 PM   11   36.00    0.00    7.00    0.00    0.00    0.00    0.00    0.00    0.00   57.00
01:51:19 PM   12   49.50    0.00    5.94    0.00    0.00    0.00    0.00    0.00    0.00   44.55
01:51:19 PM   13   60.00    0.00    9.00    0.00    0.00    0.00    0.00    0.00    0.00   31.00
01:51:19 PM   14   60.40    0.00    8.91    0.00    0.00    0.00    0.00    0.00    0.00   30.69
01:51:19 PM   15   36.36    0.00    5.05    0.00    0.00    0.00    0.00    0.00    0.00   58.59
01:51:19 PM   16   68.00    0.00    7.00    0.00    0.00    0.00    0.00    0.00    0.00   25.00
01:51:19 PM   17   67.33    0.00    5.94    0.00    0.00    0.00    0.00    0.00    0.00   26.73
01:51:19 PM   18   56.00    0.00   24.00    0.00    0.00    0.00    0.00    0.00    0.00   20.00
01:51:19 PM   19   71.00    1.00   15.00    0.00    0.00    0.00    0.00    0.00    0.00   13.00
01:51:19 PM   20   68.32    0.00   22.77    0.00    0.00    0.00    0.00    0.00    0.00    8.91
01:51:19 PM   21   74.75    0.00   14.14    0.00    0.00    0.00    0.00    0.00    0.00   11.11
01:51:19 PM   22   80.00    0.00   15.00    0.00    0.00    0.00    0.00    0.00    0.00    5.00
01:51:19 PM   23   74.00    0.00   14.00    0.00    0.00    0.00    0.00    0.00    0.00   12.00
01:51:19 PM   24   76.00    0.00   14.00    0.00    0.00    0.00    0.00    0.00    0.00   10.00
01:51:19 PM   25   77.45    0.00   19.61    0.00    0.00    0.00    0.00    0.00    0.00    2.94
01:51:19 PM   26   65.00    0.00   24.00    0.00    0.00    0.00    0.00    0.00    0.00   11.00
01:51:19 PM   27   71.43    0.00   20.41    0.00    0.00    0.00    0.00    0.00    0.00    8.16
01:51:19 PM   28   72.00    0.00   22.00    0.00    0.00    0.00    0.00    0.00    0.00    6.00
01:51:19 PM   29   82.83    0.00    9.09    0.00    0.00    0.00    0.00    0.00    0.00    8.08
01:51:19 PM   30   76.00    0.00   15.00    0.00    0.00    0.00    0.00    0.00    0.00    9.00
01:51:19 PM   31   74.75    0.00   17.17    0.00    0.00    0.00    0.00    0.00    0.00    8.08

01:51:19 PM  CPU    %usr   %nice    %sys %iowait    %irq   %soft  %steal  %guest  %gnice   %idle
01:51:20 PM  all   60.14    0.03   13.66    0.03    0.00    0.00    0.00    0.00    0.00   26.13
01:51:20 PM    0   37.76    0.00    2.04    0.00    0.00    0.00    0.00    0.00    0.00   60.20
01:51:20 PM    1   70.00    0.00   12.00    0.00    0.00    0.00    0.00    0.00    0.00   18.00
01:51:20 PM    2   41.00    0.00    1.00    0.00    0.00    0.00    0.00    0.00    0.00   58.00
01:51:20 PM    3   63.00    0.00   14.00    0.00    0.00    0.00    0.00    0.00    0.00   23.00
01:51:20 PM    4   33.66    0.00    3.96    0.00    0.00    0.00    0.00    0.00    0.00   62.38
01:51:20 PM    5   69.31    0.00   16.83    0.00    0.00    0.00    0.00    0.00    0.00   13.86
01:51:20 PM    6   43.56    0.00    3.96    0.00    0.00    0.00    0.00    0.00    0.00   52.48
01:51:20 PM    7   58.16    0.00   14.29    0.00    0.00    0.00    0.00    0.00    0.00   27.55
01:51:20 PM    8   47.96    0.00    7.14    0.00    0.00    0.00    0.00    0.00    0.00   44.90
01:51:20 PM    9   47.52    0.00    9.90    0.00    0.00    0.00    0.00    0.00    0.00   42.57
01:51:20 PM   10   54.55    0.00   16.16    0.00    0.00    0.00    0.00    0.00    0.00   29.29
01:51:20 PM   11   32.99    0.00    2.06    0.00    0.00    0.00    0.00    0.00    0.00   64.95
01:51:20 PM   12   43.43    0.00   12.12    0.00    0.00    0.00    0.00    0.00    0.00   44.44
01:51:20 PM   13   55.56    0.00   13.13    0.00    0.00    0.00    0.00    0.00    0.00   31.31
01:51:20 PM   14   67.00    0.00    9.00    0.00    0.00    0.00    0.00    0.00    0.00   24.00
01:51:20 PM   15   28.57    0.00    7.14    0.00    0.00    0.00    0.00    0.00    0.00   64.29
01:51:20 PM   16   69.39    0.00    4.08    0.00    0.00    0.00    0.00    0.00    0.00   26.53
01:51:20 PM   17   65.00    0.00   12.00    0.00    0.00    0.00    0.00    0.00    0.00   23.00
01:51:20 PM   18   63.00    0.00   14.00    0.00    0.00    0.00    0.00    0.00    0.00   23.00
01:51:20 PM   19   63.00    0.00   25.00    0.00    0.00    0.00    0.00    0.00    0.00   12.00
01:51:20 PM   20   71.29    0.00   18.81    0.00    0.00    0.00    0.00    0.00    0.00    9.90
01:51:20 PM   21   70.30    0.00   16.83    0.00    0.00    0.00    0.00    0.00    0.00   12.87
01:51:20 PM   22   65.66    0.00   30.30    0.00    0.00    0.00    0.00    0.00    0.00    4.04
01:51:20 PM   23   65.66    0.00   24.24    0.00    0.00    0.00    0.00    0.00    0.00   10.10
01:51:20 PM   24   78.00    0.00   13.00    0.00    0.00    0.00    0.00    0.00    0.00    9.00
01:51:20 PM   25   84.85    0.00    6.06    0.00    0.00    0.00    0.00    0.00    0.00    9.09
01:51:20 PM   26   73.74    1.01   18.18    0.00    0.00    0.00    0.00    0.00    0.00    7.07
01:51:20 PM   27   67.33    0.00   29.70    0.00    0.00    0.00    0.00    0.00    0.00    2.97
01:51:20 PM   28   79.59    0.00   10.20    0.00    0.00    0.00    0.00    0.00    0.00   10.20
01:51:20 PM   29   70.00    0.00   26.00    0.00    0.00    0.00    0.00    0.00    0.00    4.00
01:51:20 PM   30   68.00    0.00   27.00    0.00    0.00    0.00    0.00    0.00    0.00    5.00
01:51:20 PM   31   74.75    0.00   16.16    1.01    0.00    0.00    0.00    0.00    0.00    8.08

01:51:20 PM  CPU    %usr   %nice    %sys %iowait    %irq   %soft  %steal  %guest  %gnice   %idle
01:51:21 PM  all   61.97    0.06   13.51    0.00    0.00    0.00    0.00    0.00    0.00   24.45
01:51:21 PM    0   45.00    0.00    4.00    0.00    0.00    0.00    0.00    0.00    0.00   51.00
01:51:21 PM    1   71.00    0.00   13.00    0.00    0.00    0.00    0.00    0.00    0.00   16.00
01:51:21 PM    2   46.00    0.00    5.00    0.00    0.00    0.00    0.00    0.00    0.00   49.00
01:51:21 PM    3   55.00    0.00   16.00    0.00    0.00    0.00    0.00    0.00    0.00   29.00
01:51:21 PM    4   38.61    0.00    3.96    0.00    0.00    0.00    0.00    0.00    0.00   57.43
01:51:21 PM    5   62.63    0.00   17.17    0.00    0.00    0.00    0.00    0.00    0.00   20.20
01:51:21 PM    6   41.41    0.00    4.04    0.00    0.00    0.00    0.00    0.00    0.00   54.55
01:51:21 PM    7   65.35    0.00   12.87    0.00    0.00    0.00    0.00    0.00    0.00   21.78
01:51:21 PM    8   48.98    0.00    8.16    0.00    0.00    0.00    0.00    0.00    0.00   42.86
01:51:21 PM    9   53.06    0.00   13.27    0.00    0.00    0.00    0.00    0.00    0.00   33.67
01:51:21 PM   10   44.00    0.00    7.00    0.00    0.00    0.00    0.00    0.00    0.00   49.00
01:51:21 PM   11   57.58    0.00   16.16    0.00    0.00    0.00    0.00    0.00    0.00   26.26
01:51:21 PM   12   42.00    0.00    4.00    0.00    0.00    0.00    0.00    0.00    0.00   54.00
01:51:21 PM   13   69.70    1.01   11.11    0.00    0.00    0.00    0.00    0.00    0.00   18.18
01:51:21 PM   14   57.00    0.00    9.00    0.00    0.00    0.00    0.00    0.00    0.00   34.00
01:51:21 PM   15   47.52    0.99    9.90    0.00    0.00    0.00    0.00    0.00    0.00   41.58
01:51:21 PM   16   72.45    0.00    6.12    0.00    0.00    0.00    0.00    0.00    0.00   21.43
01:51:21 PM   17   69.00    0.00    8.00    0.00    0.00    0.00    0.00    0.00    0.00   23.00
01:51:21 PM   18   71.43    0.00   12.24    0.00    0.00    0.00    0.00    0.00    0.00   16.33
01:51:21 PM   19   75.51    0.00   14.29    0.00    0.00    0.00    0.00    0.00    0.00   10.20
01:51:21 PM   20   76.53    0.00   14.29    0.00    0.00    0.00    0.00    0.00    0.00    9.18
01:51:21 PM   21   58.76    0.00   25.77    0.00    0.00    0.00    0.00    0.00    0.00   15.46
01:51:21 PM   22   81.63    0.00    6.12    0.00    0.00    0.00    0.00    0.00    0.00   12.24
01:51:21 PM   23   79.80    0.00   10.10    0.00    0.00    0.00    0.00    0.00    0.00   10.10
01:51:21 PM   24   76.53    0.00   13.27    0.00    0.00    0.00    0.00    0.00    0.00   10.20
01:51:21 PM   25   68.00    0.00   24.00    0.00    0.00    0.00    0.00    0.00    0.00    8.00
01:51:21 PM   26   61.76    0.00   31.37    0.00    0.00    0.00    0.00    0.00    0.00    6.86
01:51:21 PM   27   71.29    0.00   19.80    0.00    0.00    0.00    0.00    0.00    0.00    8.91
01:51:21 PM   28   66.67    0.00   28.28    0.00    0.00    0.00    0.00    0.00    0.00    5.05
01:51:21 PM   29   70.30    0.00   21.78    0.00    0.00    0.00    0.00    0.00    0.00    7.92
01:51:21 PM   30   64.00    0.00   27.00    0.00    0.00    0.00    0.00    0.00    0.00    9.00
01:51:21 PM   31   76.00    0.00   15.00    0.00    0.00    0.00    0.00    0.00    0.00    9.00

01:51:21 PM  CPU    %usr   %nice    %sys %iowait    %irq   %soft  %steal  %guest  %gnice   %idle
01:51:22 PM  all   61.96    0.00   13.40    0.25    0.00    0.00    0.00    0.00    0.00   24.39
01:51:22 PM    0   40.82    0.00    4.08    0.00    0.00    0.00    0.00    0.00    0.00   55.10
01:51:22 PM    1   74.75    0.00    9.09    1.01    0.00    0.00    0.00    0.00    0.00   15.15
01:51:22 PM    2   34.65    0.00    3.96    0.99    0.00    0.00    0.00    0.00    0.00   60.40
01:51:22 PM    3   65.66    0.00   20.20    0.00    0.00    0.00    0.00    0.00    0.00   14.14
01:51:22 PM    4   40.40    0.00    5.05    0.00    0.00    0.00    0.00    0.00    0.00   54.55
01:51:22 PM    5   66.00    0.00   14.00    0.00    0.00    0.00    0.00    0.00    0.00   20.00
01:51:22 PM    6   42.42    0.00   10.10    0.00    0.00    0.00    0.00    0.00    0.00   47.47
01:51:22 PM    7   60.00    0.00   11.00    1.00    0.00    0.00    0.00    0.00    0.00   28.00
01:51:22 PM    8   41.84    0.00    9.18    1.02    0.00    0.00    0.00    0.00    0.00   47.96
01:51:22 PM    9   60.00    0.00   10.00    1.00    0.00    0.00    0.00    0.00    0.00   29.00
01:51:22 PM   10   40.82    0.00    6.12    0.00    0.00    0.00    0.00    0.00    0.00   53.06
01:51:22 PM   11   62.00    0.00   13.00    1.00    0.00    0.00    0.00    0.00    0.00   24.00
01:51:22 PM   12   54.00    0.00   19.00    0.00    0.00    0.00    0.00    0.00    0.00   27.00
01:51:22 PM   13   43.56    0.00    6.93    0.00    0.00    0.00    0.00    0.00    0.00   49.50
01:51:22 PM   14   60.00    0.00   13.00    0.00    0.00    0.00    0.00    0.00    0.00   27.00
01:51:22 PM   15   43.30    0.00    7.22    0.00    0.00    0.00    0.00    0.00    0.00   49.48
01:51:22 PM   16   71.43    0.00    5.10    0.00    0.00    0.00    0.00    0.00    0.00   23.47
01:51:22 PM   17   67.68    0.00   13.13    0.00    0.00    0.00    0.00    0.00    0.00   19.19
01:51:22 PM   18   69.00    0.00   16.00    0.00    0.00    0.00    0.00    0.00    0.00   15.00
01:51:22 PM   19   66.00    0.00   20.00    1.00    0.00    0.00    0.00    0.00    0.00   13.00
01:51:22 PM   20   75.51    0.00   17.35    0.00    0.00    0.00    0.00    0.00    0.00    7.14
01:51:22 PM   21   81.00    0.00   12.00    0.00    0.00    0.00    0.00    0.00    0.00    7.00
01:51:22 PM   22   75.76    0.00   12.12    0.00    0.00    0.00    0.00    0.00    0.00   12.12
01:51:22 PM   23   67.35    0.00   19.39    0.00    0.00    0.00    0.00    0.00    0.00   13.27
01:51:22 PM   24   76.00    0.00   12.00    0.00    0.00    0.00    0.00    0.00    0.00   12.00
01:51:22 PM   25   74.75    0.00   18.18    0.00    0.00    0.00    0.00    0.00    0.00    7.07
01:51:22 PM   26   74.00    0.00   19.00    0.00    0.00    0.00    0.00    0.00    0.00    7.00
01:51:22 PM   27   66.33    0.00   22.45    0.00    0.00    0.00    0.00    0.00    0.00   11.22
01:51:22 PM   28   75.00    0.00   17.00    0.00    0.00    0.00    0.00    0.00    0.00    8.00
01:51:22 PM   29   79.80    0.00   13.13    1.01    0.00    0.00    0.00    0.00    0.00    6.06
01:51:22 PM   30   58.42    0.00   33.66    0.00    0.00    0.00    0.00    0.00    0.00    7.92
01:51:22 PM   31   74.00    0.00   16.00    0.00    0.00    0.00    0.00    0.00    0.00   10.00

01:51:22 PM  CPU    %usr   %nice    %sys %iowait    %irq   %soft  %steal  %guest  %gnice   %idle
01:51:23 PM  all   60.31    0.03   13.54    0.03    0.00    0.00    0.00    0.00    0.00   26.08
01:51:23 PM    0   39.80    0.00    2.04    0.00    0.00    0.00    0.00    0.00    0.00   58.16
01:51:23 PM    1   64.00    0.00   14.00    0.00    0.00    0.00    0.00    0.00    0.00   22.00
01:51:23 PM    2   45.10    0.00    4.90    0.00    0.00    0.00    0.00    0.00    0.00   50.00
01:51:23 PM    3   49.49    0.00   16.16    0.00    0.00    0.00    0.00    0.00    0.00   34.34
01:51:23 PM    4   39.58    0.00    5.21    0.00    0.00    0.00    0.00    0.00    0.00   55.21
01:51:23 PM    5   60.00    0.00   14.00    0.00    0.00    0.00    0.00    0.00    0.00   26.00
01:51:23 PM    6   40.40    0.00    7.07    0.00    0.00    0.00    0.00    0.00    0.00   52.53
01:51:23 PM    7   48.98    0.00   18.37    0.00    0.00    0.00    0.00    0.00    0.00   32.65
01:51:23 PM    8   39.00    0.00    9.00    0.00    0.00    0.00    0.00    0.00    0.00   52.00
01:51:23 PM    9   61.62    0.00   15.15    0.00    0.00    0.00    0.00    0.00    0.00   23.23
01:51:23 PM   10   52.58    0.00    6.19    0.00    0.00    0.00    0.00    0.00    0.00   41.24
01:51:23 PM   11   45.45    0.00   10.10    0.00    0.00    0.00    0.00    0.00    0.00   44.44
01:51:23 PM   12   57.00    0.00    8.00    0.00    0.00    0.00    0.00    0.00    0.00   35.00
01:51:23 PM   13   42.57    0.00    8.91    0.00    0.00    0.00    0.00    0.00    0.00   48.51
01:51:23 PM   14   53.54    1.01    8.08    0.00    0.00    0.00    0.00    0.00    0.00   37.37
01:51:23 PM   15   42.86    0.00   12.24    0.00    0.00    0.00    0.00    0.00    0.00   44.90
01:51:23 PM   16   69.07    0.00    5.15    0.00    0.00    0.00    0.00    0.00    0.00   25.77
01:51:23 PM   17   67.00    0.00    7.00    0.00    0.00    0.00    0.00    0.00    0.00   26.00
01:51:23 PM   18   66.34    0.00   13.86    0.00    0.00    0.00    0.00    0.00    0.00   19.80
01:51:23 PM   19   58.42    0.00   27.72    0.00    0.00    0.00    0.00    0.00    0.00   13.86
01:51:23 PM   20   71.72    0.00   19.19    0.00    0.00    0.00    0.00    0.00    0.00    9.09
01:51:23 PM   21   71.72    0.00   19.19    0.00    0.00    0.00    0.00    0.00    0.00    9.09
01:51:23 PM   22   79.00    0.00   15.00    0.00    0.00    0.00    0.00    0.00    0.00    6.00
01:51:23 PM   23   73.00    0.00   15.00    0.00    0.00    0.00    0.00    0.00    0.00   12.00
01:51:23 PM   24   65.00    0.00   27.00    0.00    0.00    0.00    0.00    0.00    0.00    8.00
01:51:23 PM   25   78.22    0.00   11.88    0.00    0.00    0.00    0.00    0.00    0.00    9.90
01:51:23 PM   26   71.29    0.00   21.78    0.00    0.00    0.00    0.00    0.00    0.00    6.93
01:51:23 PM   27   78.00    0.00   18.00    0.00    0.00    0.00    0.00    0.00    0.00    4.00
01:51:23 PM   28   75.25    0.00   13.86    0.99    0.00    0.00    0.00    0.00    0.00    9.90
01:51:23 PM   29   73.74    0.00   21.21    0.00    0.00    0.00    0.00    0.00    0.00    5.05
01:51:23 PM   30   74.75    0.00   18.18    0.00    0.00    0.00    0.00    0.00    0.00    7.07
01:51:23 PM   31   73.74    0.00   19.19    0.00    0.00    0.00    0.00    0.00    0.00    7.07

01:51:23 PM  CPU    %usr   %nice    %sys %iowait    %irq   %soft  %steal  %guest  %gnice   %idle
01:51:24 PM  all   60.71    0.00   14.43    0.00    0.00    0.00    0.00    0.00    0.00   24.86
01:51:24 PM    0   47.57    0.00    3.88    0.00    0.00    0.00    0.00    0.00    0.00   48.54
01:51:24 PM    1   63.00    0.00   12.00    0.00    0.00    0.00    0.00    0.00    0.00   25.00
01:51:24 PM    2   37.37    0.00    3.03    0.00    0.00    0.00    0.00    0.00    0.00   59.60
01:51:24 PM    3   65.00    0.00   16.00    0.00    0.00    0.00    0.00    0.00    0.00   19.00
01:51:24 PM    4   47.00    0.00    7.00    0.00    0.00    0.00    0.00    0.00    0.00   46.00
01:51:24 PM    5   45.00    0.00   13.00    0.00    0.00    0.00    0.00    0.00    0.00   42.00
01:51:24 PM    6   41.18    0.00    4.90    0.00    0.00    0.00    0.00    0.00    0.00   53.92
01:51:24 PM    7   70.00    0.00    9.00    0.00    0.00    0.00    0.00    0.00    0.00   21.00
01:51:24 PM    8   49.49    0.00   10.10    0.00    0.00    0.00    0.00    0.00    0.00   40.40
01:51:24 PM    9   41.41    0.00   10.10    0.00    0.00    0.00    0.00    0.00    0.00   48.48
01:51:24 PM   10   49.02    0.00    6.86    0.00    0.00    0.00    0.00    0.00    0.00   44.12
01:51:24 PM   11   53.54    0.00    8.08    0.00    0.00    0.00    0.00    0.00    0.00   38.38
01:51:24 PM   12   39.00    0.00    6.00    0.00    0.00    0.00    0.00    0.00    0.00   55.00
01:51:24 PM   13   64.00    0.00   17.00    0.00    0.00    0.00    0.00    0.00    0.00   19.00
01:51:24 PM   14   51.00    0.00   11.00    0.00    0.00    0.00    0.00    0.00    0.00   38.00
01:51:24 PM   15   55.10    0.00   11.22    0.00    0.00    0.00    0.00    0.00    0.00   33.67
01:51:24 PM   16   69.00    0.00   10.00    0.00    0.00    0.00    0.00    0.00    0.00   21.00
01:51:24 PM   17   63.73    0.00   15.69    0.00    0.00    0.00    0.00    0.00    0.00   20.59
01:51:24 PM   18   62.89    0.00   17.53    0.00    0.00    0.00    0.00    0.00    0.00   19.59
01:51:24 PM   19   60.82    0.00   17.53    0.00    0.00    0.00    0.00    0.00    0.00   21.65
01:51:24 PM   20   60.61    0.00   29.29    0.00    0.00    0.00    0.00    0.00    0.00   10.10
01:51:24 PM   21   75.25    0.00   18.81    0.00    0.00    0.00    0.00    0.00    0.00    5.94
01:51:24 PM   22   72.00    0.00   17.00    0.00    0.00    0.00    0.00    0.00    0.00   11.00
01:51:24 PM   23   71.72    0.00   20.20    0.00    0.00    0.00    0.00    0.00    0.00    8.08
01:51:24 PM   24   75.00    0.00   22.00    0.00    0.00    0.00    0.00    0.00    0.00    3.00
01:51:24 PM   25   66.67    0.00   23.23    0.00    0.00    0.00    0.00    0.00    0.00   10.10
01:51:24 PM   26   72.28    0.00   19.80    0.00    0.00    0.00    0.00    0.00    0.00    7.92
01:51:24 PM   27   77.78    0.00   16.16    0.00    0.00    0.00    0.00    0.00    0.00    6.06
01:51:24 PM   28   71.72    0.00   23.23    0.00    0.00    0.00    0.00    0.00    0.00    5.05
01:51:24 PM   29   63.00    0.00   33.00    0.00    0.00    0.00    0.00    0.00    0.00    4.00
01:51:24 PM   30   80.00    0.00   16.00    0.00    0.00    0.00    0.00    0.00    0.00    4.00
01:51:24 PM   31   82.00    0.00   14.00    0.00    0.00    0.00    0.00    0.00    0.00    4.00

01:51:24 PM  CPU    %usr   %nice    %sys %iowait    %irq   %soft  %steal  %guest  %gnice   %idle
01:51:25 PM  all   61.48    0.00   21.76    0.28    0.00    0.00    0.00    0.00    0.00   16.48
01:51:25 PM    0   54.46    0.00   10.89    0.99    0.00    0.00    0.00    0.00    0.00   33.66
01:51:25 PM    1   64.29    0.00   19.39    0.00    0.00    0.00    0.00    0.00    0.00   16.33
01:51:25 PM    2   54.00    0.00   12.00    0.00    0.00    0.00    0.00    0.00    0.00   34.00
01:51:25 PM    3   54.55    0.00   19.19    0.00    0.00    0.00    0.00    0.00    0.00   26.26
01:51:25 PM    4   52.94    0.00   12.75    0.98    0.00    0.00    0.00    0.00    0.00   33.33
01:51:25 PM    5   59.00    0.00   20.00    1.00    0.00    0.00    0.00    0.00    0.00   20.00
01:51:25 PM    6   47.52    0.00   14.85    0.99    0.00    0.00    0.00    0.00    0.00   36.63
01:51:25 PM    7   72.73    0.00   13.13    0.00    0.00    0.00    0.00    0.00    0.00   14.14
01:51:25 PM    8   48.48    0.00   12.12    0.00    0.00    0.00    0.00    0.00    0.00   39.39
01:51:25 PM    9   70.71    0.00   15.15    1.01    0.00    0.00    0.00    0.00    0.00   13.13
01:51:25 PM   10   43.75    0.00   23.96    0.00    0.00    0.00    0.00    0.00    0.00   32.29
01:51:25 PM   11   68.69    0.00   17.17    0.00    0.00    0.00    0.00    0.00    0.00   14.14
01:51:25 PM   12   48.98    0.00    6.12    1.02    0.00    0.00    0.00    0.00    0.00   43.88
01:51:25 PM   13   61.62    0.00   22.22    0.00    0.00    0.00    0.00    0.00    0.00   16.16
01:51:25 PM   14   65.31    0.00   15.31    0.00    0.00    0.00    0.00    0.00    0.00   19.39
01:51:25 PM   15   52.04    0.00   13.27    2.04    0.00    0.00    0.00    0.00    0.00   32.65
01:51:25 PM   16   68.37    0.00   19.39    0.00    0.00    0.00    0.00    0.00    0.00   12.24
01:51:25 PM   17   64.65    0.00   26.26    0.00    0.00    0.00    0.00    0.00    0.00    9.09
01:51:25 PM   18   67.00    0.00   27.00    0.00    0.00    0.00    0.00    0.00    0.00    6.00
01:51:25 PM   19   72.00    0.00   23.00    0.00    0.00    0.00    0.00    0.00    0.00    5.00
01:51:25 PM   20   51.52    0.00   42.42    0.00    0.00    0.00    0.00    0.00    0.00    6.06
01:51:25 PM   21   63.64    0.00   32.32    0.00    0.00    0.00    0.00    0.00    0.00    4.04
01:51:25 PM   22   62.63    0.00   29.29    0.00    0.00    0.00    0.00    0.00    0.00    8.08
01:51:25 PM   23   65.35    0.00   28.71    0.00    0.00    0.00    0.00    0.00    0.00    5.94
01:51:25 PM   24   66.67    0.00   26.26    1.01    0.00    0.00    0.00    0.00    0.00    6.06
01:51:25 PM   25   68.32    0.00   25.74    0.00    0.00    0.00    0.00    0.00    0.00    5.94
01:51:25 PM   26   66.67    0.00   25.25    0.00    0.00    0.00    0.00    0.00    0.00    8.08
01:51:25 PM   27   64.00    0.00   31.00    0.00    0.00    0.00    0.00    0.00    0.00    5.00
01:51:25 PM   28   57.00    0.00   37.00    0.00    0.00    0.00    0.00    0.00    0.00    6.00
01:51:25 PM   29   77.23    0.00   19.80    0.00    0.00    0.00    0.00    0.00    0.00    2.97
01:51:25 PM   30   63.64    0.00   31.31    0.00    0.00    0.00    0.00    0.00    0.00    5.05
01:51:25 PM   31   69.00    0.00   24.00    0.00    0.00    0.00    0.00    0.00    0.00    7.00

01:51:25 PM  CPU    %usr   %nice    %sys %iowait    %irq   %soft  %steal  %guest  %gnice   %idle
01:51:26 PM  all   62.55    0.06   18.28    0.22    0.00    0.00    0.00    0.00    0.00   18.88
01:51:26 PM    0   54.55    0.00    6.06    0.00    0.00    0.00    0.00    0.00    0.00   39.39
01:51:26 PM    1   55.56    0.00   23.23    1.01    0.00    0.00    0.00    0.00    0.00   20.20
01:51:26 PM    2   42.86    0.00   15.31    0.00    0.00    0.00    0.00    0.00    0.00   41.84
01:51:26 PM    3   75.00    0.00   12.00    0.00    0.00    0.00    0.00    0.00    0.00   13.00
01:51:26 PM    4   39.80    0.00   12.24    0.00    0.00    0.00    0.00    0.00    0.00   47.96
01:51:26 PM    5   71.72    0.00   15.15    0.00    0.00    0.00    0.00    0.00    0.00   13.13
01:51:26 PM    6   53.06    0.00    6.12    0.00    0.00    0.00    0.00    0.00    0.00   40.82
01:51:26 PM    7   44.44    0.00   28.28    4.04    0.00    0.00    0.00    0.00    0.00   23.23
01:51:26 PM    8   45.45    0.00   14.14    0.00    0.00    0.00    0.00    0.00    0.00   40.40
01:51:26 PM    9   60.61    0.00   15.15    0.00    0.00    0.00    0.00    0.00    0.00   24.24
01:51:26 PM   10   55.56    0.00   11.11    0.00    0.00    0.00    0.00    0.00    0.00   33.33
01:51:26 PM   11   49.50    0.00   21.78    0.00    0.00    0.00    0.00    0.00    0.00   28.71
01:51:26 PM   12   58.16    0.00    9.18    0.00    0.00    0.00    0.00    0.00    0.00   32.65
01:51:26 PM   13   60.20    0.00   16.33    1.02    0.00    0.00    0.00    0.00    0.00   22.45
01:51:26 PM   14   57.14    0.00   11.22    0.00    0.00    0.00    0.00    0.00    0.00   31.63
01:51:26 PM   15   55.45    0.99   13.86    0.00    0.00    0.00    0.00    0.00    0.00   29.70
01:51:26 PM   16   63.54    1.04   17.71    0.00    0.00    0.00    0.00    0.00    0.00   17.71
01:51:26 PM   17   71.00    0.00   16.00    0.00    0.00    0.00    0.00    0.00    0.00   13.00
01:51:26 PM   18   70.30    0.00   18.81    0.99    0.00    0.00    0.00    0.00    0.00    9.90
01:51:26 PM   19   79.00    0.00   15.00    0.00    0.00    0.00    0.00    0.00    0.00    6.00
01:51:26 PM   20   68.00    0.00   27.00    0.00    0.00    0.00    0.00    0.00    0.00    5.00
01:51:26 PM   21   81.82    0.00   12.12    0.00    0.00    0.00    0.00    0.00    0.00    6.06
01:51:26 PM   22   78.00    0.00   15.00    0.00    0.00    0.00    0.00    0.00    0.00    7.00
01:51:26 PM   23   69.70    0.00   24.24    0.00    0.00    0.00    0.00    0.00    0.00    6.06
01:51:26 PM   24   73.00    0.00   18.00    0.00    0.00    0.00    0.00    0.00    0.00    9.00
01:51:26 PM   25   62.63    0.00   31.31    0.00    0.00    0.00    0.00    0.00    0.00    6.06
01:51:26 PM   26   74.75    0.00   20.20    0.00    0.00    0.00    0.00    0.00    0.00    5.05
01:51:26 PM   27   64.65    0.00   27.27    0.00    0.00    0.00    0.00    0.00    0.00    8.08
01:51:26 PM   28   69.00    0.00   25.00    0.00    0.00    0.00    0.00    0.00    0.00    6.00
01:51:26 PM   29   71.72    0.00   21.21    0.00    0.00    0.00    0.00    0.00    0.00    7.07
01:51:26 PM   30   69.70    0.00   24.24    0.00    0.00    0.00    0.00    0.00    0.00    6.06
01:51:26 PM   31   54.55    0.00   40.40    0.00    0.00    0.00    0.00    0.00    0.00    5.05

01:51:26 PM  CPU    %usr   %nice    %sys %iowait    %irq   %soft  %steal  %guest  %gnice   %idle
01:51:27 PM  all   63.09    0.00   15.00    0.22    0.00    0.00    0.00    0.00    0.00   21.69
01:51:27 PM    0   45.45    0.00    5.05    0.00    0.00    0.00    0.00    0.00    0.00   49.49
01:51:27 PM    1   64.65    0.00   15.15    0.00    0.00    0.00    0.00    0.00    0.00   20.20
01:51:27 PM    2   49.02    0.00    4.90    0.98    0.00    0.00    0.00    0.00    0.00   45.10
01:51:27 PM    3   63.00    0.00   11.00    1.00    0.00    0.00    0.00    0.00    0.00   25.00
01:51:27 PM    4   41.41    0.00    3.03    0.00    0.00    0.00    0.00    0.00    0.00   55.56
01:51:27 PM    5   64.65    0.00   17.17    0.00    0.00    0.00    0.00    0.00    0.00   18.18
01:51:27 PM    6   45.45    0.00    6.06    0.00    0.00    0.00    0.00    0.00    0.00   48.48
01:51:27 PM    7   63.64    0.00   18.18    0.00    0.00    0.00    0.00    0.00    0.00   18.18
01:51:27 PM    8   45.45    0.00    5.05    0.00    0.00    0.00    0.00    0.00    0.00   49.49
01:51:27 PM    9   59.00    0.00   16.00    1.00    0.00    0.00    0.00    0.00    0.00   24.00
01:51:27 PM   10   42.57    0.00    7.92    0.00    0.00    0.00    0.00    0.00    0.00   49.50
01:51:27 PM   11   58.00    0.00   21.00    3.00    0.00    0.00    0.00    0.00    0.00   18.00
01:51:27 PM   12   54.08    0.00   12.24    0.00    0.00    0.00    0.00    0.00    0.00   33.67
01:51:27 PM   13   55.45    0.00    7.92    0.00    0.00    0.00    0.00    0.00    0.00   36.63
01:51:27 PM   14   48.48    0.00   10.10    0.00    0.00    0.00    0.00    0.00    0.00   41.41
01:51:27 PM   15   62.63    0.00   12.12    0.00    0.00    0.00    0.00    0.00    0.00   25.25
01:51:27 PM   16   72.73    0.00    8.08    0.00    0.00    0.00    0.00    0.00    0.00   19.19
01:51:27 PM   17   64.00    0.00   19.00    1.00    0.00    0.00    0.00    0.00    0.00   16.00
01:51:27 PM   18   76.00    0.00   14.00    0.00    0.00    0.00    0.00    0.00    0.00   10.00
01:51:27 PM   19   64.29    0.00   25.51    0.00    0.00    0.00    0.00    0.00    0.00   10.20
01:51:27 PM   20   71.72    0.00   22.22    0.00    0.00    0.00    0.00    0.00    0.00    6.06
01:51:27 PM   21   65.66    0.00   28.28    0.00    0.00    0.00    0.00    0.00    0.00    6.06
01:51:27 PM   22   71.72    0.00   22.22    0.00    0.00    0.00    0.00    0.00    0.00    6.06
01:51:27 PM   23   80.20    0.00   16.83    0.00    0.00    0.00    0.00    0.00    0.00    2.97
01:51:27 PM   24   73.20    0.00   17.53    0.00    0.00    0.00    0.00    0.00    0.00    9.28
01:51:27 PM   25   88.78    0.00    6.12    0.00    0.00    0.00    0.00    0.00    0.00    5.10
01:51:27 PM   26   74.26    0.00   15.84    0.00    0.00    0.00    0.00    0.00    0.00    9.90
01:51:27 PM   27   76.00    0.00   17.00    0.00    0.00    0.00    0.00    0.00    0.00    7.00
01:51:27 PM   28   76.77    0.00   19.19    0.00    0.00    0.00    0.00    0.00    0.00    4.04
01:51:27 PM   29   69.70    0.00   24.24    0.00    0.00    0.00    0.00    0.00    0.00    6.06
01:51:27 PM   30   77.78    0.00   15.15    0.00    0.00    0.00    0.00    0.00    0.00    7.07
01:51:27 PM   31   54.00    0.00   36.00    0.00    0.00    0.00    0.00    0.00    0.00   10.00

01:51:27 PM  CPU    %usr   %nice    %sys %iowait    %irq   %soft  %steal  %guest  %gnice   %idle
01:51:28 PM  all   64.70    0.00   13.84    0.00    0.00    0.00    0.00    0.00    0.00   21.46
01:51:28 PM    0   46.94    0.00    3.06    0.00    0.00    0.00    0.00    0.00    0.00   50.00
01:51:28 PM    1   70.00    0.00   14.00    0.00    0.00    0.00    0.00    0.00    0.00   16.00
01:51:28 PM    2   42.00    0.00    5.00    0.00    0.00    0.00    0.00    0.00    0.00   53.00
01:51:28 PM    3   71.00    0.00   14.00    0.00    0.00    0.00    0.00    0.00    0.00   15.00
01:51:28 PM    4   44.44    0.00    7.07    0.00    0.00    0.00    0.00    0.00    0.00   48.48
01:51:28 PM    5   58.42    0.00   14.85    0.00    0.00    0.00    0.00    0.00    0.00   26.73
01:51:28 PM    6   43.43    0.00    4.04    0.00    0.00    0.00    0.00    0.00    0.00   52.53
01:51:28 PM    7   69.00    0.00   10.00    0.00    0.00    0.00    0.00    0.00    0.00   21.00
01:51:28 PM    8   48.48    0.00    6.06    0.00    0.00    0.00    0.00    0.00    0.00   45.45
01:51:28 PM    9   61.62    0.00   14.14    0.00    0.00    0.00    0.00    0.00    0.00   24.24
01:51:28 PM   10   47.47    0.00   13.13    0.00    0.00    0.00    0.00    0.00    0.00   39.39
01:51:28 PM   11   61.62    0.00    9.09    0.00    0.00    0.00    0.00    0.00    0.00   29.29
01:51:28 PM   12   54.00    0.00   10.00    0.00    0.00    0.00    0.00    0.00    0.00   36.00
01:51:28 PM   13   58.00    0.00   12.00    0.00    0.00    0.00    0.00    0.00    0.00   30.00
01:51:28 PM   14   52.48    0.00   10.89    0.00    0.00    0.00    0.00    0.00    0.00   36.63
01:51:28 PM   15   53.92    0.00   14.71    0.00    0.00    0.00    0.00    0.00    0.00   31.37
01:51:28 PM   16   72.73    0.00    8.08    0.00    0.00    0.00    0.00    0.00    0.00   19.19
01:51:28 PM   17   66.67    0.00   18.18    0.00    0.00    0.00    0.00    0.00    0.00   15.15
01:51:28 PM   18   69.70    0.00   16.16    0.00    0.00    0.00    0.00    0.00    0.00   14.14
01:51:28 PM   19   68.00    0.00   24.00    0.00    0.00    0.00    0.00    0.00    0.00    8.00
01:51:28 PM   20   75.76    0.00   15.15    0.00    0.00    0.00    0.00    0.00    0.00    9.09
01:51:28 PM   21   68.37    0.00   27.55    0.00    0.00    0.00    0.00    0.00    0.00    4.08
01:51:28 PM   22   80.20    0.00   16.83    0.00    0.00    0.00    0.00    0.00    0.00    2.97
01:51:28 PM   23   73.00    0.00   17.00    0.00    0.00    0.00    0.00    0.00    0.00   10.00
01:51:28 PM   24   72.00    0.00   20.00    0.00    0.00    0.00    0.00    0.00    0.00    8.00
01:51:28 PM   25   76.00    0.00   18.00    0.00    0.00    0.00    0.00    0.00    0.00    6.00
01:51:28 PM   26   82.83    0.00   12.12    0.00    0.00    0.00    0.00    0.00    0.00    5.05
01:51:28 PM   27   76.00    0.00   19.00    0.00    0.00    0.00    0.00    0.00    0.00    5.00
01:51:28 PM   28   66.67    0.00   28.28    0.00    0.00    0.00    0.00    0.00    0.00    5.05
01:51:28 PM   29   83.84    0.00   10.10    0.00    0.00    0.00    0.00    0.00    0.00    6.06
01:51:28 PM   30   84.69    0.00    9.18    0.00    0.00    0.00    0.00    0.00    0.00    6.12
01:51:28 PM   31   71.29    0.00   20.79    0.00    0.00    0.00    0.00    0.00    0.00    7.92

01:51:28 PM  CPU    %usr   %nice    %sys %iowait    %irq   %soft  %steal  %guest  %gnice   %idle
01:51:29 PM  all   63.64    0.00   14.04    0.00    0.00    0.00    0.00    0.00    0.00   22.32
01:51:29 PM    0   45.00    0.00    2.00    0.00    0.00    0.00    0.00    0.00    0.00   53.00
01:51:29 PM    1   69.70    0.00   16.16    0.00    0.00    0.00    0.00    0.00    0.00   14.14
01:51:29 PM    2   40.40    0.00    4.04    0.00    0.00    0.00    0.00    0.00    0.00   55.56
01:51:29 PM    3   69.07    0.00   15.46    0.00    0.00    0.00    0.00    0.00    0.00   15.46
01:51:29 PM    4   50.51    0.00    7.07    0.00    0.00    0.00    0.00    0.00    0.00   42.42
01:51:29 PM    5   53.06    0.00   12.24    0.00    0.00    0.00    0.00    0.00    0.00   34.69
01:51:29 PM    6   52.04    0.00    6.12    0.00    0.00    0.00    0.00    0.00    0.00   41.84
01:51:29 PM    7   57.58    0.00   12.12    0.00    0.00    0.00    0.00    0.00    0.00   30.30
01:51:29 PM    8   46.00    0.00   12.00    0.00    0.00    0.00    0.00    0.00    0.00   42.00
01:51:29 PM    9   60.00    0.00   12.00    0.00    0.00    0.00    0.00    0.00    0.00   28.00
01:51:29 PM   10   52.04    0.00    8.16    0.00    0.00    0.00    0.00    0.00    0.00   39.80
01:51:29 PM   11   50.00    0.00   13.27    0.00    0.00    0.00    0.00    0.00    0.00   36.73
01:51:29 PM   12   53.54    0.00    7.07    0.00    0.00    0.00    0.00    0.00    0.00   39.39
01:51:29 PM   13   53.00    0.00   15.00    0.00    0.00    0.00    0.00    0.00    0.00   32.00
01:51:29 PM   14   48.48    0.00   12.12    0.00    0.00    0.00    0.00    0.00    0.00   39.39
01:51:29 PM   15   64.65    0.00    6.06    0.00    0.00    0.00    0.00    0.00    0.00   29.29
01:51:29 PM   16   68.04    0.00    8.25    0.00    0.00    0.00    0.00    0.00    0.00   23.71
01:51:29 PM   17   63.73    0.00   15.69    0.00    0.00    0.00    0.00    0.00    0.00   20.59
01:51:29 PM   18   68.00    0.00   20.00    0.00    0.00    0.00    0.00    0.00    0.00   12.00
01:51:29 PM   19   78.22    0.00   13.86    0.00    0.00    0.00    0.00    0.00    0.00    7.92
01:51:29 PM   20   66.00    0.00   22.00    0.00    0.00    0.00    0.00    0.00    0.00   12.00
01:51:29 PM   21   67.68    0.00   29.29    0.00    0.00    0.00    0.00    0.00    0.00    3.03
01:51:29 PM   22   73.00    0.00   20.00    0.00    0.00    0.00    0.00    0.00    0.00    7.00
01:51:29 PM   23   76.00    0.00   15.00    0.00    0.00    0.00    0.00    0.00    0.00    9.00
01:51:29 PM   24   73.74    0.00   22.22    0.00    0.00    0.00    0.00    0.00    0.00    4.04
01:51:29 PM   25   80.81    0.00   15.15    0.00    0.00    0.00    0.00    0.00    0.00    4.04
01:51:29 PM   26   80.81    0.00   14.14    0.00    0.00    0.00    0.00    0.00    0.00    5.05
01:51:29 PM   27   67.68    0.00   25.25    0.00    0.00    0.00    0.00    0.00    0.00    7.07
01:51:29 PM   28   78.79    0.00   16.16    0.00    0.00    0.00    0.00    0.00    0.00    5.05
01:51:29 PM   29   69.00    0.00   20.00    0.00    0.00    0.00    0.00    0.00    0.00   11.00
01:51:29 PM   30   73.27    0.00   19.80    0.00    0.00    0.00    0.00    0.00    0.00    6.93
01:51:29 PM   31   86.00    0.00   11.00    0.00    0.00    0.00    0.00    0.00    0.00    3.00

01:51:29 PM  CPU    %usr   %nice    %sys %iowait    %irq   %soft  %steal  %guest  %gnice   %idle
01:51:30 PM  all   64.76    0.03   14.30    0.00    0.00    0.00    0.00    0.00    0.00   20.91
01:51:30 PM    0   43.88    0.00    3.06    0.00    0.00    0.00    0.00    0.00    0.00   53.06
01:51:30 PM    1   67.00    0.00   20.00    0.00    0.00    0.00    0.00    0.00    0.00   13.00
01:51:30 PM    2   49.49    0.00    8.08    0.00    0.00    0.00    0.00    0.00    0.00   42.42
01:51:30 PM    3   54.46    0.00   16.83    0.00    0.00    0.00    0.00    0.00    0.00   28.71
01:51:30 PM    4   45.00    0.00    7.00    0.00    0.00    0.00    0.00    0.00    0.00   48.00
01:51:30 PM    5   65.00    0.00   17.00    0.00    0.00    0.00    0.00    0.00    0.00   18.00
01:51:30 PM    6   45.36    0.00    8.25    0.00    0.00    0.00    0.00    0.00    0.00   46.39
01:51:30 PM    7   62.63    0.00   18.18    0.00    0.00    0.00    0.00    0.00    0.00   19.19
01:51:30 PM    8   49.49    0.00   12.12    0.00    0.00    0.00    0.00    0.00    0.00   38.38
01:51:30 PM    9   65.00    0.00   16.00    0.00    0.00    0.00    0.00    0.00    0.00   19.00
01:51:30 PM   10   52.53    0.00    8.08    0.00    0.00    0.00    0.00    0.00    0.00   39.39
01:51:30 PM   11   53.00    0.00   16.00    0.00    0.00    0.00    0.00    0.00    0.00   31.00
01:51:30 PM   12   57.84    0.00   13.73    0.00    0.00    0.00    0.00    0.00    0.00   28.43
01:51:30 PM   13   52.53    0.00    8.08    0.00    0.00    0.00    0.00    0.00    0.00   39.39
01:51:30 PM   14   54.55    0.00   13.13    0.00    0.00    0.00    0.00    0.00    0.00   32.32
01:51:30 PM   15   59.60    1.01   10.10    0.00    0.00    0.00    0.00    0.00    0.00   29.29
01:51:30 PM   16   73.20    0.00    8.25    0.00    0.00    0.00    0.00    0.00    0.00   18.56
01:51:30 PM   17   66.33    0.00   16.33    0.00    0.00    0.00    0.00    0.00    0.00   17.35
01:51:30 PM   18   70.71    0.00   15.15    0.00    0.00    0.00    0.00    0.00    0.00   14.14
01:51:30 PM   19   77.00    0.00   13.00    0.00    0.00    0.00    0.00    0.00    0.00   10.00
01:51:30 PM   20   79.59    0.00   15.31    0.00    0.00    0.00    0.00    0.00    0.00    5.10
01:51:30 PM   21   69.31    0.00   21.78    0.00    0.00    0.00    0.00    0.00    0.00    8.91
01:51:30 PM   22   85.71    0.00    8.16    0.00    0.00    0.00    0.00    0.00    0.00    6.12
01:51:30 PM   23   81.82    0.00   11.11    0.00    0.00    0.00    0.00    0.00    0.00    7.07
01:51:30 PM   24   78.57    0.00   14.29    0.00    0.00    0.00    0.00    0.00    0.00    7.14
01:51:30 PM   25   66.34    0.00   27.72    0.00    0.00    0.00    0.00    0.00    0.00    5.94
01:51:30 PM   26   64.65    0.00   26.26    0.00    0.00    0.00    0.00    0.00    0.00    9.09
01:51:30 PM   27   84.16    0.00    9.90    0.00    0.00    0.00    0.00    0.00    0.00    5.94
01:51:30 PM   28   67.68    0.00   25.25    0.00    0.00    0.00    0.00    0.00    0.00    7.07
01:51:30 PM   29   74.49    0.00   19.39    0.00    0.00    0.00    0.00    0.00    0.00    6.12
01:51:30 PM   30   72.45    0.00   17.35    0.00    0.00    0.00    0.00    0.00    0.00   10.20
01:51:30 PM   31   83.00    0.00   12.00    0.00    0.00    0.00    0.00    0.00    0.00    5.00

01:51:30 PM  CPU    %usr   %nice    %sys %iowait    %irq   %soft  %steal  %guest  %gnice   %idle
01:51:31 PM  all   62.37    0.00   14.58    0.00    0.00    0.00    0.00    0.00    0.00   23.05
01:51:31 PM    0   47.00    0.00    4.00    0.00    0.00    0.00    0.00    0.00    0.00   49.00
01:51:31 PM    1   67.68    0.00   11.11    0.00    0.00    0.00    0.00    0.00    0.00   21.21
01:51:31 PM    2   45.45    0.00    6.06    0.00    0.00    0.00    0.00    0.00    0.00   48.48
01:51:31 PM    3   64.00    0.00   10.00    0.00    0.00    0.00    0.00    0.00    0.00   26.00
01:51:31 PM    4   43.00    0.00    4.00    0.00    0.00    0.00    0.00    0.00    0.00   53.00
01:51:31 PM    5   48.48    0.00   24.24    0.00    0.00    0.00    0.00    0.00    0.00   27.27
01:51:31 PM    6   47.47    0.00    5.05    0.00    0.00    0.00    0.00    0.00    0.00   47.47
01:51:31 PM    7   59.60    0.00    9.09    0.00    0.00    0.00    0.00    0.00    0.00   31.31
01:51:31 PM    8   46.46    0.00    9.09    0.00    0.00    0.00    0.00    0.00    0.00   44.44
01:51:31 PM    9   59.00    0.00   13.00    0.00    0.00    0.00    0.00    0.00    0.00   28.00
01:51:31 PM   10   43.88    0.00    5.10    0.00    0.00    0.00    0.00    0.00    0.00   51.02
01:51:31 PM   11   61.22    0.00   15.31    0.00    0.00    0.00    0.00    0.00    0.00   23.47
01:51:31 PM   12   51.52    0.00   16.16    0.00    0.00    0.00    0.00    0.00    0.00   32.32
01:51:31 PM   13   49.49    0.00    6.06    0.00    0.00    0.00    0.00    0.00    0.00   44.44
01:51:31 PM   14   64.29    0.00   10.20    0.00    0.00    0.00    0.00    0.00    0.00   25.51
01:51:31 PM   15   44.00    0.00    7.00    0.00    0.00    0.00    0.00    0.00    0.00   49.00
01:51:31 PM   16   68.69    0.00    7.07    0.00    0.00    0.00    0.00    0.00    0.00   24.24
01:51:31 PM   17   73.00    0.00    6.00    0.00    0.00    0.00    0.00    0.00    0.00   21.00
01:51:31 PM   18   67.68    0.00   18.18    0.00    0.00    0.00    0.00    0.00    0.00   14.14
01:51:31 PM   19   67.00    0.00   26.00    0.00    0.00    0.00    0.00    0.00    0.00    7.00
01:51:31 PM   20   65.35    0.00   24.75    0.00    0.00    0.00    0.00    0.00    0.00    9.90
01:51:31 PM   21   73.74    0.00   19.19    0.00    0.00    0.00    0.00    0.00    0.00    7.07
01:51:31 PM   22   77.78    0.00   16.16    0.00    0.00    0.00    0.00    0.00    0.00    6.06
01:51:31 PM   23   69.00    0.00   26.00    0.00    0.00    0.00    0.00    0.00    0.00    5.00
01:51:31 PM   24   82.18    0.00   11.88    0.00    0.00    0.00    0.00    0.00    0.00    5.94
01:51:31 PM   25   72.73    0.00   21.21    0.00    0.00    0.00    0.00    0.00    0.00    6.06
01:51:31 PM   26   64.65    0.00   29.29    0.00    0.00    0.00    0.00    0.00    0.00    6.06
01:51:31 PM   27   74.49    0.00   23.47    0.00    0.00    0.00    0.00    0.00    0.00    2.04
01:51:31 PM   28   71.72    0.00   23.23    0.00    0.00    0.00    0.00    0.00    0.00    5.05
01:51:31 PM   29   79.00    0.00   16.00    0.00    0.00    0.00    0.00    0.00    0.00    5.00
01:51:31 PM   30   75.76    0.00   18.18    0.00    0.00    0.00    0.00    0.00    0.00    6.06
01:51:31 PM   31   70.41    0.00   24.49    0.00    0.00    0.00    0.00    0.00    0.00    5.10

01:51:31 PM  CPU    %usr   %nice    %sys %iowait    %irq   %soft  %steal  %guest  %gnice   %idle
01:51:32 PM  all   63.61    0.06   14.82    0.00    0.00    0.06    0.00    0.00    0.00   21.44
01:51:32 PM    0   45.54    0.00    4.95    0.00    0.00    0.00    0.00    0.00    0.00   49.50
01:51:32 PM    1   81.19    0.00    4.95    0.00    0.00    0.00    0.00    0.00    0.00   13.86
01:51:32 PM    2   50.00    0.00    2.04    0.00    0.00    0.00    0.00    0.00    0.00   47.96
01:51:32 PM    3   53.54    0.00   22.22    0.00    0.00    0.00    0.00    0.00    0.00   24.24
01:51:32 PM    4   46.53    0.00    9.90    0.00    0.00    0.00    0.00    0.00    0.00   43.56
01:51:32 PM    5   56.12    0.00   16.33    0.00    0.00    0.00    0.00    0.00    0.00   27.55
01:51:32 PM    6   49.00    0.00   12.00    0.00    0.00    1.00    0.00    0.00    0.00   38.00
01:51:32 PM    7   51.00    0.00   18.00    0.00    0.00    0.00    0.00    0.00    0.00   31.00
01:51:32 PM    8   50.50    0.00    5.94    0.00    0.00    0.00    0.00    0.00    0.00   43.56
01:51:32 PM    9   58.59    0.00   11.11    0.00    0.00    1.01    0.00    0.00    0.00   29.29
01:51:32 PM   10   48.48    1.01   12.12    0.00    0.00    0.00    0.00    0.00    0.00   38.38
01:51:32 PM   11   53.54    0.00   11.11    0.00    0.00    0.00    0.00    0.00    0.00   35.35
01:51:32 PM   12   55.45    0.00    8.91    0.00    0.00    0.00    0.00    0.00    0.00   35.64
01:51:32 PM   13   51.52    0.00   17.17    0.00    0.00    0.00    0.00    0.00    0.00   31.31
01:51:32 PM   14   56.57    0.00   12.12    0.00    0.00    0.00    0.00    0.00    0.00   31.31
01:51:32 PM   15   55.56    1.01    8.08    0.00    0.00    0.00    0.00    0.00    0.00   35.35
01:51:32 PM   16   73.47    0.00    5.10    0.00    0.00    0.00    0.00    0.00    0.00   21.43
01:51:32 PM   17   68.00    0.00   14.00    0.00    0.00    0.00    0.00    0.00    0.00   18.00
01:51:32 PM   18   66.00    0.00   22.00    0.00    0.00    0.00    0.00    0.00    0.00   12.00
01:51:32 PM   19   66.34    0.00   26.73    0.00    0.00    0.00    0.00    0.00    0.00    6.93
01:51:32 PM   20   65.66    0.00   24.24    0.00    0.00    0.00    0.00    0.00    0.00   10.10
01:51:32 PM   21   87.00    0.00    9.00    0.00    0.00    0.00    0.00    0.00    0.00    4.00
01:51:32 PM   22   80.61    0.00   14.29    0.00    0.00    0.00    0.00    0.00    0.00    5.10
01:51:32 PM   23   75.76    0.00   17.17    0.00    0.00    0.00    0.00    0.00    0.00    7.07
01:51:32 PM   24   72.73    0.00   16.16    0.00    0.00    0.00    0.00    0.00    0.00   11.11
01:51:32 PM   25   69.70    0.00   24.24    0.00    0.00    0.00    0.00    0.00    0.00    6.06
01:51:32 PM   26   79.00    0.00   18.00    0.00    0.00    0.00    0.00    0.00    0.00    3.00
01:51:32 PM   27   78.00    0.00   16.00    0.00    0.00    0.00    0.00    0.00    0.00    6.00
01:51:32 PM   28   74.49    0.00   20.41    0.00    0.00    0.00    0.00    0.00    0.00    5.10
01:51:32 PM   29   65.35    0.00   30.69    0.00    0.00    0.00    0.00    0.00    0.00    3.96
01:51:32 PM   30   75.76    0.00   16.16    0.00    0.00    0.00    0.00    0.00    0.00    8.08
01:51:32 PM   31   75.00    0.00   23.00    0.00    0.00    0.00    0.00    0.00    0.00    2.00

01:51:32 PM  CPU    %usr   %nice    %sys %iowait    %irq   %soft  %steal  %guest  %gnice   %idle
01:51:33 PM  all   64.02    0.00   14.77    0.00    0.00    0.00    0.00    0.00    0.00   21.21
01:51:33 PM    0   46.94    0.00    5.10    0.00    0.00    0.00    0.00    0.00    0.00   47.96
01:51:33 PM    1   64.65    0.00   20.20    0.00    0.00    0.00    0.00    0.00    0.00   15.15
01:51:33 PM    2   41.41    0.00    4.04    0.00    0.00    0.00    0.00    0.00    0.00   54.55
01:51:33 PM    3   67.33    0.00   17.82    0.00    0.00    0.00    0.00    0.00    0.00   14.85
01:51:33 PM    4   46.46    0.00    5.05    0.00    0.00    0.00    0.00    0.00    0.00   48.48
01:51:33 PM    5   60.78    0.00   13.73    0.00    0.00    0.00    0.00    0.00    0.00   25.49
01:51:33 PM    6   38.54    0.00    5.21    0.00    0.00    0.00    0.00    0.00    0.00   56.25
01:51:33 PM    7   63.37    0.00   23.76    0.00    0.00    0.00    0.00    0.00    0.00   12.87
01:51:33 PM    8   60.61    0.00   12.12    0.00    0.00    0.00    0.00    0.00    0.00   27.27
01:51:33 PM    9   46.00    0.00    7.00    0.00    0.00    0.00    0.00    0.00    0.00   47.00
01:51:33 PM   10   45.45    0.00   12.12    0.00    0.00    0.00    0.00    0.00    0.00   42.42
01:51:33 PM   11   61.76    0.00   14.71    0.00    0.00    0.00    0.00    0.00    0.00   23.53
01:51:33 PM   12   50.50    0.00   21.78    0.00    0.00    0.00    0.00    0.00    0.00   27.72
01:51:33 PM   13   57.58    0.00   12.12    0.00    0.00    0.00    0.00    0.00    0.00   30.30
01:51:33 PM   14   51.02    0.00   14.29    0.00    0.00    0.00    0.00    0.00    0.00   34.69
01:51:33 PM   15   59.60    0.00   12.12    0.00    0.00    0.00    0.00    0.00    0.00   28.28
01:51:33 PM   16   71.72    0.00    9.09    0.00    0.00    0.00    0.00    0.00    0.00   19.19
01:51:33 PM   17   73.74    0.00   10.10    0.00    0.00    0.00    0.00    0.00    0.00   16.16
01:51:33 PM   18   67.33    0.00   18.81    0.00    0.00    0.00    0.00    0.00    0.00   13.86
01:51:33 PM   19   76.77    0.00   16.16    0.00    0.00    0.00    0.00    0.00    0.00    7.07
01:51:33 PM   20   74.75    0.00   12.12    0.00    0.00    0.00    0.00    0.00    0.00   13.13
01:51:33 PM   21   78.79    0.00   12.12    0.00    0.00    0.00    0.00    0.00    0.00    9.09
01:51:33 PM   22   67.33    0.00   24.75    0.00    0.00    0.00    0.00    0.00    0.00    7.92
01:51:33 PM   23   68.69    0.00   24.24    0.00    0.00    0.00    0.00    0.00    0.00    7.07
01:51:33 PM   24   75.00    0.00   13.00    0.00    0.00    0.00    0.00    0.00    0.00   12.00
01:51:33 PM   25   75.76    0.00   18.18    0.00    0.00    0.00    0.00    0.00    0.00    6.06
01:51:33 PM   26   81.82    0.00   15.15    0.00    0.00    0.00    0.00    0.00    0.00    3.03
01:51:33 PM   27   84.85    0.00   10.10    0.00    0.00    0.00    0.00    0.00    0.00    5.05
01:51:33 PM   28   75.25    0.00   18.81    0.00    0.00    0.00    0.00    0.00    0.00    5.94
01:51:33 PM   29   66.00    0.00   27.00    0.00    0.00    0.00    0.00    0.00    0.00    7.00
01:51:33 PM   30   63.64    0.00   32.32    0.00    0.00    0.00    0.00    0.00    0.00    4.04
01:51:33 PM   31   84.54    0.00    8.25    0.00    0.00    0.00    0.00    0.00    0.00    7.22

01:51:33 PM  CPU    %usr   %nice    %sys %iowait    %irq   %soft  %steal  %guest  %gnice   %idle
01:51:34 PM  all   53.23    0.03   12.38    0.00    0.00    0.00    0.00    0.00    0.00   34.36
01:51:34 PM    0   44.33    0.00    8.25    0.00    0.00    0.00    0.00    0.00    0.00   47.42
01:51:34 PM    1   36.00    0.00   13.00    0.00    0.00    0.00    0.00    0.00    0.00   51.00
01:51:34 PM    2   42.42    0.00   11.11    0.00    0.00    0.00    0.00    0.00    0.00   46.46
01:51:34 PM    3   37.00    1.00   13.00    0.00    0.00    0.00    0.00    0.00    0.00   49.00
01:51:34 PM    4   30.61    0.00    5.10    0.00    0.00    0.00    0.00    0.00    0.00   64.29
01:51:34 PM    5   52.53    0.00   14.14    0.00    0.00    0.00    0.00    0.00    0.00   33.33
01:51:34 PM    6   42.00    0.00    7.00    0.00    0.00    0.00    0.00    0.00    0.00   51.00
01:51:34 PM    7   39.80    0.00    8.16    0.00    0.00    0.00    0.00    0.00    0.00   52.04
01:51:34 PM    8   30.00    0.00    7.00    0.00    0.00    0.00    0.00    0.00    0.00   63.00
01:51:34 PM    9   56.57    0.00   22.22    0.00    0.00    0.00    0.00    0.00    0.00   21.21
01:51:34 PM   10   54.08    0.00   16.33    0.00    0.00    0.00    0.00    0.00    0.00   29.59
01:51:34 PM   11   30.61    0.00    4.08    0.00    0.00    0.00    0.00    0.00    0.00   65.31
01:51:34 PM   12   41.00    0.00    8.00    0.00    0.00    0.00    0.00    0.00    0.00   51.00
01:51:34 PM   13   44.55    0.00    8.91    0.00    0.00    0.00    0.00    0.00    0.00   46.53
01:51:34 PM   14   36.73    0.00    4.08    0.00    0.00    0.00    0.00    0.00    0.00   59.18
01:51:34 PM   15   46.46    0.00   20.20    0.00    0.00    0.00    0.00    0.00    0.00   33.33
01:51:34 PM   16   61.00    0.00    5.00    0.00    0.00    0.00    0.00    0.00    0.00   34.00
01:51:34 PM   17   54.00    0.00    7.00    0.00    0.00    0.00    0.00    0.00    0.00   39.00
01:51:34 PM   18   49.00    0.00   15.00    0.00    0.00    0.00    0.00    0.00    0.00   36.00
01:51:34 PM   19   52.53    0.00   15.15    0.00    0.00    0.00    0.00    0.00    0.00   32.32
01:51:34 PM   20   70.00    0.00   12.00    0.00    0.00    0.00    0.00    0.00    0.00   18.00
01:51:34 PM   21   70.00    0.00   15.00    0.00    0.00    0.00    0.00    0.00    0.00   15.00
01:51:34 PM   22   74.49    0.00    8.16    0.00    0.00    0.00    0.00    0.00    0.00   17.35
01:51:34 PM   23   73.00    0.00    7.00    0.00    0.00    0.00    0.00    0.00    0.00   20.00
01:51:34 PM   24   73.47    0.00   16.33    0.00    0.00    0.00    0.00    0.00    0.00   10.20
01:51:34 PM   25   51.52    0.00   21.21    0.00    0.00    0.00    0.00    0.00    0.00   27.27
01:51:34 PM   26   78.00    0.00   13.00    0.00    0.00    0.00    0.00    0.00    0.00    9.00
01:51:34 PM   27   62.38    0.00   13.86    0.00    0.00    0.00    0.00    0.00    0.00   23.76
01:51:34 PM   28   70.71    0.00   18.18    0.00    0.00    0.00    0.00    0.00    0.00   11.11
01:51:34 PM   29   73.47    0.00   10.20    0.00    0.00    0.00    0.00    0.00    0.00   16.33
01:51:34 PM   30   68.00    0.00   23.00    0.00    0.00    0.00    0.00    0.00    0.00    9.00
01:51:34 PM   31   56.57    0.00   25.25    0.00    0.00    0.00    0.00    0.00    0.00   18.18

01:51:34 PM  CPU    %usr   %nice    %sys %iowait    %irq   %soft  %steal  %guest  %gnice   %idle
01:51:35 PM  all    7.95    0.03    1.60    0.00    0.00    0.03    0.00    0.00    0.00   90.39
01:51:35 PM    0    5.05    0.00    4.04    0.00    0.00    0.00    0.00    0.00    0.00   90.91
01:51:35 PM    1    0.99    0.00    2.97    0.00    0.00    0.99    0.00    0.00    0.00   95.05
01:51:35 PM    2    5.05    0.00    2.02    0.00    0.00    0.00    0.00    0.00    0.00   92.93
01:51:35 PM    3    0.00    0.00    0.00    0.00    0.00    0.00    0.00    0.00    0.00  100.00
01:51:35 PM    4    2.97    0.00    0.99    0.00    0.00    0.00    0.00    0.00    0.00   96.04
01:51:35 PM    5   15.00    0.00    6.00    0.00    0.00    0.00    0.00    0.00    0.00   79.00
01:51:35 PM    6   12.24    0.00    2.04    0.00    0.00    0.00    0.00    0.00    0.00   85.71
01:51:35 PM    7    0.00    0.00    0.00    0.00    0.00    0.00    0.00    0.00    0.00  100.00
01:51:35 PM    8    1.01    0.00    3.03    0.00    0.00    0.00    0.00    0.00    0.00   95.96
01:51:35 PM    9   17.82    0.00    8.91    0.00    0.00    0.00    0.00    0.00    0.00   73.27
01:51:35 PM   10   86.00    0.00    3.00    0.00    0.00    0.00    0.00    0.00    0.00   11.00
01:51:35 PM   11    0.00    0.00    0.00    0.00    0.00    0.00    0.00    0.00    0.00  100.00
01:51:35 PM   12   28.28    0.00    2.02    0.00    0.00    0.00    0.00    0.00    0.00   69.70
01:51:35 PM   13    0.00    0.00    0.00    0.00    0.00    0.00    0.00    0.00    0.00  100.00
01:51:35 PM   14   10.10    0.00    2.02    0.00    0.00    0.00    0.00    0.00    0.00   87.88
01:51:35 PM   15    0.00    0.00    0.00    0.00    0.00    0.00    0.00    0.00    0.00  100.00
01:51:35 PM   16    4.90    0.00    0.98    0.00    0.00    0.00    0.00    0.00    0.00   94.12
01:51:35 PM   17    4.04    0.00    0.00    0.00    0.00    0.00    0.00    0.00    0.00   95.96
01:51:35 PM   18    5.05    0.00    0.00    0.00    0.00    0.00    0.00    0.00    0.00   94.95
01:51:35 PM   19    3.03    0.00    0.00    0.00    0.00    0.00    0.00    0.00    0.00   96.97
01:51:35 PM   20    2.00    0.00    2.00    0.00    0.00    0.00    0.00    0.00    0.00   96.00
01:51:35 PM   21    2.94    0.98    0.98    0.00    0.00    0.00    0.00    0.00    0.00   95.10
01:51:35 PM   22    4.00    0.00    0.00    0.00    0.00    0.00    0.00    0.00    0.00   96.00
01:51:35 PM   23    5.05    0.00    2.02    0.00    0.00    0.00    0.00    0.00    0.00   92.93
01:51:35 PM   24    9.90    0.00    0.99    0.00    0.00    0.00    0.00    0.00    0.00   89.11
01:51:35 PM   25    2.97    0.00    1.98    0.00    0.00    0.00    0.00    0.00    0.00   95.05
01:51:35 PM   26    7.92    0.00    2.97    0.00    0.00    0.00    0.00    0.00    0.00   89.11
01:51:35 PM   27    5.00    0.00    0.00    0.00    0.00    0.00    0.00    0.00    0.00   95.00
01:51:35 PM   28    2.02    0.00    0.00    0.00    0.00    0.00    0.00    0.00    0.00   97.98
01:51:35 PM   29    2.00    0.00    0.00    0.00    0.00    0.00    0.00    0.00    0.00   98.00
01:51:35 PM   30    5.94    0.00    0.00    0.00    0.00    0.00    0.00    0.00    0.00   94.06
01:51:35 PM   31    3.00    0.00    2.00    0.00    0.00    0.00    0.00    0.00    0.00   95.00

01:51:35 PM  CPU    %usr   %nice    %sys %iowait    %irq   %soft  %steal  %guest  %gnice   %idle
01:51:36 PM  all    3.69    0.00    0.47    0.00    0.00    0.00    0.00    0.00    0.00   95.84
01:51:36 PM    0    0.00    0.00    1.01    0.00    0.00    0.00    0.00    0.00    0.00   98.99
01:51:36 PM    1    0.00    0.00    0.00    0.00    0.00    0.00    0.00    0.00    0.00  100.00
01:51:36 PM    2    3.00    0.00    2.00    0.00    0.00    0.00    0.00    0.00    0.00   95.00
01:51:36 PM    3    0.00    0.00    1.00    0.00    0.00    0.00    0.00    0.00    0.00   99.00
01:51:36 PM    4    1.00    0.00    0.00    0.00    0.00    0.00    0.00    0.00    0.00   99.00
01:51:36 PM    5    0.00    0.00    0.00    0.00    0.00    0.00    0.00    0.00    0.00  100.00
01:51:36 PM    6    2.97    0.00    1.98    0.00    0.00    0.00    0.00    0.00    0.00   95.05
01:51:36 PM    7    0.99    0.00    0.99    0.00    0.00    0.00    0.00    0.00    0.00   98.02
01:51:36 PM    8   88.00    0.00    0.00    0.00    0.00    0.00    0.00    0.00    0.00   12.00
01:51:36 PM    9    0.00    0.00    0.00    0.00    0.00    0.00    0.00    0.00    0.00  100.00
01:51:36 PM   10   15.15    0.00    4.04    0.00    0.00    0.00    0.00    0.00    0.00   80.81
01:51:36 PM   11    0.00    0.00    0.00    0.00    0.00    0.00    0.00    0.00    0.00  100.00
01:51:36 PM   12    2.00    0.00    1.00    0.00    0.00    0.00    0.00    0.00    0.00   97.00
01:51:36 PM   13    0.00    0.00    0.00    0.00    0.00    0.00    0.00    0.00    0.00  100.00
01:51:36 PM   14    0.00    0.00    0.00    0.00    0.00    0.00    0.00    0.00    0.00  100.00
01:51:36 PM   15    0.00    0.00    0.00    0.00    0.00    0.00    0.00    0.00    0.00  100.00
01:51:36 PM   16    0.00    0.00    0.00    0.00    0.00    0.00    0.00    0.00    0.00  100.00
01:51:36 PM   17    0.99    0.00    0.00    0.00    0.00    0.00    0.00    0.00    0.00   99.01
01:51:36 PM   18    3.96    0.00    1.98    0.00    0.00    0.00    0.00    0.00    0.00   94.06
01:51:36 PM   19    0.00    0.00    0.99    0.00    0.00    0.00    0.00    0.00    0.00   99.01
01:51:36 PM   20    0.00    0.00    0.00    0.00    0.00    0.00    0.00    0.00    0.00  100.00
01:51:36 PM   21    0.00    0.00    0.00    0.00    0.00    0.00    0.00    0.00    0.00  100.00
01:51:36 PM   22    0.00    0.00    0.00    0.00    0.00    0.00    0.00    0.00    0.00  100.00
01:51:36 PM   23    0.00    0.00    0.00    0.00    0.00    0.00    0.00    0.00    0.00  100.00
01:51:36 PM   24    0.00    0.00    0.00    0.00    0.00    0.00    0.00    0.00    0.00  100.00
01:51:36 PM   25    0.00    0.00    0.00    0.00    0.00    0.00    0.00    0.00    0.00  100.00
01:51:36 PM   26    0.00    0.00    0.00    0.00    0.00    0.00    0.00    0.00    0.00  100.00
01:51:36 PM   27    0.00    0.00    0.00    0.00    0.00    0.00    0.00    0.00    0.00  100.00
01:51:36 PM   28    0.00    0.00    0.00    0.00    0.00    0.00    0.00    0.00    0.00  100.00
01:51:36 PM   29    0.00    0.00    0.00    0.00    0.00    0.00    0.00    0.00    0.00  100.00
01:51:36 PM   30    0.00    0.00    0.00    0.00    0.00    0.00    0.00    0.00    0.00  100.00
01:51:36 PM   31    0.00    0.00    0.00    0.00    0.00    0.00    0.00    0.00    0.00  100.00

01:51:36 PM  CPU    %usr   %nice    %sys %iowait    %irq   %soft  %steal  %guest  %gnice   %idle
01:51:37 PM  all    3.78    0.00    0.53    0.00    0.00    0.03    0.00    0.00    0.00   95.65
01:51:37 PM    0    1.01    0.00    0.00    0.00    0.00    0.00    0.00    0.00    0.00   98.99
01:51:37 PM    1    1.00    0.00    1.00    0.00    0.00    0.00    0.00    0.00    0.00   98.00
01:51:37 PM    2    8.91    0.00    2.97    0.00    0.00    0.00    0.00    0.00    0.00   88.12
01:51:37 PM    3    0.00    0.00    1.00    0.00    0.00    0.00    0.00    0.00    0.00   99.00
01:51:37 PM    4    0.00    0.00    1.01    0.00    0.00    0.00    0.00    0.00    0.00   98.99
01:51:37 PM    5    0.00    0.00    0.00    0.00    0.00    0.00    0.00    0.00    0.00  100.00
01:51:37 PM    6    1.01    0.00    0.00    0.00    0.00    0.00    0.00    0.00    0.00   98.99
01:51:37 PM    7    0.00    0.00    0.00    0.00    0.00    0.00    0.00    0.00    0.00  100.00
01:51:37 PM    8   31.68    0.00    4.95    0.00    0.00    0.00    0.00    0.00    0.00   63.37
01:51:37 PM    9    0.99    0.00    0.99    0.00    0.00    0.00    0.00    0.00    0.00   98.02
01:51:37 PM   10   61.00    0.00    1.00    0.00    0.00    0.00    0.00    0.00    0.00   38.00
01:51:37 PM   11    1.00    0.00    0.00    0.00    0.00    0.00    0.00    0.00    0.00   99.00
01:51:37 PM   12    3.00    0.00    0.00    0.00    0.00    0.00    0.00    0.00    0.00   97.00
01:51:37 PM   13    0.00    0.00    0.00    0.00    0.00    0.00    0.00    0.00    0.00  100.00
01:51:37 PM   14    0.00    0.00    0.00    0.00    0.00    0.00    0.00    0.00    0.00  100.00
01:51:37 PM   15    0.99    0.00    0.99    0.00    0.00    0.00    0.00    0.00    0.00   98.02
01:51:37 PM   16    1.00    0.00    1.00    0.00    0.00    0.00    0.00    0.00    0.00   98.00
01:51:37 PM   17    0.00    0.00    0.00    0.00    0.00    0.00    0.00    0.00    0.00  100.00
01:51:37 PM   18    1.00    0.00    0.00    0.00    0.00    0.00    0.00    0.00    0.00   99.00
01:51:37 PM   19    0.99    0.00    0.00    0.00    0.00    0.00    0.00    0.00    0.00   99.01
01:51:37 PM   20    0.00    0.00    0.99    0.00    0.00    0.00    0.00    0.00    0.00   99.01
01:51:37 PM   21    0.99    0.00    0.00    0.00    0.00    0.00    0.00    0.00    0.00   99.01
01:51:37 PM   22    0.00    0.00    0.00    0.00    0.00    0.00    0.00    0.00    0.00  100.00
01:51:37 PM   23    3.96    0.00    0.99    0.00    0.00    0.99    0.00    0.00    0.00   94.06
01:51:37 PM   24    0.00    0.00    0.00    0.00    0.00    0.00    0.00    0.00    0.00  100.00
01:51:37 PM   25    0.00    0.00    0.00    0.00    0.00    0.00    0.00    0.00    0.00  100.00
01:51:37 PM   26    1.01    0.00    0.00    0.00    0.00    0.00    0.00    0.00    0.00   98.99
01:51:37 PM   27    0.00    0.00    0.00    0.00    0.00    0.00    0.00    0.00    0.00  100.00
01:51:37 PM   28    1.00    0.00    0.00    0.00    0.00    0.00    0.00    0.00    0.00   99.00
01:51:37 PM   29    0.00    0.00    0.00    0.00    0.00    0.00    0.00    0.00    0.00  100.00
01:51:37 PM   30    0.00    0.00    0.00    0.00    0.00    0.00    0.00    0.00    0.00  100.00
01:51:37 PM   31    0.00    0.00    0.00    0.00    0.00    0.00    0.00    0.00    0.00  100.00

01:51:37 PM  CPU    %usr   %nice    %sys %iowait    %irq   %soft  %steal  %guest  %gnice   %idle
01:51:38 PM  all    3.88    0.00    0.62    0.16    0.00    0.00    0.00    0.00    0.00   95.34
01:51:38 PM    0    0.00    0.00    1.01    0.00    0.00    0.00    0.00    0.00    0.00   98.99
01:51:38 PM    1    0.00    0.00    0.00    0.00    0.00    0.00    0.00    0.00    0.00  100.00
01:51:38 PM    2    4.00    0.00    1.00    0.00    0.00    0.00    0.00    0.00    0.00   95.00
01:51:38 PM    3    1.00    0.00    0.00    0.00    0.00    0.00    0.00    0.00    0.00   99.00
01:51:38 PM    4    0.99    0.00    1.98    0.00    0.00    0.00    0.00    0.00    0.00   97.03
01:51:38 PM    5    0.00    0.00    0.99    0.99    0.00    0.00    0.00    0.00    0.00   98.02
01:51:38 PM    6    0.98    0.00    1.96    0.00    0.00    0.00    0.00    0.00    0.00   97.06
01:51:38 PM    7    0.99    0.00    0.00    0.00    0.00    0.00    0.00    0.00    0.00   99.01
01:51:38 PM    8    7.07    0.00    8.08    0.00    0.00    0.00    0.00    0.00    0.00   84.85
01:51:38 PM    9    0.00    0.00    0.00    0.00    0.00    0.00    0.00    0.00    0.00  100.00
01:51:38 PM   10   98.00    0.00    0.00    0.00    0.00    0.00    0.00    0.00    0.00    2.00
01:51:38 PM   11    0.00    0.00    0.00    0.00    0.00    0.00    0.00    0.00    0.00  100.00
01:51:38 PM   12    0.99    0.00    0.00    0.99    0.00    0.00    0.00    0.00    0.00   98.02
01:51:38 PM   13    0.00    0.00    0.00    0.00    0.00    0.00    0.00    0.00    0.00  100.00
01:51:38 PM   14    0.00    0.00    1.01    0.00    0.00    0.00    0.00    0.00    0.00   98.99
01:51:38 PM   15    0.00    0.00    0.00    0.00    0.00    0.00    0.00    0.00    0.00  100.00
01:51:38 PM   16    0.00    0.00    0.00    1.00    0.00    0.00    0.00    0.00    0.00   99.00
01:51:38 PM   17    3.00    0.00    1.00    0.00    0.00    0.00    0.00    0.00    0.00   96.00
01:51:38 PM   18    0.00    0.00    0.00    0.00    0.00    0.00    0.00    0.00    0.00  100.00
01:51:38 PM   19    0.00    0.00    0.00    0.00    0.00    0.00    0.00    0.00    0.00  100.00
01:51:38 PM   20    0.00    0.00    0.00    0.00    0.00    0.00    0.00    0.00    0.00  100.00
01:51:38 PM   21    0.99    0.00    0.00    0.99    0.00    0.00    0.00    0.00    0.00   98.02
01:51:38 PM   22    1.00    0.00    0.00    0.00    0.00    0.00    0.00    0.00    0.00   99.00
01:51:38 PM   23    0.00    0.00    0.00    1.00    0.00    0.00    0.00    0.00    0.00   99.00
01:51:38 PM   24    0.00    0.00    0.00    0.00    0.00    0.00    0.00    0.00    0.00  100.00
01:51:38 PM   25    4.00    0.00    1.00    0.00    0.00    0.00    0.00    0.00    0.00   95.00
01:51:38 PM   26    0.00    0.00    0.00    0.00    0.00    0.00    0.00    0.00    0.00  100.00
01:51:38 PM   27    0.00    0.00    0.00    0.00    0.00    0.00    0.00    0.00    0.00  100.00
01:51:38 PM   28    0.00    0.00    0.99    0.00    0.00    0.00    0.00    0.00    0.00   99.01
01:51:38 PM   29    0.00    0.00    0.00    0.00    0.00    0.00    0.00    0.00    0.00  100.00
01:51:38 PM   30    0.00    0.00    0.00    0.00    0.00    0.00    0.00    0.00    0.00  100.00
01:51:38 PM   31    0.99    0.00    0.99    0.00    0.00    0.00    0.00    0.00    0.00   98.02

01:51:38 PM  CPU    %usr   %nice    %sys %iowait    %irq   %soft  %steal  %guest  %gnice   %idle
01:51:39 PM  all    3.57    0.00    0.38    0.00    0.00    0.00    0.00    0.00    0.00   96.06
01:51:39 PM    0    1.01    0.00    1.01    0.00    0.00    0.00    0.00    0.00    0.00   97.98
01:51:39 PM    1    0.00    0.00    0.00    0.00    0.00    0.00    0.00    0.00    0.00  100.00
01:51:39 PM    2    2.02    0.00    2.02    0.00    0.00    0.00    0.00    0.00    0.00   95.96
01:51:39 PM    3    0.00    0.00    1.00    0.00    0.00    0.00    0.00    0.00    0.00   99.00
01:51:39 PM    4    0.00    0.00    0.00    0.00    0.00    0.00    0.00    0.00    0.00  100.00
01:51:39 PM    5    0.99    0.00    0.00    0.00    0.00    0.00    0.00    0.00    0.00   99.01
01:51:39 PM    6    2.02    0.00    0.00    0.00    0.00    0.00    0.00    0.00    0.00   97.98
01:51:39 PM    7    0.00    0.00    0.00    0.00    0.00    0.00    0.00    0.00    0.00  100.00
01:51:39 PM    8   51.52    0.00    3.03    0.00    0.00    0.00    0.00    0.00    0.00   45.45
01:51:39 PM    9    0.00    0.00    0.00    0.00    0.00    0.00    0.00    0.00    0.00  100.00
01:51:39 PM   10   49.00    0.00    1.00    0.00    0.00    0.00    0.00    0.00    0.00   50.00
01:51:39 PM   11    2.00    0.00    2.00    0.00    0.00    0.00    0.00    0.00    0.00   96.00
01:51:39 PM   12    0.00    0.00    1.00    0.00    0.00    0.00    0.00    0.00    0.00   99.00
01:51:39 PM   13    0.00    0.00    0.00    0.00    0.00    0.00    0.00    0.00    0.00  100.00
01:51:39 PM   14    0.00    0.00    0.00    0.00    0.00    0.00    0.00    0.00    0.00  100.00
01:51:39 PM   15    0.00    0.00    0.00    0.00    0.00    0.00    0.00    0.00    0.00  100.00
01:51:39 PM   16    0.00    0.00    0.00    0.00    0.00    0.00    0.00    0.00    0.00  100.00
01:51:39 PM   17    0.99    0.00    0.00    0.00    0.00    0.00    0.00    0.00    0.00   99.01
01:51:39 PM   18    0.00    0.00    0.00    0.00    0.00    0.00    0.00    0.00    0.00  100.00
01:51:39 PM   19    1.00    0.00    0.00    0.00    0.00    0.00    0.00    0.00    0.00   99.00
01:51:39 PM   20    2.00    0.00    1.00    0.00    0.00    0.00    0.00    0.00    0.00   97.00
01:51:39 PM   21    0.00    0.00    0.00    0.00    0.00    0.00    0.00    0.00    0.00  100.00
01:51:39 PM   22    0.00    0.00    0.00    0.00    0.00    0.00    0.00    0.00    0.00  100.00
01:51:39 PM   23    1.00    0.00    0.00    0.00    0.00    0.00    0.00    0.00    0.00   99.00
01:51:39 PM   24    0.00    0.00    0.00    0.00    0.00    0.00    0.00    0.00    0.00  100.00
01:51:39 PM   25    0.00    0.00    0.00    0.00    0.00    0.00    0.00    0.00    0.00  100.00
01:51:39 PM   26    0.00    0.00    0.00    0.00    0.00    0.00    0.00    0.00    0.00  100.00
01:51:39 PM   27    0.00    0.00    0.00    0.00    0.00    0.00    0.00    0.00    0.00  100.00
01:51:39 PM   28    0.00    0.00    0.00    0.00    0.00    0.00    0.00    0.00    0.00  100.00
01:51:39 PM   29    0.00    0.00    0.00    0.00    0.00    0.00    0.00    0.00    0.00  100.00
01:51:39 PM   30    0.99    0.00    0.00    0.00    0.00    0.00    0.00    0.00    0.00   99.01
01:51:39 PM   31    0.00    0.00    0.00    0.00    0.00    0.00    0.00    0.00    0.00  100.00

01:51:39 PM  CPU    %usr   %nice    %sys %iowait    %irq   %soft  %steal  %guest  %gnice   %idle
01:51:40 PM  all    3.66    0.00    0.56    0.00    0.00    0.00    0.00    0.00    0.00   95.77
01:51:40 PM    0    1.01    0.00    0.00    0.00    0.00    0.00    0.00    0.00    0.00   98.99
01:51:40 PM    1    1.00    0.00    1.00    0.00    0.00    0.00    0.00    0.00    0.00   98.00
01:51:40 PM    2    2.00    0.00    2.00    0.00    0.00    0.00    0.00    0.00    0.00   96.00
01:51:40 PM    3    0.00    0.00    0.00    0.00    0.00    0.00    0.00    0.00    0.00  100.00
01:51:40 PM    4    3.03    0.00    3.03    0.00    0.00    0.00    0.00    0.00    0.00   93.94
01:51:40 PM    5    0.00    0.00    0.00    0.00    0.00    0.00    0.00    0.00    0.00  100.00
01:51:40 PM    6    0.00    0.00    0.00    0.00    0.00    0.00    0.00    0.00    0.00  100.00
01:51:40 PM    7    0.00    0.00    0.00    0.00    0.00    0.00    0.00    0.00    0.00  100.00
01:51:40 PM    8   30.00    0.00    8.00    0.00    0.00    0.00    0.00    0.00    0.00   62.00
01:51:40 PM    9    0.99    0.00    0.00    0.00    0.00    0.00    0.00    0.00    0.00   99.01
01:51:40 PM   10    0.00    0.00    1.01    0.00    0.00    0.00    0.00    0.00    0.00   98.99
01:51:40 PM   11   76.00    0.00    1.00    0.00    0.00    0.00    0.00    0.00    0.00   23.00
01:51:40 PM   12    0.00    0.00    0.00    0.00    0.00    0.00    0.00    0.00    0.00  100.00
01:51:40 PM   13    0.00    0.00    0.00    0.00    0.00    0.00    0.00    0.00    0.00  100.00
01:51:40 PM   14    1.00    0.00    0.00    0.00    0.00    0.00    0.00    0.00    0.00   99.00
01:51:40 PM   15    0.00    0.00    1.01    0.00    0.00    0.00    0.00    0.00    0.00   98.99
01:51:40 PM   16    0.00    0.00    0.00    0.00    0.00    0.00    0.00    0.00    0.00  100.00
01:51:40 PM   17    0.00    0.00    0.00    0.00    0.00    0.00    0.00    0.00    0.00  100.00
01:51:40 PM   18    0.00    0.00    0.00    0.00    0.00    0.00    0.00    0.00    0.00  100.00
01:51:40 PM   19    0.00    0.00    0.00    0.00    0.00    0.00    0.00    0.00    0.00  100.00
01:51:40 PM   20    0.00    0.00    0.00    0.00    0.00    0.00    0.00    0.00    0.00  100.00
01:51:40 PM   21    0.00    0.00    0.00    0.00    0.00    0.00    0.00    0.00    0.00  100.00
01:51:40 PM   22    0.00    0.00    0.00    0.00    0.00    0.00    0.00    0.00    0.00  100.00
01:51:40 PM   23    0.00    0.00    0.00    0.00    0.00    0.00    0.00    0.00    0.00  100.00
01:51:40 PM   24    0.00    0.00    0.00    0.00    0.00    0.00    0.00    0.00    0.00  100.00
01:51:40 PM   25    0.00    0.00    0.00    0.00    0.00    0.00    0.00    0.00    0.00  100.00
01:51:40 PM   26    1.98    0.00    0.99    0.00    0.00    0.00    0.00    0.00    0.00   97.03
01:51:40 PM   27    0.00    0.00    0.00    0.00    0.00    0.00    0.00    0.00    0.00  100.00
01:51:40 PM   28    0.00    0.00    0.00    0.00    0.00    0.00    0.00    0.00    0.00  100.00
01:51:40 PM   29    0.00    0.00    0.00    0.00    0.00    0.00    0.00    0.00    0.00  100.00
01:51:40 PM   30    0.00    0.00    0.00    0.00    0.00    0.00    0.00    0.00    0.00  100.00
01:51:40 PM   31    0.00    0.00    0.00    0.00    0.00    0.00    0.00    0.00    0.00  100.00

01:51:40 PM  CPU    %usr   %nice    %sys %iowait    %irq   %soft  %steal  %guest  %gnice   %idle
01:51:41 PM  all    3.60    0.00    0.50    0.00    0.00    0.00    0.00    0.00    0.00   95.90
01:51:41 PM    0    0.00    0.00    0.00    0.00    0.00    0.00    0.00    0.00    0.00  100.00
01:51:41 PM    1    0.00    0.00    0.00    0.00    0.00    0.00    0.00    0.00    0.00  100.00
01:51:41 PM    2    2.00    0.00    1.00    0.00    0.00    0.00    0.00    0.00    0.00   97.00
01:51:41 PM    3    0.00    0.00    0.00    0.00    0.00    0.00    0.00    0.00    0.00  100.00
01:51:41 PM    4    1.00    0.00    1.00    0.00    0.00    0.00    0.00    0.00    0.00   98.00
01:51:41 PM    5    0.00    0.00    0.00    0.00    0.00    0.00    0.00    0.00    0.00  100.00
01:51:41 PM    6    1.01    0.00    1.01    0.00    0.00    0.00    0.00    0.00    0.00   97.98
01:51:41 PM    7    0.00    0.00    0.00    0.00    0.00    0.00    0.00    0.00    0.00  100.00
01:51:41 PM    8    3.03    0.00    5.05    0.00    0.00    0.00    0.00    0.00    0.00   91.92
01:51:41 PM    9    3.00    0.00    3.00    0.00    0.00    0.00    0.00    0.00    0.00   94.00
01:51:41 PM   10    0.00    0.00    2.00    0.00    0.00    0.00    0.00    0.00    0.00   98.00
01:51:41 PM   11   99.00    0.00    0.00    0.00    0.00    0.00    0.00    0.00    0.00    1.00
01:51:41 PM   12    1.00    0.00    1.00    0.00    0.00    0.00    0.00    0.00    0.00   98.00
01:51:41 PM   13    0.00    0.00    0.00    0.00    0.00    0.00    0.00    0.00    0.00  100.00
01:51:41 PM   14    0.00    0.00    0.00    0.00    0.00    0.00    0.00    0.00    0.00  100.00
01:51:41 PM   15    0.00    0.00    0.00    0.00    0.00    0.00    0.00    0.00    0.00  100.00
01:51:41 PM   16    0.00    0.00    0.00    0.00    0.00    0.00    0.00    0.00    0.00  100.00
01:51:41 PM   17    0.00    0.00    0.00    0.00    0.00    0.00    0.00    0.00    0.00  100.00
01:51:41 PM   18    0.00    0.00    0.99    0.00    0.00    0.00    0.00    0.00    0.00   99.01
01:51:41 PM   19    0.00    0.00    0.00    0.00    0.00    0.00    0.00    0.00    0.00  100.00
01:51:41 PM   20    0.99    0.00    0.00    0.00    0.00    0.00    0.00    0.00    0.00   99.01
01:51:41 PM   21    0.00    0.00    0.00    0.00    0.00    0.00    0.00    0.00    0.00  100.00
01:51:41 PM   22    0.00    0.00    0.00    0.00    0.00    0.00    0.00    0.00    0.00  100.00
01:51:41 PM   23    0.00    0.00    0.00    0.00    0.00    0.00    0.00    0.00    0.00  100.00
01:51:41 PM   24    0.00    0.00    0.00    0.00    0.00    0.00    0.00    0.00    0.00  100.00
01:51:41 PM   25    4.00    0.00    1.00    0.00    0.00    0.00    0.00    0.00    0.00   95.00
01:51:41 PM   26    0.00    0.00    0.00    0.00    0.00    0.00    0.00    0.00    0.00  100.00
01:51:41 PM   27    0.00    0.00    0.00    0.00    0.00    0.00    0.00    0.00    0.00  100.00
01:51:41 PM   28    0.00    0.00    0.00    0.00    0.00    0.00    0.00    0.00    0.00  100.00
01:51:41 PM   29    0.00    0.00    0.00    0.00    0.00    0.00    0.00    0.00    0.00  100.00
01:51:41 PM   30    0.00    0.00    0.00    0.00    0.00    0.00    0.00    0.00    0.00  100.00
01:51:41 PM   31    0.00    0.00    0.00    0.00    0.00    0.00    0.00    0.00    0.00  100.00

01:51:41 PM  CPU    %usr   %nice    %sys %iowait    %irq   %soft  %steal  %guest  %gnice   %idle
01:51:42 PM  all    3.72    0.03    0.41    0.00    0.00    0.00    0.00    0.00    0.00   95.84
01:51:42 PM    0    1.00    0.00    0.00    0.00    0.00    0.00    0.00    0.00    0.00   99.00
01:51:42 PM    1    0.00    0.00    0.00    0.00    0.00    0.00    0.00    0.00    0.00  100.00
01:51:42 PM    2    3.00    0.00    3.00    0.00    0.00    0.00    0.00    0.00    0.00   94.00
01:51:42 PM    3    0.00    0.00    0.00    0.00    0.00    0.00    0.00    0.00    0.00  100.00
01:51:42 PM    4    0.00    0.00    3.03    0.00    0.00    0.00    0.00    0.00    0.00   96.97
01:51:42 PM    5    0.00    0.00    0.00    0.00    0.00    0.00    0.00    0.00    0.00  100.00
01:51:42 PM    6    0.99    0.00    0.00    0.00    0.00    0.00    0.00    0.00    0.00   99.01
01:51:42 PM    7    0.00    0.00    0.00    0.00    0.00    0.00    0.00    0.00    0.00  100.00
01:51:42 PM    8    6.00    0.00    4.00    0.00    0.00    0.00    0.00    0.00    0.00   90.00
01:51:42 PM    9    3.00    0.00    1.00    0.00    0.00    0.00    0.00    0.00    0.00   96.00
01:51:42 PM   10    0.99    0.99    0.99    0.00    0.00    0.00    0.00    0.00    0.00   97.03
01:51:42 PM   11  100.00    0.00    0.00    0.00    0.00    0.00    0.00    0.00    0.00    0.00
01:51:42 PM   12    0.00    0.00    0.00    0.00    0.00    0.00    0.00    0.00    0.00  100.00
01:51:42 PM   13    0.99    0.00    0.00    0.00    0.00    0.00    0.00    0.00    0.00   99.01
01:51:42 PM   14    0.00    0.00    0.00    0.00    0.00    0.00    0.00    0.00    0.00  100.00
01:51:42 PM   15    0.00    0.00    0.00    0.00    0.00    0.00    0.00    0.00    0.00  100.00
01:51:42 PM   16    0.98    0.00    0.98    0.00    0.00    0.00    0.00    0.00    0.00   98.04
01:51:42 PM   17    0.00    0.00    0.00    0.00    0.00    0.00    0.00    0.00    0.00  100.00
01:51:42 PM   18    0.99    0.00    0.00    0.00    0.00    0.00    0.00    0.00    0.00   99.01
01:51:42 PM   19    0.00    0.00    0.00    0.00    0.00    0.00    0.00    0.00    0.00  100.00
01:51:42 PM   20    0.00    0.00    0.00    0.00    0.00    0.00    0.00    0.00    0.00  100.00
01:51:42 PM   21    0.00    0.00    0.00    0.00    0.00    0.00    0.00    0.00    0.00  100.00
01:51:42 PM   22    0.00    0.00    0.00    0.00    0.00    0.00    0.00    0.00    0.00  100.00
01:51:42 PM   23    1.00    0.00    0.00    0.00    0.00    0.00    0.00    0.00    0.00   99.00
01:51:42 PM   24    0.00    0.00    0.00    0.00    0.00    0.00    0.00    0.00    0.00  100.00
01:51:42 PM   25    0.00    0.00    0.00    0.00    0.00    0.00    0.00    0.00    0.00  100.00
01:51:42 PM   26    0.00    0.00    0.00    0.00    0.00    0.00    0.00    0.00    0.00  100.00
01:51:42 PM   27    0.00    0.00    0.00    0.00    0.00    0.00    0.00    0.00    0.00  100.00
01:51:42 PM   28    0.00    0.00    0.00    0.00    0.00    0.00    0.00    0.00    0.00  100.00
01:51:42 PM   29    0.00    0.00    0.00    0.00    0.00    0.00    0.00    0.00    0.00  100.00
01:51:42 PM   30    0.00    0.00    0.00    0.00    0.00    0.00    0.00    0.00    0.00  100.00
01:51:42 PM   31    0.00    0.00    0.00    0.00    0.00    0.00    0.00    0.00    0.00  100.00

01:51:42 PM  CPU    %usr   %nice    %sys %iowait    %irq   %soft  %steal  %guest  %gnice   %idle
01:51:43 PM  all    3.84    0.03    0.66    0.03    0.00    0.00    0.00    0.00    0.00   95.44
01:51:43 PM    0    1.02    0.00    1.02    0.00    0.00    0.00    0.00    0.00    0.00   97.96
01:51:43 PM    1    0.00    0.00    1.01    1.01    0.00    0.00    0.00    0.00    0.00   97.98
01:51:43 PM    2    7.00    0.00    2.00    0.00    0.00    0.00    0.00    0.00    0.00   91.00
01:51:43 PM    3    0.98    0.98    0.00    0.00    0.00    0.00    0.00    0.00    0.00   98.04
01:51:43 PM    4    0.99    0.00    0.99    0.00    0.00    0.00    0.00    0.00    0.00   98.02
01:51:43 PM    5    0.00    0.00    0.00    0.00    0.00    0.00    0.00    0.00    0.00  100.00
01:51:43 PM    6    0.00    0.00    1.00    0.00    0.00    0.00    0.00    0.00    0.00   99.00
01:51:43 PM    7    0.00    0.00    0.00    0.00    0.00    0.00    0.00    0.00    0.00  100.00
01:51:43 PM    8    3.96    0.00    5.94    0.00    0.00    0.00    0.00    0.00    0.00   90.10
01:51:43 PM    9    1.00    0.00    2.00    0.00    0.00    0.00    0.00    0.00    0.00   97.00
01:51:43 PM   10   39.39    0.00    1.01    0.00    0.00    0.00    0.00    0.00    0.00   59.60
01:51:43 PM   11   57.00    0.00    0.00    0.00    0.00    0.00    0.00    0.00    0.00   43.00
01:51:43 PM   12    0.00    0.00    0.99    0.00    0.00    0.00    0.00    0.00    0.00   99.01
01:51:43 PM   13    0.00    0.00    0.00    0.00    0.00    0.00    0.00    0.00    0.00  100.00
01:51:43 PM   14    0.00    0.00    0.00    0.00    0.00    0.00    0.00    0.00    0.00  100.00
01:51:43 PM   15    1.00    0.00    1.00    0.00    0.00    0.00    0.00    0.00    0.00   98.00
01:51:43 PM   16    0.00    0.00    0.00    0.00    0.00    0.00    0.00    0.00    0.00  100.00
01:51:43 PM   17    1.00    0.00    0.00    0.00    0.00    0.00    0.00    0.00    0.00   99.00
01:51:43 PM   18    0.00    0.00    0.00    0.00    0.00    0.00    0.00    0.00    0.00  100.00
01:51:43 PM   19    0.00    0.00    0.00    0.00    0.00    0.00    0.00    0.00    0.00  100.00
01:51:43 PM   20    0.00    0.00    0.00    0.00    0.00    0.00    0.00    0.00    0.00  100.00
01:51:43 PM   21    0.99    0.00    0.00    0.00    0.00    0.00    0.00    0.00    0.00   99.01
01:51:43 PM   22    0.99    0.00    0.00    0.00    0.00    0.00    0.00    0.00    0.00   99.01
01:51:43 PM   23    3.03    0.00    1.01    0.00    0.00    0.00    0.00    0.00    0.00   95.96
01:51:43 PM   24    0.00    0.00    0.99    0.00    0.00    0.00    0.00    0.00    0.00   99.01
01:51:43 PM   25    0.00    0.00    0.00    0.00    0.00    0.00    0.00    0.00    0.00  100.00
01:51:43 PM   26    3.00    0.00    1.00    0.00    0.00    0.00    0.00    0.00    0.00   96.00
01:51:43 PM   27    1.00    0.00    0.00    0.00    0.00    0.00    0.00    0.00    0.00   99.00
01:51:43 PM   28    1.00    0.00    0.00    0.00    0.00    0.00    0.00    0.00    0.00   99.00
01:51:43 PM   29    0.00    0.00    0.99    0.00    0.00    0.00    0.00    0.00    0.00   99.01
01:51:43 PM   30    0.00    0.00    0.00    0.00    0.00    0.00    0.00    0.00    0.00  100.00
01:51:43 PM   31    0.00    0.00    0.00    0.00    0.00    0.00    0.00    0.00    0.00  100.00

01:51:43 PM  CPU    %usr   %nice    %sys %iowait    %irq   %soft  %steal  %guest  %gnice   %idle
01:51:44 PM  all    3.57    0.00    0.69    0.03    0.00    0.00    0.00    0.00    0.00   95.71
01:51:44 PM    0    0.00    0.00    0.99    0.99    0.00    0.00    0.00    0.00    0.00   98.02
01:51:44 PM    1    0.00    0.00    0.00    0.00    0.00    0.00    0.00    0.00    0.00  100.00
01:51:44 PM    2    3.00    0.00    3.00    0.00    0.00    0.00    0.00    0.00    0.00   94.00
01:51:44 PM    3    0.00    0.00    1.00    0.00    0.00    0.00    0.00    0.00    0.00   99.00
01:51:44 PM    4    0.00    0.00    1.01    0.00    0.00    0.00    0.00    0.00    0.00   98.99
01:51:44 PM    5    0.00    0.00    0.00    0.00    0.00    0.00    0.00    0.00    0.00  100.00
01:51:44 PM    6    0.00    0.00    0.00    0.00    0.00    0.00    0.00    0.00    0.00  100.00
01:51:44 PM    7    0.00    0.00    0.00    0.00    0.00    0.00    0.00    0.00    0.00  100.00
01:51:44 PM    8    3.03    0.00    8.08    0.00    0.00    0.00    0.00    0.00    0.00   88.89
01:51:44 PM    9    2.00    0.00    1.00    0.00    0.00    0.00    0.00    0.00    0.00   97.00
01:51:44 PM   10   86.00    0.00    2.00    0.00    0.00    0.00    0.00    0.00    0.00   12.00
01:51:44 PM   11   14.00    0.00    0.00    0.00    0.00    0.00    0.00    0.00    0.00   86.00
01:51:44 PM   12    1.02    0.00    2.04    0.00    0.00    0.00    0.00    0.00    0.00   96.94
01:51:44 PM   13    0.00    0.00    0.00    0.00    0.00    0.00    0.00    0.00    0.00  100.00
01:51:44 PM   14    0.00    0.00    0.00    0.00    0.00    0.00    0.00    0.00    0.00  100.00
01:51:44 PM   15    0.00    0.00    0.00    0.00    0.00    0.00    0.00    0.00    0.00  100.00
01:51:44 PM   16    0.00    0.00    0.99    0.00    0.00    0.00    0.00    0.00    0.00   99.01
01:51:44 PM   17    0.00    0.00    0.00    0.00    0.00    0.00    0.00    0.00    0.00  100.00
01:51:44 PM   18    0.00    0.00    0.00    0.00    0.00    0.00    0.00    0.00    0.00  100.00
01:51:44 PM   19    0.00    0.00    0.00    0.00    0.00    0.00    0.00    0.00    0.00  100.00
01:51:44 PM   20    0.00    0.00    0.00    0.00    0.00    0.00    0.00    0.00    0.00  100.00
01:51:44 PM   21    0.00    0.00    0.00    0.00    0.00    0.00    0.00    0.00    0.00  100.00
01:51:44 PM   22    0.00    0.00    0.00    0.00    0.00    0.00    0.00    0.00    0.00  100.00
01:51:44 PM   23    0.98    0.00    0.98    0.00    0.00    0.00    0.00    0.00    0.00   98.04
01:51:44 PM   24    0.00    0.00    0.00    0.00    0.00    0.00    0.00    0.00    0.00  100.00
01:51:44 PM   25    4.00    0.00    1.00    0.00    0.00    0.00    0.00    0.00    0.00   95.00
01:51:44 PM   26    0.00    0.00    0.00    0.00    0.00    0.00    0.00    0.00    0.00  100.00
01:51:44 PM   27    0.00    0.00    0.00    0.00    0.00    0.00    0.00    0.00    0.00  100.00
01:51:44 PM   28    0.00    0.00    0.00    0.00    0.00    0.00    0.00    0.00    0.00  100.00
01:51:44 PM   29    0.00    0.00    0.00    0.00    0.00    0.00    0.00    0.00    0.00  100.00
01:51:44 PM   30    0.00    0.00    0.00    0.00    0.00    0.00    0.00    0.00    0.00  100.00
01:51:44 PM   31    0.00    0.00    0.00    0.00    0.00    0.00    0.00    0.00    0.00  100.00

01:51:44 PM  CPU    %usr   %nice    %sys %iowait    %irq   %soft  %steal  %guest  %gnice   %idle
01:51:45 PM  all    3.57    0.03    0.44    0.00    0.00    0.00    0.00    0.00    0.00   95.96
01:51:45 PM    0    0.00    0.00    0.00    0.00    0.00    0.00    0.00    0.00    0.00  100.00
01:51:45 PM    1    0.00    0.00    0.00    0.00    0.00    0.00    0.00    0.00    0.00  100.00
01:51:45 PM    2    4.08    0.00    2.04    0.00    0.00    0.00    0.00    0.00    0.00   93.88
01:51:45 PM    3    0.00    0.00    0.00    0.00    0.00    0.00    0.00    0.00    0.00  100.00
01:51:45 PM    4    1.00    0.00    3.00    0.00    0.00    0.00    0.00    0.00    0.00   96.00
01:51:45 PM    5    0.00    0.00    0.00    0.00    0.00    0.00    0.00    0.00    0.00  100.00
01:51:45 PM    6    0.00    0.00    0.00    0.00    0.00    0.00    0.00    0.00    0.00  100.00
01:51:45 PM    7    0.00    0.00    0.00    0.00    0.00    0.00    0.00    0.00    0.00  100.00
01:51:45 PM    8    6.00    0.00    7.00    0.00    0.00    0.00    0.00    0.00    0.00   87.00
01:51:45 PM    9    0.00    0.00    0.00    0.00    0.00    0.00    0.00    0.00    0.00  100.00
01:51:45 PM   10    0.00    0.00    0.00    0.00    0.00    0.00    0.00    0.00    0.00  100.00
01:51:45 PM   11   99.01    0.00    0.00    0.00    0.00    0.00    0.00    0.00    0.00    0.99
01:51:45 PM   12    1.98    0.99    0.99    0.00    0.00    0.00    0.00    0.00    0.00   96.04
01:51:45 PM   13    0.00    0.00    0.00    0.00    0.00    0.00    0.00    0.00    0.00  100.00
01:51:45 PM   14    0.00    0.00    0.99    0.00    0.00    0.00    0.00    0.00    0.00   99.01
01:51:45 PM   15    0.00    0.00    0.00    0.00    0.00    0.00    0.00    0.00    0.00  100.00
01:51:45 PM   16    0.00    0.00    0.00    0.00    0.00    0.00    0.00    0.00    0.00  100.00
01:51:45 PM   17    0.00    0.00    0.00    0.00    0.00    0.00    0.00    0.00    0.00  100.00
01:51:45 PM   18    0.00    0.00    0.00    0.00    0.00    0.00    0.00    0.00    0.00  100.00
01:51:45 PM   19    0.00    0.00    0.00    0.00    0.00    0.00    0.00    0.00    0.00  100.00
01:51:45 PM   20    0.00    0.00    0.00    0.00    0.00    0.00    0.00    0.00    0.00  100.00
01:51:45 PM   21    0.00    0.00    0.00    0.00    0.00    0.00    0.00    0.00    0.00  100.00
01:51:45 PM   22    0.00    0.00    0.00    0.00    0.00    0.00    0.00    0.00    0.00  100.00
01:51:45 PM   23    1.00    0.00    0.00    0.00    0.00    0.00    0.00    0.00    0.00   99.00
01:51:45 PM   24    0.00    0.00    0.00    0.00    0.00    0.00    0.00    0.00    0.00  100.00
01:51:45 PM   25    0.00    0.00    0.00    0.00    0.00    0.00    0.00    0.00    0.00  100.00
01:51:45 PM   26    0.00    0.00    0.00    0.00    0.00    0.00    0.00    0.00    0.00  100.00
01:51:45 PM   27    0.00    0.00    0.00    0.00    0.00    0.00    0.00    0.00    0.00  100.00
01:51:45 PM   28    0.00    0.00    0.00    0.00    0.00    0.00    0.00    0.00    0.00  100.00
01:51:45 PM   29    0.00    0.00    0.00    0.00    0.00    0.00    0.00    0.00    0.00  100.00
01:51:45 PM   30    0.00    0.00    0.00    0.00    0.00    0.00    0.00    0.00    0.00  100.00
01:51:45 PM   31    0.00    0.00    0.00    0.00    0.00    0.00    0.00    0.00    0.00  100.00

01:51:45 PM  CPU    %usr   %nice    %sys %iowait    %irq   %soft  %steal  %guest  %gnice   %idle
01:51:46 PM  all    3.81    0.00    0.50    0.41    0.00    0.00    0.00    0.00    0.00   95.28
01:51:46 PM    0    1.00    0.00    0.00    0.00    0.00    0.00    0.00    0.00    0.00   99.00
01:51:46 PM    1    0.99    0.00    0.00    0.00    0.00    0.00    0.00    0.00    0.00   99.01
01:51:46 PM    2    1.98    0.00    1.98    0.00    0.00    0.00    0.00    0.00    0.00   96.04
01:51:46 PM    3    0.99    0.00    0.99    0.00    0.00    0.00    0.00    0.00    0.00   98.02
01:51:46 PM    4    0.00    0.00    1.00    5.00    0.00    0.00    0.00    0.00    0.00   94.00
01:51:46 PM    5    0.99    0.00    0.00    0.00    0.00    0.00    0.00    0.00    0.00   99.01
01:51:46 PM    6    0.00    0.00    0.00    0.00    0.00    0.00    0.00    0.00    0.00  100.00
01:51:46 PM    7    0.00    0.00    0.00    0.00    0.00    0.00    0.00    0.00    0.00  100.00
01:51:46 PM    8    5.10    0.00    9.18    0.00    0.00    0.00    0.00    0.00    0.00   85.71
01:51:46 PM    9    0.99    0.00    0.00    0.00    0.00    0.00    0.00    0.00    0.00   99.01
01:51:46 PM   10   81.00    0.00    0.00    0.00    0.00    0.00    0.00    0.00    0.00   19.00
01:51:46 PM   11   19.00    0.00    0.00    0.00    0.00    0.00    0.00    0.00    0.00   81.00
01:51:46 PM   12    0.00    0.00    2.02    0.00    0.00    0.00    0.00    0.00    0.00   97.98
01:51:46 PM   13    0.00    0.00    0.00    0.00    0.00    0.00    0.00    0.00    0.00  100.00
01:51:46 PM   14    2.00    0.00    1.00    0.00    0.00    0.00    0.00    0.00    0.00   97.00
01:51:46 PM   15    0.00    0.00    0.00    0.00    0.00    0.00    0.00    0.00    0.00  100.00
01:51:46 PM   16    2.02    0.00    0.00    8.08    0.00    0.00    0.00    0.00    0.00   89.90
01:51:46 PM   17    2.00    0.00    0.00    0.00    0.00    0.00    0.00    0.00    0.00   98.00
01:51:46 PM   18    0.00    0.00    0.00    0.00    0.00    0.00    0.00    0.00    0.00  100.00
01:51:46 PM   19    0.00    0.00    0.00    0.00    0.00    0.00    0.00    0.00    0.00  100.00
01:51:46 PM   20    0.99    0.00    0.00    0.00    0.00    0.00    0.00    0.00    0.00   99.01
01:51:46 PM   21    0.00    0.00    0.00    0.00    0.00    0.00    0.00    0.00    0.00  100.00
01:51:46 PM   22    0.00    0.00    0.00    0.00    0.00    0.00    0.00    0.00    0.00  100.00
01:51:46 PM   23    0.00    0.00    0.00    0.00    0.00    0.00    0.00    0.00    0.00  100.00
01:51:46 PM   24    0.00    0.00    0.00    0.00    0.00    0.00    0.00    0.00    0.00  100.00
01:51:46 PM   25    0.00    0.00    0.00    0.00    0.00    0.00    0.00    0.00    0.00  100.00
01:51:46 PM   26    1.00    0.00    0.00    0.00    0.00    0.00    0.00    0.00    0.00   99.00
01:51:46 PM   27    0.00    0.00    0.00    0.00    0.00    0.00    0.00    0.00    0.00  100.00
01:51:46 PM   28    0.00    0.00    0.00    0.00    0.00    0.00    0.00    0.00    0.00  100.00
01:51:46 PM   29    0.99    0.00    0.00    0.00    0.00    0.00    0.00    0.00    0.00   99.01
01:51:46 PM   30    0.00    0.00    0.00    0.00    0.00    0.00    0.00    0.00    0.00  100.00
01:51:46 PM   31    0.99    0.00    0.00    0.00    0.00    0.00    0.00    0.00    0.00   99.01

01:51:46 PM  CPU    %usr   %nice    %sys %iowait    %irq   %soft  %steal  %guest  %gnice   %idle
01:51:47 PM  all    3.82    0.03    0.56    0.00    0.00    0.00    0.00    0.00    0.00   95.59
01:51:47 PM    0    0.00    0.00    0.00    0.00    0.00    0.00    0.00    0.00    0.00  100.00
01:51:47 PM    1    0.00    0.00    0.00    0.00    0.00    0.00    0.00    0.00    0.00  100.00
01:51:47 PM    2    3.03    0.00    2.02    0.00    0.00    0.00    0.00    0.00    0.00   94.95
01:51:47 PM    3    0.00    0.00    0.00    0.00    0.00    0.00    0.00    0.00    0.00  100.00
01:51:47 PM    4    1.00    0.00    0.00    0.00    0.00    0.00    0.00    0.00    0.00   99.00
01:51:47 PM    5    0.00    0.00    0.00    0.00    0.00    0.00    0.00    0.00    0.00  100.00
01:51:47 PM    6    0.00    0.00    0.00    0.00    0.00    0.00    0.00    0.00    0.00  100.00
01:51:47 PM    7    0.99    0.00    0.99    0.00    0.00    0.00    0.00    0.00    0.00   98.02
01:51:47 PM    8    4.90    0.98    7.84    0.00    0.00    0.00    0.00    0.00    0.00   86.27
01:51:47 PM    9    1.01    0.00    0.00    0.00    0.00    0.00    0.00    0.00    0.00   98.99
01:51:47 PM   10   96.97    0.00    0.00    0.00    0.00    0.00    0.00    0.00    0.00    3.03
01:51:47 PM   11    0.00    0.00    0.00    0.00    0.00    0.00    0.00    0.00    0.00  100.00
01:51:47 PM   12    2.97    0.00    1.98    0.00    0.00    0.00    0.00    0.00    0.00   95.05
01:51:47 PM   13    0.00    0.00    0.99    0.00    0.00    0.00    0.00    0.00    0.00   99.01
01:51:47 PM   14    1.98    0.00    1.98    0.00    0.00    0.00    0.00    0.00    0.00   96.04
01:51:47 PM   15    1.00    0.00    0.00    0.00    0.00    0.00    0.00    0.00    0.00   99.00
01:51:47 PM   16    0.00    0.00    0.00    0.00    0.00    0.00    0.00    0.00    0.00  100.00
01:51:47 PM   17    0.00    0.00    0.00    0.00    0.00    0.00    0.00    0.00    0.00  100.00
01:51:47 PM   18    0.00    0.00    0.00    0.00    0.00    0.00    0.00    0.00    0.00  100.00
01:51:47 PM   19    0.00    0.00    0.00    0.00    0.00    0.00    0.00    0.00    0.00  100.00
01:51:47 PM   20    3.00    0.00    1.00    0.00    0.00    0.00    0.00    0.00    0.00   96.00
01:51:47 PM   21    0.00    0.00    0.00    0.00    0.00    0.00    0.00    0.00    0.00  100.00
01:51:47 PM   22    0.00    0.00    0.00    0.00    0.00    0.00    0.00    0.00    0.00  100.00
01:51:47 PM   23    1.00    0.00    0.00    0.00    0.00    0.00    0.00    0.00    0.00   99.00
01:51:47 PM   24    1.00    0.00    0.00    0.00    0.00    0.00    0.00    0.00    0.00   99.00
01:51:47 PM   25    3.96    0.00    0.99    0.00    0.00    0.00    0.00    0.00    0.00   95.05
01:51:47 PM   26    0.00    0.00    0.00    0.00    0.00    0.00    0.00    0.00    0.00  100.00
01:51:47 PM   27    0.00    0.00    0.00    0.00    0.00    0.00    0.00    0.00    0.00  100.00
01:51:47 PM   28    0.00    0.00    0.00    0.00    0.00    0.00    0.00    0.00    0.00  100.00
01:51:47 PM   29    0.00    0.00    0.00    0.00    0.00    0.00    0.00    0.00    0.00  100.00
01:51:47 PM   30    0.00    0.00    0.00    0.00    0.00    0.00    0.00    0.00    0.00  100.00
01:51:47 PM   31    0.00    0.00    0.00    0.00    0.00    0.00    0.00    0.00    0.00  100.00

01:51:47 PM  CPU    %usr   %nice    %sys %iowait    %irq   %soft  %steal  %guest  %gnice   %idle
01:51:48 PM  all    1.28    0.00    1.91    0.00    0.00    0.00    0.00    0.00    0.00   96.81
01:51:48 PM    0    0.00    0.00    0.00    0.00    0.00    0.00    0.00    0.00    0.00  100.00
01:51:48 PM    1    0.00    0.00    0.00    0.00    0.00    0.00    0.00    0.00    0.00  100.00
01:51:48 PM    2    0.00    0.00    0.99    0.00    0.00    0.00    0.00    0.00    0.00   99.01
01:51:48 PM    3    0.00    0.00    0.00    0.00    0.00    0.00    0.00    0.00    0.00  100.00
01:51:48 PM    4    0.00    0.00    1.00    0.00    0.00    0.00    0.00    0.00    0.00   99.00
01:51:48 PM    5    0.00    0.00    0.00    0.00    0.00    0.00    0.00    0.00    0.00  100.00
01:51:48 PM    6    0.00    0.00    0.00    0.00    0.00    0.00    0.00    0.00    0.00  100.00
01:51:48 PM    7    0.00    0.00    0.00    0.00    0.00    0.00    0.00    0.00    0.00  100.00
01:51:48 PM    8   41.41    0.00   58.59    0.00    0.00    0.00    0.00    0.00    0.00    0.00
01:51:48 PM    9    0.00    0.00    0.00    0.00    0.00    0.00    0.00    0.00    0.00  100.00
01:51:48 PM   10    0.00    0.00    1.00    0.00    0.00    0.00    0.00    0.00    0.00   99.00
01:51:48 PM   11    0.00    0.00    0.00    0.00    0.00    0.00    0.00    0.00    0.00  100.00
01:51:48 PM   12    0.00    0.00    0.00    0.00    0.00    0.00    0.00    0.00    0.00  100.00
01:51:48 PM   13    0.00    0.00    0.00    0.00    0.00    0.00    0.00    0.00    0.00  100.00
01:51:48 PM   14    0.00    0.00    0.00    0.00    0.00    0.00    0.00    0.00    0.00  100.00
01:51:48 PM   15    0.00    0.00    0.00    0.00    0.00    0.00    0.00    0.00    0.00  100.00
01:51:48 PM   16    0.00    0.00    0.00    0.00    0.00    0.00    0.00    0.00    0.00  100.00
01:51:48 PM   17    0.00    0.00    0.00    0.00    0.00    0.00    0.00    0.00    0.00  100.00
01:51:48 PM   18    0.00    0.00    0.00    0.00    0.00    0.00    0.00    0.00    0.00  100.00
01:51:48 PM   19    0.00    0.00    0.00    0.00    0.00    0.00    0.00    0.00    0.00  100.00
01:51:48 PM   20    0.00    0.00    0.00    0.00    0.00    0.00    0.00    0.00    0.00  100.00
01:51:48 PM   21    0.00    0.00    0.00    0.00    0.00    0.00    0.00    0.00    0.00  100.00
01:51:48 PM   22    0.00    0.00    0.00    0.00    0.00    0.00    0.00    0.00    0.00  100.00
01:51:48 PM   23    0.00    0.00    0.00    0.00    0.00    0.00    0.00    0.00    0.00  100.00
01:51:48 PM   24    0.00    0.00    0.00    0.00    0.00    0.00    0.00    0.00    0.00  100.00
01:51:48 PM   25    0.00    0.00    0.00    0.00    0.00    0.00    0.00    0.00    0.00  100.00
01:51:48 PM   26    0.00    0.00    0.00    0.00    0.00    0.00    0.00    0.00    0.00  100.00
01:51:48 PM   27    0.00    0.00    0.00    0.00    0.00    0.00    0.00    0.00    0.00  100.00
01:51:48 PM   28    0.00    0.00    0.00    0.00    0.00    0.00    0.00    0.00    0.00  100.00
01:51:48 PM   29    0.00    0.00    0.00    0.00    0.00    0.00    0.00    0.00    0.00  100.00
01:51:48 PM   30    0.00    0.00    0.00    0.00    0.00    0.00    0.00    0.00    0.00  100.00
01:51:48 PM   31    0.00    0.00    0.00    0.00    0.00    0.00    0.00    0.00    0.00  100.00

01:51:48 PM  CPU    %usr   %nice    %sys %iowait    %irq   %soft  %steal  %guest  %gnice   %idle
01:51:49 PM  all    1.28    0.03    2.16    0.00    0.00    0.00    0.00    0.00    0.00   96.53
01:51:49 PM    0    0.00    0.00    0.00    0.00    0.00    0.00    0.00    0.00    0.00  100.00
01:51:49 PM    1    0.00    0.00    0.00    0.00    0.00    0.00    0.00    0.00    0.00  100.00
01:51:49 PM    2    0.00    0.00    0.00    0.00    0.00    0.00    0.00    0.00    0.00  100.00
01:51:49 PM    3    0.00    0.00    0.00    0.00    0.00    0.00    0.00    0.00    0.00  100.00
01:51:49 PM    4    0.00    1.00    0.00    0.00    0.00    0.00    0.00    0.00    0.00   99.00
01:51:49 PM    5    0.00    0.00    4.00    0.00    0.00    0.00    0.00    0.00    0.00   96.00
01:51:49 PM    6    0.00    0.00    0.00    0.00    0.00    0.00    0.00    0.00    0.00  100.00
01:51:49 PM    7    0.00    0.00    0.00    0.00    0.00    0.00    0.00    0.00    0.00  100.00
01:51:49 PM    8   41.00    0.00   59.00    0.00    0.00    0.00    0.00    0.00    0.00    0.00
01:51:49 PM    9    0.00    0.00    0.00    0.00    0.00    0.00    0.00    0.00    0.00  100.00
01:51:49 PM   10    0.00    0.00    4.00    0.00    0.00    0.00    0.00    0.00    0.00   96.00
01:51:49 PM   11    0.00    0.00    0.99    0.00    0.00    0.00    0.00    0.00    0.00   99.01
01:51:49 PM   12    0.00    0.00    0.99    0.00    0.00    0.00    0.00    0.00    0.00   99.01
01:51:49 PM   13    0.00    0.00    0.00    0.00    0.00    0.00    0.00    0.00    0.00  100.00
01:51:49 PM   14    0.00    0.00    0.00    0.00    0.00    0.00    0.00    0.00    0.00  100.00
01:51:49 PM   15    0.00    0.00    0.00    0.00    0.00    0.00    0.00    0.00    0.00  100.00
01:51:49 PM   16    0.00    0.00    0.00    0.00    0.00    0.00    0.00    0.00    0.00  100.00
01:51:49 PM   17    0.00    0.00    0.00    0.00    0.00    0.00    0.00    0.00    0.00  100.00
01:51:49 PM   18    0.00    0.00    0.00    0.00    0.00    0.00    0.00    0.00    0.00  100.00
01:51:49 PM   19    0.00    0.00    0.00    0.00    0.00    0.00    0.00    0.00    0.00  100.00
01:51:49 PM   20    0.00    0.00    0.00    0.00    0.00    0.00    0.00    0.00    0.00  100.00
01:51:49 PM   21    0.00    0.00    0.00    0.00    0.00    0.00    0.00    0.00    0.00  100.00
01:51:49 PM   22    0.00    0.00    0.00    0.00    0.00    0.00    0.00    0.00    0.00  100.00
01:51:49 PM   23    0.00    0.00    0.00    0.00    0.00    0.00    0.00    0.00    0.00  100.00
01:51:49 PM   24    0.00    0.00    0.00    0.00    0.00    0.00    0.00    0.00    0.00  100.00
01:51:49 PM   25    0.00    0.00    0.00    0.00    0.00    0.00    0.00    0.00    0.00  100.00
01:51:49 PM   26    0.00    0.00    0.00    0.00    0.00    0.00    0.00    0.00    0.00  100.00
01:51:49 PM   27    0.00    0.00    0.00    0.00    0.00    0.00    0.00    0.00    0.00  100.00
01:51:49 PM   28    0.00    0.00    0.00    0.00    0.00    0.00    0.00    0.00    0.00  100.00
01:51:49 PM   29    0.00    0.00    0.00    0.00    0.00    0.00    0.00    0.00    0.00  100.00
01:51:49 PM   30    0.00    0.00    0.00    0.00    0.00    0.00    0.00    0.00    0.00  100.00
01:51:49 PM   31    0.00    0.00    0.00    0.00    0.00    0.00    0.00    0.00    0.00  100.00

01:51:49 PM  CPU    %usr   %nice    %sys %iowait    %irq   %soft  %steal  %guest  %gnice   %idle
01:51:50 PM  all    0.12    0.06    4.19    7.56    0.00    0.00    0.00    0.00    0.00   88.07
01:51:50 PM    0    0.00    0.00    0.00   11.76    0.00    0.00    0.00    0.00    0.00   88.24
01:51:50 PM    1    0.00    0.00    0.00   32.04    0.00    0.00    0.00    0.00    0.00   67.96
01:51:50 PM    2    0.00    0.97    0.00   10.68    0.00    0.00    0.00    0.00    0.00   88.35
01:51:50 PM    3    0.00    0.00    0.00    0.00    0.00    0.00    0.00    0.00    0.00  100.00
01:51:50 PM    4    0.00    0.00    0.96   45.19    0.00    0.00    0.00    0.00    0.00   53.85
01:51:50 PM    5    0.00    0.00    0.00    0.98    0.00    0.00    0.00    0.00    0.00   99.02
01:51:50 PM    6    0.00    0.00    0.00    0.97    0.00    0.00    0.00    0.00    0.00   99.03
01:51:50 PM    7    0.00    0.00    0.00    0.00    0.00    0.00    0.00    0.00    0.00  100.00
01:51:50 PM    8    3.85    0.00   12.50    0.00    0.00    0.00    0.00    0.00    0.00   83.65
01:51:50 PM    9    0.00    0.00   69.90   10.68    0.00    0.00    0.00    0.00    0.00   19.42
01:51:50 PM   10    0.00    0.00    5.83    0.00    0.00    0.00    0.00    0.00    0.00   94.17
01:51:50 PM   11    0.00    0.00   34.31   45.10    0.00    0.00    0.00    0.00    0.00   20.59
01:51:50 PM   12    0.00    0.97    6.80   36.89    0.00    0.00    0.00    0.00    0.00   55.34
01:51:50 PM   13    0.00    0.00    1.96    5.88    0.00    0.00    0.00    0.00    0.00   92.16
01:51:50 PM   14    0.00    0.00    1.94   40.78    0.00    0.00    0.00    0.00    0.00   57.28
01:51:50 PM   15    0.00    0.00    0.00    0.00    0.00    0.00    0.00    0.00    0.00  100.00
01:51:50 PM   16    0.00    0.00    0.00    0.00    0.00    0.00    0.00    0.00    0.00  100.00
01:51:50 PM   17    0.00    0.00    0.00    0.00    0.00    0.00    0.00    0.00    0.00  100.00
01:51:50 PM   18    0.00    0.00    0.00    0.00    0.00    0.00    0.00    0.00    0.00  100.00
01:51:50 PM   19    0.00    0.00    0.00    0.00    0.00    0.00    0.00    0.00    0.00  100.00
01:51:50 PM   20    0.00    0.00    0.00    0.97    0.00    0.00    0.00    0.00    0.00   99.03
01:51:50 PM   21    0.00    0.00    0.00    0.00    0.00    0.00    0.00    0.00    0.00  100.00
01:51:50 PM   22    0.00    0.00    0.00    0.00    0.00    0.00    0.00    0.00    0.00  100.00
01:51:50 PM   23    0.00    0.00    0.00    0.00    0.00    0.00    0.00    0.00    0.00  100.00
01:51:50 PM   24    0.00    0.00    0.00    0.00    0.00    0.00    0.00    0.00    0.00  100.00
01:51:50 PM   25    0.00    0.00    0.00    0.00    0.00    0.00    0.00    0.00    0.00  100.00
01:51:50 PM   26    0.00    0.00    0.00    0.00    0.00    0.00    0.00    0.00    0.00  100.00
01:51:50 PM   27    0.00    0.00    0.00    0.00    0.00    0.00    0.00    0.00    0.00  100.00
01:51:50 PM   28    0.00    0.00    0.00    0.00    0.00    0.00    0.00    0.00    0.00  100.00
01:51:50 PM   29    0.00    0.00    0.00    0.00    0.00    0.00    0.00    0.00    0.00  100.00
01:51:50 PM   30    0.00    0.00    0.00    0.00    0.00    0.00    0.00    0.00    0.00  100.00
01:51:50 PM   31    0.00    0.00    0.00    0.00    0.00    0.00    0.00    0.00    0.00  100.00

01:51:50 PM  CPU    %usr   %nice    %sys %iowait    %irq   %soft  %steal  %guest  %gnice   %idle
01:51:51 PM  all    0.00    0.00    0.82   11.39    0.00    0.00    0.00    0.00    0.00   87.80
01:51:51 PM    0    0.00    0.00    0.00   29.00    0.00    0.00    0.00    0.00    0.00   71.00
01:51:51 PM    1    0.00    0.00    1.98   64.36    0.00    0.00    0.00    0.00    0.00   33.66
01:51:51 PM    2    0.00    0.00    1.00    1.00    0.00    0.00    0.00    0.00    0.00   98.00
01:51:51 PM    3    0.00    0.00    0.00   21.21    0.00    0.00    0.00    0.00    0.00   78.79
01:51:51 PM    4    0.00    0.00    0.00    0.00    0.00    0.00    0.00    0.00    0.00  100.00
01:51:51 PM    5    0.00    0.00    1.00   18.00    0.00    0.00    0.00    0.00    0.00   81.00
01:51:51 PM    6    0.00    0.00    0.00    1.00    0.00    0.00    0.00    0.00    0.00   99.00
01:51:51 PM    7    0.00    0.00    0.00    0.00    0.00    0.00    0.00    0.00    0.00  100.00
01:51:51 PM    8    0.00    0.00    2.00    0.00    0.00    0.00    0.00    0.00    0.00   98.00
01:51:51 PM    9    0.00    0.00   14.58   84.38    0.00    0.00    0.00    0.00    0.00    1.04
01:51:51 PM   10    0.00    0.00    2.00   18.00    0.00    0.00    0.00    0.00    0.00   80.00
01:51:51 PM   11    0.00    0.00    3.06   66.33    0.00    0.00    0.00    0.00    0.00   30.61
01:51:51 PM   12    0.00    0.00    0.00   17.17    0.00    0.00    0.00    0.00    0.00   82.83
01:51:51 PM   13    0.00    0.00    1.00    0.00    0.00    0.00    0.00    0.00    0.00   99.00
01:51:51 PM   14    0.00    0.00    0.00    0.00    0.00    0.00    0.00    0.00    0.00  100.00
01:51:51 PM   15    0.00    0.00    0.00    0.00    0.00    0.00    0.00    0.00    0.00  100.00
01:51:51 PM   16    0.00    0.00    0.00   20.00    0.00    0.00    0.00    0.00    0.00   80.00
01:51:51 PM   17    0.00    0.00    0.00    0.00    0.00    0.00    0.00    0.00    0.00  100.00
01:51:51 PM   18    0.00    0.00    0.00    0.00    0.00    0.00    0.00    0.00    0.00  100.00
01:51:51 PM   19    0.00    0.00    0.00    0.00    0.00    0.00    0.00    0.00    0.00  100.00
01:51:51 PM   20    0.00    0.00    0.00   18.18    0.00    0.00    0.00    0.00    0.00   81.82
01:51:51 PM   21    0.00    0.00    0.00    0.00    0.00    0.00    0.00    0.00    0.00  100.00
01:51:51 PM   22    0.00    0.00    0.00    0.00    0.00    0.00    0.00    0.00    0.00  100.00
01:51:51 PM   23    0.00    0.00    0.00    9.09    0.00    0.00    0.00    0.00    0.00   90.91
01:51:51 PM   24    0.00    0.00    0.00    0.00    0.00    0.00    0.00    0.00    0.00  100.00
01:51:51 PM   25    0.00    0.00    0.00    0.00    0.00    0.00    0.00    0.00    0.00  100.00
01:51:51 PM   26    0.00    0.00    0.00    0.00    0.00    0.00    0.00    0.00    0.00  100.00
01:51:51 PM   27    0.00    0.00    0.00    0.00    0.00    0.00    0.00    0.00    0.00  100.00
01:51:51 PM   28    0.00    0.00    0.00    0.00    0.00    0.00    0.00    0.00    0.00  100.00
01:51:51 PM   29    0.00    0.00    0.00    0.00    0.00    0.00    0.00    0.00    0.00  100.00
01:51:51 PM   30    0.00    0.00    0.00    0.00    0.00    0.00    0.00    0.00    0.00  100.00
01:51:51 PM   31    0.00    0.00    0.00    0.00    0.00    0.00    0.00    0.00    0.00  100.00

01:51:51 PM  CPU    %usr   %nice    %sys %iowait    %irq   %soft  %steal  %guest  %gnice   %idle
01:51:52 PM  all    0.06    0.00    0.22    9.69    0.00    0.00    0.00    0.00    0.00   90.03
01:51:52 PM    0    0.00    0.00    0.00   23.23    0.00    0.00    0.00    0.00    0.00   76.77
01:51:52 PM    1    0.00    0.00    0.00    0.00    0.00    0.00    0.00    0.00    0.00  100.00
01:51:52 PM    2    0.00    0.00    0.00    0.00    0.00    0.00    0.00    0.00    0.00  100.00
01:51:52 PM    3    0.00    0.00    0.00    0.00    0.00    0.00    0.00    0.00    0.00  100.00
01:51:52 PM    4    0.00    0.00    0.00    0.00    0.00    0.00    0.00    0.00    0.00  100.00
01:51:52 PM    5    0.00    0.00    0.00   58.59    0.00    0.00    0.00    0.00    0.00   41.41
01:51:52 PM    6    0.00    0.00    0.00    0.00    0.00    0.00    0.00    0.00    0.00  100.00
01:51:52 PM    7    0.00    0.00    0.00    0.00    0.00    0.00    0.00    0.00    0.00  100.00
01:51:52 PM    8    0.00    0.00    0.00    0.00    0.00    0.00    0.00    0.00    0.00  100.00
01:51:52 PM    9    0.00    0.00    2.11   97.89    0.00    0.00    0.00    0.00    0.00    0.00
01:51:52 PM   10    1.01    0.00    4.04   19.19    0.00    0.00    0.00    0.00    0.00   75.76
01:51:52 PM   11    0.00    0.00    0.99   99.01    0.00    0.00    0.00    0.00    0.00    0.00
01:51:52 PM   12    0.00    0.00    0.00    0.00    0.00    0.00    0.00    0.00    0.00  100.00
01:51:52 PM   13    0.00    0.00    0.00    0.00    0.00    0.00    0.00    0.00    0.00  100.00
01:51:52 PM   14    0.00    0.00    0.00    0.00    0.00    0.00    0.00    0.00    0.00  100.00
01:51:52 PM   15    0.00    0.00    0.00    0.00    0.00    0.00    0.00    0.00    0.00  100.00
01:51:52 PM   16    0.99    0.00    0.00   15.84    0.00    0.00    0.00    0.00    0.00   83.17
01:51:52 PM   17    0.00    0.00    0.00    0.00    0.00    0.00    0.00    0.00    0.00  100.00
01:51:52 PM   18    0.00    0.00    0.00    0.00    0.00    0.00    0.00    0.00    0.00  100.00
01:51:52 PM   19    0.00    0.00    0.00    0.00    0.00    0.00    0.00    0.00    0.00  100.00
01:51:52 PM   20    0.00    0.00    0.00    0.00    0.00    0.00    0.00    0.00    0.00  100.00
01:51:52 PM   21    0.00    0.00    0.00    0.00    0.00    0.00    0.00    0.00    0.00  100.00
01:51:52 PM   22    0.00    0.00    0.00    0.00    0.00    0.00    0.00    0.00    0.00  100.00
01:51:52 PM   23    0.00    0.00    0.00    0.00    0.00    0.00    0.00    0.00    0.00  100.00
01:51:52 PM   24    0.00    0.00    0.00    0.00    0.00    0.00    0.00    0.00    0.00  100.00
01:51:52 PM   25    0.00    0.00    0.00    0.00    0.00    0.00    0.00    0.00    0.00  100.00
01:51:52 PM   26    0.00    0.00    0.00    0.00    0.00    0.00    0.00    0.00    0.00  100.00
01:51:52 PM   27    0.00    0.00    0.00    0.00    0.00    0.00    0.00    0.00    0.00  100.00
01:51:52 PM   28    0.00    0.00    0.00    0.00    0.00    0.00    0.00    0.00    0.00  100.00
01:51:52 PM   29    0.00    0.00    0.00    0.00    0.00    0.00    0.00    0.00    0.00  100.00
01:51:52 PM   30    0.00    0.00    0.00    0.00    0.00    0.00    0.00    0.00    0.00  100.00
01:51:52 PM   31    0.00    0.00    0.00    0.00    0.00    0.00    0.00    0.00    0.00  100.00

01:51:52 PM  CPU    %usr   %nice    %sys %iowait    %irq   %soft  %steal  %guest  %gnice   %idle
01:51:53 PM  all    0.00    0.03    0.09   10.76    0.00    0.00    0.00    0.00    0.00   89.12
01:51:53 PM    0    0.00    0.00    0.00   13.13    0.00    0.00    0.00    0.00    0.00   86.87
01:51:53 PM    1    0.00    0.00    0.00    0.00    0.00    0.00    0.00    0.00    0.00  100.00
01:51:53 PM    2    0.00    0.00    0.00    0.00    0.00    0.00    0.00    0.00    0.00  100.00
01:51:53 PM    3    0.00    0.00    0.00    0.00    0.00    0.00    0.00    0.00    0.00  100.00
01:51:53 PM    4    0.00    0.00    0.00    0.00    0.00    0.00    0.00    0.00    0.00  100.00
01:51:53 PM    5    0.00    0.00    0.99   99.01    0.00    0.00    0.00    0.00    0.00    0.00
01:51:53 PM    6    0.00    0.00    0.00   35.35    0.00    0.00    0.00    0.00    0.00   64.65
01:51:53 PM    7    0.00    0.00    0.00    0.00    0.00    0.00    0.00    0.00    0.00  100.00
01:51:53 PM    8    0.00    0.00    0.00    0.00    0.00    0.00    0.00    0.00    0.00  100.00
01:51:53 PM    9    0.00    0.00    1.03   88.66    0.00    0.00    0.00    0.00    0.00   10.31
01:51:53 PM   10    0.00    1.00    0.00    5.00    0.00    0.00    0.00    0.00    0.00   94.00
01:51:53 PM   11    0.00    0.00    0.00  100.00    0.00    0.00    0.00    0.00    0.00    0.00
01:51:53 PM   12    0.00    0.00    0.00    0.00    0.00    0.00    0.00    0.00    0.00  100.00
01:51:53 PM   13    0.00    0.00    0.00    0.00    0.00    0.00    0.00    0.00    0.00  100.00
01:51:53 PM   14    0.00    0.00    0.00    0.00    0.00    0.00    0.00    0.00    0.00  100.00
01:51:53 PM   15    0.00    0.00    0.00    0.00    0.00    0.00    0.00    0.00    0.00  100.00
01:51:53 PM   16    0.00    0.00    0.00    0.00    0.00    0.00    0.00    0.00    0.00  100.00
01:51:53 PM   17    0.00    0.00    0.00    0.00    0.00    0.00    0.00    0.00    0.00  100.00
01:51:53 PM   18    0.00    0.00    0.00    0.00    0.00    0.00    0.00    0.00    0.00  100.00
01:51:53 PM   19    0.00    0.00    0.00    0.00    0.00    0.00    0.00    0.00    0.00  100.00
01:51:53 PM   20    0.00    0.00    0.00    4.95    0.00    0.00    0.00    0.00    0.00   95.05
01:51:53 PM   21    0.00    0.00    0.00    0.00    0.00    0.00    0.00    0.00    0.00  100.00
01:51:53 PM   22    0.00    0.00    0.99    0.00    0.00    0.00    0.00    0.00    0.00   99.01
01:51:53 PM   23    0.00    0.00    0.00    0.00    0.00    0.00    0.00    0.00    0.00  100.00
01:51:53 PM   24    0.00    0.00    0.00    0.00    0.00    0.00    0.00    0.00    0.00  100.00
01:51:53 PM   25    0.00    0.00    0.00    0.00    0.00    0.00    0.00    0.00    0.00  100.00
01:51:53 PM   26    0.00    0.00    0.00    0.00    0.00    0.00    0.00    0.00    0.00  100.00
01:51:53 PM   27    0.00    0.00    0.00    0.00    0.00    0.00    0.00    0.00    0.00  100.00
01:51:53 PM   28    0.00    0.00    0.00    0.00    0.00    0.00    0.00    0.00    0.00  100.00
01:51:53 PM   29    0.00    0.00    0.00    0.00    0.00    0.00    0.00    0.00    0.00  100.00
01:51:53 PM   30    0.00    0.00    0.00    0.00    0.00    0.00    0.00    0.00    0.00  100.00
01:51:53 PM   31    0.00    0.00    0.00    0.00    0.00    0.00    0.00    0.00    0.00  100.00

01:51:53 PM  CPU    %usr   %nice    %sys %iowait    %irq   %soft  %steal  %guest  %gnice   %idle
01:51:54 PM  all    0.00    0.00    0.22   12.86    0.00    0.00    0.00    0.00    0.00   86.92
01:51:54 PM    0    0.00    0.00    0.00   15.00    0.00    0.00    0.00    0.00    0.00   85.00
01:51:54 PM    1    0.00    0.00    0.00    6.00    0.00    0.00    0.00    0.00    0.00   94.00
01:51:54 PM    2    0.00    0.00    0.00   12.00    0.00    0.00    0.00    0.00    0.00   88.00
01:51:54 PM    3    0.00    0.00    1.00    0.00    0.00    0.00    0.00    0.00    0.00   99.00
01:51:54 PM    4    0.00    0.00    0.00    0.00    0.00    0.00    0.00    0.00    0.00  100.00
01:51:54 PM    5    0.00    0.00    0.00   97.98    0.00    0.00    0.00    0.00    0.00    2.02
01:51:54 PM    6    0.00    0.00    0.00   49.00    0.00    0.00    0.00    0.00    0.00   51.00
01:51:54 PM    7    0.00    0.00    0.00    5.00    0.00    0.00    0.00    0.00    0.00   95.00
01:51:54 PM    8    0.00    0.00    0.00   13.00    0.00    0.00    0.00    0.00    0.00   87.00
01:51:54 PM    9    0.00    0.00    0.00  100.00    0.00    0.00    0.00    0.00    0.00    0.00
01:51:54 PM   10    0.00    0.00    2.00   39.00    0.00    0.00    0.00    0.00    0.00   59.00
01:51:54 PM   11    0.00    0.00    3.00   42.00    0.00    0.00    0.00    0.00    0.00   55.00
01:51:54 PM   12    0.00    0.00    1.00    0.00    0.00    0.00    0.00    0.00    0.00   99.00
01:51:54 PM   13    0.00    0.00    0.00    0.00    0.00    0.00    0.00    0.00    0.00  100.00
01:51:54 PM   14    0.00    0.00    0.00   11.88    0.00    0.00    0.00    0.00    0.00   88.12
01:51:54 PM   15    0.00    0.00    0.00    0.00    0.00    0.00    0.00    0.00    0.00  100.00
01:51:54 PM   16    0.00    0.00    0.00    0.00    0.00    0.00    0.00    0.00    0.00  100.00
01:51:54 PM   17    0.00    0.00    0.00    0.00    0.00    0.00    0.00    0.00    0.00  100.00
01:51:54 PM   18    0.00    0.00    0.00    0.00    0.00    0.00    0.00    0.00    0.00  100.00
01:51:54 PM   19    0.00    0.00    0.00    0.00    0.00    0.00    0.00    0.00    0.00  100.00
01:51:54 PM   20    0.00    0.00    0.00   10.10    0.00    0.00    0.00    0.00    0.00   89.90
01:51:54 PM   21    0.00    0.00    0.00    1.00    0.00    0.00    0.00    0.00    0.00   99.00
01:51:54 PM   22    0.00    0.00    0.00    0.00    0.00    0.00    0.00    0.00    0.00  100.00
01:51:54 PM   23    0.00    0.00    0.00   11.00    0.00    0.00    0.00    0.00    0.00   89.00
01:51:54 PM   24    0.00    0.00    0.00    0.00    0.00    0.00    0.00    0.00    0.00  100.00
01:51:54 PM   25    0.00    0.00    0.00    0.00    0.00    0.00    0.00    0.00    0.00  100.00
01:51:54 PM   26    0.00    0.00    0.00    0.00    0.00    0.00    0.00    0.00    0.00  100.00
01:51:54 PM   27    0.00    0.00    0.00    0.00    0.00    0.00    0.00    0.00    0.00  100.00
01:51:54 PM   28    0.00    0.00    0.00    0.00    0.00    0.00    0.00    0.00    0.00  100.00
01:51:54 PM   29    0.00    0.00    0.00    0.00    0.00    0.00    0.00    0.00    0.00  100.00
01:51:54 PM   30    0.00    0.00    0.00    0.00    0.00    0.00    0.00    0.00    0.00  100.00
01:51:54 PM   31    0.00    0.00    0.00    0.00    0.00    0.00    0.00    0.00    0.00  100.00

01:51:54 PM  CPU    %usr   %nice    %sys %iowait    %irq   %soft  %steal  %guest  %gnice   %idle
01:51:55 PM  all    0.03    0.00    0.47    7.80    0.00    0.00    0.00    0.00    0.00   91.70
01:51:55 PM    0    0.00    0.00    0.00    0.00    0.00    0.00    0.00    0.00    0.00  100.00
01:51:55 PM    1    0.00    0.00    0.00    0.00    0.00    0.00    0.00    0.00    0.00  100.00
01:51:55 PM    2    0.00    0.00    0.00    0.00    0.00    0.00    0.00    0.00    0.00  100.00
01:51:55 PM    3    0.00    0.00    0.00    0.00    0.00    0.00    0.00    0.00    0.00  100.00
01:51:55 PM    4    0.00    0.00    0.00    0.00    0.00    0.00    0.00    0.00    0.00  100.00
01:51:55 PM    5    0.00    0.00    0.00    0.00    0.00    0.00    0.00    0.00    0.00  100.00
01:51:55 PM    6    0.00    0.00    0.00    0.00    0.00    0.00    0.00    0.00    0.00  100.00
01:51:55 PM    7    0.00    0.00    0.00    0.00    0.00    0.00    0.00    0.00    0.00  100.00
01:51:55 PM    8    0.00    0.00    1.01   70.71    0.00    0.00    0.00    0.00    0.00   28.28
01:51:55 PM    9    0.00    0.00    2.02   97.98    0.00    0.00    0.00    0.00    0.00    0.00
01:51:55 PM   10    0.00    0.00    4.08   83.67    0.00    0.00    0.00    0.00    0.00   12.24
01:51:55 PM   11    1.00    0.00    6.00    0.00    0.00    0.00    0.00    0.00    0.00   93.00
01:51:55 PM   12    0.00    0.00    0.00    0.00    0.00    0.00    0.00    0.00    0.00  100.00
01:51:55 PM   13    0.00    0.00    1.00    0.00    0.00    0.00    0.00    0.00    0.00   99.00
01:51:55 PM   14    0.00    0.00    0.00    0.00    0.00    0.00    0.00    0.00    0.00  100.00
01:51:55 PM   15    0.00    0.00    0.00    0.00    0.00    0.00    0.00    0.00    0.00  100.00
01:51:55 PM   16    0.00    0.00    1.00    0.00    0.00    0.00    0.00    0.00    0.00   99.00
01:51:55 PM   17    0.00    0.00    0.00    0.00    0.00    0.00    0.00    0.00    0.00  100.00
01:51:55 PM   18    0.00    0.00    0.00    0.00    0.00    0.00    0.00    0.00    0.00  100.00
01:51:55 PM   19    0.00    0.00    0.00    0.00    0.00    0.00    0.00    0.00    0.00  100.00
01:51:55 PM   20    0.00    0.00    0.00    0.00    0.00    0.00    0.00    0.00    0.00  100.00
01:51:55 PM   21    0.00    0.00    0.00    0.00    0.00    0.00    0.00    0.00    0.00  100.00
01:51:55 PM   22    0.00    0.00    0.00    0.00    0.00    0.00    0.00    0.00    0.00  100.00
01:51:55 PM   23    0.00    0.00    0.00    0.00    0.00    0.00    0.00    0.00    0.00  100.00
01:51:55 PM   24    0.00    0.00    0.00    0.00    0.00    0.00    0.00    0.00    0.00  100.00
01:51:55 PM   25    0.00    0.00    0.00    0.00    0.00    0.00    0.00    0.00    0.00  100.00
01:51:55 PM   26    0.00    0.00    0.00    0.00    0.00    0.00    0.00    0.00    0.00  100.00
01:51:55 PM   27    0.00    0.00    0.00    0.00    0.00    0.00    0.00    0.00    0.00  100.00
01:51:55 PM   28    0.00    0.00    0.00    0.00    0.00    0.00    0.00    0.00    0.00  100.00
01:51:55 PM   29    0.00    0.00    0.00    0.00    0.00    0.00    0.00    0.00    0.00  100.00
01:51:55 PM   30    0.00    0.00    0.00    0.00    0.00    0.00    0.00    0.00    0.00  100.00
01:51:55 PM   31    0.00    0.00    0.00    0.00    0.00    0.00    0.00    0.00    0.00  100.00

01:51:55 PM  CPU    %usr   %nice    %sys %iowait    %irq   %soft  %steal  %guest  %gnice   %idle
01:51:56 PM  all    0.00    0.00    0.28    8.07    0.00    0.00    0.00    0.00    0.00   91.65
01:51:56 PM    0    0.00    0.00    0.00    0.00    0.00    0.00    0.00    0.00    0.00  100.00
01:51:56 PM    1    0.00    0.00    0.00    0.00    0.00    0.00    0.00    0.00    0.00  100.00
01:51:56 PM    2    0.00    0.00    0.00    0.00    0.00    0.00    0.00    0.00    0.00  100.00
01:51:56 PM    3    0.00    0.00    0.00    0.00    0.00    0.00    0.00    0.00    0.00  100.00
01:51:56 PM    4    0.00    0.00    0.99    0.00    0.00    0.00    0.00    0.00    0.00   99.01
01:51:56 PM    5    0.00    0.00    0.00    0.00    0.00    0.00    0.00    0.00    0.00  100.00
01:51:56 PM    6    0.00    0.00    0.99    0.00    0.00    0.00    0.00    0.00    0.00   99.01
01:51:56 PM    7    0.00    0.00    0.00    0.00    0.00    0.00    0.00    0.00    0.00  100.00
01:51:56 PM    8    0.00    0.00    1.00   61.00    0.00    0.00    0.00    0.00    0.00   38.00
01:51:56 PM    9    0.00    0.00    2.04   97.96    0.00    0.00    0.00    0.00    0.00    0.00
01:51:56 PM   10    0.00    0.00    3.00   90.00    0.00    0.00    0.00    0.00    0.00    7.00
01:51:56 PM   11    0.00    0.00    0.00    0.00    0.00    0.00    0.00    0.00    0.00  100.00
01:51:56 PM   12    0.00    0.00    1.00    0.00    0.00    0.00    0.00    0.00    0.00   99.00
01:51:56 PM   13    0.00    0.00    0.00    0.00    0.00    0.00    0.00    0.00    0.00  100.00
01:51:56 PM   14    0.00    0.00    0.00    0.00    0.00    0.00    0.00    0.00    0.00  100.00
01:51:56 PM   15    0.00    0.00    0.00    0.00    0.00    0.00    0.00    0.00    0.00  100.00
01:51:56 PM   16    0.00    0.00    0.00    0.00    0.00    0.00    0.00    0.00    0.00  100.00
01:51:56 PM   17    0.00    0.00    0.00    0.00    0.00    0.00    0.00    0.00    0.00  100.00
01:51:56 PM   18    0.00    0.00    0.00    0.00    0.00    0.00    0.00    0.00    0.00  100.00
01:51:56 PM   19    0.00    0.00    0.00    0.00    0.00    0.00    0.00    0.00    0.00  100.00
01:51:56 PM   20    0.00    0.00    0.00   11.00    0.00    0.00    0.00    0.00    0.00   89.00
01:51:56 PM   21    0.00    0.00    0.00    0.00    0.00    0.00    0.00    0.00    0.00  100.00
01:51:56 PM   22    0.00    0.00    0.00    0.00    0.00    0.00    0.00    0.00    0.00  100.00
01:51:56 PM   23    0.00    0.00    0.00    0.00    0.00    0.00    0.00    0.00    0.00  100.00
01:51:56 PM   24    0.00    0.00    0.00    0.00    0.00    0.00    0.00    0.00    0.00  100.00
01:51:56 PM   25    0.00    0.00    0.00    0.00    0.00    0.00    0.00    0.00    0.00  100.00
01:51:56 PM   26    0.00    0.00    0.00    0.00    0.00    0.00    0.00    0.00    0.00  100.00
01:51:56 PM   27    0.00    0.00    0.00    0.00    0.00    0.00    0.00    0.00    0.00  100.00
01:51:56 PM   28    0.00    0.00    0.00    0.00    0.00    0.00    0.00    0.00    0.00  100.00
01:51:56 PM   29    0.00    0.00    0.00    0.00    0.00    0.00    0.00    0.00    0.00  100.00
01:51:56 PM   30    0.00    0.00    0.00    0.00    0.00    0.00    0.00    0.00    0.00  100.00
01:51:56 PM   31    0.00    0.00    0.00    0.00    0.00    0.00    0.00    0.00    0.00  100.00

01:51:56 PM  CPU    %usr   %nice    %sys %iowait    %irq   %soft  %steal  %guest  %gnice   %idle
01:51:57 PM  all    0.06    0.00    0.28    9.87    0.00    0.00    0.00    0.00    0.00   89.78
01:51:57 PM    0    0.00    0.00    0.00    0.00    0.00    0.00    0.00    0.00    0.00  100.00
01:51:57 PM    1    0.00    0.00    0.00    0.00    0.00    0.00    0.00    0.00    0.00  100.00
01:51:57 PM    2    1.00    0.00    0.00    0.00    0.00    0.00    0.00    0.00    0.00   99.00
01:51:57 PM    3    0.00    0.00    0.00    0.00    0.00    0.00    0.00    0.00    0.00  100.00
01:51:57 PM    4    0.00    0.00    0.00    0.00    0.00    0.00    0.00    0.00    0.00  100.00
01:51:57 PM    5    0.00    0.00    0.00    0.00    0.00    0.00    0.00    0.00    0.00  100.00
01:51:57 PM    6    0.00    0.00    0.00    0.00    0.00    0.00    0.00    0.00    0.00  100.00
01:51:57 PM    7    0.00    0.00    0.00    0.00    0.00    0.00    0.00    0.00    0.00  100.00
01:51:57 PM    8    0.00    0.00    1.01   75.76    0.00    0.00    0.00    0.00    0.00   23.23
01:51:57 PM    9    0.00    0.00    3.06   96.94    0.00    0.00    0.00    0.00    0.00    0.00
01:51:57 PM   10    0.00    0.00    2.02   97.98    0.00    0.00    0.00    0.00    0.00    0.00
01:51:57 PM   11    1.00    0.00    3.00    0.00    0.00    0.00    0.00    0.00    0.00   96.00
01:51:57 PM   12    0.00    0.00    0.00    0.00    0.00    0.00    0.00    0.00    0.00  100.00
01:51:57 PM   13    0.00    0.00    0.00    0.00    0.00    0.00    0.00    0.00    0.00  100.00
01:51:57 PM   14    0.00    0.00    0.00    0.00    0.00    0.00    0.00    0.00    0.00  100.00
01:51:57 PM   15    0.00    0.00    0.00    0.00    0.00    0.00    0.00    0.00    0.00  100.00
01:51:57 PM   16    0.00    0.00    0.00    0.00    0.00    0.00    0.00    0.00    0.00  100.00
01:51:57 PM   17    0.00    0.00    0.00    0.00    0.00    0.00    0.00    0.00    0.00  100.00
01:51:57 PM   18    0.00    0.00    0.00    0.00    0.00    0.00    0.00    0.00    0.00  100.00
01:51:57 PM   19    0.00    0.00    0.00    0.00    0.00    0.00    0.00    0.00    0.00  100.00
01:51:57 PM   20    0.00    0.00    0.00   47.52    0.00    0.00    0.00    0.00    0.00   52.48
01:51:57 PM   21    0.00    0.00    0.00    0.00    0.00    0.00    0.00    0.00    0.00  100.00
01:51:57 PM   22    0.00    0.00    0.00    0.00    0.00    0.00    0.00    0.00    0.00  100.00
01:51:57 PM   23    0.00    0.00    0.00    0.00    0.00    0.00    0.00    0.00    0.00  100.00
01:51:57 PM   24    0.00    0.00    0.00    0.00    0.00    0.00    0.00    0.00    0.00  100.00
01:51:57 PM   25    0.00    0.00    0.00    0.00    0.00    0.00    0.00    0.00    0.00  100.00
01:51:57 PM   26    0.00    0.00    0.00    0.00    0.00    0.00    0.00    0.00    0.00  100.00
01:51:57 PM   27    0.00    0.00    0.00    0.00    0.00    0.00    0.00    0.00    0.00  100.00
01:51:57 PM   28    0.00    0.00    0.00    0.00    0.00    0.00    0.00    0.00    0.00  100.00
01:51:57 PM   29    0.00    0.00    0.00    0.00    0.00    0.00    0.00    0.00    0.00  100.00
01:51:57 PM   30    0.00    0.00    0.00    0.00    0.00    0.00    0.00    0.00    0.00  100.00
01:51:57 PM   31    0.00    0.00    0.00    0.00    0.00    0.00    0.00    0.00    0.00  100.00

01:51:57 PM  CPU    %usr   %nice    %sys %iowait    %irq   %soft  %steal  %guest  %gnice   %idle
01:51:58 PM  all    0.03    0.03    0.06    9.65    0.00    0.00    0.00    0.00    0.00   90.23
01:51:58 PM    0    0.00    0.00    0.00    0.00    0.00    0.00    0.00    0.00    0.00  100.00
01:51:58 PM    1    0.00    0.00    0.00    0.00    0.00    0.00    0.00    0.00    0.00  100.00
01:51:58 PM    2    0.00    0.00    0.99    0.00    0.00    0.00    0.00    0.00    0.00   99.01
01:51:58 PM    3    0.00    0.00    0.00    0.00    0.00    0.00    0.00    0.00    0.00  100.00
01:51:58 PM    4    0.00    0.00    0.00    0.00    0.00    0.00    0.00    0.00    0.00  100.00
01:51:58 PM    5    0.00    0.00    0.00    0.00    0.00    0.00    0.00    0.00    0.00  100.00
01:51:58 PM    6    0.99    0.00    0.00    0.00    0.00    0.00    0.00    0.00    0.00   99.01
01:51:58 PM    7    0.00    0.00    0.00    0.00    0.00    0.00    0.00    0.00    0.00  100.00
01:51:58 PM    8    0.00    1.01    0.00   15.15    0.00    0.00    0.00    0.00    0.00   83.84
01:51:58 PM    9    0.00    0.00    0.00   97.98    0.00    0.00    0.00    0.00    0.00    2.02
01:51:58 PM   10    0.00    0.00    1.01   98.99    0.00    0.00    0.00    0.00    0.00    0.00
01:51:58 PM   11    0.00    0.00    0.00   70.71    0.00    0.00    0.00    0.00    0.00   29.29
01:51:58 PM   12    0.00    0.00    0.00    0.00    0.00    0.00    0.00    0.00    0.00  100.00
01:51:58 PM   13    0.00    0.00    0.00    0.00    0.00    0.00    0.00    0.00    0.00  100.00
01:51:58 PM   14    0.00    0.00    0.00    0.00    0.00    0.00    0.00    0.00    0.00  100.00
01:51:58 PM   15    0.00    0.00    0.00    0.00    0.00    0.00    0.00    0.00    0.00  100.00
01:51:58 PM   16    0.00    0.00    0.00    0.00    0.00    0.00    0.00    0.00    0.00  100.00
01:51:58 PM   17    0.00    0.00    0.00    0.00    0.00    0.00    0.00    0.00    0.00  100.00
01:51:58 PM   18    0.00    0.00    0.00    0.00    0.00    0.00    0.00    0.00    0.00  100.00
01:51:58 PM   19    0.00    0.00    0.00    0.00    0.00    0.00    0.00    0.00    0.00  100.00
01:51:58 PM   20    0.00    0.00    0.00   28.28    0.00    0.00    0.00    0.00    0.00   71.72
01:51:58 PM   21    0.00    0.00    0.00    0.00    0.00    0.00    0.00    0.00    0.00  100.00
01:51:58 PM   22    0.00    0.00    0.00    0.00    0.00    0.00    0.00    0.00    0.00  100.00
01:51:58 PM   23    0.00    0.00    0.00    0.00    0.00    0.00    0.00    0.00    0.00  100.00
01:51:58 PM   24    0.00    0.00    0.00    0.00    0.00    0.00    0.00    0.00    0.00  100.00
01:51:58 PM   25    0.00    0.00    0.00    0.00    0.00    0.00    0.00    0.00    0.00  100.00
01:51:58 PM   26    0.00    0.00    0.00    0.00    0.00    0.00    0.00    0.00    0.00  100.00
01:51:58 PM   27    0.00    0.00    0.00    0.00    0.00    0.00    0.00    0.00    0.00  100.00
01:51:58 PM   28    0.00    0.00    0.00    0.00    0.00    0.00    0.00    0.00    0.00  100.00
01:51:58 PM   29    0.00    0.00    0.00    0.00    0.00    0.00    0.00    0.00    0.00  100.00
01:51:58 PM   30    0.00    0.00    0.00    0.00    0.00    0.00    0.00    0.00    0.00  100.00
01:51:58 PM   31    0.00    0.00    0.00    0.00    0.00    0.00    0.00    0.00    0.00  100.00

01:51:58 PM  CPU    %usr   %nice    %sys %iowait    %irq   %soft  %steal  %guest  %gnice   %idle
01:51:59 PM  all    0.00    0.00    0.25   11.98    0.00    0.00    0.00    0.00    0.00   87.77
01:51:59 PM    0    0.00    0.00    0.00    0.00    0.00    0.00    0.00    0.00    0.00  100.00
01:51:59 PM    1    0.00    0.00    0.00    0.00    0.00    0.00    0.00    0.00    0.00  100.00
01:51:59 PM    2    0.00    0.00    0.00    0.00    0.00    0.00    0.00    0.00    0.00  100.00
01:51:59 PM    3    0.00    0.00    0.00    0.00    0.00    0.00    0.00    0.00    0.00  100.00
01:51:59 PM    4    0.00    0.00    0.00    0.00    0.00    0.00    0.00    0.00    0.00  100.00
01:51:59 PM    5    0.00    0.00    0.00    0.00    0.00    0.00    0.00    0.00    0.00  100.00
01:51:59 PM    6    0.00    0.00    0.00    0.00    0.00    0.00    0.00    0.00    0.00  100.00
01:51:59 PM    7    0.00    0.00    0.00    0.00    0.00    0.00    0.00    0.00    0.00  100.00
01:51:59 PM    8    0.00    0.00    1.00    0.00    0.00    0.00    0.00    0.00    0.00   99.00
01:51:59 PM    9    0.00    0.00    1.01   98.99    0.00    0.00    0.00    0.00    0.00    0.00
01:51:59 PM   10    0.00    0.00    2.97   82.18    0.00    0.00    0.00    0.00    0.00   14.85
01:51:59 PM   11    0.00    0.00    3.00    3.00    0.00    0.00    0.00    0.00    0.00   94.00
01:51:59 PM   12    0.00    0.00    0.00  100.00    0.00    0.00    0.00    0.00    0.00    0.00
01:51:59 PM   13    0.00    0.00    0.00    0.00    0.00    0.00    0.00    0.00    0.00  100.00
01:51:59 PM   14    0.00    0.00    0.00    0.00    0.00    0.00    0.00    0.00    0.00  100.00
01:51:59 PM   15    0.00    0.00    0.00    0.00    0.00    0.00    0.00    0.00    0.00  100.00
01:51:59 PM   16    0.00    0.00    0.00    0.00    0.00    0.00    0.00    0.00    0.00  100.00
01:51:59 PM   17    0.00    0.00    0.00    0.00    0.00    0.00    0.00    0.00    0.00  100.00
01:51:59 PM   18    0.00    0.00    0.00    0.00    0.00    0.00    0.00    0.00    0.00  100.00
01:51:59 PM   19    0.00    0.00    0.00    0.00    0.00    0.00    0.00    0.00    0.00  100.00
01:51:59 PM   20    0.00    0.00    0.00    0.00    0.00    0.00    0.00    0.00    0.00  100.00
01:51:59 PM   21    0.00    0.00    0.00    0.00    0.00    0.00    0.00    0.00    0.00  100.00
01:51:59 PM   22    0.00    0.00    0.00    0.00    0.00    0.00    0.00    0.00    0.00  100.00
01:51:59 PM   23    0.00    0.00    0.00  100.00    0.00    0.00    0.00    0.00    0.00    0.00
01:51:59 PM   24    0.00    0.00    0.00    0.00    0.00    0.00    0.00    0.00    0.00  100.00
01:51:59 PM   25    0.00    0.00    0.00    0.00    0.00    0.00    0.00    0.00    0.00  100.00
01:51:59 PM   26    0.00    0.00    0.00    0.00    0.00    0.00    0.00    0.00    0.00  100.00
01:51:59 PM   27    0.00    0.00    0.00    0.00    0.00    0.00    0.00    0.00    0.00  100.00
01:51:59 PM   28    0.00    0.00    0.00    0.00    0.00    0.00    0.00    0.00    0.00  100.00
01:51:59 PM   29    0.00    0.00    0.00    0.00    0.00    0.00    0.00    0.00    0.00  100.00
01:51:59 PM   30    0.00    0.00    0.00    0.00    0.00    0.00    0.00    0.00    0.00  100.00
01:51:59 PM   31    0.00    0.00    0.00    0.00    0.00    0.00    0.00    0.00    0.00  100.00

01:51:59 PM  CPU    %usr   %nice    %sys %iowait    %irq   %soft  %steal  %guest  %gnice   %idle
01:52:00 PM  all    0.09    0.03    0.25   10.30    0.00    0.00    0.00    0.00    0.00   89.32
01:52:00 PM    0    0.00    0.00    0.00    0.00    0.00    0.00    0.00    0.00    0.00  100.00
01:52:00 PM    1    0.00    0.00    0.00    0.00    0.00    0.00    0.00    0.00    0.00  100.00
01:52:00 PM    2    0.00    0.00    0.00    0.00    0.00    0.00    0.00    0.00    0.00  100.00
01:52:00 PM    3    0.00    0.00    0.00    0.00    0.00    0.00    0.00    0.00    0.00  100.00
01:52:00 PM    4    0.00    0.00    0.00    0.00    0.00    0.00    0.00    0.00    0.00  100.00
01:52:00 PM    5    0.00    0.00    0.00   25.00    0.00    0.00    0.00    0.00    0.00   75.00
01:52:00 PM    6    0.00    0.00    0.00    0.00    0.00    0.00    0.00    0.00    0.00  100.00
01:52:00 PM    7    0.00    0.00    0.00    0.00    0.00    0.00    0.00    0.00    0.00  100.00
01:52:00 PM    8    0.00    1.00    1.00   26.00    0.00    0.00    0.00    0.00    0.00   72.00
01:52:00 PM    9    0.00    0.00    1.02   98.98    0.00    0.00    0.00    0.00    0.00    0.00
01:52:00 PM   10    0.00    0.00    0.00   15.15    0.00    0.00    0.00    0.00    0.00   84.85
01:52:00 PM   11    1.01    0.00    4.04   39.39    0.00    0.00    0.00    0.00    0.00   55.56
01:52:00 PM   12    0.99    0.00    0.00   35.64    0.00    0.00    0.00    0.00    0.00   63.37
01:52:00 PM   13    0.00    0.00    1.00   37.00    0.00    0.00    0.00    0.00    0.00   62.00
01:52:00 PM   14    0.00    0.00    0.00    0.00    0.00    0.00    0.00    0.00    0.00  100.00
01:52:00 PM   15    0.00    0.00    0.00    0.00    0.00    0.00    0.00    0.00    0.00  100.00
01:52:00 PM   16    0.00    0.00    0.00    0.00    0.00    0.00    0.00    0.00    0.00  100.00
01:52:00 PM   17    0.00    0.00    0.00    0.00    0.00    0.00    0.00    0.00    0.00  100.00
01:52:00 PM   18    0.00    0.00    0.00    0.00    0.00    0.00    0.00    0.00    0.00  100.00
01:52:00 PM   19    0.00    0.00    0.00    0.00    0.00    0.00    0.00    0.00    0.00  100.00
01:52:00 PM   20    0.00    0.00    0.00    0.00    0.00    0.00    0.00    0.00    0.00  100.00
01:52:00 PM   21    0.99    0.00    0.00    0.00    0.00    0.00    0.00    0.00    0.00   99.01
01:52:00 PM   22    0.00    0.00    0.00   39.39    0.00    0.00    0.00    0.00    0.00   60.61
01:52:00 PM   23    0.00    0.00    0.00   15.00    0.00    0.00    0.00    0.00    0.00   85.00
01:52:00 PM   24    0.00    0.00    0.00    0.00    0.00    0.00    0.00    0.00    0.00  100.00
01:52:00 PM   25    0.00    0.00    0.00    0.00    0.00    0.00    0.00    0.00    0.00  100.00
01:52:00 PM   26    0.00    0.00    0.00    0.00    0.00    0.00    0.00    0.00    0.00  100.00
01:52:00 PM   27    0.00    0.00    0.00    0.00    0.00    0.00    0.00    0.00    0.00  100.00
01:52:00 PM   28    0.00    0.00    1.00    0.00    0.00    0.00    0.00    0.00    0.00   99.00
01:52:00 PM   29    0.00    0.00    0.00    0.00    0.00    0.00    0.00    0.00    0.00  100.00
01:52:00 PM   30    0.00    0.00    0.00    0.00    0.00    0.00    0.00    0.00    0.00  100.00
01:52:00 PM   31    0.00    0.00    0.00    0.00    0.00    0.00    0.00    0.00    0.00  100.00

01:52:00 PM  CPU    %usr   %nice    %sys %iowait    %irq   %soft  %steal  %guest  %gnice   %idle
01:52:01 PM  all    0.06    0.00    0.16    7.80    0.00    0.00    0.00    0.00    0.00   91.98
01:52:01 PM    0    0.00    0.00    0.00    0.00    0.00    0.00    0.00    0.00    0.00  100.00
01:52:01 PM    1    0.00    0.00    0.00    0.00    0.00    0.00    0.00    0.00    0.00  100.00
01:52:01 PM    2    0.00    0.00    0.00    0.00    0.00    0.00    0.00    0.00    0.00  100.00
01:52:01 PM    3    0.00    0.00    0.00    0.00    0.00    0.00    0.00    0.00    0.00  100.00
01:52:01 PM    4    0.00    0.00    0.00    0.00    0.00    0.00    0.00    0.00    0.00  100.00
01:52:01 PM    5    0.00    0.00    0.00   45.45    0.00    0.00    0.00    0.00    0.00   54.55
01:52:01 PM    6    0.00    0.00    0.00    0.00    0.00    0.00    0.00    0.00    0.00  100.00
01:52:01 PM    7    0.00    0.00    0.00    0.00    0.00    0.00    0.00    0.00    0.00  100.00
01:52:01 PM    8    1.01    0.00    1.01   97.98    0.00    0.00    0.00    0.00    0.00    0.00
01:52:01 PM    9    1.02    0.00    0.00   53.06    0.00    0.00    0.00    0.00    0.00   45.92
01:52:01 PM   10    0.00    0.00    3.03    0.00    0.00    0.00    0.00    0.00    0.00   96.97
01:52:01 PM   11    0.00    0.00    0.99   53.47    0.00    0.00    0.00    0.00    0.00   45.54
01:52:01 PM   12    0.00    0.00    0.00    0.00    0.00    0.00    0.00    0.00    0.00  100.00
01:52:01 PM   13    0.00    0.00    0.00    0.00    0.00    0.00    0.00    0.00    0.00  100.00
01:52:01 PM   14    0.00    0.00    0.00    0.00    0.00    0.00    0.00    0.00    0.00  100.00
01:52:01 PM   15    0.00    0.00    0.00    1.00    0.00    0.00    0.00    0.00    0.00   99.00
01:52:01 PM   16    0.00    0.00    0.00    0.00    0.00    0.00    0.00    0.00    0.00  100.00
01:52:01 PM   17    0.00    0.00    0.00    0.00    0.00    0.00    0.00    0.00    0.00  100.00
01:52:01 PM   18    0.00    0.00    0.00    0.00    0.00    0.00    0.00    0.00    0.00  100.00
01:52:01 PM   19    0.00    0.00    0.00    0.00    0.00    0.00    0.00    0.00    0.00  100.00
01:52:01 PM   20    0.00    0.00    0.00    0.00    0.00    0.00    0.00    0.00    0.00  100.00
01:52:01 PM   21    0.00    0.00    0.00    0.00    0.00    0.00    0.00    0.00    0.00  100.00
01:52:01 PM   22    0.00    0.00    0.00    0.00    0.00    0.00    0.00    0.00    0.00  100.00
01:52:01 PM   23    0.00    0.00    0.00    0.00    0.00    0.00    0.00    0.00    0.00  100.00
01:52:01 PM   24    0.00    0.00    0.00    0.00    0.00    0.00    0.00    0.00    0.00  100.00
01:52:01 PM   25    0.00    0.00    0.00    0.00    0.00    0.00    0.00    0.00    0.00  100.00
01:52:01 PM   26    0.00    0.00    0.00    0.00    0.00    0.00    0.00    0.00    0.00  100.00
01:52:01 PM   27    0.00    0.00    0.00    0.00    0.00    0.00    0.00    0.00    0.00  100.00
01:52:01 PM   28    0.00    0.00    0.00    0.00    0.00    0.00    0.00    0.00    0.00  100.00
01:52:01 PM   29    0.00    0.00    0.00    0.00    0.00    0.00    0.00    0.00    0.00  100.00
01:52:01 PM   30    0.00    0.00    0.00    0.00    0.00    0.00    0.00    0.00    0.00  100.00
01:52:01 PM   31    0.00    0.00    0.00    0.00    0.00    0.00    0.00    0.00    0.00  100.00

01:52:01 PM  CPU    %usr   %nice    %sys %iowait    %irq   %soft  %steal  %guest  %gnice   %idle
01:52:02 PM  all    0.00    0.00    0.22    7.46    0.00    0.00    0.00    0.00    0.00   92.32
01:52:02 PM    0    0.00    0.00    0.00    0.00    0.00    0.00    0.00    0.00    0.00  100.00
01:52:02 PM    1    0.00    0.00    0.00    0.00    0.00    0.00    0.00    0.00    0.00  100.00
01:52:02 PM    2    0.00    0.00    0.99    0.00    0.00    0.00    0.00    0.00    0.00   99.01
01:52:02 PM    3    0.00    0.00    0.00    0.00    0.00    0.00    0.00    0.00    0.00  100.00
01:52:02 PM    4    0.00    0.00    0.00    0.00    0.00    0.00    0.00    0.00    0.00  100.00
01:52:02 PM    5    0.00    0.00    0.00    0.00    0.00    0.00    0.00    0.00    0.00  100.00
01:52:02 PM    6    0.00    0.00    0.00    0.00    0.00    0.00    0.00    0.00    0.00  100.00
01:52:02 PM    7    0.00    0.00    0.00    0.00    0.00    0.00    0.00    0.00    0.00  100.00
01:52:02 PM    8    0.00    0.00    0.00  100.00    0.00    0.00    0.00    0.00    0.00    0.00
01:52:02 PM    9    0.00    0.00    0.00   52.00    0.00    0.00    0.00    0.00    0.00   48.00
01:52:02 PM   10    0.00    0.00    2.02   75.76    0.00    0.00    0.00    0.00    0.00   22.22
01:52:02 PM   11    0.00    0.00    3.03   10.10    0.00    0.00    0.00    0.00    0.00   86.87
01:52:02 PM   12    0.00    0.00    1.00    0.00    0.00    0.00    0.00    0.00    0.00   99.00
01:52:02 PM   13    0.00    0.00    0.00    0.00    0.00    0.00    0.00    0.00    0.00  100.00
01:52:02 PM   14    0.00    0.00    0.00    0.00    0.00    0.00    0.00    0.00    0.00  100.00
01:52:02 PM   15    0.00    0.00    0.00    5.05    0.00    0.00    0.00    0.00    0.00   94.95
01:52:02 PM   16    0.00    0.00    0.00    0.00    0.00    0.00    0.00    0.00    0.00  100.00
01:52:02 PM   17    0.00    0.00    0.00    0.00    0.00    0.00    0.00    0.00    0.00  100.00
01:52:02 PM   18    0.00    0.00    0.00    0.00    0.00    0.00    0.00    0.00    0.00  100.00
01:52:02 PM   19    0.00    0.00    0.00    0.00    0.00    0.00    0.00    0.00    0.00  100.00
01:52:02 PM   20    0.00    0.00    0.00    0.00    0.00    0.00    0.00    0.00    0.00  100.00
01:52:02 PM   21    0.00    0.00    0.00    0.00    0.00    0.00    0.00    0.00    0.00  100.00
01:52:02 PM   22    0.00    0.00    0.00    0.00    0.00    0.00    0.00    0.00    0.00  100.00
01:52:02 PM   23    0.00    0.00    0.00    0.00    0.00    0.00    0.00    0.00    0.00  100.00
01:52:02 PM   24    0.00    0.00    0.00    0.00    0.00    0.00    0.00    0.00    0.00  100.00
01:52:02 PM   25    0.00    0.00    0.00    0.00    0.00    0.00    0.00    0.00    0.00  100.00
01:52:02 PM   26    0.00    0.00    0.00    0.00    0.00    0.00    0.00    0.00    0.00  100.00
01:52:02 PM   27    0.00    0.00    0.00    0.00    0.00    0.00    0.00    0.00    0.00  100.00
01:52:02 PM   28    0.00    0.00    0.00    1.01    0.00    0.00    0.00    0.00    0.00   98.99
01:52:02 PM   29    0.00    0.00    0.00    0.00    0.00    0.00    0.00    0.00    0.00  100.00
01:52:02 PM   30    0.00    0.00    0.00    0.00    0.00    0.00    0.00    0.00    0.00  100.00
01:52:02 PM   31    0.00    0.00    0.00    0.00    0.00    0.00    0.00    0.00    0.00  100.00

01:52:02 PM  CPU    %usr   %nice    %sys %iowait    %irq   %soft  %steal  %guest  %gnice   %idle
01:52:03 PM  all    0.06    0.03    0.19   10.96    0.00    0.00    0.00    0.00    0.00   88.76
01:52:03 PM    0    0.00    0.00    0.00    0.00    0.00    0.00    0.00    0.00    0.00  100.00
01:52:03 PM    1    0.00    0.00    0.00    0.00    0.00    0.00    0.00    0.00    0.00  100.00
01:52:03 PM    2    0.00    0.00    0.00    9.18    0.00    0.00    0.00    0.00    0.00   90.82
01:52:03 PM    3    0.00    0.00    0.00    0.00    0.00    0.00    0.00    0.00    0.00  100.00
01:52:03 PM    4    0.00    0.00    0.00    0.00    0.00    0.00    0.00    0.00    0.00  100.00
01:52:03 PM    5    0.00    1.00    0.00    0.00    0.00    0.00    0.00    0.00    0.00   99.00
01:52:03 PM    6    0.00    0.00    0.99   22.77    0.00    0.00    0.00    0.00    0.00   76.24
01:52:03 PM    7    0.00    0.00    0.00    0.00    0.00    0.00    0.00    0.00    0.00  100.00
01:52:03 PM    8    0.00    0.00    1.03   93.81    0.00    0.00    0.00    0.00    0.00    5.15
01:52:03 PM    9    0.00    0.00    0.00  100.00    0.00    0.00    0.00    0.00    0.00    0.00
01:52:03 PM   10    0.00    0.00    1.00    4.00    0.00    0.00    0.00    0.00    0.00   95.00
01:52:03 PM   11    1.00    0.00    3.00   78.00    0.00    0.00    0.00    0.00    0.00   18.00
01:52:03 PM   12    0.00    0.00    0.00   15.15    0.00    0.00    0.00    0.00    0.00   84.85
01:52:03 PM   13    0.00    0.00    0.00    0.00    0.00    0.00    0.00    0.00    0.00  100.00
01:52:03 PM   14    0.00    0.00    0.00    0.00    0.00    0.00    0.00    0.00    0.00  100.00
01:52:03 PM   15    0.00    0.00    0.00    0.00    0.00    0.00    0.00    0.00    0.00  100.00
01:52:03 PM   16    0.00    0.00    0.00    0.00    0.00    0.00    0.00    0.00    0.00  100.00
01:52:03 PM   17    0.99    0.00    0.00    0.00    0.00    0.00    0.00    0.00    0.00   99.01
01:52:03 PM   18    0.00    0.00    0.00    0.00    0.00    0.00    0.00    0.00    0.00  100.00
01:52:03 PM   19    0.00    0.00    0.00    0.00    0.00    0.00    0.00    0.00    0.00  100.00
01:52:03 PM   20    0.00    0.00    0.00    0.00    0.00    0.00    0.00    0.00    0.00  100.00
01:52:03 PM   21    0.00    0.00    0.00    0.00    0.00    0.00    0.00    0.00    0.00  100.00
01:52:03 PM   22    0.00    0.00    0.00   30.00    0.00    0.00    0.00    0.00    0.00   70.00
01:52:03 PM   23    0.00    0.00    0.00    0.00    0.00    0.00    0.00    0.00    0.00  100.00
01:52:03 PM   24    0.00    0.00    0.00    0.00    0.00    0.00    0.00    0.00    0.00  100.00
01:52:03 PM   25    0.00    0.00    0.00    0.00    0.00    0.00    0.00    0.00    0.00  100.00
01:52:03 PM   26    0.00    0.00    0.00    0.00    0.00    0.00    0.00    0.00    0.00  100.00
01:52:03 PM   27    0.00    0.00    0.00    0.00    0.00    0.00    0.00    0.00    0.00  100.00
01:52:03 PM   28    0.00    0.00    0.00    0.00    0.00    0.00    0.00    0.00    0.00  100.00
01:52:03 PM   29    0.00    0.00    0.00    0.00    0.00    0.00    0.00    0.00    0.00  100.00
01:52:03 PM   30    0.00    0.00    0.00    0.00    0.00    0.00    0.00    0.00    0.00  100.00
01:52:03 PM   31    0.00    0.00    0.00    0.00    0.00    0.00    0.00    0.00    0.00  100.00

01:52:03 PM  CPU    %usr   %nice    %sys %iowait    %irq   %soft  %steal  %guest  %gnice   %idle
01:52:04 PM  all    0.03    0.03    0.00    9.83    0.00    0.00    0.00    0.00    0.00   90.10
01:52:04 PM    0    0.00    0.00    0.00    0.00    0.00    0.00    0.00    0.00    0.00  100.00
01:52:04 PM    1    0.00    0.00    0.00    0.00    0.00    0.00    0.00    0.00    0.00  100.00
01:52:04 PM    2    0.00    0.00    0.00    0.00    0.00    0.00    0.00    0.00    0.00  100.00
01:52:04 PM    3    0.00    0.00    0.00    0.00    0.00    0.00    0.00    0.00    0.00  100.00
01:52:04 PM    4    0.00    0.00    0.00    0.00    0.00    0.00    0.00    0.00    0.00  100.00
01:52:04 PM    5    0.00    0.00    0.00    0.00    0.00    0.00    0.00    0.00    0.00  100.00
01:52:04 PM    6    0.00    1.01    0.00    0.00    0.00    0.00    0.00    0.00    0.00   98.99
01:52:04 PM    7    0.00    0.00    0.00    0.00    0.00    0.00    0.00    0.00    0.00  100.00
01:52:04 PM    8    0.00    0.00    0.00   50.00    0.00    0.00    0.00    0.00    0.00   50.00
01:52:04 PM    9    0.00    0.00    0.00  100.00    0.00    0.00    0.00    0.00    0.00    0.00
01:52:04 PM   10    1.00    0.00    0.00    0.00    0.00    0.00    0.00    0.00    0.00   99.00
01:52:04 PM   11    0.00    0.00    0.00  100.00    0.00    0.00    0.00    0.00    0.00    0.00
01:52:04 PM   12    0.00    0.00    0.00   11.00    0.00    0.00    0.00    0.00    0.00   89.00
01:52:04 PM   13    0.00    0.00    0.00    0.00    0.00    0.00    0.00    0.00    0.00  100.00
01:52:04 PM   14    0.00    0.00    0.00   48.48    0.00    0.00    0.00    0.00    0.00   51.52
01:52:04 PM   15    0.00    0.00    0.00    0.00    0.00    0.00    0.00    0.00    0.00  100.00
01:52:04 PM   16    0.00    0.00    0.00    0.00    0.00    0.00    0.00    0.00    0.00  100.00
01:52:04 PM   17    0.00    0.00    0.00    0.00    0.00    0.00    0.00    0.00    0.00  100.00
01:52:04 PM   18    0.00    0.00    0.00    0.00    0.00    0.00    0.00    0.00    0.00  100.00
01:52:04 PM   19    0.00    0.00    0.00    0.00    0.00    0.00    0.00    0.00    0.00  100.00
01:52:04 PM   20    0.00    0.00    0.00    0.00    0.00    0.00    0.00    0.00    0.00  100.00
01:52:04 PM   21    0.00    0.00    0.00    0.00    0.00    0.00    0.00    0.00    0.00  100.00
01:52:04 PM   22    0.00    0.00    0.00    0.00    0.00    0.00    0.00    0.00    0.00  100.00
01:52:04 PM   23    0.00    0.00    0.00    7.07    0.00    0.00    0.00    0.00    0.00   92.93
01:52:04 PM   24    0.00    0.00    0.00    0.00    0.00    0.00    0.00    0.00    0.00  100.00
01:52:04 PM   25    0.00    0.00    0.00    0.00    0.00    0.00    0.00    0.00    0.00  100.00
01:52:04 PM   26    0.00    0.00    0.00    0.00    0.00    0.00    0.00    0.00    0.00  100.00
01:52:04 PM   27    0.00    0.00    0.00    0.00    0.00    0.00    0.00    0.00    0.00  100.00
01:52:04 PM   28    0.00    0.00    0.00    0.00    0.00    0.00    0.00    0.00    0.00  100.00
01:52:04 PM   29    0.00    0.00    0.00    0.00    0.00    0.00    0.00    0.00    0.00  100.00
01:52:04 PM   30    0.00    0.00    0.00    0.00    0.00    0.00    0.00    0.00    0.00  100.00
01:52:04 PM   31    0.00    0.00    0.00    0.00    0.00    0.00    0.00    0.00    0.00  100.00

01:52:04 PM  CPU    %usr   %nice    %sys %iowait    %irq   %soft  %steal  %guest  %gnice   %idle
01:52:05 PM  all    0.03    0.00    0.19   11.54    0.00    0.00    0.00    0.00    0.00   88.24
01:52:05 PM    0    0.00    0.00    1.00    0.00    0.00    0.00    0.00    0.00    0.00   99.00
01:52:05 PM    1    0.00    0.00    0.00    0.00    0.00    0.00    0.00    0.00    0.00  100.00
01:52:05 PM    2    0.00    0.00    0.00    0.00    0.00    0.00    0.00    0.00    0.00  100.00
01:52:05 PM    3    0.00    0.00    0.00    0.00    0.00    0.00    0.00    0.00    0.00  100.00
01:52:05 PM    4    0.00    0.00    0.00   17.17    0.00    0.00    0.00    0.00    0.00   82.83
01:52:05 PM    5    0.00    0.00    0.00    0.00    0.00    0.00    0.00    0.00    0.00  100.00
01:52:05 PM    6    0.00    0.00    1.00    0.00    0.00    0.00    0.00    0.00    0.00   99.00
01:52:05 PM    7    0.00    0.00    0.00    0.00    0.00    0.00    0.00    0.00    0.00  100.00
01:52:05 PM    8    0.00    0.00    0.00   18.18    0.00    0.00    0.00    0.00    0.00   81.82
01:52:05 PM    9    0.00    0.00    0.00  100.00    0.00    0.00    0.00    0.00    0.00    0.00
01:52:05 PM   10    0.00    0.00    1.01   42.42    0.00    0.00    0.00    0.00    0.00   56.57
01:52:05 PM   11    1.00    0.00    3.00   82.00    0.00    0.00    0.00    0.00    0.00   14.00
01:52:05 PM   12    0.00    0.00    0.00   13.13    0.00    0.00    0.00    0.00    0.00   86.87
01:52:05 PM   13    0.00    0.00    0.00   10.10    0.00    0.00    0.00    0.00    0.00   89.90
01:52:05 PM   14    0.00    0.00    0.00   40.82    0.00    0.00    0.00    0.00    0.00   59.18
01:52:05 PM   15    0.00    0.00    0.00    0.00    0.00    0.00    0.00    0.00    0.00  100.00
01:52:05 PM   16    0.00    0.00    0.00    0.00    0.00    0.00    0.00    0.00    0.00  100.00
01:52:05 PM   17    0.00    0.00    0.00    0.00    0.00    0.00    0.00    0.00    0.00  100.00
01:52:05 PM   18    0.00    0.00    0.00    0.00    0.00    0.00    0.00    0.00    0.00  100.00
01:52:05 PM   19    0.00    0.00    0.00    0.00    0.00    0.00    0.00    0.00    0.00  100.00
01:52:05 PM   20    0.00    0.00    0.00   47.00    0.00    0.00    0.00    0.00    0.00   53.00
01:52:05 PM   21    0.00    0.00    0.00    0.00    0.00    0.00    0.00    0.00    0.00  100.00
01:52:05 PM   22    0.00    0.00    0.00    0.00    0.00    0.00    0.00    0.00    0.00  100.00
01:52:05 PM   23    0.00    0.00    0.00    0.00    0.00    0.00    0.00    0.00    0.00  100.00
01:52:05 PM   24    0.00    0.00    0.00    0.00    0.00    0.00    0.00    0.00    0.00  100.00
01:52:05 PM   25    0.00    0.00    0.00    0.00    0.00    0.00    0.00    0.00    0.00  100.00
01:52:05 PM   26    0.00    0.00    0.00    0.00    0.00    0.00    0.00    0.00    0.00  100.00
01:52:05 PM   27    0.00    0.00    0.00    0.00    0.00    0.00    0.00    0.00    0.00  100.00
01:52:05 PM   28    0.00    0.00    0.00    0.00    0.00    0.00    0.00    0.00    0.00  100.00
01:52:05 PM   29    0.00    0.00    0.00    0.00    0.00    0.00    0.00    0.00    0.00  100.00
01:52:05 PM   30    0.00    0.00    0.00    0.00    0.00    0.00    0.00    0.00    0.00  100.00
01:52:05 PM   31    0.00    0.00    0.00    0.00    0.00    0.00    0.00    0.00    0.00  100.00

01:52:05 PM  CPU    %usr   %nice    %sys %iowait    %irq   %soft  %steal  %guest  %gnice   %idle
01:52:06 PM  all    0.00    0.00    0.16    9.90    0.00    0.00    0.00    0.00    0.00   89.95
01:52:06 PM    0    0.00    0.00    0.00    0.00    0.00    0.00    0.00    0.00    0.00  100.00
01:52:06 PM    1    0.00    0.00    0.00    0.00    0.00    0.00    0.00    0.00    0.00  100.00
01:52:06 PM    2    0.00    0.00    0.00    0.00    0.00    0.00    0.00    0.00    0.00  100.00
01:52:06 PM    3    0.00    0.00    0.00    0.00    0.00    0.00    0.00    0.00    0.00  100.00
01:52:06 PM    4    0.00    0.00    0.00   11.11    0.00    0.00    0.00    0.00    0.00   88.89
01:52:06 PM    5    0.00    0.00    1.00    0.00    0.00    0.00    0.00    0.00    0.00   99.00
01:52:06 PM    6    0.00    0.00    0.00    0.00    0.00    0.00    0.00    0.00    0.00  100.00
01:52:06 PM    7    0.00    0.00    0.00    0.00    0.00    0.00    0.00    0.00    0.00  100.00
01:52:06 PM    8    0.00    0.00    0.00    0.00    0.00    0.00    0.00    0.00    0.00  100.00
01:52:06 PM    9    0.00    0.00    0.00  100.00    0.00    0.00    0.00    0.00    0.00    0.00
01:52:06 PM   10    0.00    0.00    0.00   87.76    0.00    0.00    0.00    0.00    0.00   12.24
01:52:06 PM   11    0.00    0.00    4.00   96.00    0.00    0.00    0.00    0.00    0.00    0.00
01:52:06 PM   12    0.00    0.00    0.00   11.11    0.00    0.00    0.00    0.00    0.00   88.89
01:52:06 PM   13    0.00    0.00    0.00    0.00    0.00    0.00    0.00    0.00    0.00  100.00
01:52:06 PM   14    0.00    0.00    0.00    0.00    0.00    0.00    0.00    0.00    0.00  100.00
01:52:06 PM   15    0.00    0.00    0.00    0.00    0.00    0.00    0.00    0.00    0.00  100.00
01:52:06 PM   16    0.00    0.00    0.00    0.00    0.00    0.00    0.00    0.00    0.00  100.00
01:52:06 PM   17    0.00    0.00    0.00    0.00    0.00    0.00    0.00    0.00    0.00  100.00
01:52:06 PM   18    0.00    0.00    0.00    0.00    0.00    0.00    0.00    0.00    0.00  100.00
01:52:06 PM   19    0.00    0.00    0.00    0.00    0.00    0.00    0.00    0.00    0.00  100.00
01:52:06 PM   20    0.00    0.00    0.00   11.88    0.00    0.00    0.00    0.00    0.00   88.12
01:52:06 PM   21    0.00    0.00    0.00    0.00    0.00    0.00    0.00    0.00    0.00  100.00
01:52:06 PM   22    0.00    0.00    0.00    0.00    0.00    0.00    0.00    0.00    0.00  100.00
01:52:06 PM   23    0.00    0.00    0.00    0.00    0.00    0.00    0.00    0.00    0.00  100.00
01:52:06 PM   24    0.00    0.00    0.00    0.00    0.00    0.00    0.00    0.00    0.00  100.00
01:52:06 PM   25    0.00    0.00    0.00    0.00    0.00    0.00    0.00    0.00    0.00  100.00
01:52:06 PM   26    0.00    0.00    0.00    0.00    0.00    0.00    0.00    0.00    0.00  100.00
01:52:06 PM   27    0.00    0.00    0.00    0.00    0.00    0.00    0.00    0.00    0.00  100.00
01:52:06 PM   28    0.00    0.00    0.00    0.00    0.00    0.00    0.00    0.00    0.00  100.00
01:52:06 PM   29    0.00    0.00    0.00    0.00    0.00    0.00    0.00    0.00    0.00  100.00
01:52:06 PM   30    0.00    0.00    0.00    0.00    0.00    0.00    0.00    0.00    0.00  100.00
01:52:06 PM   31    0.00    0.00    0.00    0.00    0.00    0.00    0.00    0.00    0.00  100.00

01:52:06 PM  CPU    %usr   %nice    %sys %iowait    %irq   %soft  %steal  %guest  %gnice   %idle
01:52:07 PM  all    0.00    0.03    0.16   10.11    0.00    0.00    0.00    0.00    0.00   89.70
01:52:07 PM    0    0.00    0.00    1.00    8.00    0.00    0.00    0.00    0.00    0.00   91.00
01:52:07 PM    1    0.00    0.00    0.00    0.00    0.00    0.00    0.00    0.00    0.00  100.00
01:52:07 PM    2    0.00    0.00    0.00    0.00    0.00    0.00    0.00    0.00    0.00  100.00
01:52:07 PM    3    0.00    0.00    0.00    0.00    0.00    0.00    0.00    0.00    0.00  100.00
01:52:07 PM    4    0.00    0.00    0.00    1.01    0.00    0.00    0.00    0.00    0.00   98.99
01:52:07 PM    5    0.00    0.00    0.00    0.00    0.00    0.00    0.00    0.00    0.00  100.00
01:52:07 PM    6    0.00    0.99    0.99    0.00    0.00    0.00    0.00    0.00    0.00   98.02
01:52:07 PM    7    0.00    0.00    0.00    0.00    0.00    0.00    0.00    0.00    0.00  100.00
01:52:07 PM    8    0.00    0.00    1.00    0.00    0.00    0.00    0.00    0.00    0.00   99.00
01:52:07 PM    9    0.00    0.00    0.99   99.01    0.00    0.00    0.00    0.00    0.00    0.00
01:52:07 PM   10    0.00    0.00    1.02   98.98    0.00    0.00    0.00    0.00    0.00    0.00
01:52:07 PM   11    0.00    0.00    0.00  100.00    0.00    0.00    0.00    0.00    0.00    0.00
01:52:07 PM   12    0.00    0.00    0.00   18.18    0.00    0.00    0.00    0.00    0.00   81.82
01:52:07 PM   13    0.00    0.00    0.00    0.00    0.00    0.00    0.00    0.00    0.00  100.00
01:52:07 PM   14    0.00    0.00    0.00    0.00    0.00    0.00    0.00    0.00    0.00  100.00
01:52:07 PM   15    0.00    0.00    0.00    0.00    0.00    0.00    0.00    0.00    0.00  100.00
01:52:07 PM   16    0.00    0.00    0.00    0.00    0.00    0.00    0.00    0.00    0.00  100.00
01:52:07 PM   17    0.00    0.00    0.00    0.00    0.00    0.00    0.00    0.00    0.00  100.00
01:52:07 PM   18    0.00    0.00    0.00    0.00    0.00    0.00    0.00    0.00    0.00  100.00
01:52:07 PM   19    0.00    0.00    0.00    0.00    0.00    0.00    0.00    0.00    0.00  100.00
01:52:07 PM   20    0.00    0.00    0.00    0.00    0.00    0.00    0.00    0.00    0.00  100.00
01:52:07 PM   21    0.00    0.00    0.00    0.00    0.00    0.00    0.00    0.00    0.00  100.00
01:52:07 PM   22    0.00    0.00    0.00    0.00    0.00    0.00    0.00    0.00    0.00  100.00
01:52:07 PM   23    0.00    0.00    0.00    0.00    0.00    0.00    0.00    0.00    0.00  100.00
01:52:07 PM   24    0.00    0.00    0.00    0.00    0.00    0.00    0.00    0.00    0.00  100.00
01:52:07 PM   25    0.00    0.00    0.00    0.00    0.00    0.00    0.00    0.00    0.00  100.00
01:52:07 PM   26    0.00    0.00    0.00    0.00    0.00    0.00    0.00    0.00    0.00  100.00
01:52:07 PM   27    0.00    0.00    0.00    0.00    0.00    0.00    0.00    0.00    0.00  100.00
01:52:07 PM   28    0.00    0.00    0.00    0.00    0.00    0.00    0.00    0.00    0.00  100.00
01:52:07 PM   29    0.00    0.00    0.00    0.00    0.00    0.00    0.00    0.00    0.00  100.00
01:52:07 PM   30    0.00    0.00    0.00    0.00    0.00    0.00    0.00    0.00    0.00  100.00
01:52:07 PM   31    0.00    0.00    0.00    0.00    0.00    0.00    0.00    0.00    0.00  100.00

01:52:07 PM  CPU    %usr   %nice    %sys %iowait    %irq   %soft  %steal  %guest  %gnice   %idle
01:52:08 PM  all    0.03    0.00    0.28   13.49    0.00    0.00    0.00    0.00    0.00   86.19
01:52:08 PM    0    0.00    0.00    0.00   53.54    0.00    0.00    0.00    0.00    0.00   46.46
01:52:08 PM    1    0.00    0.00    0.00    0.00    0.00    0.00    0.00    0.00    0.00  100.00
01:52:08 PM    2    0.00    0.00    0.00    1.00    0.00    0.00    0.00    0.00    0.00   99.00
01:52:08 PM    3    0.00    0.00    0.00    0.00    0.00    0.00    0.00    0.00    0.00  100.00
01:52:08 PM    4    0.00    0.00    1.00    3.00    0.00    0.00    0.00    0.00    0.00   96.00
01:52:08 PM    5    0.00    0.00    0.00    0.00    0.00    0.00    0.00    0.00    0.00  100.00
01:52:08 PM    6    0.00    0.00    1.00    0.00    0.00    0.00    0.00    0.00    0.00   99.00
01:52:08 PM    7    0.00    0.00    0.00    0.00    0.00    0.00    0.00    0.00    0.00  100.00
01:52:08 PM    8    0.00    0.00    1.01    0.00    0.00    0.00    0.00    0.00    0.00   98.99
01:52:08 PM    9    0.00    0.00    0.00   78.57    0.00    0.00    0.00    0.00    0.00   21.43
01:52:08 PM   10    0.00    0.00    0.00   55.10    0.00    0.00    0.00    0.00    0.00   44.90
01:52:08 PM   11    0.99    0.00    3.96   75.25    0.00    0.00    0.00    0.00    0.00   19.80
01:52:08 PM   12    0.00    0.00    0.99   27.72    0.00    0.00    0.00    0.00    0.00   71.29
01:52:08 PM   13    0.00    0.00    0.00    0.00    0.00    0.00    0.00    0.00    0.00  100.00
01:52:08 PM   14    0.00    0.00    1.00   34.00    0.00    0.00    0.00    0.00    0.00   65.00
01:52:08 PM   15    0.00    0.00    0.00    0.00    0.00    0.00    0.00    0.00    0.00  100.00
01:52:08 PM   16    0.00    0.00    0.00    0.00    0.00    0.00    0.00    0.00    0.00  100.00
01:52:08 PM   17    0.00    0.00    0.00    0.00    0.00    0.00    0.00    0.00    0.00  100.00
01:52:08 PM   18    0.00    0.00    0.00  100.00    0.00    0.00    0.00    0.00    0.00    0.00
01:52:08 PM   19    0.00    0.00    0.00    5.00    0.00    0.00    0.00    0.00    0.00   95.00
01:52:08 PM   20    0.00    0.00    0.00    0.00    0.00    0.00    0.00    0.00    0.00  100.00
01:52:08 PM   21    0.00    0.00    0.00    0.00    0.00    0.00    0.00    0.00    0.00  100.00
01:52:08 PM   22    0.00    0.00    0.00    0.00    0.00    0.00    0.00    0.00    0.00  100.00
01:52:08 PM   23    0.00    0.00    0.00    0.00    0.00    0.00    0.00    0.00    0.00  100.00
01:52:08 PM   24    0.00    0.00    0.00    0.00    0.00    0.00    0.00    0.00    0.00  100.00
01:52:08 PM   25    0.00    0.00    0.00    0.00    0.00    0.00    0.00    0.00    0.00  100.00
01:52:08 PM   26    0.00    0.00    0.00    0.00    0.00    0.00    0.00    0.00    0.00  100.00
01:52:08 PM   27    0.00    0.00    0.00    0.00    0.00    0.00    0.00    0.00    0.00  100.00
01:52:08 PM   28    0.00    0.00    0.00    0.00    0.00    0.00    0.00    0.00    0.00  100.00
01:52:08 PM   29    0.00    0.00    0.00    0.00    0.00    0.00    0.00    0.00    0.00  100.00
01:52:08 PM   30    0.00    0.00    0.00    0.00    0.00    0.00    0.00    0.00    0.00  100.00
01:52:08 PM   31    0.00    0.00    0.00    0.00    0.00    0.00    0.00    0.00    0.00  100.00

01:52:08 PM  CPU    %usr   %nice    %sys %iowait    %irq   %soft  %steal  %guest  %gnice   %idle
01:52:09 PM  all    0.00    0.00    0.25   10.94    0.00    0.00    0.00    0.00    0.00   88.81
01:52:09 PM    0    0.00    0.00    0.00   29.29    0.00    0.00    0.00    0.00    0.00   70.71
01:52:09 PM    1    0.00    0.00    0.00    0.00    0.00    0.00    0.00    0.00    0.00  100.00
01:52:09 PM    2    0.00    0.00    1.00    0.00    0.00    0.00    0.00    0.00    0.00   99.00
01:52:09 PM    3    0.00    0.00    0.00    0.00    0.00    0.00    0.00    0.00    0.00  100.00
01:52:09 PM    4    0.00    0.00    0.00   21.00    0.00    0.00    0.00    0.00    0.00   79.00
01:52:09 PM    5    0.00    0.00    0.00    0.00    0.00    0.00    0.00    0.00    0.00  100.00
01:52:09 PM    6    0.00    0.00    0.00    0.00    0.00    0.00    0.00    0.00    0.00  100.00
01:52:09 PM    7    0.00    0.00    0.00    0.00    0.00    0.00    0.00    0.00    0.00  100.00
01:52:09 PM    8    0.00    0.00    0.00   70.83    0.00    0.00    0.00    0.00    0.00   29.17
01:52:09 PM    9    0.00    0.00    1.00   21.00    0.00    0.00    0.00    0.00    0.00   78.00
01:52:09 PM   10    0.00    0.00    3.03   36.36    0.00    0.00    0.00    0.00    0.00   60.61
01:52:09 PM   11    0.00    0.00    3.06   78.57    0.00    0.00    0.00    0.00    0.00   18.37
01:52:09 PM   12    0.00    0.00    0.00    2.04    0.00    0.00    0.00    0.00    0.00   97.96
01:52:09 PM   13    0.00    0.00    0.00    0.00    0.00    0.00    0.00    0.00    0.00  100.00
01:52:09 PM   14    0.00    0.00    0.00   10.00    0.00    0.00    0.00    0.00    0.00   90.00
01:52:09 PM   15    0.00    0.00    0.00    0.00    0.00    0.00    0.00    0.00    0.00  100.00
01:52:09 PM   16    0.00    0.00    0.00    0.00    0.00    0.00    0.00    0.00    0.00  100.00
01:52:09 PM   17    0.00    0.00    0.00    0.00    0.00    0.00    0.00    0.00    0.00  100.00
01:52:09 PM   18    0.00    0.00    0.00   69.31    0.00    0.00    0.00    0.00    0.00   30.69
01:52:09 PM   19    0.00    0.00    0.00    0.00    0.00    0.00    0.00    0.00    0.00  100.00
01:52:09 PM   20    0.00    0.00    0.00    0.00    0.00    0.00    0.00    0.00    0.00  100.00
01:52:09 PM   21    0.00    0.00    0.00    0.00    0.00    0.00    0.00    0.00    0.00  100.00
01:52:09 PM   22    0.00    0.00    0.00    0.00    0.00    0.00    0.00    0.00    0.00  100.00
01:52:09 PM   23    0.00    0.00    0.00   15.00    0.00    0.00    0.00    0.00    0.00   85.00
01:52:09 PM   24    0.00    0.00    0.00    0.00    0.00    0.00    0.00    0.00    0.00  100.00
01:52:09 PM   25    0.00    0.00    0.00    0.00    0.00    0.00    0.00    0.00    0.00  100.00
01:52:09 PM   26    0.00    0.00    0.00    0.00    0.00    0.00    0.00    0.00    0.00  100.00
01:52:09 PM   27    0.00    0.00    0.00    0.00    0.00    0.00    0.00    0.00    0.00  100.00
01:52:09 PM   28    0.00    0.00    0.00    0.00    0.00    0.00    0.00    0.00    0.00  100.00
01:52:09 PM   29    0.00    0.00    0.00    0.00    0.00    0.00    0.00    0.00    0.00  100.00
01:52:09 PM   30    0.00    0.00    0.00    0.00    0.00    0.00    0.00    0.00    0.00  100.00
01:52:09 PM   31    0.00    0.00    0.00    0.00    0.00    0.00    0.00    0.00    0.00  100.00

01:52:09 PM  CPU    %usr   %nice    %sys %iowait    %irq   %soft  %steal  %guest  %gnice   %idle
01:52:10 PM  all    0.00    0.00    0.44    7.94    0.00    0.00    0.00    0.00    0.00   91.62
01:52:10 PM    0    0.00    0.00    0.00    0.00    0.00    0.00    0.00    0.00    0.00  100.00
01:52:10 PM    1    0.00    0.00    0.00    0.00    0.00    0.00    0.00    0.00    0.00  100.00
01:52:10 PM    2    0.00    0.00    0.00    0.00    0.00    0.00    0.00    0.00    0.00  100.00
01:52:10 PM    3    0.00    0.00    0.00    0.00    0.00    0.00    0.00    0.00    0.00  100.00
01:52:10 PM    4    0.00    0.00    0.00    0.00    0.00    0.00    0.00    0.00    0.00  100.00
01:52:10 PM    5    0.00    0.00    0.00    0.00    0.00    0.00    0.00    0.00    0.00  100.00
01:52:10 PM    6    0.00    0.00    1.00    7.00    0.00    0.00    0.00    0.00    0.00   92.00
01:52:10 PM    7    0.00    0.00    0.00    0.00    0.00    0.00    0.00    0.00    0.00  100.00
01:52:10 PM    8    0.00    0.00   10.53   89.47    0.00    0.00    0.00    0.00    0.00    0.00
01:52:10 PM    9    0.00    0.00    0.00  100.00    0.00    0.00    0.00    0.00    0.00    0.00
01:52:10 PM   10    0.00    0.00    2.02    7.07    0.00    0.00    0.00    0.00    0.00   90.91
01:52:10 PM   11    0.00    0.00    0.00    0.00    0.00    0.00    0.00    0.00    0.00  100.00
01:52:10 PM   12    0.00    0.00    0.00   55.56    0.00    0.00    0.00    0.00    0.00   44.44
01:52:10 PM   13    0.00    0.00    0.00    0.00    0.00    0.00    0.00    0.00    0.00  100.00
01:52:10 PM   14    0.00    0.00    0.00    0.00    0.00    0.00    0.00    0.00    0.00  100.00
01:52:10 PM   15    0.00    0.00    0.00    0.00    0.00    0.00    0.00    0.00    0.00  100.00
01:52:10 PM   16    0.00    0.00    0.00    0.00    0.00    0.00    0.00    0.00    0.00  100.00
01:52:10 PM   17    0.00    0.00    0.99    0.00    0.00    0.00    0.00    0.00    0.00   99.01
01:52:10 PM   18    0.00    0.00    0.00    0.00    0.00    0.00    0.00    0.00    0.00  100.00
01:52:10 PM   19    0.00    0.00    0.00    0.00    0.00    0.00    0.00    0.00    0.00  100.00
01:52:10 PM   20    0.00    0.00    0.00    0.00    0.00    0.00    0.00    0.00    0.00  100.00
01:52:10 PM   21    0.00    0.00    0.00    0.00    0.00    0.00    0.00    0.00    0.00  100.00
01:52:10 PM   22    0.00    0.00    0.00    0.00    0.00    0.00    0.00    0.00    0.00  100.00
01:52:10 PM   23    0.00    0.00    0.00    0.00    0.00    0.00    0.00    0.00    0.00  100.00
01:52:10 PM   24    0.00    0.00    0.00    0.00    0.00    0.00    0.00    0.00    0.00  100.00
01:52:10 PM   25    0.00    0.00    0.00    0.00    0.00    0.00    0.00    0.00    0.00  100.00
01:52:10 PM   26    0.00    0.00    0.00    0.00    0.00    0.00    0.00    0.00    0.00  100.00
01:52:10 PM   27    0.00    0.00    0.00    0.00    0.00    0.00    0.00    0.00    0.00  100.00
01:52:10 PM   28    0.00    0.00    0.00    0.00    0.00    0.00    0.00    0.00    0.00  100.00
01:52:10 PM   29    0.00    0.00    0.00    0.00    0.00    0.00    0.00    0.00    0.00  100.00
01:52:10 PM   30    0.00    0.00    0.00    0.00    0.00    0.00    0.00    0.00    0.00  100.00
01:52:10 PM   31    0.00    0.00    0.00    0.00    0.00    0.00    0.00    0.00    0.00  100.00

01:52:10 PM  CPU    %usr   %nice    %sys %iowait    %irq   %soft  %steal  %guest  %gnice   %idle
01:52:11 PM  all    0.03    0.00    0.25    6.26    0.00    0.00    0.00    0.00    0.00   93.46
01:52:11 PM    0    0.00    0.00    0.00    0.00    0.00    0.00    0.00    0.00    0.00  100.00
01:52:11 PM    1    0.00    0.00    0.00    0.00    0.00    0.00    0.00    0.00    0.00  100.00
01:52:11 PM    2    0.00    0.00    0.00    0.00    0.00    0.00    0.00    0.00    0.00  100.00
01:52:11 PM    3    0.00    0.00    0.00    0.00    0.00    0.00    0.00    0.00    0.00  100.00
01:52:11 PM    4    0.00    0.00    0.00    0.00    0.00    0.00    0.00    0.00    0.00  100.00
01:52:11 PM    5    0.00    0.00    0.00    0.00    0.00    0.00    0.00    0.00    0.00  100.00
01:52:11 PM    6    0.00    0.00    0.00    0.00    0.00    0.00    0.00    0.00    0.00  100.00
01:52:11 PM    7    0.00    0.00    0.00    0.00    0.00    0.00    0.00    0.00    0.00  100.00
01:52:11 PM    8    0.00    0.00    1.01   17.17    0.00    0.00    0.00    0.00    0.00   81.82
01:52:11 PM    9    0.00    0.00    1.01   98.99    0.00    0.00    0.00    0.00    0.00    0.00
01:52:11 PM   10    0.00    0.00    1.98    0.00    0.00    0.00    0.00    0.00    0.00   98.02
01:52:11 PM   11    0.00    0.00    3.96   47.52    0.00    0.00    0.00    0.00    0.00   48.51
01:52:11 PM   12    0.99    0.00    0.00   36.63    0.00    0.00    0.00    0.00    0.00   62.38
01:52:11 PM   13    0.00    0.00    0.00    0.00    0.00    0.00    0.00    0.00    0.00  100.00
01:52:11 PM   14    0.00    0.00    0.00    0.00    0.00    0.00    0.00    0.00    0.00  100.00
01:52:11 PM   15    0.00    0.00    0.00    0.00    0.00    0.00    0.00    0.00    0.00  100.00
01:52:11 PM   16    0.00    0.00    0.00    0.00    0.00    0.00    0.00    0.00    0.00  100.00
01:52:11 PM   17    0.00    0.00    0.00    0.00    0.00    0.00    0.00    0.00    0.00  100.00
01:52:11 PM   18    0.00    0.00    0.00    0.00    0.00    0.00    0.00    0.00    0.00  100.00
01:52:11 PM   19    0.00    0.00    0.00    0.00    0.00    0.00    0.00    0.00    0.00  100.00
01:52:11 PM   20    0.00    0.00    0.00    0.00    0.00    0.00    0.00    0.00    0.00  100.00
01:52:11 PM   21    0.00    0.00    0.00    0.00    0.00    0.00    0.00    0.00    0.00  100.00
01:52:11 PM   22    0.00    0.00    0.00    0.00    0.00    0.00    0.00    0.00    0.00  100.00
01:52:11 PM   23    0.00    0.00    0.00    0.00    0.00    0.00    0.00    0.00    0.00  100.00
01:52:11 PM   24    0.00    0.00    0.00    0.00    0.00    0.00    0.00    0.00    0.00  100.00
01:52:11 PM   25    0.00    0.00    0.00    0.00    0.00    0.00    0.00    0.00    0.00  100.00
01:52:11 PM   26    0.00    0.00    0.00    0.00    0.00    0.00    0.00    0.00    0.00  100.00
01:52:11 PM   27    0.00    0.00    0.00    0.00    0.00    0.00    0.00    0.00    0.00  100.00
01:52:11 PM   28    0.00    0.00    0.00    0.00    0.00    0.00    0.00    0.00    0.00  100.00
01:52:11 PM   29    0.00    0.00    0.00    0.00    0.00    0.00    0.00    0.00    0.00  100.00
01:52:11 PM   30    0.00    0.00    0.00    0.00    0.00    0.00    0.00    0.00    0.00  100.00
01:52:11 PM   31    0.00    0.00    0.00    0.00    0.00    0.00    0.00    0.00    0.00  100.00

01:52:11 PM  CPU    %usr   %nice    %sys %iowait    %irq   %soft  %steal  %guest  %gnice   %idle
01:52:12 PM  all    0.03    0.00    0.22    7.25    0.00    0.00    0.00    0.00    0.00   92.50
01:52:12 PM    0    0.00    0.00    0.00    0.00    0.00    0.00    0.00    0.00    0.00  100.00
01:52:12 PM    1    0.00    0.00    0.00    0.00    0.00    0.00    0.00    0.00    0.00  100.00
01:52:12 PM    2    0.00    0.00    3.03   32.32    0.00    0.00    0.00    0.00    0.00   64.65
01:52:12 PM    3    0.00    0.00    0.00    0.00    0.00    0.00    0.00    0.00    0.00  100.00
01:52:12 PM    4    0.00    0.00    0.00    0.00    0.00    0.00    0.00    0.00    0.00  100.00
01:52:12 PM    5    0.00    0.00    0.00    0.00    0.00    0.00    0.00    0.00    0.00  100.00
01:52:12 PM    6    0.00    0.00    0.99    0.00    0.00    0.00    0.00    0.00    0.00   99.01
01:52:12 PM    7    0.00    0.00    0.00    0.00    0.00    0.00    0.00    0.00    0.00  100.00
01:52:12 PM    8    0.00    0.00    0.00    0.00    0.00    0.00    0.00    0.00    0.00  100.00
01:52:12 PM    9    0.00    0.00    0.00   64.29    0.00    0.00    0.00    0.00    0.00   35.71
01:52:12 PM   10    0.00    0.00    0.00    1.02    0.00    0.00    0.00    0.00    0.00   98.98
01:52:12 PM   11    1.00    0.00    3.00   96.00    0.00    0.00    0.00    0.00    0.00    0.00
01:52:12 PM   12    0.00    0.00    0.00   16.33    0.00    0.00    0.00    0.00    0.00   83.67
01:52:12 PM   13    0.00    0.00    0.00   23.00    0.00    0.00    0.00    0.00    0.00   77.00
01:52:12 PM   14    0.00    0.00    0.00    0.00    0.00    0.00    0.00    0.00    0.00  100.00
01:52:12 PM   15    0.00    0.00    0.00    0.00    0.00    0.00    0.00    0.00    0.00  100.00
01:52:12 PM   16    0.00    0.00    0.00    0.00    0.00    0.00    0.00    0.00    0.00  100.00
01:52:12 PM   17    0.00    0.00    0.00    0.00    0.00    0.00    0.00    0.00    0.00  100.00
01:52:12 PM   18    0.00    0.00    0.00    0.00    0.00    0.00    0.00    0.00    0.00  100.00
01:52:12 PM   19    0.00    0.00    0.00    0.00    0.00    0.00    0.00    0.00    0.00  100.00
01:52:12 PM   20    0.00    0.00    0.00    0.00    0.00    0.00    0.00    0.00    0.00  100.00
01:52:12 PM   21    0.00    0.00    0.00    0.00    0.00    0.00    0.00    0.00    0.00  100.00
01:52:12 PM   22    0.00    0.00    0.00    0.00    0.00    0.00    0.00    0.00    0.00  100.00
01:52:12 PM   23    0.00    0.00    0.00    0.00    0.00    0.00    0.00    0.00    0.00  100.00
01:52:12 PM   24    0.00    0.00    0.00    0.00    0.00    0.00    0.00    0.00    0.00  100.00
01:52:12 PM   25    0.00    0.00    0.00    0.00    0.00    0.00    0.00    0.00    0.00  100.00
01:52:12 PM   26    0.00    0.00    0.00    0.00    0.00    0.00    0.00    0.00    0.00  100.00
01:52:12 PM   27    0.00    0.00    0.00    0.00    0.00    0.00    0.00    0.00    0.00  100.00
01:52:12 PM   28    0.00    0.00    0.00    0.00    0.00    0.00    0.00    0.00    0.00  100.00
01:52:12 PM   29    0.00    0.00    0.00    0.00    0.00    0.00    0.00    0.00    0.00  100.00
01:52:12 PM   30    0.00    0.00    0.00    0.00    0.00    0.00    0.00    0.00    0.00  100.00
01:52:12 PM   31    0.00    0.00    0.00    0.00    0.00    0.00    0.00    0.00    0.00  100.00

01:52:12 PM  CPU    %usr   %nice    %sys %iowait    %irq   %soft  %steal  %guest  %gnice   %idle
01:52:13 PM  all    0.00    0.03    0.22    7.86    0.00    0.00    0.00    0.00    0.00   91.89
01:52:13 PM    0    0.00    0.00    0.00    0.00    0.00    0.00    0.00    0.00    0.00  100.00
01:52:13 PM    1    0.00    0.00    0.00    0.00    0.00    0.00    0.00    0.00    0.00  100.00
01:52:13 PM    2    0.00    0.00    0.00   30.30    0.00    0.00    0.00    0.00    0.00   69.70
01:52:13 PM    3    0.00    0.00    0.00    0.00    0.00    0.00    0.00    0.00    0.00  100.00
01:52:13 PM    4    0.00    0.00    0.99    0.00    0.00    0.00    0.00    0.00    0.00   99.01
01:52:13 PM    5    0.00    0.00    0.00   26.26    0.00    0.00    0.00    0.00    0.00   73.74
01:52:13 PM    6    0.00    0.00    0.00   23.00    0.00    0.00    0.00    0.00    0.00   77.00
01:52:13 PM    7    0.00    0.00    0.00    0.00    0.00    0.00    0.00    0.00    0.00  100.00
01:52:13 PM    8    0.00    1.01    2.02   40.40    0.00    0.00    0.00    0.00    0.00   56.57
01:52:13 PM    9    0.00    0.00    0.00    9.00    0.00    0.00    0.00    0.00    0.00   91.00
01:52:13 PM   10    0.00    0.00    0.99    0.00    0.00    0.00    0.00    0.00    0.00   99.01
01:52:13 PM   11    0.00    0.00    1.00   99.00    0.00    0.00    0.00    0.00    0.00    0.00
01:52:13 PM   12    0.00    0.00    1.01    0.00    0.00    0.00    0.00    0.00    0.00   98.99
01:52:13 PM   13    0.00    0.00    0.00   24.00    0.00    0.00    0.00    0.00    0.00   76.00
01:52:13 PM   14    0.00    0.00    1.00    0.00    0.00    0.00    0.00    0.00    0.00   99.00
01:52:13 PM   15    0.00    0.00    0.00    0.00    0.00    0.00    0.00    0.00    0.00  100.00
01:52:13 PM   16    0.00    0.00    0.00    0.00    0.00    0.00    0.00    0.00    0.00  100.00
01:52:13 PM   17    0.00    0.00    0.00    0.00    0.00    0.00    0.00    0.00    0.00  100.00
01:52:13 PM   18    0.00    0.00    0.00    0.00    0.00    0.00    0.00    0.00    0.00  100.00
01:52:13 PM   19    0.00    0.00    0.00    0.00    0.00    0.00    0.00    0.00    0.00  100.00
01:52:13 PM   20    0.00    0.00    0.00    0.00    0.00    0.00    0.00    0.00    0.00  100.00
01:52:13 PM   21    0.00    0.00    0.00    0.00    0.00    0.00    0.00    0.00    0.00  100.00
01:52:13 PM   22    0.00    0.00    0.00    0.00    0.00    0.00    0.00    0.00    0.00  100.00
01:52:13 PM   23    0.00    0.00    0.00    0.00    0.00    0.00    0.00    0.00    0.00  100.00
01:52:13 PM   24    0.00    0.00    0.00    0.00    0.00    0.00    0.00    0.00    0.00  100.00
01:52:13 PM   25    0.00    0.00    0.00    0.00    0.00    0.00    0.00    0.00    0.00  100.00
01:52:13 PM   26    0.00    0.00    0.00    0.00    0.00    0.00    0.00    0.00    0.00  100.00
01:52:13 PM   27    0.00    0.00    0.00    0.00    0.00    0.00    0.00    0.00    0.00  100.00
01:52:13 PM   28    0.00    0.00    0.00    0.00    0.00    0.00    0.00    0.00    0.00  100.00
01:52:13 PM   29    0.00    0.00    0.00    0.00    0.00    0.00    0.00    0.00    0.00  100.00
01:52:13 PM   30    0.00    0.00    0.00    0.00    0.00    0.00    0.00    0.00    0.00  100.00
01:52:13 PM   31    0.00    0.00    0.00    0.00    0.00    0.00    0.00    0.00    0.00  100.00

01:52:13 PM  CPU    %usr   %nice    %sys %iowait    %irq   %soft  %steal  %guest  %gnice   %idle
01:52:14 PM  all    0.03    0.00    0.19   11.88    0.00    0.00    0.00    0.00    0.00   87.90
01:52:14 PM    0    0.00    0.00    0.00   12.00    0.00    0.00    0.00    0.00    0.00   88.00
01:52:14 PM    1    0.00    0.00    0.00    0.00    0.00    0.00    0.00    0.00    0.00  100.00
01:52:14 PM    2    0.00    0.00    0.00    0.00    0.00    0.00    0.00    0.00    0.00  100.00
01:52:14 PM    3    0.00    0.00    0.00    0.00    0.00    0.00    0.00    0.00    0.00  100.00
01:52:14 PM    4    0.00    0.00    0.00    0.00    0.00    0.00    0.00    0.00    0.00  100.00
01:52:14 PM    5    0.00    0.00    0.00    0.00    0.00    0.00    0.00    0.00    0.00  100.00
01:52:14 PM    6    0.00    0.00    0.00   36.36    0.00    0.00    0.00    0.00    0.00   63.64
01:52:14 PM    7    0.00    0.00    0.00    0.00    0.00    0.00    0.00    0.00    0.00  100.00
01:52:14 PM    8    0.00    0.00    2.02   54.55    0.00    0.00    0.00    0.00    0.00   43.43
01:52:14 PM    9    0.00    0.00    1.01   69.70    0.00    0.00    0.00    0.00    0.00   29.29
01:52:14 PM   10    0.00    0.00    0.00   10.00    0.00    0.00    0.00    0.00    0.00   90.00
01:52:14 PM   11    1.00    0.00    3.00   88.00    0.00    0.00    0.00    0.00    0.00    8.00
01:52:14 PM   12    0.00    0.00    0.00    0.00    0.00    0.00    0.00    0.00    0.00  100.00
01:52:14 PM   13    0.00    0.00    0.00   19.00    0.00    0.00    0.00    0.00    0.00   81.00
01:52:14 PM   14    0.00    0.00    0.00    0.00    0.00    0.00    0.00    0.00    0.00  100.00
01:52:14 PM   15    0.00    0.00    0.00   31.63    0.00    0.00    0.00    0.00    0.00   68.37
01:52:14 PM   16    0.00    0.00    0.00    0.00    0.00    0.00    0.00    0.00    0.00  100.00
01:52:14 PM   17    0.00    0.00    0.00    0.00    0.00    0.00    0.00    0.00    0.00  100.00
01:52:14 PM   18    0.00    0.00    0.00    0.00    0.00    0.00    0.00    0.00    0.00  100.00
01:52:14 PM   19    0.00    0.00    0.00    0.00    0.00    0.00    0.00    0.00    0.00  100.00
01:52:14 PM   20    0.00    0.00    0.00    0.00    0.00    0.00    0.00    0.00    0.00  100.00
01:52:14 PM   21    0.00    0.00    0.00    0.00    0.00    0.00    0.00    0.00    0.00  100.00
01:52:14 PM   22    0.00    0.00    0.00    0.00    0.00    0.00    0.00    0.00    0.00  100.00
01:52:14 PM   23    0.00    0.00    0.00   60.00    0.00    0.00    0.00    0.00    0.00   40.00
01:52:14 PM   24    0.00    0.00    0.00    0.00    0.00    0.00    0.00    0.00    0.00  100.00
01:52:14 PM   25    0.00    0.00    0.00    0.00    0.00    0.00    0.00    0.00    0.00  100.00
01:52:14 PM   26    0.00    0.00    0.00    0.00    0.00    0.00    0.00    0.00    0.00  100.00
01:52:14 PM   27    0.00    0.00    0.00    0.00    0.00    0.00    0.00    0.00    0.00  100.00
01:52:14 PM   28    0.00    0.00    0.00    0.00    0.00    0.00    0.00    0.00    0.00  100.00
01:52:14 PM   29    0.00    0.00    0.00    0.00    0.00    0.00    0.00    0.00    0.00  100.00
01:52:14 PM   30    0.00    0.00    0.00    0.00    0.00    0.00    0.00    0.00    0.00  100.00
01:52:14 PM   31    0.00    0.00    0.00    0.00    0.00    0.00    0.00    0.00    0.00  100.00

01:52:14 PM  CPU    %usr   %nice    %sys %iowait    %irq   %soft  %steal  %guest  %gnice   %idle
01:52:15 PM  all    0.00    0.00    0.19    6.24    0.00    0.00    0.00    0.00    0.00   93.57
01:52:15 PM    0    0.00    0.00    0.00    0.00    0.00    0.00    0.00    0.00    0.00  100.00
01:52:15 PM    1    0.00    0.00    0.00    0.00    0.00    0.00    0.00    0.00    0.00  100.00
01:52:15 PM    2    0.00    0.00    0.00    0.00    0.00    0.00    0.00    0.00    0.00  100.00
01:52:15 PM    3    0.00    0.00    0.00    0.00    0.00    0.00    0.00    0.00    0.00  100.00
01:52:15 PM    4    0.00    0.00    0.00    0.00    0.00    0.00    0.00    0.00    0.00  100.00
01:52:15 PM    5    0.00    0.00    0.99    0.00    0.00    0.00    0.00    0.00    0.00   99.01
01:52:15 PM    6    0.00    0.00    0.00    0.00    0.00    0.00    0.00    0.00    0.00  100.00
01:52:15 PM    7    0.00    0.00    0.00    0.00    0.00    0.00    0.00    0.00    0.00  100.00
01:52:15 PM    8    0.00    0.00    1.01    0.00    0.00    0.00    0.00    0.00    0.00   98.99
01:52:15 PM    9    0.00    0.00    0.00   86.60    0.00    0.00    0.00    0.00    0.00   13.40
01:52:15 PM   10    0.00    0.00    0.00    0.00    0.00    0.00    0.00    0.00    0.00  100.00
01:52:15 PM   11    0.00    0.00    3.06   92.86    0.00    0.00    0.00    0.00    0.00    4.08
01:52:15 PM   12    0.00    0.00    1.00    0.00    0.00    0.00    0.00    0.00    0.00   99.00
01:52:15 PM   13    0.00    0.00    0.00   24.00    0.00    0.00    0.00    0.00    0.00   76.00
01:52:15 PM   14    0.00    0.00    0.00    0.00    0.00    0.00    0.00    0.00    0.00  100.00
01:52:15 PM   15    0.00    0.00    0.00    0.00    0.00    0.00    0.00    0.00    0.00  100.00
01:52:15 PM   16    0.00    0.00    0.00    0.00    0.00    0.00    0.00    0.00    0.00  100.00
01:52:15 PM   17    0.00    0.00    0.00    0.00    0.00    0.00    0.00    0.00    0.00  100.00
01:52:15 PM   18    0.00    0.00    0.00    0.00    0.00    0.00    0.00    0.00    0.00  100.00
01:52:15 PM   19    0.00    0.00    0.00    0.00    0.00    0.00    0.00    0.00    0.00  100.00
01:52:15 PM   20    0.00    0.00    0.00    0.00    0.00    0.00    0.00    0.00    0.00  100.00
01:52:15 PM   21    0.00    0.00    0.00    0.00    0.00    0.00    0.00    0.00    0.00  100.00
01:52:15 PM   22    0.00    0.00    0.00    0.00    0.00    0.00    0.00    0.00    0.00  100.00
01:52:15 PM   23    0.00    0.00    0.00    0.00    0.00    0.00    0.00    0.00    0.00  100.00
01:52:15 PM   24    0.00    0.00    0.00    0.00    0.00    0.00    0.00    0.00    0.00  100.00
01:52:15 PM   25    0.00    0.00    0.00    0.00    0.00    0.00    0.00    0.00    0.00  100.00
01:52:15 PM   26    0.00    0.00    0.00    0.00    0.00    0.00    0.00    0.00    0.00  100.00
01:52:15 PM   27    0.00    0.00    0.00    0.00    0.00    0.00    0.00    0.00    0.00  100.00
01:52:15 PM   28    0.00    0.00    0.00    0.00    0.00    0.00    0.00    0.00    0.00  100.00
01:52:15 PM   29    0.00    0.00    0.00    0.00    0.00    0.00    0.00    0.00    0.00  100.00
01:52:15 PM   30    0.00    0.00    0.00    0.00    0.00    0.00    0.00    0.00    0.00  100.00
01:52:15 PM   31    0.00    0.00    0.00    0.00    0.00    0.00    0.00    0.00    0.00  100.00

01:52:15 PM  CPU    %usr   %nice    %sys %iowait    %irq   %soft  %steal  %guest  %gnice   %idle
01:52:16 PM  all    0.06    0.00    0.44    6.28    0.00    0.00    0.00    0.00    0.00   93.22
01:52:16 PM    0    0.00    0.00    1.00    0.00    0.00    0.00    0.00    0.00    0.00   99.00
01:52:16 PM    1    0.00    0.00    0.00    0.00    0.00    0.00    0.00    0.00    0.00  100.00
01:52:16 PM    2    0.00    0.00    0.99    0.00    0.00    0.00    0.00    0.00    0.00   99.01
01:52:16 PM    3    0.00    0.00    0.00    0.00    0.00    0.00    0.00    0.00    0.00  100.00
01:52:16 PM    4    0.00    0.00    0.00    0.00    0.00    0.00    0.00    0.00    0.00  100.00
01:52:16 PM    5    0.00    0.00    0.00    0.00    0.00    0.00    0.00    0.00    0.00  100.00
01:52:16 PM    6    0.00    0.00    0.00    0.00    0.00    0.00    0.00    0.00    0.00  100.00
01:52:16 PM    7    0.00    0.00    0.00    0.00    0.00    0.00    0.00    0.00    0.00  100.00
01:52:16 PM    8    0.99    0.00    0.99   10.89    0.00    0.00    0.00    0.00    0.00   87.13
01:52:16 PM    9    0.99    0.00    9.90   74.26    0.00    0.00    0.00    0.00    0.00   14.85
01:52:16 PM   10    0.00    0.00    0.99    0.00    0.00    0.00    0.00    0.00    0.00   99.01
01:52:16 PM   11    0.00    0.00    0.00   86.00    0.00    0.00    0.00    0.00    0.00   14.00
01:52:16 PM   12    0.00    0.00    0.00    5.05    0.00    0.00    0.00    0.00    0.00   94.95
01:52:16 PM   13    0.00    0.00    0.00   14.00    0.00    0.00    0.00    0.00    0.00   86.00
01:52:16 PM   14    0.00    0.00    0.00   10.20    0.00    0.00    0.00    0.00    0.00   89.80
01:52:16 PM   15    0.00    0.00    0.00    0.00    0.00    0.00    0.00    0.00    0.00  100.00
01:52:16 PM   16    0.00    0.00    0.00    0.00    0.00    0.00    0.00    0.00    0.00  100.00
01:52:16 PM   17    0.00    0.00    0.00    0.00    0.00    0.00    0.00    0.00    0.00  100.00
01:52:16 PM   18    0.00    0.00    0.00    0.00    0.00    0.00    0.00    0.00    0.00  100.00
01:52:16 PM   19    0.00    0.00    0.00    0.00    0.00    0.00    0.00    0.00    0.00  100.00
01:52:16 PM   20    0.00    0.00    0.00    0.00    0.00    0.00    0.00    0.00    0.00  100.00
01:52:16 PM   21    0.00    0.00    0.00    0.00    0.00    0.00    0.00    0.00    0.00  100.00
01:52:16 PM   22    0.00    0.00    0.00    0.00    0.00    0.00    0.00    0.00    0.00  100.00
01:52:16 PM   23    0.00    0.00    0.00    0.00    0.00    0.00    0.00    0.00    0.00  100.00
01:52:16 PM   24    0.00    0.00    0.00    0.00    0.00    0.00    0.00    0.00    0.00  100.00
01:52:16 PM   25    0.00    0.00    0.00    0.00    0.00    0.00    0.00    0.00    0.00  100.00
01:52:16 PM   26    0.00    0.00    0.00    0.00    0.00    0.00    0.00    0.00    0.00  100.00
01:52:16 PM   27    0.00    0.00    0.00    0.00    0.00    0.00    0.00    0.00    0.00  100.00
01:52:16 PM   28    0.00    0.00    0.00    0.00    0.00    0.00    0.00    0.00    0.00  100.00
01:52:16 PM   29    0.00    0.00    0.00    0.00    0.00    0.00    0.00    0.00    0.00  100.00
01:52:16 PM   30    0.00    0.00    0.00    0.00    0.00    0.00    0.00    0.00    0.00  100.00
01:52:16 PM   31    0.00    0.00    0.00    0.00    0.00    0.00    0.00    0.00    0.00  100.00

01:52:16 PM  CPU    %usr   %nice    %sys %iowait    %irq   %soft  %steal  %guest  %gnice   %idle
01:52:17 PM  all    0.03    0.03    0.16    6.95    0.00    0.00    0.00    0.00    0.00   92.83
01:52:17 PM    0    0.00    0.00    0.00    0.00    0.00    0.00    0.00    0.00    0.00  100.00
01:52:17 PM    1    0.00    0.00    0.00    0.00    0.00    0.00    0.00    0.00    0.00  100.00
01:52:17 PM    2    0.00    0.00    0.00    0.00    0.00    0.00    0.00    0.00    0.00  100.00
01:52:17 PM    3    0.00    0.00    0.00    0.00    0.00    0.00    0.00    0.00    0.00  100.00
01:52:17 PM    4    0.00    0.00    0.00    0.00    0.00    0.00    0.00    0.00    0.00  100.00
01:52:17 PM    5    0.00    0.00    0.00    0.00    0.00    0.00    0.00    0.00    0.00  100.00
01:52:17 PM    6    0.00    0.00    0.00    0.00    0.00    0.00    0.00    0.00    0.00  100.00
01:52:17 PM    7    0.00    0.00    0.00    0.00    0.00    0.00    0.00    0.00    0.00  100.00
01:52:17 PM    8    0.00    0.00    1.01    0.00    0.00    0.00    0.00    0.00    0.00   98.99
01:52:17 PM    9    0.00    0.00    0.00   33.33    0.00    0.00    0.00    0.00    0.00   66.67
01:52:17 PM   10    0.00    1.00    0.00   30.00    0.00    0.00    0.00    0.00    0.00   69.00
01:52:17 PM   11    1.00    0.00    3.00   96.00    0.00    0.00    0.00    0.00    0.00    0.00
01:52:17 PM   12    0.00    0.00    1.01   26.26    0.00    0.00    0.00    0.00    0.00   72.73
01:52:17 PM   13    0.00    0.00    0.00   27.00    0.00    0.00    0.00    0.00    0.00   73.00
01:52:17 PM   14    0.00    0.00    0.00   10.00    0.00    0.00    0.00    0.00    0.00   90.00
01:52:17 PM   15    0.00    0.00    0.00    0.00    0.00    0.00    0.00    0.00    0.00  100.00
01:52:17 PM   16    0.00    0.00    0.00    0.00    0.00    0.00    0.00    0.00    0.00  100.00
01:52:17 PM   17    0.00    0.00    0.00    0.00    0.00    0.00    0.00    0.00    0.00  100.00
01:52:17 PM   18    0.00    0.00    0.00    0.00    0.00    0.00    0.00    0.00    0.00  100.00
01:52:17 PM   19    0.00    0.00    0.00    0.00    0.00    0.00    0.00    0.00    0.00  100.00
01:52:17 PM   20    0.00    0.00    0.00    0.00    0.00    0.00    0.00    0.00    0.00  100.00
01:52:17 PM   21    0.00    0.00    0.00    0.00    0.00    0.00    0.00    0.00    0.00  100.00
01:52:17 PM   22    0.00    0.00    0.00    0.00    0.00    0.00    0.00    0.00    0.00  100.00
01:52:17 PM   23    0.00    0.00    0.00    0.00    0.00    0.00    0.00    0.00    0.00  100.00
01:52:17 PM   24    0.00    0.00    0.00    0.00    0.00    0.00    0.00    0.00    0.00  100.00
01:52:17 PM   25    0.00    0.00    0.00    0.00    0.00    0.00    0.00    0.00    0.00  100.00
01:52:17 PM   26    0.00    0.00    0.00    0.00    0.00    0.00    0.00    0.00    0.00  100.00
01:52:17 PM   27    0.00    0.00    0.00    0.00    0.00    0.00    0.00    0.00    0.00  100.00
01:52:17 PM   28    0.00    0.00    0.00    0.00    0.00    0.00    0.00    0.00    0.00  100.00
01:52:17 PM   29    0.00    0.00    0.00    0.00    0.00    0.00    0.00    0.00    0.00  100.00
01:52:17 PM   30    0.00    0.00    0.00    0.00    0.00    0.00    0.00    0.00    0.00  100.00
01:52:17 PM   31    0.00    0.00    0.00    0.00    0.00    0.00    0.00    0.00    0.00  100.00

01:52:17 PM  CPU    %usr   %nice    %sys %iowait    %irq   %soft  %steal  %guest  %gnice   %idle
01:52:18 PM  all    0.22    0.00    0.50    5.88    0.00    0.00    0.00    0.00    0.00   93.40
01:52:18 PM    0    0.99    0.00    0.00    0.00    0.00    0.00    0.00    0.00    0.00   99.01
01:52:18 PM    1    0.00    0.00    0.00    0.00    0.00    0.00    0.00    0.00    0.00  100.00
01:52:18 PM    2    0.00    0.00    0.00    0.00    0.00    0.00    0.00    0.00    0.00  100.00
01:52:18 PM    3    0.00    0.00    0.00    0.00    0.00    0.00    0.00    0.00    0.00  100.00
01:52:18 PM    4    0.00    0.00    0.00    0.00    0.00    0.00    0.00    0.00    0.00  100.00
01:52:18 PM    5    0.00    0.00    0.00    0.00    0.00    0.00    0.00    0.00    0.00  100.00
01:52:18 PM    6    0.00    0.00    0.00    0.00    0.00    0.00    0.00    0.00    0.00  100.00
01:52:18 PM    7    0.00    0.00    0.00    0.00    0.00    0.00    0.00    0.00    0.00  100.00
01:52:18 PM    8    0.00    0.00    2.00    4.00    0.00    0.00    0.00    0.00    0.00   94.00
01:52:18 PM    9    5.00    0.00   11.00   58.00    0.00    0.00    0.00    0.00    0.00   26.00
01:52:18 PM   10    0.00    0.00    3.03   77.78    0.00    0.00    0.00    0.00    0.00   19.19
01:52:18 PM   11    0.00    0.00    0.00   23.00    0.00    0.00    0.00    0.00    0.00   77.00
01:52:18 PM   12    0.00    0.00    0.00   10.00    0.00    0.00    0.00    0.00    0.00   90.00
01:52:18 PM   13    0.00    0.00    0.00    6.00    0.00    0.00    0.00    0.00    0.00   94.00
01:52:18 PM   14    0.00    0.00    0.00   10.00    0.00    0.00    0.00    0.00    0.00   90.00
01:52:18 PM   15    0.00    0.00    0.00    0.00    0.00    0.00    0.00    0.00    0.00  100.00
01:52:18 PM   16    0.00    0.00    0.00    0.00    0.00    0.00    0.00    0.00    0.00  100.00
01:52:18 PM   17    0.00    0.00    0.00    0.00    0.00    0.00    0.00    0.00    0.00  100.00
01:52:18 PM   18    0.00    0.00    0.00    0.00    0.00    0.00    0.00    0.00    0.00  100.00
01:52:18 PM   19    0.00    0.00    0.00    0.00    0.00    0.00    0.00    0.00    0.00  100.00
01:52:18 PM   20    0.00    0.00    0.00    0.00    0.00    0.00    0.00    0.00    0.00  100.00
01:52:18 PM   21    0.00    0.00    0.00    0.00    0.00    0.00    0.00    0.00    0.00  100.00
01:52:18 PM   22    0.00    0.00    0.00    0.00    0.00    0.00    0.00    0.00    0.00  100.00
01:52:18 PM   23    0.99    0.00    0.00    0.00    0.00    0.00    0.00    0.00    0.00   99.01
01:52:18 PM   24    0.00    0.00    0.00    0.00    0.00    0.00    0.00    0.00    0.00  100.00
01:52:18 PM   25    0.00    0.00    0.00    0.00    0.00    0.00    0.00    0.00    0.00  100.00
01:52:18 PM   26    0.00    0.00    0.00    0.00    0.00    0.00    0.00    0.00    0.00  100.00
01:52:18 PM   27    0.00    0.00    0.00    0.00    0.00    0.00    0.00    0.00    0.00  100.00
01:52:18 PM   28    0.00    0.00    0.00    0.00    0.00    0.00    0.00    0.00    0.00  100.00
01:52:18 PM   29    0.00    0.00    0.00    0.00    0.00    0.00    0.00    0.00    0.00  100.00
01:52:18 PM   30    0.00    0.00    0.00    0.00    0.00    0.00    0.00    0.00    0.00  100.00
01:52:18 PM   31    0.00    0.00    0.00    0.00    0.00    0.00    0.00    0.00    0.00  100.00

01:52:18 PM  CPU    %usr   %nice    %sys %iowait    %irq   %soft  %steal  %guest  %gnice   %idle
01:52:19 PM  all    0.44    0.03    1.88    3.60    0.00    0.00    0.00    0.00    0.00   94.06
01:52:19 PM    0    0.00    0.00    0.00    0.00    0.00    0.00    0.00    0.00    0.00  100.00
01:52:19 PM    1    0.00    0.00    0.00    0.00    0.00    0.00    0.00    0.00    0.00  100.00
01:52:19 PM    2    0.00    0.00    0.00    0.00    0.00    0.00    0.00    0.00    0.00  100.00
01:52:19 PM    3    0.00    0.00    0.00    0.00    0.00    0.00    0.00    0.00    0.00  100.00
01:52:19 PM    4    0.00    1.00    0.00    0.00    0.00    0.00    0.00    0.00    0.00   99.00
01:52:19 PM    5    0.00    0.00    0.00    0.00    0.00    0.00    0.00    0.00    0.00  100.00
01:52:19 PM    6    0.00    0.00    0.00    0.00    0.00    0.00    0.00    0.00    0.00  100.00
01:52:19 PM    7    0.00    0.00    0.00    0.00    0.00    0.00    0.00    0.00    0.00  100.00
01:52:19 PM    8    0.00    0.00    1.00    0.00    0.00    0.00    0.00    0.00    0.00   99.00
01:52:19 PM    9   13.27    0.00   56.12   30.61    0.00    0.00    0.00    0.00    0.00    0.00
01:52:19 PM   10    0.99    0.00    2.97    0.00    0.00    0.00    0.00    0.00    0.00   96.04
01:52:19 PM   11    0.00    0.00    1.00   50.00    0.00    0.00    0.00    0.00    0.00   49.00
01:52:19 PM   12    0.00    0.00    0.00    0.00    0.00    0.00    0.00    0.00    0.00  100.00
01:52:19 PM   13    0.00    0.00    0.00   35.00    0.00    0.00    0.00    0.00    0.00   65.00
01:52:19 PM   14    0.00    0.00    0.00    0.00    0.00    0.00    0.00    0.00    0.00  100.00
01:52:19 PM   15    0.00    0.00    0.00    0.00    0.00    0.00    0.00    0.00    0.00  100.00
01:52:19 PM   16    0.00    0.00    0.00    0.00    0.00    0.00    0.00    0.00    0.00  100.00
01:52:19 PM   17    0.00    0.00    0.00    0.00    0.00    0.00    0.00    0.00    0.00  100.00
01:52:19 PM   18    0.00    0.00    0.00    0.00    0.00    0.00    0.00    0.00    0.00  100.00
01:52:19 PM   19    0.00    0.00    0.00    0.00    0.00    0.00    0.00    0.00    0.00  100.00
01:52:19 PM   20    0.00    0.00    0.00    0.00    0.00    0.00    0.00    0.00    0.00  100.00
01:52:19 PM   21    0.00    0.00    0.00    0.00    0.00    0.00    0.00    0.00    0.00  100.00
01:52:19 PM   22    0.00    0.00    0.00    0.00    0.00    0.00    0.00    0.00    0.00  100.00
01:52:19 PM   23    0.00    0.00    0.00    0.00    0.00    0.00    0.00    0.00    0.00  100.00
01:52:19 PM   24    0.00    0.00    0.00    0.00    0.00    0.00    0.00    0.00    0.00  100.00
01:52:19 PM   25    0.00    0.00    0.00    0.00    0.00    0.00    0.00    0.00    0.00  100.00
01:52:19 PM   26    0.00    0.00    0.00    0.00    0.00    0.00    0.00    0.00    0.00  100.00
01:52:19 PM   27    0.00    0.00    0.00    0.00    0.00    0.00    0.00    0.00    0.00  100.00
01:52:19 PM   28    0.00    0.00    0.00    0.00    0.00    0.00    0.00    0.00    0.00  100.00
01:52:19 PM   29    0.00    0.00    0.00    0.00    0.00    0.00    0.00    0.00    0.00  100.00
01:52:19 PM   30    0.00    0.00    0.00    0.00    0.00    0.00    0.00    0.00    0.00  100.00
01:52:19 PM   31    0.00    0.00    0.00    0.00    0.00    0.00    0.00    0.00    0.00  100.00

01:52:19 PM  CPU    %usr   %nice    %sys %iowait    %irq   %soft  %steal  %guest  %gnice   %idle
01:52:20 PM  all    0.00    0.00    0.13    7.67    0.00    0.00    0.00    0.00    0.00   92.21
01:52:20 PM    0    0.00    0.00    0.00    0.00    0.00    0.00    0.00    0.00    0.00  100.00
01:52:20 PM    1    0.00    0.00    0.00    0.00    0.00    0.00    0.00    0.00    0.00  100.00
01:52:20 PM    2    0.00    0.00    0.00    0.00    0.00    0.00    0.00    0.00    0.00  100.00
01:52:20 PM    3    0.00    0.00    0.00    0.00    0.00    0.00    0.00    0.00    0.00  100.00
01:52:20 PM    4    0.00    0.00    0.00    0.00    0.00    0.00    0.00    0.00    0.00  100.00
01:52:20 PM    5    0.00    0.00    0.00    0.00    0.00    0.00    0.00    0.00    0.00  100.00
01:52:20 PM    6    0.00    0.00    0.00    0.00    0.00    0.00    0.00    0.00    0.00  100.00
01:52:20 PM    7    0.00    0.00    0.00    0.00    0.00    0.00    0.00    0.00    0.00  100.00
01:52:20 PM    8    0.00    0.00    0.00    0.00    0.00    0.00    0.00    0.00    0.00  100.00
01:52:20 PM    9    0.00    0.00    0.00  100.00    0.00    0.00    0.00    0.00    0.00    0.00
01:52:20 PM   10    0.00    0.00    3.00    0.00    0.00    0.00    0.00    0.00    0.00   97.00
01:52:20 PM   11    0.00    0.00    1.01   98.99    0.00    0.00    0.00    0.00    0.00    0.00
01:52:20 PM   12    0.00    0.00    0.00    0.00    0.00    0.00    0.00    0.00    0.00  100.00
01:52:20 PM   13    0.00    0.00    0.00   47.00    0.00    0.00    0.00    0.00    0.00   53.00
01:52:20 PM   14    0.00    0.00    0.00    0.00    0.00    0.00    0.00    0.00    0.00  100.00
01:52:20 PM   15    0.00    0.00    0.00    0.00    0.00    0.00    0.00    0.00    0.00  100.00
01:52:20 PM   16    0.00    0.00    0.00    0.00    0.00    0.00    0.00    0.00    0.00  100.00
01:52:20 PM   17    0.00    0.00    0.00    0.00    0.00    0.00    0.00    0.00    0.00  100.00
01:52:20 PM   18    0.00    0.00    0.00    0.00    0.00    0.00    0.00    0.00    0.00  100.00
01:52:20 PM   19    0.00    0.00    0.00    0.00    0.00    0.00    0.00    0.00    0.00  100.00
01:52:20 PM   20    0.00    0.00    0.00    0.00    0.00    0.00    0.00    0.00    0.00  100.00
01:52:20 PM   21    0.00    0.00    0.00    0.00    0.00    0.00    0.00    0.00    0.00  100.00
01:52:20 PM   22    0.00    0.00    0.00    0.00    0.00    0.00    0.00    0.00    0.00  100.00
01:52:20 PM   23    0.00    0.00    0.00    0.00    0.00    0.00    0.00    0.00    0.00  100.00
01:52:20 PM   24    0.00    0.00    0.00    0.00    0.00    0.00    0.00    0.00    0.00  100.00
01:52:20 PM   25    0.00    0.00    0.00    0.00    0.00    0.00    0.00    0.00    0.00  100.00
01:52:20 PM   26    0.00    0.00    0.00    0.00    0.00    0.00    0.00    0.00    0.00  100.00
01:52:20 PM   27    0.00    0.00    0.00    0.00    0.00    0.00    0.00    0.00    0.00  100.00
01:52:20 PM   28    0.00    0.00    0.00    0.00    0.00    0.00    0.00    0.00    0.00  100.00
01:52:20 PM   29    0.00    0.00    0.00    0.00    0.00    0.00    0.00    0.00    0.00  100.00
01:52:20 PM   30    0.00    0.00    0.00    0.00    0.00    0.00    0.00    0.00    0.00  100.00
01:52:20 PM   31    0.00    0.00    0.00    0.00    0.00    0.00    0.00    0.00    0.00  100.00

01:52:20 PM  CPU    %usr   %nice    %sys %iowait    %irq   %soft  %steal  %guest  %gnice   %idle
01:52:21 PM  all    0.00    0.00    0.06    6.38    0.00    0.00    0.00    0.00    0.00   93.55
01:52:21 PM    0    0.00    0.00    0.00    0.00    0.00    0.00    0.00    0.00    0.00  100.00
01:52:21 PM    1    0.00    0.00    0.00    0.00    0.00    0.00    0.00    0.00    0.00  100.00
01:52:21 PM    2    0.00    0.00    0.00    0.00    0.00    0.00    0.00    0.00    0.00  100.00
01:52:21 PM    3    0.00    0.00    0.00    0.00    0.00    0.00    0.00    0.00    0.00  100.00
01:52:21 PM    4    0.00    0.00    0.99    0.00    0.00    0.00    0.00    0.00    0.00   99.01
01:52:21 PM    5    0.00    0.00    0.00    0.00    0.00    0.00    0.00    0.00    0.00  100.00
01:52:21 PM    6    0.00    0.00    0.00    0.00    0.00    0.00    0.00    0.00    0.00  100.00
01:52:21 PM    7    0.00    0.00    0.00    0.00    0.00    0.00    0.00    0.00    0.00  100.00
01:52:21 PM    8    0.00    0.00    0.00    0.00    0.00    0.00    0.00    0.00    0.00  100.00
01:52:21 PM    9    0.00    0.00    0.00  100.00    0.00    0.00    0.00    0.00    0.00    0.00
01:52:21 PM   10    0.00    0.00    0.00    0.00    0.00    0.00    0.00    0.00    0.00  100.00
01:52:21 PM   11    0.00    0.00    0.00  100.00    0.00    0.00    0.00    0.00    0.00    0.00
01:52:21 PM   12    0.00    0.00    0.00    0.00    0.00    0.00    0.00    0.00    0.00  100.00
01:52:21 PM   13    0.00    0.00    0.00    5.05    0.00    0.00    0.00    0.00    0.00   94.95
01:52:21 PM   14    0.00    0.00    1.00    0.00    0.00    0.00    0.00    0.00    0.00   99.00
01:52:21 PM   15    0.00    0.00    0.00    0.00    0.00    0.00    0.00    0.00    0.00  100.00
01:52:21 PM   16    0.00    0.00    0.00    0.00    0.00    0.00    0.00    0.00    0.00  100.00
01:52:21 PM   17    0.00    0.00    0.00    0.00    0.00    0.00    0.00    0.00    0.00  100.00
01:52:21 PM   18    0.00    0.00    0.00    0.00    0.00    0.00    0.00    0.00    0.00  100.00
01:52:21 PM   19    0.00    0.00    0.00    0.00    0.00    0.00    0.00    0.00    0.00  100.00
01:52:21 PM   20    0.00    0.00    0.00    0.00    0.00    0.00    0.00    0.00    0.00  100.00
01:52:21 PM   21    0.00    0.00    0.00    0.00    0.00    0.00    0.00    0.00    0.00  100.00
01:52:21 PM   22    0.00    0.00    0.00    0.00    0.00    0.00    0.00    0.00    0.00  100.00
01:52:21 PM   23    0.00    0.00    0.00    0.00    0.00    0.00    0.00    0.00    0.00  100.00
01:52:21 PM   24    0.00    0.00    0.00    0.00    0.00    0.00    0.00    0.00    0.00  100.00
01:52:21 PM   25    0.00    0.00    0.00    0.00    0.00    0.00    0.00    0.00    0.00  100.00
01:52:21 PM   26    0.00    0.00    0.00    0.00    0.00    0.00    0.00    0.00    0.00  100.00
01:52:21 PM   27    0.00    0.00    0.00    0.00    0.00    0.00    0.00    0.00    0.00  100.00
01:52:21 PM   28    0.00    0.00    0.00    0.00    0.00    0.00    0.00    0.00    0.00  100.00
01:52:21 PM   29    0.00    0.00    0.00    0.00    0.00    0.00    0.00    0.00    0.00  100.00
01:52:21 PM   30    0.00    0.00    0.00    0.00    0.00    0.00    0.00    0.00    0.00  100.00
01:52:21 PM   31    0.00    0.00    0.00    0.00    0.00    0.00    0.00    0.00    0.00  100.00

01:52:21 PM  CPU    %usr   %nice    %sys %iowait    %irq   %soft  %steal  %guest  %gnice   %idle
01:52:22 PM  all    0.00    0.00    0.13    6.60    0.00    0.00    0.00    0.00    0.00   93.28
01:52:22 PM    0    0.00    0.00    0.00    0.00    0.00    0.00    0.00    0.00    0.00  100.00
01:52:22 PM    1    0.00    0.00    0.00    0.00    0.00    0.00    0.00    0.00    0.00  100.00
01:52:22 PM    2    0.00    0.00    0.00    0.00    0.00    0.00    0.00    0.00    0.00  100.00
01:52:22 PM    3    0.00    0.00    0.00    0.00    0.00    0.00    0.00    0.00    0.00  100.00
01:52:22 PM    4    0.00    0.00    0.00    0.00    0.00    0.00    0.00    0.00    0.00  100.00
01:52:22 PM    5    0.00    0.00    0.00    0.00    0.00    0.00    0.00    0.00    0.00  100.00
01:52:22 PM    6    0.00    0.00    0.00    0.00    0.00    0.00    0.00    0.00    0.00  100.00
01:52:22 PM    7    0.00    0.00    0.00    0.00    0.00    0.00    0.00    0.00    0.00  100.00
01:52:22 PM    8    0.00    0.00    3.00   31.00    0.00    0.00    0.00    0.00    0.00   66.00
01:52:22 PM    9    0.00    0.00    0.00   69.00    0.00    0.00    0.00    0.00    0.00   31.00
01:52:22 PM   10    0.00    0.00    1.01    0.00    0.00    0.00    0.00    0.00    0.00   98.99
01:52:22 PM   11    0.00    0.00    0.00  100.00    0.00    0.00    0.00    0.00    0.00    0.00
01:52:22 PM   12    0.00    0.00    0.00    7.00    0.00    0.00    0.00    0.00    0.00   93.00
01:52:22 PM   13    0.00    0.00    0.00    3.96    0.00    0.00    0.00    0.00    0.00   96.04
01:52:22 PM   14    0.00    0.00    0.00    0.00    0.00    0.00    0.00    0.00    0.00  100.00
01:52:22 PM   15    0.00    0.00    0.00    0.00    0.00    0.00    0.00    0.00    0.00  100.00
01:52:22 PM   16    0.00    0.00    0.00    0.00    0.00    0.00    0.00    0.00    0.00  100.00
01:52:22 PM   17    0.00    0.00    0.00    0.00    0.00    0.00    0.00    0.00    0.00  100.00
01:52:22 PM   18    0.00    0.00    0.00    0.00    0.00    0.00    0.00    0.00    0.00  100.00
01:52:22 PM   19    0.00    0.00    0.00    0.00    0.00    0.00    0.00    0.00    0.00  100.00
01:52:22 PM   20    0.00    0.00    0.00    0.00    0.00    0.00    0.00    0.00    0.00  100.00
01:52:22 PM   21    0.00    0.00    0.00    0.00    0.00    0.00    0.00    0.00    0.00  100.00
01:52:22 PM   22    0.00    0.00    0.00    0.00    0.00    0.00    0.00    0.00    0.00  100.00
01:52:22 PM   23    0.00    0.00    0.00    0.00    0.00    0.00    0.00    0.00    0.00  100.00
01:52:22 PM   24    0.00    0.00    0.00    0.00    0.00    0.00    0.00    0.00    0.00  100.00
01:52:22 PM   25    0.00    0.00    0.00    0.00    0.00    0.00    0.00    0.00    0.00  100.00
01:52:22 PM   26    0.00    0.00    0.00    0.00    0.00    0.00    0.00    0.00    0.00  100.00
01:52:22 PM   27    0.00    0.00    0.00    0.00    0.00    0.00    0.00    0.00    0.00  100.00
01:52:22 PM   28    0.00    0.00    0.00    0.00    0.00    0.00    0.00    0.00    0.00  100.00
01:52:22 PM   29    0.00    0.00    0.00    0.00    0.00    0.00    0.00    0.00    0.00  100.00
01:52:22 PM   30    0.00    0.00    0.00    0.00    0.00    0.00    0.00    0.00    0.00  100.00
01:52:22 PM   31    0.00    0.00    0.00    0.00    0.00    0.00    0.00    0.00    0.00  100.00

01:52:22 PM  CPU    %usr   %nice    %sys %iowait    %irq   %soft  %steal  %guest  %gnice   %idle
01:52:23 PM  all    0.06    0.00    0.19    6.62    0.00    0.00    0.00    0.00    0.00   93.12
01:52:23 PM    0    0.00    0.00    0.00    0.00    0.00    0.00    0.00    0.00    0.00  100.00
01:52:23 PM    1    0.00    0.00    0.00    0.00    0.00    0.00    0.00    0.00    0.00  100.00
01:52:23 PM    2    0.00    0.00    1.00    0.00    0.00    0.00    0.00    0.00    0.00   99.00
01:52:23 PM    3    0.00    0.00    0.00    0.00    0.00    0.00    0.00    0.00    0.00  100.00
01:52:23 PM    4    0.99    0.00    0.00    0.00    0.00    0.00    0.00    0.00    0.00   99.01
01:52:23 PM    5    0.00    0.00    1.00    0.00    0.00    0.00    0.00    0.00    0.00   99.00
01:52:23 PM    6    0.00    0.00    0.00    0.00    0.00    0.00    0.00    0.00    0.00  100.00
01:52:23 PM    7    0.00    0.00    0.00    0.00    0.00    0.00    0.00    0.00    0.00  100.00
01:52:23 PM    8    0.00    0.00    0.00  100.00    0.00    0.00    0.00    0.00    0.00    0.00
01:52:23 PM    9    0.00    0.00    0.00    0.00    0.00    0.00    0.00    0.00    0.00  100.00
01:52:23 PM   10    0.00    0.00    4.00    0.00    0.00    0.00    0.00    0.00    0.00   96.00
01:52:23 PM   11    0.00    0.00    0.00  100.00    0.00    0.00    0.00    0.00    0.00    0.00
01:52:23 PM   12    0.99    0.00    0.00    0.00    0.00    0.00    0.00    0.00    0.00   99.01
01:52:23 PM   13    0.00    0.00    0.00   14.00    0.00    0.00    0.00    0.00    0.00   86.00
01:52:23 PM   14    0.00    0.00    0.00    0.00    0.00    0.00    0.00    0.00    0.00  100.00
01:52:23 PM   15    0.00    0.00    0.00    0.00    0.00    0.00    0.00    0.00    0.00  100.00
01:52:23 PM   16    0.00    0.00    0.00    0.00    0.00    0.00    0.00    0.00    0.00  100.00
01:52:23 PM   17    0.00    0.00    0.00    0.00    0.00    0.00    0.00    0.00    0.00  100.00
01:52:23 PM   18    0.00    0.00    0.00    0.00    0.00    0.00    0.00    0.00    0.00  100.00
01:52:23 PM   19    0.00    0.00    0.00    0.00    0.00    0.00    0.00    0.00    0.00  100.00
01:52:23 PM   20    0.00    0.00    0.00    0.00    0.00    0.00    0.00    0.00    0.00  100.00
01:52:23 PM   21    0.00    0.00    0.00    0.00    0.00    0.00    0.00    0.00    0.00  100.00
01:52:23 PM   22    0.00    0.00    0.00    0.00    0.00    0.00    0.00    0.00    0.00  100.00
01:52:23 PM   23    0.00    0.00    0.00    0.00    0.00    0.00    0.00    0.00    0.00  100.00
01:52:23 PM   24    0.00    0.00    0.00    0.00    0.00    0.00    0.00    0.00    0.00  100.00
01:52:23 PM   25    0.00    0.00    0.00    0.00    0.00    0.00    0.00    0.00    0.00  100.00
01:52:23 PM   26    0.00    0.00    0.00    0.00    0.00    0.00    0.00    0.00    0.00  100.00
01:52:23 PM   27    0.00    0.00    0.00    0.00    0.00    0.00    0.00    0.00    0.00  100.00
01:52:23 PM   28    0.00    0.00    0.00    0.00    0.00    0.00    0.00    0.00    0.00  100.00
01:52:23 PM   29    0.00    0.00    0.00    0.00    0.00    0.00    0.00    0.00    0.00  100.00
01:52:23 PM   30    0.00    0.00    0.00    0.00    0.00    0.00    0.00    0.00    0.00  100.00
01:52:23 PM   31    0.00    0.00    0.00    0.00    0.00    0.00    0.00    0.00    0.00  100.00

01:52:23 PM  CPU    %usr   %nice    %sys %iowait    %irq   %soft  %steal  %guest  %gnice   %idle
01:52:24 PM  all    0.03    0.03    0.03    6.81    0.00    0.00    0.00    0.00    0.00   93.09
01:52:24 PM    0    0.00    0.00    0.00    0.00    0.00    0.00    0.00    0.00    0.00  100.00
01:52:24 PM    1    0.00    0.00    0.00    0.00    0.00    0.00    0.00    0.00    0.00  100.00
01:52:24 PM    2    0.00    0.00    0.00    0.00    0.00    0.00    0.00    0.00    0.00  100.00
01:52:24 PM    3    0.00    0.00    0.00    0.00    0.00    0.00    0.00    0.00    0.00  100.00
01:52:24 PM    4    0.00    0.00    0.00    0.00    0.00    0.00    0.00    0.00    0.00  100.00
01:52:24 PM    5    0.00    0.00    0.00    0.00    0.00    0.00    0.00    0.00    0.00  100.00
01:52:24 PM    6    0.00    0.00    0.00    0.00    0.00    0.00    0.00    0.00    0.00  100.00
01:52:24 PM    7    0.00    0.00    0.00    0.00    0.00    0.00    0.00    0.00    0.00  100.00
01:52:24 PM    8    0.00    0.00    0.00  100.00    0.00    0.00    0.00    0.00    0.00    0.00
01:52:24 PM    9    0.00    0.00    0.00    0.00    0.00    0.00    0.00    0.00    0.00  100.00
01:52:24 PM   10    0.00    1.00    0.00    0.00    0.00    0.00    0.00    0.00    0.00   99.00
01:52:24 PM   11    0.00    0.00    0.99   99.01    0.00    0.00    0.00    0.00    0.00    0.00
01:52:24 PM   12    0.00    0.00    0.00    4.00    0.00    0.00    0.00    0.00    0.00   96.00
01:52:24 PM   13    0.00    0.00    0.00    7.07    0.00    0.00    0.00    0.00    0.00   92.93
01:52:24 PM   14    0.00    0.00    0.00    0.00    0.00    0.00    0.00    0.00    0.00  100.00
01:52:24 PM   15    0.00    0.00    0.00    0.00    0.00    0.00    0.00    0.00    0.00  100.00
01:52:24 PM   16    0.00    0.00    0.00    0.00    0.00    0.00    0.00    0.00    0.00  100.00
01:52:24 PM   17    0.00    0.00    0.00    0.00    0.00    0.00    0.00    0.00    0.00  100.00
01:52:24 PM   18    0.99    0.00    0.00    0.00    0.00    0.00    0.00    0.00    0.00   99.01
01:52:24 PM   19    0.00    0.00    0.00    0.00    0.00    0.00    0.00    0.00    0.00  100.00
01:52:24 PM   20    0.00    0.00    0.00    0.00    0.00    0.00    0.00    0.00    0.00  100.00
01:52:24 PM   21    0.00    0.00    0.00    0.00    0.00    0.00    0.00    0.00    0.00  100.00
01:52:24 PM   22    0.00    0.00    0.00    0.00    0.00    0.00    0.00    0.00    0.00  100.00
01:52:24 PM   23    0.00    0.00    0.00    8.00    0.00    0.00    0.00    0.00    0.00   92.00
01:52:24 PM   24    0.00    0.00    0.00    0.00    0.00    0.00    0.00    0.00    0.00  100.00
01:52:24 PM   25    0.00    0.00    0.00    0.00    0.00    0.00    0.00    0.00    0.00  100.00
01:52:24 PM   26    0.00    0.00    0.00    0.00    0.00    0.00    0.00    0.00    0.00  100.00
01:52:24 PM   27    0.00    0.00    0.00    0.00    0.00    0.00    0.00    0.00    0.00  100.00
01:52:24 PM   28    0.00    0.00    0.00    0.00    0.00    0.00    0.00    0.00    0.00  100.00
01:52:24 PM   29    0.00    0.00    0.00    0.00    0.00    0.00    0.00    0.00    0.00  100.00
01:52:24 PM   30    0.00    0.00    0.00    0.00    0.00    0.00    0.00    0.00    0.00  100.00
01:52:24 PM   31    0.00    0.00    0.00    0.00    0.00    0.00    0.00    0.00    0.00  100.00

01:52:24 PM  CPU    %usr   %nice    %sys %iowait    %irq   %soft  %steal  %guest  %gnice   %idle
01:52:25 PM  all    0.03    0.00    0.13    6.36    0.00    0.00    0.00    0.00    0.00   93.49
01:52:25 PM    0    0.00    0.00    0.00    0.00    0.00    0.00    0.00    0.00    0.00  100.00
01:52:25 PM    1    0.00    0.00    0.00    0.00    0.00    0.00    0.00    0.00    0.00  100.00
01:52:25 PM    2    0.00    0.00    0.00    0.00    0.00    0.00    0.00    0.00    0.00  100.00
01:52:25 PM    3    0.00    0.00    0.00    0.00    0.00    0.00    0.00    0.00    0.00  100.00
01:52:25 PM    4    0.00    0.00    0.00    0.00    0.00    0.00    0.00    0.00    0.00  100.00
01:52:25 PM    5    0.00    0.00    0.00    0.00    0.00    0.00    0.00    0.00    0.00  100.00
01:52:25 PM    6    0.00    0.00    0.00    0.00    0.00    0.00    0.00    0.00    0.00  100.00
01:52:25 PM    7    0.00    0.00    0.00    0.00    0.00    0.00    0.00    0.00    0.00  100.00
01:52:25 PM    8    0.00    0.00    1.00   99.00    0.00    0.00    0.00    0.00    0.00    0.00
01:52:25 PM    9    0.00    0.00    0.00    0.00    0.00    0.00    0.00    0.00    0.00  100.00
01:52:25 PM   10    1.00    0.00    3.00    0.00    0.00    0.00    0.00    0.00    0.00   96.00
01:52:25 PM   11    0.00    0.00    0.00  100.00    0.00    0.00    0.00    0.00    0.00    0.00
01:52:25 PM   12    0.00    0.00    0.00    0.00    0.00    0.00    0.00    0.00    0.00  100.00
01:52:25 PM   13    0.00    0.00    0.00    5.00    0.00    0.00    0.00    0.00    0.00   95.00
01:52:25 PM   14    0.00    0.00    0.00    0.00    0.00    0.00    0.00    0.00    0.00  100.00
01:52:25 PM   15    0.00    0.00    0.00    0.00    0.00    0.00    0.00    0.00    0.00  100.00
01:52:25 PM   16    0.00    0.00    0.00    0.00    0.00    0.00    0.00    0.00    0.00  100.00
01:52:25 PM   17    0.00    0.00    0.00    0.00    0.00    0.00    0.00    0.00    0.00  100.00
01:52:25 PM   18    0.00    0.00    0.00    0.00    0.00    0.00    0.00    0.00    0.00  100.00
01:52:25 PM   19    0.00    0.00    0.00    0.00    0.00    0.00    0.00    0.00    0.00  100.00
01:52:25 PM   20    0.00    0.00    0.00    0.00    0.00    0.00    0.00    0.00    0.00  100.00
01:52:25 PM   21    0.00    0.00    0.00    0.00    0.00    0.00    0.00    0.00    0.00  100.00
01:52:25 PM   22    0.00    0.00    0.00    0.00    0.00    0.00    0.00    0.00    0.00  100.00
01:52:25 PM   23    0.00    0.00    0.00    0.00    0.00    0.00    0.00    0.00    0.00  100.00
01:52:25 PM   24    0.00    0.00    0.00    0.00    0.00    0.00    0.00    0.00    0.00  100.00
01:52:25 PM   25    0.00    0.00    0.00    0.00    0.00    0.00    0.00    0.00    0.00  100.00
01:52:25 PM   26    0.00    0.00    0.00    0.00    0.00    0.00    0.00    0.00    0.00  100.00
01:52:25 PM   27    0.00    0.00    0.00    0.00    0.00    0.00    0.00    0.00    0.00  100.00
01:52:25 PM   28    0.00    0.00    0.00    0.00    0.00    0.00    0.00    0.00    0.00  100.00
01:52:25 PM   29    0.00    0.00    0.00    0.00    0.00    0.00    0.00    0.00    0.00  100.00
01:52:25 PM   30    0.00    0.00    0.00    0.00    0.00    0.00    0.00    0.00    0.00  100.00
01:52:25 PM   31    0.00    0.00    0.00    0.00    0.00    0.00    0.00    0.00    0.00  100.00

01:52:25 PM  CPU    %usr   %nice    %sys %iowait    %irq   %soft  %steal  %guest  %gnice   %idle
01:52:26 PM  all    0.03    0.06    0.09    6.59    0.00    0.00    0.00    0.00    0.00   93.22
01:52:26 PM    0    0.00    0.00    0.00    0.00    0.00    0.00    0.00    0.00    0.00  100.00
01:52:26 PM    1    0.00    0.00    0.00    0.00    0.00    0.00    0.00    0.00    0.00  100.00
01:52:26 PM    2    0.00    0.00    0.00    0.00    0.00    0.00    0.00    0.00    0.00  100.00
01:52:26 PM    3    0.00    0.00    0.00    0.00    0.00    0.00    0.00    0.00    0.00  100.00
01:52:26 PM    4    0.00    0.00    0.00    0.00    0.00    0.00    0.00    0.00    0.00  100.00
01:52:26 PM    5    0.00    1.00    0.00    0.00    0.00    0.00    0.00    0.00    0.00   99.00
01:52:26 PM    6    0.00    0.00    0.00    0.00    0.00    0.00    0.00    0.00    0.00  100.00
01:52:26 PM    7    0.00    0.00    0.00    0.00    0.00    0.00    0.00    0.00    0.00  100.00
01:52:26 PM    8    1.00    0.00    0.00   99.00    0.00    0.00    0.00    0.00    0.00    0.00
01:52:26 PM    9    0.00    0.00    0.00    0.00    0.00    0.00    0.00    0.00    0.00  100.00
01:52:26 PM   10    0.00    1.00    3.00    0.00    0.00    0.00    0.00    0.00    0.00   96.00
01:52:26 PM   11    0.00    0.00    0.00  100.00    0.00    0.00    0.00    0.00    0.00    0.00
01:52:26 PM   12    0.00    0.00    0.00    0.00    0.00    0.00    0.00    0.00    0.00  100.00
01:52:26 PM   13    0.00    0.00    0.00   11.88    0.00    0.00    0.00    0.00    0.00   88.12
01:52:26 PM   14    0.00    0.00    0.00    0.00    0.00    0.00    0.00    0.00    0.00  100.00
01:52:26 PM   15    0.00    0.00    0.00    0.00    0.00    0.00    0.00    0.00    0.00  100.00
01:52:26 PM   16    0.00    0.00    0.00    0.00    0.00    0.00    0.00    0.00    0.00  100.00
01:52:26 PM   17    0.00    0.00    0.00    0.00    0.00    0.00    0.00    0.00    0.00  100.00
01:52:26 PM   18    0.00    0.00    0.00    0.00    0.00    0.00    0.00    0.00    0.00  100.00
01:52:26 PM   19    0.00    0.00    0.00    0.00    0.00    0.00    0.00    0.00    0.00  100.00
01:52:26 PM   20    0.00    0.00    0.00    0.00    0.00    0.00    0.00    0.00    0.00  100.00
01:52:26 PM   21    0.00    0.00    0.00    0.00    0.00    0.00    0.00    0.00    0.00  100.00
01:52:26 PM   22    0.00    0.00    0.00    0.00    0.00    0.00    0.00    0.00    0.00  100.00
01:52:26 PM   23    0.00    0.00    0.00    0.00    0.00    0.00    0.00    0.00    0.00  100.00
01:52:26 PM   24    0.00    0.00    0.00    0.00    0.00    0.00    0.00    0.00    0.00  100.00
01:52:26 PM   25    0.00    0.00    0.00    0.00    0.00    0.00    0.00    0.00    0.00  100.00
01:52:26 PM   26    0.00    0.00    0.00    0.00    0.00    0.00    0.00    0.00    0.00  100.00
01:52:26 PM   27    0.00    0.00    0.00    0.00    0.00    0.00    0.00    0.00    0.00  100.00
01:52:26 PM   28    0.00    0.00    0.00    0.00    0.00    0.00    0.00    0.00    0.00  100.00
01:52:26 PM   29    0.00    0.00    0.00    0.00    0.00    0.00    0.00    0.00    0.00  100.00
01:52:26 PM   30    0.00    0.00    0.00    0.00    0.00    0.00    0.00    0.00    0.00  100.00
01:52:26 PM   31    0.00    0.00    0.00    0.00    0.00    0.00    0.00    0.00    0.00  100.00

01:52:26 PM  CPU    %usr   %nice    %sys %iowait    %irq   %soft  %steal  %guest  %gnice   %idle
01:52:27 PM  all    0.00    0.00    0.03    6.45    0.00    0.00    0.00    0.00    0.00   93.52
01:52:27 PM    0    0.00    0.00    0.00    0.00    0.00    0.00    0.00    0.00    0.00  100.00
01:52:27 PM    1    0.00    0.00    0.00    0.00    0.00    0.00    0.00    0.00    0.00  100.00
01:52:27 PM    2    0.00    0.00    0.00    0.00    0.00    0.00    0.00    0.00    0.00  100.00
01:52:27 PM    3    0.00    0.00    0.00    0.00    0.00    0.00    0.00    0.00    0.00  100.00
01:52:27 PM    4    0.00    0.00    0.00    0.00    0.00    0.00    0.00    0.00    0.00  100.00
01:52:27 PM    5    0.00    0.00    0.00    0.00    0.00    0.00    0.00    0.00    0.00  100.00
01:52:27 PM    6    0.00    0.00    0.00    0.00    0.00    0.00    0.00    0.00    0.00  100.00
01:52:27 PM    7    0.00    0.00    0.00    0.00    0.00    0.00    0.00    0.00    0.00  100.00
01:52:27 PM    8    0.00    0.00    0.00   25.25    0.00    0.00    0.00    0.00    0.00   74.75
01:52:27 PM    9    0.00    0.00    0.00   75.00    0.00    0.00    0.00    0.00    0.00   25.00
01:52:27 PM   10    0.00    0.00    1.00    0.00    0.00    0.00    0.00    0.00    0.00   99.00
01:52:27 PM   11    0.00    0.00    0.00  100.00    0.00    0.00    0.00    0.00    0.00    0.00
01:52:27 PM   12    0.00    0.00    0.00    0.00    0.00    0.00    0.00    0.00    0.00  100.00
01:52:27 PM   13    0.00    0.00    0.00    7.07    0.00    0.00    0.00    0.00    0.00   92.93
01:52:27 PM   14    0.00    0.00    0.00    0.00    0.00    0.00    0.00    0.00    0.00  100.00
01:52:27 PM   15    0.00    0.00    0.00    0.00    0.00    0.00    0.00    0.00    0.00  100.00
01:52:27 PM   16    0.00    0.00    0.00    0.00    0.00    0.00    0.00    0.00    0.00  100.00
01:52:27 PM   17    0.00    0.00    0.00    0.00    0.00    0.00    0.00    0.00    0.00  100.00
01:52:27 PM   18    0.00    0.00    0.00    0.00    0.00    0.00    0.00    0.00    0.00  100.00
01:52:27 PM   19    0.00    0.00    0.00    0.00    0.00    0.00    0.00    0.00    0.00  100.00
01:52:27 PM   20    0.00    0.00    0.00    0.00    0.00    0.00    0.00    0.00    0.00  100.00
01:52:27 PM   21    0.00    0.00    0.00    0.00    0.00    0.00    0.00    0.00    0.00  100.00
01:52:27 PM   22    0.00    0.00    0.00    0.00    0.00    0.00    0.00    0.00    0.00  100.00
01:52:27 PM   23    0.00    0.00    0.00    0.00    0.00    0.00    0.00    0.00    0.00  100.00
01:52:27 PM   24    0.00    0.00    0.00    0.00    0.00    0.00    0.00    0.00    0.00  100.00
01:52:27 PM   25    0.00    0.00    0.00    0.00    0.00    0.00    0.00    0.00    0.00  100.00
01:52:27 PM   26    0.00    0.00    0.00    0.00    0.00    0.00    0.00    0.00    0.00  100.00
01:52:27 PM   27    0.00    0.00    0.00    0.00    0.00    0.00    0.00    0.00    0.00  100.00
01:52:27 PM   28    0.00    0.00    0.00    0.00    0.00    0.00    0.00    0.00    0.00  100.00
01:52:27 PM   29    0.00    0.00    0.00    0.00    0.00    0.00    0.00    0.00    0.00  100.00
01:52:27 PM   30    0.00    0.00    0.00    0.00    0.00    0.00    0.00    0.00    0.00  100.00
01:52:27 PM   31    0.00    0.00    0.00    0.00    0.00    0.00    0.00    0.00    0.00  100.00

01:52:27 PM  CPU    %usr   %nice    %sys %iowait    %irq   %soft  %steal  %guest  %gnice   %idle
01:52:28 PM  all    0.03    0.00    0.13    7.64    0.00    0.00    0.00    0.00    0.00   92.21
01:52:28 PM    0    0.00    0.00    0.00    0.00    0.00    0.00    0.00    0.00    0.00  100.00
01:52:28 PM    1    0.00    0.00    0.00    0.00    0.00    0.00    0.00    0.00    0.00  100.00
01:52:28 PM    2    0.00    0.00    0.00    0.00    0.00    0.00    0.00    0.00    0.00  100.00
01:52:28 PM    3    0.00    0.00    0.00    0.00    0.00    0.00    0.00    0.00    0.00  100.00
01:52:28 PM    4    0.00    0.00    0.00   18.00    0.00    0.00    0.00    0.00    0.00   82.00
01:52:28 PM    5    0.00    0.00    0.00    0.00    0.00    0.00    0.00    0.00    0.00  100.00
01:52:28 PM    6    0.00    0.00    0.00    0.00    0.00    0.00    0.00    0.00    0.00  100.00
01:52:28 PM    7    0.00    0.00    0.00    0.00    0.00    0.00    0.00    0.00    0.00  100.00
01:52:28 PM    8    0.00    0.00    0.00    0.00    0.00    0.00    0.00    0.00    0.00  100.00
01:52:28 PM    9    0.00    0.00    1.00   99.00    0.00    0.00    0.00    0.00    0.00    0.00
01:52:28 PM   10    1.00    0.00    3.00   24.00    0.00    0.00    0.00    0.00    0.00   72.00
01:52:28 PM   11    0.00    0.00    0.00   41.41    0.00    0.00    0.00    0.00    0.00   58.59
01:52:28 PM   12    0.00    0.00    0.00    7.07    0.00    0.00    0.00    0.00    0.00   92.93
01:52:28 PM   13    0.00    0.00    0.00   55.00    0.00    0.00    0.00    0.00    0.00   45.00
01:52:28 PM   14    0.00    0.00    0.00    0.00    0.00    0.00    0.00    0.00    0.00  100.00
01:52:28 PM   15    0.00    0.00    0.00    0.00    0.00    0.00    0.00    0.00    0.00  100.00
01:52:28 PM   16    0.00    0.00    0.00    0.00    0.00    0.00    0.00    0.00    0.00  100.00
01:52:28 PM   17    0.00    0.00    0.00    0.00    0.00    0.00    0.00    0.00    0.00  100.00
01:52:28 PM   18    0.00    0.00    0.00    0.00    0.00    0.00    0.00    0.00    0.00  100.00
01:52:28 PM   19    0.00    0.00    0.00    0.00    0.00    0.00    0.00    0.00    0.00  100.00
01:52:28 PM   20    0.00    0.00    0.00    0.00    0.00    0.00    0.00    0.00    0.00  100.00
01:52:28 PM   21    0.00    0.00    0.00    0.00    0.00    0.00    0.00    0.00    0.00  100.00
01:52:28 PM   22    0.00    0.00    0.00    0.00    0.00    0.00    0.00    0.00    0.00  100.00
01:52:28 PM   23    0.00    0.00    0.00    0.00    0.00    0.00    0.00    0.00    0.00  100.00
01:52:28 PM   24    0.00    0.00    0.00    0.00    0.00    0.00    0.00    0.00    0.00  100.00
01:52:28 PM   25    0.00    0.00    0.00    0.00    0.00    0.00    0.00    0.00    0.00  100.00
01:52:28 PM   26    0.00    0.00    0.00    0.00    0.00    0.00    0.00    0.00    0.00  100.00
01:52:28 PM   27    0.00    0.00    0.00    0.00    0.00    0.00    0.00    0.00    0.00  100.00
01:52:28 PM   28    0.00    0.00    0.00    0.00    0.00    0.00    0.00    0.00    0.00  100.00
01:52:28 PM   29    0.00    0.00    0.00    0.00    0.00    0.00    0.00    0.00    0.00  100.00
01:52:28 PM   30    0.00    0.00    0.00    0.00    0.00    0.00    0.00    0.00    0.00  100.00
01:52:28 PM   31    0.00    0.00    0.00    0.00    0.00    0.00    0.00    0.00    0.00  100.00

01:52:28 PM  CPU    %usr   %nice    %sys %iowait    %irq   %soft  %steal  %guest  %gnice   %idle
01:52:29 PM  all    0.38    0.00    0.25    9.08    0.00    0.00    0.00    0.00    0.00   90.30
01:52:29 PM    0    0.00    0.00    0.00    3.03    0.00    0.00    0.00    0.00    0.00   96.97
01:52:29 PM    1    0.00    0.00    0.00    0.00    0.00    0.00    0.00    0.00    0.00  100.00
01:52:29 PM    2    0.00    0.00    0.00    0.00    0.00    0.00    0.00    0.00    0.00  100.00
01:52:29 PM    3    0.00    0.00    0.00    0.00    0.00    0.00    0.00    0.00    0.00  100.00
01:52:29 PM    4    0.00    0.00    0.00   43.43    0.00    0.00    0.00    0.00    0.00   56.57
01:52:29 PM    5    1.00    0.00    1.00   39.00    0.00    0.00    0.00    0.00    0.00   59.00
01:52:29 PM    6    0.00    0.00    0.00    0.00    0.00    0.00    0.00    0.00    0.00  100.00
01:52:29 PM    7    0.00    0.00    0.00    0.00    0.00    0.00    0.00    0.00    0.00  100.00
01:52:29 PM    8    0.00    0.00    1.02    1.02    0.00    0.00    0.00    0.00    0.00   97.96
01:52:29 PM    9    9.09    0.00    0.00   90.91    0.00    0.00    0.00    0.00    0.00    0.00
01:52:29 PM   10    2.00    0.00    5.00    2.00    0.00    0.00    0.00    0.00    0.00   91.00
01:52:29 PM   11    0.00    0.00    0.98   81.37    0.00    0.00    0.00    0.00    0.00   17.65
01:52:29 PM   12    0.00    0.00    0.00    1.00    0.00    0.00    0.00    0.00    0.00   99.00
01:52:29 PM   13    0.00    0.00    0.00   23.00    0.00    0.00    0.00    0.00    0.00   77.00
01:52:29 PM   14    0.00    0.00    0.00    0.00    0.00    0.00    0.00    0.00    0.00  100.00
01:52:29 PM   15    0.00    0.00    0.00    1.00    0.00    0.00    0.00    0.00    0.00   99.00
01:52:29 PM   16    0.00    0.00    0.00    0.00    0.00    0.00    0.00    0.00    0.00  100.00
01:52:29 PM   17    0.00    0.00    0.00    0.00    0.00    0.00    0.00    0.00    0.00  100.00
01:52:29 PM   18    0.00    0.00    0.00    0.00    0.00    0.00    0.00    0.00    0.00  100.00
01:52:29 PM   19    0.00    0.00    0.00    0.99    0.00    0.00    0.00    0.00    0.00   99.01
01:52:29 PM   20    0.00    0.00    0.00    0.00    0.00    0.00    0.00    0.00    0.00  100.00
01:52:29 PM   21    0.00    0.00    0.00    0.00    0.00    0.00    0.00    0.00    0.00  100.00
01:52:29 PM   22    0.00    0.00    0.00    0.00    0.00    0.00    0.00    0.00    0.00  100.00
01:52:29 PM   23    0.00    0.00    0.00    2.00    0.00    0.00    0.00    0.00    0.00   98.00
01:52:29 PM   24    0.00    0.00    0.00    0.00    0.00    0.00    0.00    0.00    0.00  100.00
01:52:29 PM   25    0.00    0.00    0.00    0.00    0.00    0.00    0.00    0.00    0.00  100.00
01:52:29 PM   26    0.00    0.00    0.00    0.99    0.00    0.00    0.00    0.00    0.00   99.01
01:52:29 PM   27    0.00    0.00    0.00    0.00    0.00    0.00    0.00    0.00    0.00  100.00
01:52:29 PM   28    0.00    0.00    0.00    0.00    0.00    0.00    0.00    0.00    0.00  100.00
01:52:29 PM   29    0.00    0.00    0.00    0.00    0.00    0.00    0.00    0.00    0.00  100.00
01:52:29 PM   30    0.00    0.00    0.00    0.00    0.00    0.00    0.00    0.00    0.00  100.00
01:52:29 PM   31    0.00    0.00    0.00    0.00    0.00    0.00    0.00    0.00    0.00  100.00

01:52:29 PM  CPU    %usr   %nice    %sys %iowait    %irq   %soft  %steal  %guest  %gnice   %idle
01:52:30 PM  all    3.47    0.03    0.47    0.19    0.00    0.00    0.00    0.00    0.00   95.84
01:52:30 PM    0    0.00    0.00    0.00    1.01    0.00    0.00    0.00    0.00    0.00   98.99
01:52:30 PM    1    0.00    0.00    0.00    0.00    0.00    0.00    0.00    0.00    0.00  100.00
01:52:30 PM    2    4.95    0.00    2.97    0.00    0.00    0.00    0.00    0.00    0.00   92.08
01:52:30 PM    3    0.00    0.00    0.00    0.00    0.00    0.00    0.00    0.00    0.00  100.00
01:52:30 PM    4    2.00    0.00    2.00    0.00    0.00    0.00    0.00    0.00    0.00   96.00
01:52:30 PM    5    0.00    0.00    0.00    0.00    0.00    0.00    0.00    0.00    0.00  100.00
01:52:30 PM    6    2.02    0.00    2.02    0.00    0.00    0.00    0.00    0.00    0.00   95.96
01:52:30 PM    7    0.00    0.00    0.00    0.00    0.00    0.00    0.00    0.00    0.00  100.00
01:52:30 PM    8    9.90    0.00    1.98    0.00    0.00    0.00    0.00    0.00    0.00   88.12
01:52:30 PM    9   83.33    0.00    0.98    4.90    0.00    0.00    0.00    0.00    0.00   10.78
01:52:30 PM   10    2.02    1.01    3.03    0.00    0.00    0.00    0.00    0.00    0.00   93.94
01:52:30 PM   11    0.00    0.00    0.00    0.00    0.00    0.00    0.00    0.00    0.00  100.00
01:52:30 PM   12    0.00    0.00    1.00    0.00    0.00    0.00    0.00    0.00    0.00   99.00
01:52:30 PM   13    0.00    0.00    0.00    0.00    0.00    0.00    0.00    0.00    0.00  100.00
01:52:30 PM   14    1.00    0.00    0.00    0.00    0.00    0.00    0.00    0.00    0.00   99.00
01:52:30 PM   15    0.00    0.00    0.00    0.00    0.00    0.00    0.00    0.00    0.00  100.00
01:52:30 PM   16    0.00    0.00    0.00    0.00    0.00    0.00    0.00    0.00    0.00  100.00
01:52:30 PM   17    0.00    0.00    0.00    0.00    0.00    0.00    0.00    0.00    0.00  100.00
01:52:30 PM   18    0.00    0.00    0.00    0.00    0.00    0.00    0.00    0.00    0.00  100.00
01:52:30 PM   19    0.00    0.00    0.00    0.00    0.00    0.00    0.00    0.00    0.00  100.00
01:52:30 PM   20    0.00    0.00    0.00    0.00    0.00    0.00    0.00    0.00    0.00  100.00
01:52:30 PM   21    0.00    0.00    0.00    0.00    0.00    0.00    0.00    0.00    0.00  100.00
01:52:30 PM   22    0.00    0.00    0.00    0.00    0.00    0.00    0.00    0.00    0.00  100.00
01:52:30 PM   23    2.00    0.00    0.00    0.00    0.00    0.00    0.00    0.00    0.00   98.00
01:52:30 PM   24    0.00    0.00    1.01    0.00    0.00    0.00    0.00    0.00    0.00   98.99
01:52:30 PM   25    1.00    0.00    0.00    0.00    0.00    0.00    0.00    0.00    0.00   99.00
01:52:30 PM   26    0.00    0.00    0.00    0.00    0.00    0.00    0.00    0.00    0.00  100.00
01:52:30 PM   27    0.00    0.00    0.00    0.00    0.00    0.00    0.00    0.00    0.00  100.00
01:52:30 PM   28    1.00    0.00    0.00    0.00    0.00    0.00    0.00    0.00    0.00   99.00
01:52:30 PM   29    0.00    0.00    0.00    0.00    0.00    0.00    0.00    0.00    0.00  100.00
01:52:30 PM   30    0.00    0.00    0.00    0.00    0.00    0.00    0.00    0.00    0.00  100.00
01:52:30 PM   31    0.00    0.00    0.00    0.00    0.00    0.00    0.00    0.00    0.00  100.00

01:52:30 PM  CPU    %usr   %nice    %sys %iowait    %irq   %soft  %steal  %guest  %gnice   %idle
01:52:31 PM  all    3.84    0.00    0.53    0.03    0.00    0.00    0.00    0.00    0.00   95.59
01:52:31 PM    0    0.00    0.00    0.00    0.00    0.00    0.00    0.00    0.00    0.00  100.00
01:52:31 PM    1    0.00    0.00    0.00    0.00    0.00    0.00    0.00    0.00    0.00  100.00
01:52:31 PM    2    1.01    0.00    2.02    0.00    0.00    0.00    0.00    0.00    0.00   96.97
01:52:31 PM    3    0.00    0.00    0.00    0.00    0.00    0.00    0.00    0.00    0.00  100.00
01:52:31 PM    4    0.00    0.00    0.00    0.00    0.00    0.00    0.00    0.00    0.00  100.00
01:52:31 PM    5    1.98    0.00    0.99    0.00    0.00    0.00    0.00    0.00    0.00   97.03
01:52:31 PM    6    0.00    0.00    0.00    0.00    0.00    0.00    0.00    0.00    0.00  100.00
01:52:31 PM    7    0.00    0.00    0.00    0.00    0.00    0.00    0.00    0.00    0.00  100.00
01:52:31 PM    8    0.99    0.00    0.99    0.00    0.00    0.00    0.00    0.00    0.00   98.02
01:52:31 PM    9  100.00    0.00    0.00    0.00    0.00    0.00    0.00    0.00    0.00    0.00
01:52:31 PM   10    6.00    0.00    5.00    0.00    0.00    0.00    0.00    0.00    0.00   89.00
01:52:31 PM   11    1.00    0.00    0.00    0.00    0.00    0.00    0.00    0.00    0.00   99.00
01:52:31 PM   12    3.00    0.00    5.00    0.00    0.00    0.00    0.00    0.00    0.00   92.00
01:52:31 PM   13    0.00    0.00    0.00    0.00    0.00    0.00    0.00    0.00    0.00  100.00
01:52:31 PM   14    2.00    0.00    1.00    0.00    0.00    0.00    0.00    0.00    0.00   97.00
01:52:31 PM   15    0.00    0.00    1.00    0.00    0.00    0.00    0.00    0.00    0.00   99.00
01:52:31 PM   16    1.00    0.00    0.00    0.00    0.00    0.00    0.00    0.00    0.00   99.00
01:52:31 PM   17    0.00    0.00    0.00    0.00    0.00    0.00    0.00    0.00    0.00  100.00
01:52:31 PM   18    0.00    0.00    0.00    0.00    0.00    0.00    0.00    0.00    0.00  100.00
01:52:31 PM   19    0.99    0.00    0.00    0.00    0.00    0.00    0.00    0.00    0.00   99.01
01:52:31 PM   20    0.00    0.00    0.00    0.00    0.00    0.00    0.00    0.00    0.00  100.00
01:52:31 PM   21    0.99    0.00    0.00    0.00    0.00    0.00    0.00    0.00    0.00   99.01
01:52:31 PM   22    0.00    0.00    0.00    0.00    0.00    0.00    0.00    0.00    0.00  100.00
01:52:31 PM   23    0.00    0.00    0.00    0.00    0.00    0.00    0.00    0.00    0.00  100.00
01:52:31 PM   24    0.99    0.00    0.00    0.00    0.00    0.00    0.00    0.00    0.00   99.01
01:52:31 PM   25    3.00    0.00    0.00    1.00    0.00    0.00    0.00    0.00    0.00   96.00
01:52:31 PM   26    0.98    0.00    0.98    0.00    0.00    0.00    0.00    0.00    0.00   98.04
01:52:31 PM   27    0.00    0.00    0.00    0.00    0.00    0.00    0.00    0.00    0.00  100.00
01:52:31 PM   28    0.00    0.00    0.00    0.00    0.00    0.00    0.00    0.00    0.00  100.00
01:52:31 PM   29    0.00    0.00    0.00    0.00    0.00    0.00    0.00    0.00    0.00  100.00
01:52:31 PM   30    0.00    0.00    0.00    0.00    0.00    0.00    0.00    0.00    0.00  100.00
01:52:31 PM   31    0.00    0.00    0.00    0.00    0.00    0.00    0.00    0.00    0.00  100.00

01:52:31 PM  CPU    %usr   %nice    %sys %iowait    %irq   %soft  %steal  %guest  %gnice   %idle
01:52:32 PM  all    3.79    0.00    0.59    0.00    0.00    0.00    0.00    0.00    0.00   95.62
01:52:32 PM    0    0.00    0.00    0.00    0.00    0.00    0.00    0.00    0.00    0.00  100.00
01:52:32 PM    1    0.00    0.00    0.00    0.00    0.00    0.00    0.00    0.00    0.00  100.00
01:52:32 PM    2    5.00    0.00    4.00    0.00    0.00    0.00    0.00    0.00    0.00   91.00
01:52:32 PM    3    0.00    0.00    0.00    0.00    0.00    0.00    0.00    0.00    0.00  100.00
01:52:32 PM    4    3.00    0.00    2.00    0.00    0.00    0.00    0.00    0.00    0.00   95.00
01:52:32 PM    5    0.00    0.00    0.00    0.00    0.00    0.00    0.00    0.00    0.00  100.00
01:52:32 PM    6    0.00    0.00    0.00    0.00    0.00    0.00    0.00    0.00    0.00  100.00
01:52:32 PM    7    0.00    0.00    0.00    0.00    0.00    0.00    0.00    0.00    0.00  100.00
01:52:32 PM    8    0.00    0.00    0.00    0.00    0.00    0.00    0.00    0.00    0.00  100.00
01:52:32 PM    9  100.00    0.00    0.00    0.00    0.00    0.00    0.00    0.00    0.00    0.00
01:52:32 PM   10    4.00    0.00    8.00    0.00    0.00    0.00    0.00    0.00    0.00   88.00
01:52:32 PM   11    2.00    0.00    0.00    0.00    0.00    0.00    0.00    0.00    0.00   98.00
01:52:32 PM   12    1.00    0.00    1.00    0.00    0.00    0.00    0.00    0.00    0.00   98.00
01:52:32 PM   13    1.98    0.00    0.99    0.00    0.00    0.00    0.00    0.00    0.00   97.03
01:52:32 PM   14    0.00    0.00    1.01    0.00    0.00    0.00    0.00    0.00    0.00   98.99
01:52:32 PM   15    0.00    0.00    0.00    0.00    0.00    0.00    0.00    0.00    0.00  100.00
01:52:32 PM   16    0.00    0.00    0.00    0.00    0.00    0.00    0.00    0.00    0.00  100.00
01:52:32 PM   17    0.99    0.00    0.00    0.00    0.00    0.00    0.00    0.00    0.00   99.01
01:52:32 PM   18    0.00    0.00    0.00    0.00    0.00    0.00    0.00    0.00    0.00  100.00
01:52:32 PM   19    0.00    0.00    0.00    0.00    0.00    0.00    0.00    0.00    0.00  100.00
01:52:32 PM   20    1.98    0.00    0.99    0.00    0.00    0.00    0.00    0.00    0.00   97.03
01:52:32 PM   21    0.00    0.00    0.00    0.00    0.00    0.00    0.00    0.00    0.00  100.00
01:52:32 PM   22    0.00    0.00    1.00    0.00    0.00    0.00    0.00    0.00    0.00   99.00
01:52:32 PM   23    0.00    0.00    0.00    0.00    0.00    0.00    0.00    0.00    0.00  100.00
01:52:32 PM   24    0.00    0.00    0.00    0.00    0.00    0.00    0.00    0.00    0.00  100.00
01:52:32 PM   25    0.00    0.00    0.00    0.00    0.00    0.00    0.00    0.00    0.00  100.00
01:52:32 PM   26    0.00    0.00    0.00    0.00    0.00    0.00    0.00    0.00    0.00  100.00
01:52:32 PM   27    0.00    0.00    0.00    0.00    0.00    0.00    0.00    0.00    0.00  100.00
01:52:32 PM   28    0.00    0.00    0.00    0.00    0.00    0.00    0.00    0.00    0.00  100.00
01:52:32 PM   29    0.00    0.00    0.00    0.00    0.00    0.00    0.00    0.00    0.00  100.00
01:52:32 PM   30    0.99    0.00    0.00    0.00    0.00    0.00    0.00    0.00    0.00   99.01
01:52:32 PM   31    0.00    0.00    0.00    0.00    0.00    0.00    0.00    0.00    0.00  100.00

01:52:32 PM  CPU    %usr   %nice    %sys %iowait    %irq   %soft  %steal  %guest  %gnice   %idle
01:52:33 PM  all    3.69    0.00    0.44    0.00    0.00    0.00    0.00    0.00    0.00   95.87
01:52:33 PM    0    0.00    0.00    0.00    0.00    0.00    0.00    0.00    0.00    0.00  100.00
01:52:33 PM    1    0.00    0.00    0.00    0.00    0.00    0.00    0.00    0.00    0.00  100.00
01:52:33 PM    2    1.00    0.00    2.00    0.00    0.00    0.00    0.00    0.00    0.00   97.00
01:52:33 PM    3    0.99    0.00    0.00    0.00    0.00    0.00    0.00    0.00    0.00   99.01
01:52:33 PM    4    0.00    0.00    0.00    0.00    0.00    0.00    0.00    0.00    0.00  100.00
01:52:33 PM    5    0.00    0.00    0.00    0.00    0.00    0.00    0.00    0.00    0.00  100.00
01:52:33 PM    6    3.00    0.00    3.00    0.00    0.00    0.00    0.00    0.00    0.00   94.00
01:52:33 PM    7    0.00    0.00    0.00    0.00    0.00    0.00    0.00    0.00    0.00  100.00
01:52:33 PM    8    0.00    0.00    0.00    0.00    0.00    0.00    0.00    0.00    0.00  100.00
01:52:33 PM    9  100.00    0.00    0.00    0.00    0.00    0.00    0.00    0.00    0.00    0.00
01:52:33 PM   10    3.03    0.00    4.04    0.00    0.00    0.00    0.00    0.00    0.00   92.93
01:52:33 PM   11    0.00    0.00    0.00    0.00    0.00    0.00    0.00    0.00    0.00  100.00
01:52:33 PM   12    1.00    0.00    1.00    0.00    0.00    0.00    0.00    0.00    0.00   98.00
01:52:33 PM   13    0.99    0.00    0.99    0.00    0.00    0.00    0.00    0.00    0.00   98.02
01:52:33 PM   14    0.00    0.00    0.00    0.00    0.00    0.00    0.00    0.00    0.00  100.00
01:52:33 PM   15    0.00    0.00    0.00    0.00    0.00    0.00    0.00    0.00    0.00  100.00
01:52:33 PM   16    0.00    0.00    0.00    0.00    0.00    0.00    0.00    0.00    0.00  100.00
01:52:33 PM   17    0.00    0.00    0.00    0.00    0.00    0.00    0.00    0.00    0.00  100.00
01:52:33 PM   18    0.00    0.00    0.00    0.00    0.00    0.00    0.00    0.00    0.00  100.00
01:52:33 PM   19    0.00    0.00    0.00    0.00    0.00    0.00    0.00    0.00    0.00  100.00
01:52:33 PM   20    0.00    0.00    0.00    0.00    0.00    0.00    0.00    0.00    0.00  100.00
01:52:33 PM   21    3.00    0.00    1.00    0.00    0.00    0.00    0.00    0.00    0.00   96.00
01:52:33 PM   22    0.00    0.00    0.00    0.00    0.00    0.00    0.00    0.00    0.00  100.00
01:52:33 PM   23    3.96    0.00    1.98    0.00    0.00    0.00    0.00    0.00    0.00   94.06
01:52:33 PM   24    0.00    0.00    0.00    0.00    0.00    0.00    0.00    0.00    0.00  100.00
01:52:33 PM   25    0.99    0.00    0.00    0.00    0.00    0.00    0.00    0.00    0.00   99.01
01:52:33 PM   26    0.00    0.00    0.00    0.00    0.00    0.00    0.00    0.00    0.00  100.00
01:52:33 PM   27    0.00    0.00    0.00    0.00    0.00    0.00    0.00    0.00    0.00  100.00
01:52:33 PM   28    0.00    0.00    0.00    0.00    0.00    0.00    0.00    0.00    0.00  100.00
01:52:33 PM   29    0.99    0.00    0.00    0.00    0.00    0.00    0.00    0.00    0.00   99.01
01:52:33 PM   30    0.00    0.00    0.00    0.00    0.00    0.00    0.00    0.00    0.00  100.00
01:52:33 PM   31    0.00    0.00    0.00    0.00    0.00    0.00    0.00    0.00    0.00  100.00

01:52:33 PM  CPU    %usr   %nice    %sys %iowait    %irq   %soft  %steal  %guest  %gnice   %idle
01:52:34 PM  all    3.63    0.06    0.59    0.06    0.00    0.00    0.00    0.00    0.00   95.65
01:52:34 PM    0    1.00    0.00    0.00    0.00    0.00    0.00    0.00    0.00    0.00   99.00
01:52:34 PM    1    0.00    0.00    0.00    0.00    0.00    0.00    0.00    0.00    0.00  100.00
01:52:34 PM    2    1.00    0.00    2.00    0.00    0.00    0.00    0.00    0.00    0.00   97.00
01:52:34 PM    3    0.00    0.00    1.00    0.00    0.00    0.00    0.00    0.00    0.00   99.00
01:52:34 PM    4    1.01    0.00    1.01    0.00    0.00    0.00    0.00    0.00    0.00   97.98
01:52:34 PM    5    0.00    0.00    0.00    0.00    0.00    0.00    0.00    0.00    0.00  100.00
01:52:34 PM    6    0.00    0.00    1.00    0.00    0.00    0.00    0.00    0.00    0.00   99.00
01:52:34 PM    7    0.00    0.00    0.00    0.00    0.00    0.00    0.00    0.00    0.00  100.00
01:52:34 PM    8    0.98    0.00    0.00    1.96    0.00    0.00    0.00    0.00    0.00   97.06
01:52:34 PM    9   99.00    0.00    0.00    0.00    0.00    0.00    0.00    0.00    0.00    1.00
01:52:34 PM   10    7.92    0.99    9.90    0.00    0.00    0.00    0.00    0.00    0.00   81.19
01:52:34 PM   11    1.00    0.00    1.00    0.00    0.00    0.00    0.00    0.00    0.00   98.00
01:52:34 PM   12    2.00    0.00    2.00    0.00    0.00    0.00    0.00    0.00    0.00   96.00
01:52:34 PM   13    0.00    0.00    0.00    0.00    0.00    0.00    0.00    0.00    0.00  100.00
01:52:34 PM   14    0.00    0.00    0.00    0.00    0.00    0.00    0.00    0.00    0.00  100.00
01:52:34 PM   15    0.99    0.00    0.99    0.00    0.00    0.00    0.00    0.00    0.00   98.02
01:52:34 PM   16    1.00    0.00    0.00    0.00    0.00    0.00    0.00    0.00    0.00   99.00
01:52:34 PM   17    0.00    0.00    0.00    0.00    0.00    0.00    0.00    0.00    0.00  100.00
01:52:34 PM   18    0.00    0.00    0.00    0.00    0.00    0.00    0.00    0.00    0.00  100.00
01:52:34 PM   19    0.00    0.00    0.00    0.00    0.00    0.00    0.00    0.00    0.00  100.00
01:52:34 PM   20    0.00    0.00    0.00    0.00    0.00    0.00    0.00    0.00    0.00  100.00
01:52:34 PM   21    0.00    0.00    0.00    0.00    0.00    0.00    0.00    0.00    0.00  100.00
01:52:34 PM   22    0.00    1.00    0.00    0.00    0.00    0.00    0.00    0.00    0.00   99.00
01:52:34 PM   23    0.00    0.00    0.00    0.00    0.00    0.00    0.00    0.00    0.00  100.00
01:52:34 PM   24    0.00    0.00    0.00    0.00    0.00    0.00    0.00    0.00    0.00  100.00
01:52:34 PM   25    0.00    0.00    0.00    0.00    0.00    0.00    0.00    0.00    0.00  100.00
01:52:34 PM   26    0.00    0.00    0.00    0.00    0.00    0.00    0.00    0.00    0.00  100.00
01:52:34 PM   27    0.00    0.00    0.00    0.00    0.00    0.00    0.00    0.00    0.00  100.00
01:52:34 PM   28    0.00    0.00    0.00    0.00    0.00    0.00    0.00    0.00    0.00  100.00
01:52:34 PM   29    0.00    0.00    0.00    0.00    0.00    0.00    0.00    0.00    0.00  100.00
01:52:34 PM   30    0.00    0.00    0.00    0.00    0.00    0.00    0.00    0.00    0.00  100.00
01:52:34 PM   31    0.00    0.00    0.00    0.00    0.00    0.00    0.00    0.00    0.00  100.00

01:52:34 PM  CPU    %usr   %nice    %sys %iowait    %irq   %soft  %steal  %guest  %gnice   %idle
01:52:35 PM  all    2.47    0.00    0.38    4.22    0.00    0.00    0.00    0.00    0.00   92.93
01:52:35 PM    0    0.00    0.00    0.00    0.00    0.00    0.00    0.00    0.00    0.00  100.00
01:52:35 PM    1    0.00    0.00    0.00    0.00    0.00    0.00    0.00    0.00    0.00  100.00
01:52:35 PM    2    2.00    0.00    2.00    0.00    0.00    0.00    0.00    0.00    0.00   96.00
01:52:35 PM    3    0.00    0.00    0.00    0.00    0.00    0.00    0.00    0.00    0.00  100.00
01:52:35 PM    4    1.00    0.00    1.00    2.00    0.00    0.00    0.00    0.00    0.00   96.00
01:52:35 PM    5    0.00    0.00    0.00    0.00    0.00    0.00    0.00    0.00    0.00  100.00
01:52:35 PM    6    0.00    0.00    0.00    0.00    0.00    0.00    0.00    0.00    0.00  100.00
01:52:35 PM    7    0.00    0.00    0.00    0.00    0.00    0.00    0.00    0.00    0.00  100.00
01:52:35 PM    8    1.01    0.00    0.00   98.99    0.00    0.00    0.00    0.00    0.00    0.00
01:52:35 PM    9    0.00    0.00    2.00    0.00    0.00    0.00    0.00    0.00    0.00   98.00
01:52:35 PM   10   48.00    0.00    2.00   32.00    0.00    0.00    0.00    0.00    0.00   18.00
01:52:35 PM   11   19.00    0.00    0.00    0.00    0.00    0.00    0.00    0.00    0.00   81.00
01:52:35 PM   12    5.00    0.00    2.00    0.00    0.00    0.00    0.00    0.00    0.00   93.00
01:52:35 PM   13    0.00    0.00    0.00    3.00    0.00    0.00    0.00    0.00    0.00   97.00
01:52:35 PM   14    1.00    0.00    3.00    0.00    0.00    0.00    0.00    0.00    0.00   96.00
01:52:35 PM   15    0.00    0.00    0.00    0.00    0.00    0.00    0.00    0.00    0.00  100.00
01:52:35 PM   16    0.00    0.00    0.00    0.00    0.00    0.00    0.00    0.00    0.00  100.00
01:52:35 PM   17    0.00    0.00    0.00    0.00    0.00    0.00    0.00    0.00    0.00  100.00
01:52:35 PM   18    0.99    0.00    0.00    0.00    0.00    0.00    0.00    0.00    0.00   99.01
01:52:35 PM   19    0.00    0.00    0.00    0.00    0.00    0.00    0.00    0.00    0.00  100.00
01:52:35 PM   20    0.00    0.00    0.00    0.00    0.00    0.00    0.00    0.00    0.00  100.00
01:52:35 PM   21    0.00    0.00    0.00    0.00    0.00    0.00    0.00    0.00    0.00  100.00
01:52:35 PM   22    0.00    0.00    0.00    0.00    0.00    0.00    0.00    0.00    0.00  100.00
01:52:35 PM   23    1.00    0.00    0.00    0.00    0.00    0.00    0.00    0.00    0.00   99.00
01:52:35 PM   24    0.00    0.00    0.00    0.00    0.00    0.00    0.00    0.00    0.00  100.00
01:52:35 PM   25    0.00    0.00    0.00    0.00    0.00    0.00    0.00    0.00    0.00  100.00
01:52:35 PM   26    0.00    0.00    0.00    0.00    0.00    0.00    0.00    0.00    0.00  100.00
01:52:35 PM   27    0.00    0.00    0.00    0.00    0.00    0.00    0.00    0.00    0.00  100.00
01:52:35 PM   28    0.00    0.00    0.00    0.00    0.00    0.00    0.00    0.00    0.00  100.00
01:52:35 PM   29    0.00    0.00    0.00    0.00    0.00    0.00    0.00    0.00    0.00  100.00
01:52:35 PM   30    0.00    0.00    0.00    0.00    0.00    0.00    0.00    0.00    0.00  100.00
01:52:35 PM   31    0.00    0.00    0.00    0.00    0.00    0.00    0.00    0.00    0.00  100.00

01:52:35 PM  CPU    %usr   %nice    %sys %iowait    %irq   %soft  %steal  %guest  %gnice   %idle
01:52:36 PM  all    3.01    0.00    0.38    2.60    0.00    0.00    0.00    0.00    0.00   94.01
01:52:36 PM    0    0.00    0.00    0.00    0.00    0.00    0.00    0.00    0.00    0.00  100.00
01:52:36 PM    1    0.00    0.00    0.00    0.00    0.00    0.00    0.00    0.00    0.00  100.00
01:52:36 PM    2    2.00    0.00    1.00    0.00    0.00    0.00    0.00    0.00    0.00   97.00
01:52:36 PM    3    0.00    0.00    0.00    0.00    0.00    0.00    0.00    0.00    0.00  100.00
01:52:36 PM    4    0.00    0.00    0.00    0.00    0.00    0.00    0.00    0.00    0.00  100.00
01:52:36 PM    5    0.00    0.00    0.00    0.00    0.00    0.00    0.00    0.00    0.00  100.00
01:52:36 PM    6    0.00    0.00    1.01    0.00    0.00    0.00    0.00    0.00    0.00   98.99
01:52:36 PM    7    0.00    0.00    0.00    0.00    0.00    0.00    0.00    0.00    0.00  100.00
01:52:36 PM    8   15.31    0.00    1.02   26.53    0.00    0.00    0.00    0.00    0.00   57.14
01:52:36 PM    9   51.00    0.00    0.00   24.00    0.00    0.00    0.00    0.00    0.00   25.00
01:52:36 PM   10   18.37    0.00    4.08    4.08    0.00    0.00    0.00    0.00    0.00   73.47
01:52:36 PM   11    7.00    0.00    2.00   16.00    0.00    0.00    0.00    0.00    0.00   75.00
01:52:36 PM   12    0.00    0.00    2.02    5.05    0.00    0.00    0.00    0.00    0.00   92.93
01:52:36 PM   13    0.00    0.00    0.00    8.00    0.00    0.00    0.00    0.00    0.00   92.00
01:52:36 PM   14    1.00    0.00    1.00    0.00    0.00    0.00    0.00    0.00    0.00   98.00
01:52:36 PM   15    0.00    0.00    0.00    0.00    0.00    0.00    0.00    0.00    0.00  100.00
01:52:36 PM   16    0.00    0.00    0.00    0.00    0.00    0.00    0.00    0.00    0.00  100.00
01:52:36 PM   17    0.00    0.00    0.00    0.00    0.00    0.00    0.00    0.00    0.00  100.00
01:52:36 PM   18    0.00    0.00    0.00    0.00    0.00    0.00    0.00    0.00    0.00  100.00
01:52:36 PM   19    0.00    0.00    0.00    0.00    0.00    0.00    0.00    0.00    0.00  100.00
01:52:36 PM   20    0.00    0.00    0.00    0.00    0.00    0.00    0.00    0.00    0.00  100.00
01:52:36 PM   21    0.99    0.00    0.00    0.00    0.00    0.00    0.00    0.00    0.00   99.01
01:52:36 PM   22    0.00    0.00    0.00    0.00    0.00    0.00    0.00    0.00    0.00  100.00
01:52:36 PM   23    1.01    0.00    0.00    0.00    0.00    0.00    0.00    0.00    0.00   98.99
01:52:36 PM   24    0.00    0.00    0.00    0.00    0.00    0.00    0.00    0.00    0.00  100.00
01:52:36 PM   25    0.00    0.00    0.00    0.00    0.00    0.00    0.00    0.00    0.00  100.00
01:52:36 PM   26    0.00    0.00    0.00    0.00    0.00    0.00    0.00    0.00    0.00  100.00
01:52:36 PM   27    0.00    0.00    0.00    0.00    0.00    0.00    0.00    0.00    0.00  100.00
01:52:36 PM   28    0.00    0.00    0.00    0.00    0.00    0.00    0.00    0.00    0.00  100.00
01:52:36 PM   29    0.00    0.00    0.00    0.00    0.00    0.00    0.00    0.00    0.00  100.00
01:52:36 PM   30    0.00    0.00    0.00    0.00    0.00    0.00    0.00    0.00    0.00  100.00
01:52:36 PM   31    0.00    0.00    0.00    0.00    0.00    0.00    0.00    0.00    0.00  100.00

01:52:36 PM  CPU    %usr   %nice    %sys %iowait    %irq   %soft  %steal  %guest  %gnice   %idle
01:52:37 PM  all    3.72    0.00    0.50    0.00    0.00    0.00    0.00    0.00    0.00   95.78
01:52:37 PM    0    3.03    0.00    2.02    0.00    0.00    0.00    0.00    0.00    0.00   94.95
01:52:37 PM    1    1.00    0.00    0.00    0.00    0.00    0.00    0.00    0.00    0.00   99.00
01:52:37 PM    2    2.02    0.00    1.01    0.00    0.00    0.00    0.00    0.00    0.00   96.97
01:52:37 PM    3    1.00    0.00    0.00    0.00    0.00    0.00    0.00    0.00    0.00   99.00
01:52:37 PM    4    0.00    0.00    0.00    0.00    0.00    0.00    0.00    0.00    0.00  100.00
01:52:37 PM    5    0.00    0.00    0.00    0.00    0.00    0.00    0.00    0.00    0.00  100.00
01:52:37 PM    6    1.00    0.00    0.00    0.00    0.00    0.00    0.00    0.00    0.00   99.00
01:52:37 PM    7    0.00    0.00    0.00    0.00    0.00    0.00    0.00    0.00    0.00  100.00
01:52:37 PM    8    0.98    0.00    0.98    0.00    0.00    0.00    0.00    0.00    0.00   98.04
01:52:37 PM    9  100.00    0.00    0.00    0.00    0.00    0.00    0.00    0.00    0.00    0.00
01:52:37 PM   10    3.00    0.00   10.00    0.00    0.00    0.00    0.00    0.00    0.00   87.00
01:52:37 PM   11    1.01    0.00    0.00    0.00    0.00    0.00    0.00    0.00    0.00   98.99
01:52:37 PM   12    2.97    0.00    1.98    0.00    0.00    0.00    0.00    0.00    0.00   95.05
01:52:37 PM   13    0.00    0.00    0.00    0.00    0.00    0.00    0.00    0.00    0.00  100.00
01:52:37 PM   14    0.00    0.00    0.00    0.00    0.00    0.00    0.00    0.00    0.00  100.00
01:52:37 PM   15    0.00    0.00    0.00    0.00    0.00    0.00    0.00    0.00    0.00  100.00
01:52:37 PM   16    0.00    0.00    0.00    0.00    0.00    0.00    0.00    0.00    0.00  100.00
01:52:37 PM   17    0.00    0.00    0.00    0.00    0.00    0.00    0.00    0.00    0.00  100.00
01:52:37 PM   18    0.00    0.00    0.00    0.00    0.00    0.00    0.00    0.00    0.00  100.00
01:52:37 PM   19    0.00    0.00    0.00    0.00    0.00    0.00    0.00    0.00    0.00  100.00
01:52:37 PM   20    0.99    0.00    0.00    0.00    0.00    0.00    0.00    0.00    0.00   99.01
01:52:37 PM   21    0.00    0.00    0.00    0.00    0.00    0.00    0.00    0.00    0.00  100.00
01:52:37 PM   22    0.99    0.00    0.00    0.00    0.00    0.00    0.00    0.00    0.00   99.01
01:52:37 PM   23    0.99    0.00    0.00    0.00    0.00    0.00    0.00    0.00    0.00   99.01
01:52:37 PM   24    0.00    0.00    0.00    0.00    0.00    0.00    0.00    0.00    0.00  100.00
01:52:37 PM   25    0.00    0.00    0.00    0.00    0.00    0.00    0.00    0.00    0.00  100.00
01:52:37 PM   26    0.00    0.00    0.00    0.00    0.00    0.00    0.00    0.00    0.00  100.00
01:52:37 PM   27    0.00    0.00    0.00    0.00    0.00    0.00    0.00    0.00    0.00  100.00
01:52:37 PM   28    0.00    0.00    0.00    0.00    0.00    0.00    0.00    0.00    0.00  100.00
01:52:37 PM   29    0.00    0.00    0.00    0.00    0.00    0.00    0.00    0.00    0.00  100.00
01:52:37 PM   30    0.00    0.00    0.00    0.00    0.00    0.00    0.00    0.00    0.00  100.00
01:52:37 PM   31    0.00    0.00    0.00    0.00    0.00    0.00    0.00    0.00    0.00  100.00

01:52:37 PM  CPU    %usr   %nice    %sys %iowait    %irq   %soft  %steal  %guest  %gnice   %idle
01:52:38 PM  all    3.50    0.00    0.56    0.03    0.00    0.00    0.00    0.00    0.00   95.90
01:52:38 PM    0    0.00    0.00    0.00    0.00    0.00    0.00    0.00    0.00    0.00  100.00
01:52:38 PM    1    0.00    0.00    0.00    0.00    0.00    0.00    0.00    0.00    0.00  100.00
01:52:38 PM    2    3.00    0.00    3.00    0.00    0.00    0.00    0.00    0.00    0.00   94.00
01:52:38 PM    3    0.00    0.00    0.00    0.00    0.00    0.00    0.00    0.00    0.00  100.00
01:52:38 PM    4    1.98    0.00    2.97    0.00    0.00    0.00    0.00    0.00    0.00   95.05
01:52:38 PM    5    0.00    0.00    0.00    0.00    0.00    0.00    0.00    0.00    0.00  100.00
01:52:38 PM    6    0.00    0.00    1.00    0.00    0.00    0.00    0.00    0.00    0.00   99.00
01:52:38 PM    7    0.00    0.00    0.00    0.00    0.00    0.00    0.00    0.00    0.00  100.00
01:52:38 PM    8    0.00    0.00    0.00    0.00    0.00    0.00    0.00    0.00    0.00  100.00
01:52:38 PM    9   99.00    0.00    0.00    0.00    0.00    0.00    0.00    0.00    0.00    1.00
01:52:38 PM   10    3.00    0.00    5.00    1.00    0.00    0.00    0.00    0.00    0.00   91.00
01:52:38 PM   11    0.00    0.00    1.00    0.00    0.00    0.00    0.00    0.00    0.00   99.00
01:52:38 PM   12    2.00    0.00    4.00    0.00    0.00    0.00    0.00    0.00    0.00   94.00
01:52:38 PM   13    0.99    0.00    0.00    0.00    0.00    0.00    0.00    0.00    0.00   99.01
01:52:38 PM   14    0.00    0.00    0.99    0.00    0.00    0.00    0.00    0.00    0.00   99.01
01:52:38 PM   15    0.00    0.00    0.00    0.00    0.00    0.00    0.00    0.00    0.00  100.00
01:52:38 PM   16    0.99    0.00    0.00    0.00    0.00    0.00    0.00    0.00    0.00   99.01
01:52:38 PM   17    1.01    0.00    0.00    0.00    0.00    0.00    0.00    0.00    0.00   98.99
01:52:38 PM   18    0.00    0.00    0.00    0.00    0.00    0.00    0.00    0.00    0.00  100.00
01:52:38 PM   19    0.00    0.00    0.00    0.00    0.00    0.00    0.00    0.00    0.00  100.00
01:52:38 PM   20    0.00    0.00    0.00    0.00    0.00    0.00    0.00    0.00    0.00  100.00
01:52:38 PM   21    0.00    0.00    0.00    0.00    0.00    0.00    0.00    0.00    0.00  100.00
01:52:38 PM   22    0.00    0.00    0.00    0.00    0.00    0.00    0.00    0.00    0.00  100.00
01:52:38 PM   23    0.00    0.00    0.00    0.00    0.00    0.00    0.00    0.00    0.00  100.00
01:52:38 PM   24    0.00    0.00    0.00    0.00    0.00    0.00    0.00    0.00    0.00  100.00
01:52:38 PM   25    0.00    0.00    0.00    0.00    0.00    0.00    0.00    0.00    0.00  100.00
01:52:38 PM   26    0.00    0.00    0.00    0.00    0.00    0.00    0.00    0.00    0.00  100.00
01:52:38 PM   27    0.00    0.00    0.00    0.00    0.00    0.00    0.00    0.00    0.00  100.00
01:52:38 PM   28    0.00    0.00    0.00    0.00    0.00    0.00    0.00    0.00    0.00  100.00
01:52:38 PM   29    0.00    0.00    0.00    0.00    0.00    0.00    0.00    0.00    0.00  100.00
01:52:38 PM   30    0.00    0.00    0.00    0.00    0.00    0.00    0.00    0.00    0.00  100.00
01:52:38 PM   31    0.00    0.00    0.00    0.00    0.00    0.00    0.00    0.00    0.00  100.00

01:52:38 PM  CPU    %usr   %nice    %sys %iowait    %irq   %soft  %steal  %guest  %gnice   %idle
01:52:39 PM  all    3.87    0.03    0.44    0.00    0.00    0.00    0.00    0.00    0.00   95.66
01:52:39 PM    0    1.01    0.00    0.00    0.00    0.00    0.00    0.00    0.00    0.00   98.99
01:52:39 PM    1    0.00    0.00    0.00    0.00    0.00    0.00    0.00    0.00    0.00  100.00
01:52:39 PM    2    2.00    0.00    1.00    0.00    0.00    0.00    0.00    0.00    0.00   97.00
01:52:39 PM    3    1.00    0.00    0.00    0.00    0.00    0.00    0.00    0.00    0.00   99.00
01:52:39 PM    4    0.00    0.00    1.01    0.00    0.00    0.00    0.00    0.00    0.00   98.99
01:52:39 PM    5    2.97    0.00    0.99    0.00    0.00    0.00    0.00    0.00    0.00   96.04
01:52:39 PM    6    0.99    0.99    0.99    0.00    0.00    0.00    0.00    0.00    0.00   97.03
01:52:39 PM    7    0.99    0.00    0.00    0.00    0.00    0.00    0.00    0.00    0.00   99.01
01:52:39 PM    8   93.00    0.00    1.00    0.00    0.00    0.00    0.00    0.00    0.00    6.00
01:52:39 PM    9    7.00    0.00    0.00    0.00    0.00    0.00    0.00    0.00    0.00   93.00
01:52:39 PM   10    1.00    0.00    3.00    0.00    0.00    0.00    0.00    0.00    0.00   96.00
01:52:39 PM   11    3.96    0.00    1.98    0.00    0.00    0.00    0.00    0.00    0.00   94.06
01:52:39 PM   12    0.00    0.00    1.01    0.00    0.00    0.00    0.00    0.00    0.00   98.99
01:52:39 PM   13    0.00    0.00    0.00    0.00    0.00    0.00    0.00    0.00    0.00  100.00
01:52:39 PM   14    2.00    0.00    1.00    0.00    0.00    0.00    0.00    0.00    0.00   97.00
01:52:39 PM   15    0.00    0.00    0.00    0.00    0.00    0.00    0.00    0.00    0.00  100.00
01:52:39 PM   16    0.00    0.00    0.00    0.00    0.00    0.00    0.00    0.00    0.00  100.00
01:52:39 PM   17    0.99    0.00    0.00    0.00    0.00    0.00    0.00    0.00    0.00   99.01
01:52:39 PM   18    0.00    0.00    0.00    0.00    0.00    0.00    0.00    0.00    0.00  100.00
01:52:39 PM   19    1.00    0.00    0.00    0.00    0.00    0.00    0.00    0.00    0.00   99.00
01:52:39 PM   20    0.00    0.00    0.00    0.00    0.00    0.00    0.00    0.00    0.00  100.00
01:52:39 PM   21    3.96    0.00    0.99    0.00    0.00    0.00    0.00    0.00    0.00   95.05
01:52:39 PM   22    0.00    0.00    0.00    0.00    0.00    0.00    0.00    0.00    0.00  100.00
01:52:39 PM   23    0.00    0.00    1.01    0.00    0.00    0.00    0.00    0.00    0.00   98.99
01:52:39 PM   24    0.00    0.00    0.00    0.00    0.00    0.00    0.00    0.00    0.00  100.00
01:52:39 PM   25    0.99    0.00    0.00    0.00    0.00    0.00    0.00    0.00    0.00   99.01
01:52:39 PM   26    0.99    0.00    0.00    0.00    0.00    0.00    0.00    0.00    0.00   99.01
01:52:39 PM   27    0.00    0.00    0.00    0.00    0.00    0.00    0.00    0.00    0.00  100.00
01:52:39 PM   28    0.00    0.00    0.00    0.00    0.00    0.00    0.00    0.00    0.00  100.00
01:52:39 PM   29    0.00    0.00    0.00    0.00    0.00    0.00    0.00    0.00    0.00  100.00
01:52:39 PM   30    0.00    0.00    0.00    0.00    0.00    0.00    0.00    0.00    0.00  100.00
01:52:39 PM   31    0.00    0.00    0.00    0.00    0.00    0.00    0.00    0.00    0.00  100.00

01:52:39 PM  CPU    %usr   %nice    %sys %iowait    %irq   %soft  %steal  %guest  %gnice   %idle
01:52:40 PM  all    3.81    0.00    0.59    0.00    0.00    0.00    0.00    0.00    0.00   95.59
01:52:40 PM    0    0.00    0.00    0.00    0.00    0.00    0.00    0.00    0.00    0.00  100.00
01:52:40 PM    1    0.00    0.00    0.00    0.00    0.00    0.00    0.00    0.00    0.00  100.00
01:52:40 PM    2    2.00    0.00    2.00    0.00    0.00    0.00    0.00    0.00    0.00   96.00
01:52:40 PM    3    1.00    0.00    1.00    0.00    0.00    0.00    0.00    0.00    0.00   98.00
01:52:40 PM    4    0.00    0.00    0.00    0.00    0.00    0.00    0.00    0.00    0.00  100.00
01:52:40 PM    5    0.00    0.00    0.00    0.00    0.00    0.00    0.00    0.00    0.00  100.00
01:52:40 PM    6    0.00    0.00    1.01    0.00    0.00    0.00    0.00    0.00    0.00   98.99
01:52:40 PM    7    0.00    0.00    0.00    0.00    0.00    0.00    0.00    0.00    0.00  100.00
01:52:40 PM    8   43.43    0.00    4.04    0.00    0.00    0.00    0.00    0.00    0.00   52.53
01:52:40 PM    9    0.00    0.00    0.00    0.00    0.00    0.00    0.00    0.00    0.00  100.00
01:52:40 PM   10   59.00    0.00    4.00    0.00    0.00    0.00    0.00    0.00    0.00   37.00
01:52:40 PM   11    0.00    0.00    0.00    0.00    0.00    0.00    0.00    0.00    0.00  100.00
01:52:40 PM   12    0.99    0.00    0.99    0.00    0.00    0.00    0.00    0.00    0.00   98.02
01:52:40 PM   13    0.00    0.00    0.00    0.00    0.00    0.00    0.00    0.00    0.00  100.00
01:52:40 PM   14    3.00    0.00    3.00    0.00    0.00    0.00    0.00    0.00    0.00   94.00
01:52:40 PM   15    0.99    0.00    0.00    0.00    0.00    0.00    0.00    0.00    0.00   99.01
01:52:40 PM   16    4.00    0.00    1.00    0.00    0.00    0.00    0.00    0.00    0.00   95.00
01:52:40 PM   17    0.00    0.00    0.00    0.00    0.00    0.00    0.00    0.00    0.00  100.00
01:52:40 PM   18    0.99    0.00    0.99    0.00    0.00    0.00    0.00    0.00    0.00   98.02
01:52:40 PM   19    0.00    0.00    0.00    0.00    0.00    0.00    0.00    0.00    0.00  100.00
01:52:40 PM   20    0.00    0.00    0.00    0.00    0.00    0.00    0.00    0.00    0.00  100.00
01:52:40 PM   21    0.00    0.00    0.00    0.00    0.00    0.00    0.00    0.00    0.00  100.00
01:52:40 PM   22    0.99    0.00    0.00    0.00    0.00    0.00    0.00    0.00    0.00   99.01
01:52:40 PM   23    2.00    0.00    0.00    0.00    0.00    0.00    0.00    0.00    0.00   98.00
01:52:40 PM   24    0.99    0.00    0.00    0.00    0.00    0.00    0.00    0.00    0.00   99.01
01:52:40 PM   25    0.00    0.00    0.00    0.00    0.00    0.00    0.00    0.00    0.00  100.00
01:52:40 PM   26    0.00    0.00    0.00    0.00    0.00    0.00    0.00    0.00    0.00  100.00
01:52:40 PM   27    0.99    0.00    0.00    0.00    0.00    0.00    0.00    0.00    0.00   99.01
01:52:40 PM   28    0.99    0.00    0.00    0.00    0.00    0.00    0.00    0.00    0.00   99.01
01:52:40 PM   29    0.00    0.00    0.00    0.00    0.00    0.00    0.00    0.00    0.00  100.00
01:52:40 PM   30    0.00    0.00    1.00    0.00    0.00    0.00    0.00    0.00    0.00   99.00
01:52:40 PM   31    0.99    0.00    0.00    0.00    0.00    0.00    0.00    0.00    0.00   99.01

01:52:40 PM  CPU    %usr   %nice    %sys %iowait    %irq   %soft  %steal  %guest  %gnice   %idle
01:52:41 PM  all    3.63    0.03    0.50    0.00    0.00    0.00    0.00    0.00    0.00   95.84
01:52:41 PM    0    0.00    0.00    0.00    0.00    0.00    0.00    0.00    0.00    0.00  100.00
01:52:41 PM    1    0.00    0.00    0.00    0.00    0.00    0.00    0.00    0.00    0.00  100.00
01:52:41 PM    2    2.00    0.00    1.00    0.00    0.00    0.00    0.00    0.00    0.00   97.00
01:52:41 PM    3    0.00    0.00    0.00    0.00    0.00    0.00    0.00    0.00    0.00  100.00
01:52:41 PM    4    1.00    0.00    1.00    0.00    0.00    0.00    0.00    0.00    0.00   98.00
01:52:41 PM    5    0.00    0.00    0.00    0.00    0.00    0.00    0.00    0.00    0.00  100.00
01:52:41 PM    6    1.00    0.00    4.00    0.00    0.00    0.00    0.00    0.00    0.00   95.00
01:52:41 PM    7    0.00    0.00    0.00    0.00    0.00    0.00    0.00    0.00    0.00  100.00
01:52:41 PM    8    2.94    0.98    1.96    0.00    0.00    0.00    0.00    0.00    0.00   94.12
01:52:41 PM    9    0.00    0.00    1.00    0.00    0.00    0.00    0.00    0.00    0.00   99.00
01:52:41 PM   10  100.00    0.00    0.00    0.00    0.00    0.00    0.00    0.00    0.00    0.00
01:52:41 PM   11    0.00    0.00    0.00    0.00    0.00    0.00    0.00    0.00    0.00  100.00
01:52:41 PM   12    1.02    0.00    1.02    0.00    0.00    0.00    0.00    0.00    0.00   97.96
01:52:41 PM   13    0.00    0.00    0.00    0.00    0.00    0.00    0.00    0.00    0.00  100.00
01:52:41 PM   14    2.00    0.00    1.00    0.00    0.00    0.00    0.00    0.00    0.00   97.00
01:52:41 PM   15    1.01    0.00    1.01    0.00    0.00    0.00    0.00    0.00    0.00   97.98
01:52:41 PM   16    0.00    0.00    0.00    0.00    0.00    0.00    0.00    0.00    0.00  100.00
01:52:41 PM   17    0.00    0.00    0.00    0.00    0.00    0.00    0.00    0.00    0.00  100.00
01:52:41 PM   18    0.00    0.00    0.00    0.00    0.00    0.00    0.00    0.00    0.00  100.00
01:52:41 PM   19    0.00    0.00    0.00    0.00    0.00    0.00    0.00    0.00    0.00  100.00
01:52:41 PM   20    0.99    0.00    0.99    0.00    0.00    0.00    0.00    0.00    0.00   98.02
01:52:41 PM   21    0.00    0.00    0.00    0.00    0.00    0.00    0.00    0.00    0.00  100.00
01:52:41 PM   22    0.00    0.00    0.00    0.00    0.00    0.00    0.00    0.00    0.00  100.00
01:52:41 PM   23    0.00    0.00    0.00    0.00    0.00    0.00    0.00    0.00    0.00  100.00
01:52:41 PM   24    0.00    0.00    1.00    0.00    0.00    0.00    0.00    0.00    0.00   99.00
01:52:41 PM   25    3.00    0.00    1.00    0.00    0.00    0.00    0.00    0.00    0.00   96.00
01:52:41 PM   26    0.00    0.00    0.00    0.00    0.00    0.00    0.00    0.00    0.00  100.00
01:52:41 PM   27    0.00    0.00    0.00    0.00    0.00    0.00    0.00    0.00    0.00  100.00
01:52:41 PM   28    0.00    0.00    0.99    0.00    0.00    0.00    0.00    0.00    0.00   99.01
01:52:41 PM   29    0.00    0.00    0.00    0.00    0.00    0.00    0.00    0.00    0.00  100.00
01:52:41 PM   30    0.99    0.00    0.00    0.00    0.00    0.00    0.00    0.00    0.00   99.01
01:52:41 PM   31    0.00    0.00    0.00    0.00    0.00    0.00    0.00    0.00    0.00  100.00

01:52:41 PM  CPU    %usr   %nice    %sys %iowait    %irq   %soft  %steal  %guest  %gnice   %idle
01:52:42 PM  all    3.77    0.00    0.66    0.00    0.00    0.00    0.00    0.00    0.00   95.57
01:52:42 PM    0    0.00    0.00    0.00    0.00    0.00    0.00    0.00    0.00    0.00  100.00
01:52:42 PM    1    0.00    0.00    0.99    0.00    0.00    0.00    0.00    0.00    0.00   99.01
01:52:42 PM    2    1.01    0.00    1.01    0.00    0.00    0.00    0.00    0.00    0.00   97.98
01:52:42 PM    3    1.00    0.00    0.00    0.00    0.00    0.00    0.00    0.00    0.00   99.00
01:52:42 PM    4    0.99    0.00    1.98    0.00    0.00    0.00    0.00    0.00    0.00   97.03
01:52:42 PM    5    0.00    0.00    0.00    0.00    0.00    0.00    0.00    0.00    0.00  100.00
01:52:42 PM    6    0.00    0.00    1.01    0.00    0.00    0.00    0.00    0.00    0.00   98.99
01:52:42 PM    7    0.00    0.00    0.00    0.00    0.00    0.00    0.00    0.00    0.00  100.00
01:52:42 PM    8   95.96    0.00    3.03    0.00    0.00    0.00    0.00    0.00    0.00    1.01
01:52:42 PM    9    0.99    0.00    0.00    0.00    0.00    0.00    0.00    0.00    0.00   99.01
01:52:42 PM   10    9.00    0.00    6.00    0.00    0.00    0.00    0.00    0.00    0.00   85.00
01:52:42 PM   11    3.00    0.00    2.00    0.00    0.00    0.00    0.00    0.00    0.00   95.00
01:52:42 PM   12    2.94    0.00    1.96    0.00    0.00    0.00    0.00    0.00    0.00   95.10
01:52:42 PM   13    0.99    0.00    0.00    0.00    0.00    0.00    0.00    0.00    0.00   99.01
01:52:42 PM   14    0.99    0.00    0.99    0.00    0.00    0.00    0.00    0.00    0.00   98.02
01:52:42 PM   15    0.00    0.00    0.00    0.00    0.00    0.00    0.00    0.00    0.00  100.00
01:52:42 PM   16    0.00    0.00    0.00    0.00    0.00    0.00    0.00    0.00    0.00  100.00
01:52:42 PM   17    0.00    0.00    1.00    0.00    0.00    0.00    0.00    0.00    0.00   99.00
01:52:42 PM   18    0.00    0.00    0.00    0.00    0.00    0.00    0.00    0.00    0.00  100.00
01:52:42 PM   19    0.99    0.00    0.00    0.00    0.00    0.00    0.00    0.00    0.00   99.01
01:52:42 PM   20    0.99    0.00    0.00    0.00    0.00    0.00    0.00    0.00    0.00   99.01
01:52:42 PM   21    0.99    0.00    0.00    0.00    0.00    0.00    0.00    0.00    0.00   99.01
01:52:42 PM   22    0.00    0.00    0.00    0.00    0.00    0.00    0.00    0.00    0.00  100.00
01:52:42 PM   23    1.00    0.00    0.00    0.00    0.00    0.00    0.00    0.00    0.00   99.00
01:52:42 PM   24    0.00    0.00    0.00    0.00    0.00    0.00    0.00    0.00    0.00  100.00
01:52:42 PM   25    0.99    0.00    0.00    0.00    0.00    0.00    0.00    0.00    0.00   99.01
01:52:42 PM   26    0.00    0.00    0.00    0.00    0.00    0.00    0.00    0.00    0.00  100.00
01:52:42 PM   27    0.00    0.00    0.99    0.00    0.00    0.00    0.00    0.00    0.00   99.01
01:52:42 PM   28    0.00    0.00    0.00    0.00    0.00    0.00    0.00    0.00    0.00  100.00
01:52:42 PM   29    0.00    0.00    0.00    0.00    0.00    0.00    0.00    0.00    0.00  100.00
01:52:42 PM   30    0.00    0.00    0.00    0.00    0.00    0.00    0.00    0.00    0.00  100.00
01:52:42 PM   31    0.00    0.00    0.00    0.00    0.00    0.00    0.00    0.00    0.00  100.00

01:52:42 PM  CPU    %usr   %nice    %sys %iowait    %irq   %soft  %steal  %guest  %gnice   %idle
01:52:43 PM  all    3.57    0.03    0.56    0.06    0.00    0.00    0.00    0.00    0.00   95.78
01:52:43 PM    0    2.02    0.00    1.01    0.00    0.00    0.00    0.00    0.00    0.00   96.97
01:52:43 PM    1    0.00    0.00    0.00    0.00    0.00    0.00    0.00    0.00    0.00  100.00
01:52:43 PM    2    0.99    0.00    2.97    0.00    0.00    0.00    0.00    0.00    0.00   96.04
01:52:43 PM    3    0.00    0.00    0.00    0.00    0.00    0.00    0.00    0.00    0.00  100.00
01:52:43 PM    4    2.00    0.00    2.00    0.00    0.00    0.00    0.00    0.00    0.00   96.00
01:52:43 PM    5    0.00    0.00    0.00    0.00    0.00    0.00    0.00    0.00    0.00  100.00
01:52:43 PM    6    1.98    0.99    0.99    0.00    0.00    0.00    0.00    0.00    0.00   96.04
01:52:43 PM    7    0.00    0.00    0.00    0.00    0.00    0.00    0.00    0.00    0.00  100.00
01:52:43 PM    8   98.02    0.00    0.00    0.99    0.00    0.00    0.00    0.00    0.00    0.99
01:52:43 PM    9    0.00    0.00    0.00    0.00    0.00    0.00    0.00    0.00    0.00  100.00
01:52:43 PM   10    1.01    0.00    8.08    0.00    0.00    0.00    0.00    0.00    0.00   90.91
01:52:43 PM   11    0.00    0.00    0.00    0.00    0.00    0.00    0.00    0.00    0.00  100.00
01:52:43 PM   12    0.00    0.00    0.00    0.00    0.00    0.00    0.00    0.00    0.00  100.00
01:52:43 PM   13    0.00    0.00    0.00    0.00    0.00    0.00    0.00    0.00    0.00  100.00
01:52:43 PM   14    3.03    0.00    2.02    0.00    0.00    0.00    0.00    0.00    0.00   94.95
01:52:43 PM   15    0.00    0.00    0.00    0.00    0.00    0.00    0.00    0.00    0.00  100.00
01:52:43 PM   16    0.00    0.00    1.00    0.00    0.00    0.00    0.00    0.00    0.00   99.00
01:52:43 PM   17    0.99    0.00    0.00    0.99    0.00    0.00    0.00    0.00    0.00   98.02
01:52:43 PM   18    2.02    0.00    0.00    0.00    0.00    0.00    0.00    0.00    0.00   97.98
01:52:43 PM   19    0.00    0.00    0.00    0.00    0.00    0.00    0.00    0.00    0.00  100.00
01:52:43 PM   20    0.00    0.00    0.00    0.00    0.00    0.00    0.00    0.00    0.00  100.00
01:52:43 PM   21    0.00    0.00    0.00    0.00    0.00    0.00    0.00    0.00    0.00  100.00
01:52:43 PM   22    0.00    0.00    0.00    0.00    0.00    0.00    0.00    0.00    0.00  100.00
01:52:43 PM   23    0.99    0.00    0.00    0.00    0.00    0.00    0.00    0.00    0.00   99.01
01:52:43 PM   24    0.00    0.00    0.00    0.00    0.00    0.00    0.00    0.00    0.00  100.00
01:52:43 PM   25    0.00    0.00    0.00    0.00    0.00    0.00    0.00    0.00    0.00  100.00
01:52:43 PM   26    0.00    0.00    0.00    0.00    0.00    0.00    0.00    0.00    0.00  100.00
01:52:43 PM   27    0.00    0.00    0.00    0.00    0.00    0.00    0.00    0.00    0.00  100.00
01:52:43 PM   28    0.00    0.00    0.00    0.00    0.00    0.00    0.00    0.00    0.00  100.00
01:52:43 PM   29    0.00    0.00    0.00    0.00    0.00    0.00    0.00    0.00    0.00  100.00
01:52:43 PM   30    0.00    0.00    0.00    0.00    0.00    0.00    0.00    0.00    0.00  100.00
01:52:43 PM   31    0.00    0.00    0.00    0.00    0.00    0.00    0.00    0.00    0.00  100.00

01:52:43 PM  CPU    %usr   %nice    %sys %iowait    %irq   %soft  %steal  %guest  %gnice   %idle
01:52:44 PM  all    3.54    0.00    0.41    0.00    0.00    0.00    0.00    0.00    0.00   96.05
01:52:44 PM    0    0.00    0.00    0.00    0.00    0.00    0.00    0.00    0.00    0.00  100.00
01:52:44 PM    1    0.00    0.00    0.00    0.00    0.00    0.00    0.00    0.00    0.00  100.00
01:52:44 PM    2    0.00    0.00    0.00    0.00    0.00    0.00    0.00    0.00    0.00  100.00
01:52:44 PM    3    0.00    0.00    0.00    0.00    0.00    0.00    0.00    0.00    0.00  100.00
01:52:44 PM    4    3.00    0.00    2.00    0.00    0.00    0.00    0.00    0.00    0.00   95.00
01:52:44 PM    5    0.00    0.00    0.00    0.00    0.00    0.00    0.00    0.00    0.00  100.00
01:52:44 PM    6    1.01    0.00    3.03    0.00    0.00    0.00    0.00    0.00    0.00   95.96
01:52:44 PM    7    0.00    0.00    0.00    0.00    0.00    0.00    0.00    0.00    0.00  100.00
01:52:44 PM    8   99.00    0.00    1.00    0.00    0.00    0.00    0.00    0.00    0.00    0.00
01:52:44 PM    9    0.00    0.00    0.00    0.00    0.00    0.00    0.00    0.00    0.00  100.00
01:52:44 PM   10    5.00    0.00    5.00    0.00    0.00    0.00    0.00    0.00    0.00   90.00
01:52:44 PM   11    0.99    0.00    0.00    0.00    0.00    0.00    0.00    0.00    0.00   99.01
01:52:44 PM   12    2.97    0.00    0.99    0.00    0.00    0.00    0.00    0.00    0.00   96.04
01:52:44 PM   13    0.00    0.00    0.00    0.00    0.00    0.00    0.00    0.00    0.00  100.00
01:52:44 PM   14    0.00    0.00    0.00    0.00    0.00    0.00    0.00    0.00    0.00  100.00
01:52:44 PM   15    0.00    0.00    0.00    0.00    0.00    0.00    0.00    0.00    0.00  100.00
01:52:44 PM   16    0.00    0.00    0.00    0.00    0.00    0.00    0.00    0.00    0.00  100.00
01:52:44 PM   17    0.00    0.00    0.00    0.00    0.00    0.00    0.00    0.00    0.00  100.00
01:52:44 PM   18    0.00    0.00    0.00    0.00    0.00    0.00    0.00    0.00    0.00  100.00
01:52:44 PM   19    0.00    0.00    0.00    0.00    0.00    0.00    0.00    0.00    0.00  100.00
01:52:44 PM   20    0.00    0.00    0.00    0.00    0.00    0.00    0.00    0.00    0.00  100.00
01:52:44 PM   21    0.00    0.00    0.00    0.00    0.00    0.00    0.00    0.00    0.00  100.00
01:52:44 PM   22    0.00    0.00    0.00    0.00    0.00    0.00    0.00    0.00    0.00  100.00
01:52:44 PM   23    0.00    0.00    0.00    0.00    0.00    0.00    0.00    0.00    0.00  100.00
01:52:44 PM   24    0.00    0.00    0.00    0.00    0.00    0.00    0.00    0.00    0.00  100.00
01:52:44 PM   25    1.01    0.00    0.00    0.00    0.00    0.00    0.00    0.00    0.00   98.99
01:52:44 PM   26    0.00    0.00    0.99    0.00    0.00    0.00    0.00    0.00    0.00   99.01
01:52:44 PM   27    0.00    0.00    0.00    0.00    0.00    0.00    0.00    0.00    0.00  100.00
01:52:44 PM   28    0.00    0.00    0.00    0.00    0.00    0.00    0.00    0.00    0.00  100.00
01:52:44 PM   29    0.00    0.00    0.00    0.00    0.00    0.00    0.00    0.00    0.00  100.00
01:52:44 PM   30    0.00    0.00    0.00    0.00    0.00    0.00    0.00    0.00    0.00  100.00
01:52:44 PM   31    0.00    0.00    0.00    0.00    0.00    0.00    0.00    0.00    0.00  100.00

01:52:44 PM  CPU    %usr   %nice    %sys %iowait    %irq   %soft  %steal  %guest  %gnice   %idle
01:52:45 PM  all    3.72    0.00    0.66    0.00    0.00    0.00    0.00    0.00    0.00   95.62
01:52:45 PM    0    0.00    0.00    0.00    0.00    0.00    0.00    0.00    0.00    0.00  100.00
01:52:45 PM    1    0.00    0.00    0.00    0.00    0.00    0.00    0.00    0.00    0.00  100.00
01:52:45 PM    2    2.97    0.00    1.98    0.00    0.00    0.00    0.00    0.00    0.00   95.05
01:52:45 PM    3    0.00    0.00    0.00    0.00    0.00    0.00    0.00    0.00    0.00  100.00
01:52:45 PM    4    1.00    0.00    3.00    0.00    0.00    0.00    0.00    0.00    0.00   96.00
01:52:45 PM    5    0.00    0.00    0.99    0.00    0.00    0.00    0.00    0.00    0.00   99.01
01:52:45 PM    6    0.00    0.00    1.00    0.00    0.00    0.00    0.00    0.00    0.00   99.00
01:52:45 PM    7    0.00    0.00    0.00    0.00    0.00    0.00    0.00    0.00    0.00  100.00
01:52:45 PM    8  100.00    0.00    0.00    0.00    0.00    0.00    0.00    0.00    0.00    0.00
01:52:45 PM    9    0.99    0.00    0.00    0.00    0.00    0.00    0.00    0.00    0.00   99.01
01:52:45 PM   10    1.00    0.00    7.00    0.00    0.00    0.00    0.00    0.00    0.00   92.00
01:52:45 PM   11    3.00    0.00    2.00    0.00    0.00    0.00    0.00    0.00    0.00   95.00
01:52:45 PM   12    1.01    0.00    3.03    0.00    0.00    0.00    0.00    0.00    0.00   95.96
01:52:45 PM   13    0.00    0.00    0.00    0.00    0.00    0.00    0.00    0.00    0.00  100.00
01:52:45 PM   14    2.00    0.00    2.00    0.00    0.00    0.00    0.00    0.00    0.00   96.00
01:52:45 PM   15    0.00    0.00    0.00    0.00    0.00    0.00    0.00    0.00    0.00  100.00
01:52:45 PM   16    0.99    0.00    0.00    0.00    0.00    0.00    0.00    0.00    0.00   99.01
01:52:45 PM   17    0.00    0.00    0.00    0.00    0.00    0.00    0.00    0.00    0.00  100.00
01:52:45 PM   18    0.99    0.00    0.00    0.00    0.00    0.00    0.00    0.00    0.00   99.01
01:52:45 PM   19    0.00    0.00    0.00    0.00    0.00    0.00    0.00    0.00    0.00  100.00
01:52:45 PM   20    0.00    0.00    0.00    0.00    0.00    0.00    0.00    0.00    0.00  100.00
01:52:45 PM   21    2.02    0.00    0.00    0.00    0.00    0.00    0.00    0.00    0.00   97.98
01:52:45 PM   22    0.00    0.00    0.00    0.00    0.00    0.00    0.00    0.00    0.00  100.00
01:52:45 PM   23    2.00    0.00    0.00    0.00    0.00    0.00    0.00    0.00    0.00   98.00
01:52:45 PM   24    0.00    0.00    0.00    0.00    0.00    0.00    0.00    0.00    0.00  100.00
01:52:45 PM   25    0.99    0.00    0.00    0.00    0.00    0.00    0.00    0.00    0.00   99.01
01:52:45 PM   26    1.00    0.00    0.00    0.00    0.00    0.00    0.00    0.00    0.00   99.00
01:52:45 PM   27    0.00    0.00    0.00    0.00    0.00    0.00    0.00    0.00    0.00  100.00
01:52:45 PM   28    0.00    0.00    0.00    0.00    0.00    0.00    0.00    0.00    0.00  100.00
01:52:45 PM   29    0.00    0.00    0.00    0.00    0.00    0.00    0.00    0.00    0.00  100.00
01:52:45 PM   30    0.00    0.00    0.00    0.00    0.00    0.00    0.00    0.00    0.00  100.00
01:52:45 PM   31    0.00    0.00    0.00    0.00    0.00    0.00    0.00    0.00    0.00  100.00

01:52:45 PM  CPU    %usr   %nice    %sys %iowait    %irq   %soft  %steal  %guest  %gnice   %idle
01:52:46 PM  all    3.57    0.00    0.47    0.00    0.00    0.00    0.00    0.00    0.00   95.96
01:52:46 PM    0    2.00    0.00    2.00    0.00    0.00    0.00    0.00    0.00    0.00   96.00
01:52:46 PM    1    0.00    0.00    0.00    0.00    0.00    0.00    0.00    0.00    0.00  100.00
01:52:46 PM    2    2.02    0.00    1.01    0.00    0.00    0.00    0.00    0.00    0.00   96.97
01:52:46 PM    3    0.00    0.00    0.00    0.00    0.00    0.00    0.00    0.00    0.00  100.00
01:52:46 PM    4    1.02    0.00    2.04    0.00    0.00    0.00    0.00    0.00    0.00   96.94
01:52:46 PM    5    0.00    0.00    0.00    0.00    0.00    0.00    0.00    0.00    0.00  100.00
01:52:46 PM    6    0.00    0.00    1.00    0.00    0.00    0.00    0.00    0.00    0.00   99.00
01:52:46 PM    7    0.00    0.00    0.00    0.00    0.00    0.00    0.00    0.00    0.00  100.00
01:52:46 PM    8   88.00    0.00    3.00    0.00    0.00    0.00    0.00    0.00    0.00    9.00
01:52:46 PM    9    0.00    0.00    0.00    0.00    0.00    0.00    0.00    0.00    0.00  100.00
01:52:46 PM   10   14.85    0.00    3.96    0.00    0.00    0.00    0.00    0.00    0.00   81.19
01:52:46 PM   11    0.00    0.00    0.00    0.00    0.00    0.00    0.00    0.00    0.00  100.00
01:52:46 PM   12    2.00    0.00    1.00    0.00    0.00    0.00    0.00    0.00    0.00   97.00
01:52:46 PM   13    0.00    0.00    0.00    0.00    0.00    0.00    0.00    0.00    0.00  100.00
01:52:46 PM   14    2.02    0.00    0.00    0.00    0.00    0.00    0.00    0.00    0.00   97.98
01:52:46 PM   15    1.00    0.00    0.00    0.00    0.00    0.00    0.00    0.00    0.00   99.00
01:52:46 PM   16    0.00    0.00    0.00    0.00    0.00    0.00    0.00    0.00    0.00  100.00
01:52:46 PM   17    1.00    0.00    0.00    0.00    0.00    0.00    0.00    0.00    0.00   99.00
01:52:46 PM   18    0.00    0.00    0.00    0.00    0.00    0.00    0.00    0.00    0.00  100.00
01:52:46 PM   19    0.00    0.00    0.99    0.00    0.00    0.00    0.00    0.00    0.00   99.01
01:52:46 PM   20    0.00    0.00    0.00    0.00    0.00    0.00    0.00    0.00    0.00  100.00
01:52:46 PM   21    0.00    0.00    0.00    0.00    0.00    0.00    0.00    0.00    0.00  100.00
01:52:46 PM   22    0.00    0.00    0.00    0.00    0.00    0.00    0.00    0.00    0.00  100.00
01:52:46 PM   23    0.00    0.00    0.00    0.00    0.00    0.00    0.00    0.00    0.00  100.00
01:52:46 PM   24    0.00    0.00    0.00    0.00    0.00    0.00    0.00    0.00    0.00  100.00
01:52:46 PM   25    0.00    0.00    0.00    0.00    0.00    0.00    0.00    0.00    0.00  100.00
01:52:46 PM   26    0.00    0.00    0.00    0.00    0.00    0.00    0.00    0.00    0.00  100.00
01:52:46 PM   27    0.00    0.00    0.00    0.00    0.00    0.00    0.00    0.00    0.00  100.00
01:52:46 PM   28    0.00    0.00    0.00    0.00    0.00    0.00    0.00    0.00    0.00  100.00
01:52:46 PM   29    0.00    0.00    0.00    0.00    0.00    0.00    0.00    0.00    0.00  100.00
01:52:46 PM   30    0.00    0.00    0.00    0.00    0.00    0.00    0.00    0.00    0.00  100.00
01:52:46 PM   31    0.00    0.00    0.00    0.00    0.00    0.00    0.00    0.00    0.00  100.00

01:52:46 PM  CPU    %usr   %nice    %sys %iowait    %irq   %soft  %steal  %guest  %gnice   %idle
01:52:47 PM  all    3.63    0.00    0.38    0.00    0.00    0.00    0.00    0.00    0.00   95.99
01:52:47 PM    0    0.00    0.00    0.00    0.00    0.00    0.00    0.00    0.00    0.00  100.00
01:52:47 PM    1    0.00    0.00    0.00    0.00    0.00    0.00    0.00    0.00    0.00  100.00
01:52:47 PM    2    2.00    0.00    1.00    0.00    0.00    0.00    0.00    0.00    0.00   97.00
01:52:47 PM    3    0.00    0.00    0.00    0.00    0.00    0.00    0.00    0.00    0.00  100.00
01:52:47 PM    4    2.00    0.00    1.00    0.00    0.00    0.00    0.00    0.00    0.00   97.00
01:52:47 PM    5    0.00    0.00    0.00    0.00    0.00    0.00    0.00    0.00    0.00  100.00
01:52:47 PM    6    0.00    0.00    2.02    0.00    0.00    0.00    0.00    0.00    0.00   97.98
01:52:47 PM    7    0.00    0.00    0.00    0.00    0.00    0.00    0.00    0.00    0.00  100.00
01:52:47 PM    8   10.00    0.00    3.00    0.00    0.00    0.00    0.00    0.00    0.00   87.00
01:52:47 PM    9    1.01    0.00    0.00    0.00    0.00    0.00    0.00    0.00    0.00   98.99
01:52:47 PM   10   89.90    0.00    0.00    0.00    0.00    0.00    0.00    0.00    0.00   10.10
01:52:47 PM   11    0.00    0.00    0.00    0.00    0.00    0.00    0.00    0.00    0.00  100.00
01:52:47 PM   12    3.00    0.00    2.00    0.00    0.00    0.00    0.00    0.00    0.00   95.00
01:52:47 PM   13    0.99    0.00    0.00    0.00    0.00    0.00    0.00    0.00    0.00   99.01
01:52:47 PM   14    0.00    0.00    0.99    0.00    0.00    0.00    0.00    0.00    0.00   99.01
01:52:47 PM   15    0.00    0.00    0.00    0.00    0.00    0.00    0.00    0.00    0.00  100.00
01:52:47 PM   16    0.00    0.00    0.00    0.00    0.00    0.00    0.00    0.00    0.00  100.00
01:52:47 PM   17    0.00    0.00    2.02    0.00    0.00    0.00    0.00    0.00    0.00   97.98
01:52:47 PM   18    1.00    0.00    0.00    0.00    0.00    0.00    0.00    0.00    0.00   99.00
01:52:47 PM   19    0.00    0.00    0.00    0.00    0.00    0.00    0.00    0.00    0.00  100.00
01:52:47 PM   20    0.00    0.00    0.00    0.00    0.00    0.00    0.00    0.00    0.00  100.00
01:52:47 PM   21    0.00    0.00    0.00    0.00    0.00    0.00    0.00    0.00    0.00  100.00
01:52:47 PM   22    0.99    0.00    0.00    0.00    0.00    0.00    0.00    0.00    0.00   99.01
01:52:47 PM   23    5.00    0.00    0.00    0.00    0.00    0.00    0.00    0.00    0.00   95.00
01:52:47 PM   24    0.00    0.00    0.00    0.00    0.00    0.00    0.00    0.00    0.00  100.00
01:52:47 PM   25    1.00    0.00    0.00    0.00    0.00    0.00    0.00    0.00    0.00   99.00
01:52:47 PM   26    0.00    0.00    0.00    0.00    0.00    0.00    0.00    0.00    0.00  100.00
01:52:47 PM   27    0.00    0.00    0.00    0.00    0.00    0.00    0.00    0.00    0.00  100.00
01:52:47 PM   28    0.00    0.00    0.00    0.00    0.00    0.00    0.00    0.00    0.00  100.00
01:52:47 PM   29    0.00    0.00    0.00    0.00    0.00    0.00    0.00    0.00    0.00  100.00
01:52:47 PM   30    0.00    0.00    0.00    0.00    0.00    0.00    0.00    0.00    0.00  100.00
01:52:47 PM   31    0.00    0.00    0.00    0.00    0.00    0.00    0.00    0.00    0.00  100.00

01:52:47 PM  CPU    %usr   %nice    %sys %iowait    %irq   %soft  %steal  %guest  %gnice   %idle
01:52:48 PM  all    3.72    0.03    0.53    0.03    0.00    0.00    0.00    0.00    0.00   95.69
01:52:48 PM    0    0.00    0.00    0.00    0.00    0.00    0.00    0.00    0.00    0.00  100.00
01:52:48 PM    1    0.00    0.00    0.00    0.00    0.00    0.00    0.00    0.00    0.00  100.00
01:52:48 PM    2    5.05    0.00    1.01    0.00    0.00    0.00    0.00    0.00    0.00   93.94
01:52:48 PM    3    0.00    0.00    0.00    0.00    0.00    0.00    0.00    0.00    0.00  100.00
01:52:48 PM    4    0.98    0.00    1.96    0.00    0.00    0.00    0.00    0.00    0.00   97.06
01:52:48 PM    5    0.00    0.00    0.00    0.00    0.00    0.00    0.00    0.00    0.00  100.00
01:52:48 PM    6    1.98    0.99    1.98    0.00    0.00    0.00    0.00    0.00    0.00   95.05
01:52:48 PM    7    1.98    0.00    0.99    0.00    0.00    0.00    0.00    0.00    0.00   97.03
01:52:48 PM    8    3.00    0.00    5.00    0.00    0.00    0.00    0.00    0.00    0.00   92.00
01:52:48 PM    9    1.00    0.00    0.00    0.00    0.00    0.00    0.00    0.00    0.00   99.00
01:52:48 PM   10   91.09    0.00    0.99    0.99    0.00    0.00    0.00    0.00    0.00    6.93
01:52:48 PM   11    2.00    0.00    1.00    0.00    0.00    0.00    0.00    0.00    0.00   97.00
01:52:48 PM   12    1.00    0.00    3.00    0.00    0.00    0.00    0.00    0.00    0.00   96.00
01:52:48 PM   13    0.00    0.00    0.00    0.00    0.00    0.00    0.00    0.00    0.00  100.00
01:52:48 PM   14    0.00    0.00    0.00    0.00    0.00    0.00    0.00    0.00    0.00  100.00
01:52:48 PM   15    0.00    0.00    0.00    0.00    0.00    0.00    0.00    0.00    0.00  100.00
01:52:48 PM   16    0.00    0.00    0.00    0.00    0.00    0.00    0.00    0.00    0.00  100.00
01:52:48 PM   17    0.00    0.00    0.00    0.00    0.00    0.00    0.00    0.00    0.00  100.00
01:52:48 PM   18    0.00    0.00    0.00    0.00    0.00    0.00    0.00    0.00    0.00  100.00
01:52:48 PM   19    0.99    0.00    0.00    0.00    0.00    0.00    0.00    0.00    0.00   99.01
01:52:48 PM   20    0.99    0.00    0.00    0.00    0.00    0.00    0.00    0.00    0.00   99.01
01:52:48 PM   21    3.96    0.00    0.99    0.00    0.00    0.00    0.00    0.00    0.00   95.05
01:52:48 PM   22    0.00    0.00    0.00    0.00    0.00    0.00    0.00    0.00    0.00  100.00
01:52:48 PM   23    1.00    0.00    0.00    0.00    0.00    0.00    0.00    0.00    0.00   99.00
01:52:48 PM   24    2.00    0.00    0.00    0.00    0.00    0.00    0.00    0.00    0.00   98.00
01:52:48 PM   25    0.00    0.00    0.00    0.00    0.00    0.00    0.00    0.00    0.00  100.00
01:52:48 PM   26    0.00    0.00    0.00    0.00    0.00    0.00    0.00    0.00    0.00  100.00
01:52:48 PM   27    0.00    0.00    0.00    0.00    0.00    0.00    0.00    0.00    0.00  100.00
01:52:48 PM   28    0.00    0.00    0.00    0.00    0.00    0.00    0.00    0.00    0.00  100.00
01:52:48 PM   29    0.99    0.00    0.00    0.00    0.00    0.00    0.00    0.00    0.00   99.01
01:52:48 PM   30    0.00    0.00    0.00    0.00    0.00    0.00    0.00    0.00    0.00  100.00
01:52:48 PM   31    0.00    0.00    0.00    0.00    0.00    0.00    0.00    0.00    0.00  100.00

01:52:48 PM  CPU    %usr   %nice    %sys %iowait    %irq   %soft  %steal  %guest  %gnice   %idle
01:52:49 PM  all    1.03    0.00    2.25    0.00    0.00    0.00    0.00    0.00    0.00   96.71
01:52:49 PM    0    0.00    0.00    0.00    0.00    0.00    0.00    0.00    0.00    0.00  100.00
01:52:49 PM    1    0.00    0.00    0.00    0.00    0.00    0.00    0.00    0.00    0.00  100.00
01:52:49 PM    2    0.00    0.00    0.00    0.00    0.00    0.00    0.00    0.00    0.00  100.00
01:52:49 PM    3    0.00    0.00    0.00    0.00    0.00    0.00    0.00    0.00    0.00  100.00
01:52:49 PM    4    0.00    0.00    0.00    0.00    0.00    0.00    0.00    0.00    0.00  100.00
01:52:49 PM    5    0.00    0.00    0.00    0.00    0.00    0.00    0.00    0.00    0.00  100.00
01:52:49 PM    6    0.00    0.00    0.99    0.00    0.00    0.00    0.00    0.00    0.00   99.01
01:52:49 PM    7    0.00    0.00    0.00    0.00    0.00    0.00    0.00    0.00    0.00  100.00
01:52:49 PM    8    0.00    0.00    4.04    0.00    0.00    0.00    0.00    0.00    0.00   95.96
01:52:49 PM    9    0.00    0.00    0.00    0.00    0.00    0.00    0.00    0.00    0.00  100.00
01:52:49 PM   10   33.00    0.00   67.00    0.00    0.00    0.00    0.00    0.00    0.00    0.00
01:52:49 PM   11    0.00    0.00    0.00    0.00    0.00    0.00    0.00    0.00    0.00  100.00
01:52:49 PM   12    0.00    0.00    0.00    0.00    0.00    0.00    0.00    0.00    0.00  100.00
01:52:49 PM   13    0.00    0.00    0.00    0.00    0.00    0.00    0.00    0.00    0.00  100.00
01:52:49 PM   14    0.00    0.00    0.00    0.00    0.00    0.00    0.00    0.00    0.00  100.00
01:52:49 PM   15    0.00    0.00    0.00    0.00    0.00    0.00    0.00    0.00    0.00  100.00
01:52:49 PM   16    0.00    0.00    0.00    0.00    0.00    0.00    0.00    0.00    0.00  100.00
01:52:49 PM   17    0.00    0.00    0.00    0.00    0.00    0.00    0.00    0.00    0.00  100.00
01:52:49 PM   18    0.00    0.00    0.00    0.00    0.00    0.00    0.00    0.00    0.00  100.00
01:52:49 PM   19    0.00    0.00    0.00    0.00    0.00    0.00    0.00    0.00    0.00  100.00
01:52:49 PM   20    0.00    0.00    0.00    0.00    0.00    0.00    0.00    0.00    0.00  100.00
01:52:49 PM   21    0.00    0.00    0.00    0.00    0.00    0.00    0.00    0.00    0.00  100.00
01:52:49 PM   22    0.00    0.00    0.00    0.00    0.00    0.00    0.00    0.00    0.00  100.00
01:52:49 PM   23    0.00    0.00    0.00    0.00    0.00    0.00    0.00    0.00    0.00  100.00
01:52:49 PM   24    0.00    0.00    0.00    0.00    0.00    0.00    0.00    0.00    0.00  100.00
01:52:49 PM   25    0.00    0.00    0.00    0.00    0.00    0.00    0.00    0.00    0.00  100.00
01:52:49 PM   26    0.00    0.00    0.00    0.00    0.00    0.00    0.00    0.00    0.00  100.00
01:52:49 PM   27    0.00    0.00    0.00    0.00    0.00    0.00    0.00    0.00    0.00  100.00
01:52:49 PM   28    0.00    0.00    0.00    0.00    0.00    0.00    0.00    0.00    0.00  100.00
01:52:49 PM   29    0.00    0.00    0.00    0.00    0.00    0.00    0.00    0.00    0.00  100.00
01:52:49 PM   30    0.00    0.00    0.00    0.00    0.00    0.00    0.00    0.00    0.00  100.00
01:52:49 PM   31    0.00    0.00    0.00    0.00    0.00    0.00    0.00    0.00    0.00  100.00

01:52:49 PM  CPU    %usr   %nice    %sys %iowait    %irq   %soft  %steal  %guest  %gnice   %idle
01:52:50 PM  all    0.94    0.00    1.06    2.69    0.00    0.00    0.00    0.00    0.00   95.31
01:52:50 PM    0    0.00    0.00    0.00    0.00    0.00    0.00    0.00    0.00    0.00  100.00
01:52:50 PM    1    0.00    0.00    0.00    0.00    0.00    0.00    0.00    0.00    0.00  100.00
01:52:50 PM    2    0.00    0.00    0.00    0.00    0.00    0.00    0.00    0.00    0.00  100.00
01:52:50 PM    3    0.00    0.00    0.00    0.00    0.00    0.00    0.00    0.00    0.00  100.00
01:52:50 PM    4    0.00    0.00    0.00    0.00    0.00    0.00    0.00    0.00    0.00  100.00
01:52:50 PM    5    0.00    0.00    0.00    0.00    0.00    0.00    0.00    0.00    0.00  100.00
01:52:50 PM    6    0.00    0.00    0.00    0.00    0.00    0.00    0.00    0.00    0.00  100.00
01:52:50 PM    7    0.00    0.00    0.00    0.00    0.00    0.00    0.00    0.00    0.00  100.00
01:52:50 PM    8    0.00    0.00    3.06   37.76    0.00    0.00    0.00    0.00    0.00   59.18
01:52:50 PM    9    0.00    0.00    0.98    3.92    0.00    0.00    0.00    0.00    0.00   95.10
01:52:50 PM   10   30.30    0.00   28.28    0.00    0.00    0.00    0.00    0.00    0.00   41.41
01:52:50 PM   11    0.00    0.00    1.00    0.00    0.00    0.00    0.00    0.00    0.00   99.00
01:52:50 PM   12    0.00    0.00    0.00    0.00    0.00    0.00    0.00    0.00    0.00  100.00
01:52:50 PM   13    0.00    0.00    0.00    0.00    0.00    0.00    0.00    0.00    0.00  100.00
01:52:50 PM   14    0.00    0.00    0.00    0.00    0.00    0.00    0.00    0.00    0.00  100.00
01:52:50 PM   15    0.00    0.00    0.00    0.00    0.00    0.00    0.00    0.00    0.00  100.00
01:52:50 PM   16    0.00    0.00    0.00   43.56    0.00    0.00    0.00    0.00    0.00   56.44
01:52:50 PM   17    0.00    0.00    0.00    0.00    0.00    0.00    0.00    0.00    0.00  100.00
01:52:50 PM   18    0.00    0.00    0.00    0.00    0.00    0.00    0.00    0.00    0.00  100.00
01:52:50 PM   19    0.00    0.00    0.00    0.00    0.00    0.00    0.00    0.00    0.00  100.00
01:52:50 PM   20    0.00    0.00    0.00    0.99    0.00    0.00    0.00    0.00    0.00   99.01
01:52:50 PM   21    0.00    0.00    0.00    0.00    0.00    0.00    0.00    0.00    0.00  100.00
01:52:50 PM   22    0.00    0.00    0.00    0.00    0.00    0.00    0.00    0.00    0.00  100.00
01:52:50 PM   23    0.00    0.00    0.00    0.00    0.00    0.00    0.00    0.00    0.00  100.00
01:52:50 PM   24    0.00    0.00    0.00    0.00    0.00    0.00    0.00    0.00    0.00  100.00
01:52:50 PM   25    0.00    0.00    1.00    0.00    0.00    0.00    0.00    0.00    0.00   99.00
01:52:50 PM   26    0.00    0.00    0.00    0.00    0.00    0.00    0.00    0.00    0.00  100.00
01:52:50 PM   27    0.00    0.00    0.00    0.00    0.00    0.00    0.00    0.00    0.00  100.00
01:52:50 PM   28    0.00    0.00    0.00    0.00    0.00    0.00    0.00    0.00    0.00  100.00
01:52:50 PM   29    0.00    0.00    0.00    0.00    0.00    0.00    0.00    0.00    0.00  100.00
01:52:50 PM   30    0.00    0.00    0.00    0.00    0.00    0.00    0.00    0.00    0.00  100.00
01:52:50 PM   31    0.00    0.00    0.00    0.00    0.00    0.00    0.00    0.00    0.00  100.00

01:52:50 PM  CPU    %usr   %nice    %sys %iowait    %irq   %soft  %steal  %guest  %gnice   %idle
01:52:51 PM  all    0.03    0.00    0.22    7.36    0.00    0.00    0.00    0.00    0.00   92.39
01:52:51 PM    0    0.00    0.00    0.00   76.77    0.00    0.00    0.00    0.00    0.00   23.23
01:52:51 PM    1    0.00    0.00    0.00    0.00    0.00    0.00    0.00    0.00    0.00  100.00
01:52:51 PM    2    0.00    0.00    0.00    0.00    0.00    0.00    0.00    0.00    0.00  100.00
01:52:51 PM    3    0.00    0.00    0.00   15.00    0.00    0.00    0.00    0.00    0.00   85.00
01:52:51 PM    4    0.00    0.00    0.00    0.00    0.00    0.00    0.00    0.00    0.00  100.00
01:52:51 PM    5    0.00    0.00    0.00    0.00    0.00    0.00    0.00    0.00    0.00  100.00
01:52:51 PM    6    0.00    0.00    0.00    0.00    0.00    0.00    0.00    0.00    0.00  100.00
01:52:51 PM    7    0.00    0.00    0.00    0.00    0.00    0.00    0.00    0.00    0.00  100.00
01:52:51 PM    8    1.00    0.00    4.00    1.00    0.00    0.00    0.00    0.00    0.00   94.00
01:52:51 PM    9    0.00    0.00    0.00   25.00    0.00    0.00    0.00    0.00    0.00   75.00
01:52:51 PM   10    0.00    0.00    1.04   98.96    0.00    0.00    0.00    0.00    0.00    0.00
01:52:51 PM   11    0.00    0.00    0.00    0.00    0.00    0.00    0.00    0.00    0.00  100.00
01:52:51 PM   12    0.00    0.00    1.00    0.00    0.00    0.00    0.00    0.00    0.00   99.00
01:52:51 PM   13    0.00    0.00    0.99    0.00    0.00    0.00    0.00    0.00    0.00   99.01
01:52:51 PM   14    0.00    0.00    0.00    0.00    0.00    0.00    0.00    0.00    0.00  100.00
01:52:51 PM   15    0.00    0.00    0.00    0.00    0.00    0.00    0.00    0.00    0.00  100.00
01:52:51 PM   16    0.00    0.00    0.00   23.23    0.00    0.00    0.00    0.00    0.00   76.77
01:52:51 PM   17    0.00    0.00    0.00    0.00    0.00    0.00    0.00    0.00    0.00  100.00
01:52:51 PM   18    0.00    0.00    0.00    0.00    0.00    0.00    0.00    0.00    0.00  100.00
01:52:51 PM   19    0.00    0.00    0.00    0.00    0.00    0.00    0.00    0.00    0.00  100.00
01:52:51 PM   20    0.00    0.00    0.00    0.00    0.00    0.00    0.00    0.00    0.00  100.00
01:52:51 PM   21    0.00    0.00    0.00    0.00    0.00    0.00    0.00    0.00    0.00  100.00
01:52:51 PM   22    0.00    0.00    0.00    0.00    0.00    0.00    0.00    0.00    0.00  100.00
01:52:51 PM   23    0.00    0.00    0.00    0.00    0.00    0.00    0.00    0.00    0.00  100.00
01:52:51 PM   24    0.00    0.00    0.00    0.00    0.00    0.00    0.00    0.00    0.00  100.00
01:52:51 PM   25    0.00    0.00    0.00    0.00    0.00    0.00    0.00    0.00    0.00  100.00
01:52:51 PM   26    0.00    0.00    0.00    0.00    0.00    0.00    0.00    0.00    0.00  100.00
01:52:51 PM   27    0.00    0.00    0.00    0.00    0.00    0.00    0.00    0.00    0.00  100.00
01:52:51 PM   28    0.00    0.00    0.00    0.00    0.00    0.00    0.00    0.00    0.00  100.00
01:52:51 PM   29    0.00    0.00    0.00    0.00    0.00    0.00    0.00    0.00    0.00  100.00
01:52:51 PM   30    0.00    0.00    0.00    0.00    0.00    0.00    0.00    0.00    0.00  100.00
01:52:51 PM   31    0.00    0.00    0.00    0.00    0.00    0.00    0.00    0.00    0.00  100.00

01:52:51 PM  CPU    %usr   %nice    %sys %iowait    %irq   %soft  %steal  %guest  %gnice   %idle
01:52:52 PM  all    0.00    0.03    0.16    6.61    0.00    0.00    0.00    0.00    0.00   93.20
01:52:52 PM    0    0.00    0.00    0.00  100.00    0.00    0.00    0.00    0.00    0.00    0.00
01:52:52 PM    1    0.00    0.00    0.00    0.00    0.00    0.00    0.00    0.00    0.00  100.00
01:52:52 PM    2    0.00    0.00    0.00   83.51    0.00    0.00    0.00    0.00    0.00   16.49
01:52:52 PM    3    0.00    0.00    0.00    0.00    0.00    0.00    0.00    0.00    0.00  100.00
01:52:52 PM    4    0.00    0.00    0.00    0.00    0.00    0.00    0.00    0.00    0.00  100.00
01:52:52 PM    5    0.00    0.00    0.00    0.00    0.00    0.00    0.00    0.00    0.00  100.00
01:52:52 PM    6    0.00    0.00    0.00    0.00    0.00    0.00    0.00    0.00    0.00  100.00
01:52:52 PM    7    0.00    0.00    0.00    0.00    0.00    0.00    0.00    0.00    0.00  100.00
01:52:52 PM    8    0.00    0.00    3.03    0.00    0.00    0.00    0.00    0.00    0.00   96.97
01:52:52 PM    9    0.00    0.00    0.00   16.00    0.00    0.00    0.00    0.00    0.00   84.00
01:52:52 PM   10    0.00    1.01    0.00   15.15    0.00    0.00    0.00    0.00    0.00   83.84
01:52:52 PM   11    0.00    0.00    1.00    0.00    0.00    0.00    0.00    0.00    0.00   99.00
01:52:52 PM   12    0.00    0.00    1.00    0.00    0.00    0.00    0.00    0.00    0.00   99.00
01:52:52 PM   13    0.00    0.00    0.00    0.00    0.00    0.00    0.00    0.00    0.00  100.00
01:52:52 PM   14    0.00    0.00    0.00    0.00    0.00    0.00    0.00    0.00    0.00  100.00
01:52:52 PM   15    0.00    0.00    0.00    0.00    0.00    0.00    0.00    0.00    0.00  100.00
01:52:52 PM   16    0.00    0.00    0.00    0.00    0.00    0.00    0.00    0.00    0.00  100.00
01:52:52 PM   17    0.00    0.00    0.00    0.00    0.00    0.00    0.00    0.00    0.00  100.00
01:52:52 PM   18    0.00    0.00    0.00    0.00    0.00    0.00    0.00    0.00    0.00  100.00
01:52:52 PM   19    0.00    0.00    0.00    0.00    0.00    0.00    0.00    0.00    0.00  100.00
01:52:52 PM   20    0.00    0.00    0.00    0.00    0.00    0.00    0.00    0.00    0.00  100.00
01:52:52 PM   21    0.00    0.00    0.00    0.00    0.00    0.00    0.00    0.00    0.00  100.00
01:52:52 PM   22    0.00    0.00    0.00    0.00    0.00    0.00    0.00    0.00    0.00  100.00
01:52:52 PM   23    0.00    0.00    0.00    0.00    0.00    0.00    0.00    0.00    0.00  100.00
01:52:52 PM   24    0.00    0.00    0.00    0.00    0.00    0.00    0.00    0.00    0.00  100.00
01:52:52 PM   25    0.00    0.00    0.00    0.00    0.00    0.00    0.00    0.00    0.00  100.00
01:52:52 PM   26    0.00    0.00    0.00    0.00    0.00    0.00    0.00    0.00    0.00  100.00
01:52:52 PM   27    0.00    0.00    0.00    0.00    0.00    0.00    0.00    0.00    0.00  100.00
01:52:52 PM   28    0.00    0.00    0.00    0.00    0.00    0.00    0.00    0.00    0.00  100.00
01:52:52 PM   29    0.00    0.00    0.00    0.00    0.00    0.00    0.00    0.00    0.00  100.00
01:52:52 PM   30    0.00    0.00    0.00    0.00    0.00    0.00    0.00    0.00    0.00  100.00
01:52:52 PM   31    0.00    0.00    0.00    0.00    0.00    0.00    0.00    0.00    0.00  100.00

01:52:52 PM  CPU    %usr   %nice    %sys %iowait    %irq   %soft  %steal  %guest  %gnice   %idle
01:52:53 PM  all    0.00    0.00    0.09    7.42    0.00    0.00    0.00    0.00    0.00   92.49
01:52:53 PM    0    0.00    0.00    0.00  100.00    0.00    0.00    0.00    0.00    0.00    0.00
01:52:53 PM    1    0.00    0.00    0.00    0.00    0.00    0.00    0.00    0.00    0.00  100.00
01:52:53 PM    2    0.00    0.00    1.01   98.99    0.00    0.00    0.00    0.00    0.00    0.00
01:52:53 PM    3    0.00    0.00    0.00    0.00    0.00    0.00    0.00    0.00    0.00  100.00
01:52:53 PM    4    0.00    0.00    0.00    0.00    0.00    0.00    0.00    0.00    0.00  100.00
01:52:53 PM    5    0.00    0.00    0.00    0.00    0.00    0.00    0.00    0.00    0.00  100.00
01:52:53 PM    6    0.00    0.00    0.00    0.00    0.00    0.00    0.00    0.00    0.00  100.00
01:52:53 PM    7    0.00    0.00    0.00    0.00    0.00    0.00    0.00    0.00    0.00  100.00
01:52:53 PM    8    0.00    0.00    1.00    0.00    0.00    0.00    0.00    0.00    0.00   99.00
01:52:53 PM    9    0.00    0.00    0.00   39.00    0.00    0.00    0.00    0.00    0.00   61.00
01:52:53 PM   10    0.00    0.00    0.00    0.00    0.00    0.00    0.00    0.00    0.00  100.00
01:52:53 PM   11    0.00    0.00    0.00    0.00    0.00    0.00    0.00    0.00    0.00  100.00
01:52:53 PM   12    0.00    0.00    1.00    0.00    0.00    0.00    0.00    0.00    0.00   99.00
01:52:53 PM   13    0.00    0.00    0.00    0.00    0.00    0.00    0.00    0.00    0.00  100.00
01:52:53 PM   14    0.00    0.00    0.00    0.00    0.00    0.00    0.00    0.00    0.00  100.00
01:52:53 PM   15    0.00    0.00    0.00    0.00    0.00    0.00    0.00    0.00    0.00  100.00
01:52:53 PM   16    0.00    0.00    0.00    0.00    0.00    0.00    0.00    0.00    0.00  100.00
01:52:53 PM   17    0.00    0.00    0.00    0.00    0.00    0.00    0.00    0.00    0.00  100.00
01:52:53 PM   18    0.00    0.00    0.00    0.00    0.00    0.00    0.00    0.00    0.00  100.00
01:52:53 PM   19    0.00    0.00    0.00    0.00    0.00    0.00    0.00    0.00    0.00  100.00
01:52:53 PM   20    0.00    0.00    0.00    0.00    0.00    0.00    0.00    0.00    0.00  100.00
01:52:53 PM   21    0.00    0.00    0.00    0.00    0.00    0.00    0.00    0.00    0.00  100.00
01:52:53 PM   22    0.00    0.00    0.00    0.00    0.00    0.00    0.00    0.00    0.00  100.00
01:52:53 PM   23    0.00    0.00    0.00    0.00    0.00    0.00    0.00    0.00    0.00  100.00
01:52:53 PM   24    0.00    0.00    0.00    0.00    0.00    0.00    0.00    0.00    0.00  100.00
01:52:53 PM   25    0.00    0.00    0.00    0.00    0.00    0.00    0.00    0.00    0.00  100.00
01:52:53 PM   26    0.00    0.00    0.00    0.00    0.00    0.00    0.00    0.00    0.00  100.00
01:52:53 PM   27    0.00    0.00    0.00    0.00    0.00    0.00    0.00    0.00    0.00  100.00
01:52:53 PM   28    0.00    0.00    0.00    0.00    0.00    0.00    0.00    0.00    0.00  100.00
01:52:53 PM   29    0.00    0.00    0.00    0.00    0.00    0.00    0.00    0.00    0.00  100.00
01:52:53 PM   30    0.00    0.00    0.00    0.00    0.00    0.00    0.00    0.00    0.00  100.00
01:52:53 PM   31    0.00    0.00    0.00    0.00    0.00    0.00    0.00    0.00    0.00  100.00

01:52:53 PM  CPU    %usr   %nice    %sys %iowait    %irq   %soft  %steal  %guest  %gnice   %idle
01:52:54 PM  all    0.06    0.00    0.19    8.40    0.00    0.00    0.00    0.00    0.00   91.35
01:52:54 PM    0    0.00    0.00    0.00  100.00    0.00    0.00    0.00    0.00    0.00    0.00
01:52:54 PM    1    0.00    0.00    0.00    0.00    0.00    0.00    0.00    0.00    0.00  100.00
01:52:54 PM    2    0.00    0.00    0.00  100.00    0.00    0.00    0.00    0.00    0.00    0.00
01:52:54 PM    3    0.00    0.00    0.00    0.00    0.00    0.00    0.00    0.00    0.00  100.00
01:52:54 PM    4    0.00    0.00    0.00    0.00    0.00    0.00    0.00    0.00    0.00  100.00
01:52:54 PM    5    0.00    0.00    0.00    0.00    0.00    0.00    0.00    0.00    0.00  100.00
01:52:54 PM    6    0.00    0.00    0.00    0.00    0.00    0.00    0.00    0.00    0.00  100.00
01:52:54 PM    7    0.00    0.00    0.00    0.00    0.00    0.00    0.00    0.00    0.00  100.00
01:52:54 PM    8    1.01    0.00    3.03    0.00    0.00    0.00    0.00    0.00    0.00   95.96
01:52:54 PM    9    0.00    0.00    0.00   72.73    0.00    0.00    0.00    0.00    0.00   27.27
01:52:54 PM   10    0.00    0.00    0.00    0.00    0.00    0.00    0.00    0.00    0.00  100.00
01:52:54 PM   11    0.00    0.00    0.00    0.00    0.00    0.00    0.00    0.00    0.00  100.00
01:52:54 PM   12    1.00    0.00    3.00    0.00    0.00    0.00    0.00    0.00    0.00   96.00
01:52:54 PM   13    0.00    0.00    0.00    0.00    0.00    0.00    0.00    0.00    0.00  100.00
01:52:54 PM   14    0.00    0.00    0.00    0.00    0.00    0.00    0.00    0.00    0.00  100.00
01:52:54 PM   15    0.00    0.00    0.00    0.00    0.00    0.00    0.00    0.00    0.00  100.00
01:52:54 PM   16    0.00    0.00    0.00    0.00    0.00    0.00    0.00    0.00    0.00  100.00
01:52:54 PM   17    0.00    0.00    0.00    0.00    0.00    0.00    0.00    0.00    0.00  100.00
01:52:54 PM   18    0.00    0.00    0.00    0.00    0.00    0.00    0.00    0.00    0.00  100.00
01:52:54 PM   19    0.00    0.00    0.00    0.00    0.00    0.00    0.00    0.00    0.00  100.00
01:52:54 PM   20    0.00    0.00    0.00    0.00    0.00    0.00    0.00    0.00    0.00  100.00
01:52:54 PM   21    0.00    0.00    0.00    0.00    0.00    0.00    0.00    0.00    0.00  100.00
01:52:54 PM   22    0.00    0.00    0.00    0.00    0.00    0.00    0.00    0.00    0.00  100.00
01:52:54 PM   23    0.00    0.00    0.00    0.00    0.00    0.00    0.00    0.00    0.00  100.00
01:52:54 PM   24    0.00    0.00    0.00    0.00    0.00    0.00    0.00    0.00    0.00  100.00
01:52:54 PM   25    0.00    0.00    0.00    0.00    0.00    0.00    0.00    0.00    0.00  100.00
01:52:54 PM   26    0.00    0.00    0.00    0.00    0.00    0.00    0.00    0.00    0.00  100.00
01:52:54 PM   27    0.00    0.00    0.00    0.00    0.00    0.00    0.00    0.00    0.00  100.00
01:52:54 PM   28    0.00    0.00    0.00    0.00    0.00    0.00    0.00    0.00    0.00  100.00
01:52:54 PM   29    0.00    0.00    0.00    0.00    0.00    0.00    0.00    0.00    0.00  100.00
01:52:54 PM   30    0.00    0.00    0.00    0.00    0.00    0.00    0.00    0.00    0.00  100.00
01:52:54 PM   31    0.00    0.00    0.00    0.00    0.00    0.00    0.00    0.00    0.00  100.00

01:52:54 PM  CPU    %usr   %nice    %sys %iowait    %irq   %soft  %steal  %guest  %gnice   %idle
01:52:55 PM  all    0.03    0.00    0.19    9.54    0.00    0.00    0.00    0.00    0.00   90.24
01:52:55 PM    0    0.00    0.00    0.98   44.12    0.00    0.00    0.00    0.00    0.00   54.90
01:52:55 PM    1    0.00    0.00    0.00    0.00    0.00    0.00    0.00    0.00    0.00  100.00
01:52:55 PM    2    0.00    0.00    0.00   11.00    0.00    0.00    0.00    0.00    0.00   89.00
01:52:55 PM    3    0.00    0.00    0.00    4.95    0.00    0.00    0.00    0.00    0.00   95.05
01:52:55 PM    4    0.00    0.00    0.00    0.00    0.00    0.00    0.00    0.00    0.00  100.00
01:52:55 PM    5    0.00    0.00    0.00    0.00    0.00    0.00    0.00    0.00    0.00  100.00
01:52:55 PM    6    0.00    0.00    0.00    0.00    0.00    0.00    0.00    0.00    0.00  100.00
01:52:55 PM    7    0.00    0.00    0.00    0.00    0.00    0.00    0.00    0.00    0.00  100.00
01:52:55 PM    8    1.01    0.00    4.04   84.85    0.00    0.00    0.00    0.00    0.00   10.10
01:52:55 PM    9    0.00    0.00    0.00   63.00    0.00    0.00    0.00    0.00    0.00   37.00
01:52:55 PM   10    0.00    0.00    0.00    0.00    0.00    0.00    0.00    0.00    0.00  100.00
01:52:55 PM   11    0.00    0.00    0.00    0.00    0.00    0.00    0.00    0.00    0.00  100.00
01:52:55 PM   12    0.00    0.00    1.00   17.00    0.00    0.00    0.00    0.00    0.00   82.00
01:52:55 PM   13    0.00    0.00    0.00    0.00    0.00    0.00    0.00    0.00    0.00  100.00
01:52:55 PM   14    0.00    0.00    0.00   15.15    0.00    0.00    0.00    0.00    0.00   84.85
01:52:55 PM   15    0.00    0.00    0.00    0.00    0.00    0.00    0.00    0.00    0.00  100.00
01:52:55 PM   16    0.00    0.00    0.00    0.00    0.00    0.00    0.00    0.00    0.00  100.00
01:52:55 PM   17    0.00    0.00    0.00    0.00    0.00    0.00    0.00    0.00    0.00  100.00
01:52:55 PM   18    0.00    0.00    0.00    0.00    0.00    0.00    0.00    0.00    0.00  100.00
01:52:55 PM   19    0.00    0.00    0.00    0.00    0.00    0.00    0.00    0.00    0.00  100.00
01:52:55 PM   20    0.00    0.00    0.00   44.44    0.00    0.00    0.00    0.00    0.00   55.56
01:52:55 PM   21    0.00    0.00    0.00    0.00    0.00    0.00    0.00    0.00    0.00  100.00
01:52:55 PM   22    0.00    0.00    0.00   15.84    0.00    0.00    0.00    0.00    0.00   84.16
01:52:55 PM   23    0.00    0.00    0.00    0.00    0.00    0.00    0.00    0.00    0.00  100.00
01:52:55 PM   24    0.00    0.00    0.00    0.00    0.00    0.00    0.00    0.00    0.00  100.00
01:52:55 PM   25    0.00    0.00    0.00    5.05    0.00    0.00    0.00    0.00    0.00   94.95
01:52:55 PM   26    0.00    0.00    0.00    0.00    0.00    0.00    0.00    0.00    0.00  100.00
01:52:55 PM   27    0.00    0.00    0.00    0.00    0.00    0.00    0.00    0.00    0.00  100.00
01:52:55 PM   28    0.00    0.00    0.00    0.00    0.00    0.00    0.00    0.00    0.00  100.00
01:52:55 PM   29    0.00    0.00    0.00    0.00    0.00    0.00    0.00    0.00    0.00  100.00
01:52:55 PM   30    0.00    0.00    0.00    0.00    0.00    0.00    0.00    0.00    0.00  100.00
01:52:55 PM   31    0.00    0.00    0.00    0.00    0.00    0.00    0.00    0.00    0.00  100.00

01:52:55 PM  CPU    %usr   %nice    %sys %iowait    %irq   %soft  %steal  %guest  %gnice   %idle
01:52:56 PM  all    0.00    0.00    0.09    9.15    0.00    0.00    0.00    0.00    0.00   90.76
01:52:56 PM    0    0.00    0.00    0.00    0.00    0.00    0.00    0.00    0.00    0.00  100.00
01:52:56 PM    1    0.00    0.00    0.00    0.00    0.00    0.00    0.00    0.00    0.00  100.00
01:52:56 PM    2    0.00    0.00    0.00    0.00    0.00    0.00    0.00    0.00    0.00  100.00
01:52:56 PM    3    0.00    0.00    0.00   25.25    0.00    0.00    0.00    0.00    0.00   74.75
01:52:56 PM    4    0.00    0.00    0.00    0.00    0.00    0.00    0.00    0.00    0.00  100.00
01:52:56 PM    5    0.00    0.00    0.00    0.00    0.00    0.00    0.00    0.00    0.00  100.00
01:52:56 PM    6    0.00    0.00    0.00    0.00    0.00    0.00    0.00    0.00    0.00  100.00
01:52:56 PM    7    0.00    0.00    0.00    0.00    0.00    0.00    0.00    0.00    0.00  100.00
01:52:56 PM    8    0.00    0.00    1.01   64.65    0.00    0.00    0.00    0.00    0.00   34.34
01:52:56 PM    9    0.00    0.00    0.00   28.00    0.00    0.00    0.00    0.00    0.00   72.00
01:52:56 PM   10    0.00    0.00    1.00    0.00    0.00    0.00    0.00    0.00    0.00   99.00
01:52:56 PM   11    0.00    0.00    0.99    0.00    0.00    0.00    0.00    0.00    0.00   99.01
01:52:56 PM   12    0.00    0.00    0.00    0.00    0.00    0.00    0.00    0.00    0.00  100.00
01:52:56 PM   13    0.00    0.00    0.00    0.00    0.00    0.00    0.00    0.00    0.00  100.00
01:52:56 PM   14    0.00    0.00    0.00   59.60    0.00    0.00    0.00    0.00    0.00   40.40
01:52:56 PM   15    0.00    0.00    0.00   35.71    0.00    0.00    0.00    0.00    0.00   64.29
01:52:56 PM   16    0.00    0.00    0.00    0.00    0.00    0.00    0.00    0.00    0.00  100.00
01:52:56 PM   17    0.00    0.00    0.00    0.00    0.00    0.00    0.00    0.00    0.00  100.00
01:52:56 PM   18    0.00    0.00    0.00    0.00    0.00    0.00    0.00    0.00    0.00  100.00
01:52:56 PM   19    0.00    0.00    0.00    0.00    0.00    0.00    0.00    0.00    0.00  100.00
01:52:56 PM   20    0.00    0.00    0.00   25.00    0.00    0.00    0.00    0.00    0.00   75.00
01:52:56 PM   21    0.00    0.00    0.00    0.00    0.00    0.00    0.00    0.00    0.00  100.00
01:52:56 PM   22    0.00    0.00    0.00   56.57    0.00    0.00    0.00    0.00    0.00   43.43
01:52:56 PM   23    0.00    0.00    0.00    0.00    0.00    0.00    0.00    0.00    0.00  100.00
01:52:56 PM   24    0.00    0.00    0.00    0.00    0.00    0.00    0.00    0.00    0.00  100.00
01:52:56 PM   25    0.00    0.00    0.00    0.00    0.00    0.00    0.00    0.00    0.00  100.00
01:52:56 PM   26    0.00    0.00    0.00    0.00    0.00    0.00    0.00    0.00    0.00  100.00
01:52:56 PM   27    0.00    0.00    0.00    0.00    0.00    0.00    0.00    0.00    0.00  100.00
01:52:56 PM   28    0.00    0.00    0.00    0.00    0.00    0.00    0.00    0.00    0.00  100.00
01:52:56 PM   29    0.00    0.00    0.00    0.00    0.00    0.00    0.00    0.00    0.00  100.00
01:52:56 PM   30    0.00    0.00    0.00    0.00    0.00    0.00    0.00    0.00    0.00  100.00
01:52:56 PM   31    0.00    0.00    0.00    0.00    0.00    0.00    0.00    0.00    0.00  100.00

01:52:56 PM  CPU    %usr   %nice    %sys %iowait    %irq   %soft  %steal  %guest  %gnice   %idle
01:52:57 PM  all    0.00    0.00    0.56    5.86    0.00    0.00    0.00    0.00    0.00   93.58
01:52:57 PM    0    0.00    0.00    0.00    0.00    0.00    0.00    0.00    0.00    0.00  100.00
01:52:57 PM    1    0.00    0.00    0.00    0.00    0.00    0.00    0.00    0.00    0.00  100.00
01:52:57 PM    2    0.00    0.00    1.02   24.49    0.00    0.00    0.00    0.00    0.00   74.49
01:52:57 PM    3    0.00    0.00    0.00    0.00    0.00    0.00    0.00    0.00    0.00  100.00
01:52:57 PM    4    0.00    0.00    1.00    0.00    0.00    0.00    0.00    0.00    0.00   99.00
01:52:57 PM    5    0.00    0.00    0.00    0.00    0.00    0.00    0.00    0.00    0.00  100.00
01:52:57 PM    6    0.00    0.00    0.00    0.00    0.00    0.00    0.00    0.00    0.00  100.00
01:52:57 PM    7    0.00    0.00    0.00    0.00    0.00    0.00    0.00    0.00    0.00  100.00
01:52:57 PM    8    0.00    0.00    4.04    0.00    0.00    0.00    0.00    0.00    0.00   95.96
01:52:57 PM    9    0.00    0.00    1.00   99.00    0.00    0.00    0.00    0.00    0.00    0.00
01:52:57 PM   10    0.00    0.00    6.19   60.82    0.00    0.00    0.00    0.00    0.00   32.99
01:52:57 PM   11    0.00    0.00    1.01    0.00    0.00    0.00    0.00    0.00    0.00   98.99
01:52:57 PM   12    0.00    0.00    1.98    0.00    0.00    0.00    0.00    0.00    0.00   98.02
01:52:57 PM   13    0.00    0.00    0.00    0.00    0.00    0.00    0.00    0.00    0.00  100.00
01:52:57 PM   14    0.00    0.00    0.00    0.00    0.00    0.00    0.00    0.00    0.00  100.00
01:52:57 PM   15    0.00    0.00    0.00    5.00    0.00    0.00    0.00    0.00    0.00   95.00
01:52:57 PM   16    0.00    0.00    0.00    0.00    0.00    0.00    0.00    0.00    0.00  100.00
01:52:57 PM   17    0.00    0.00    0.00    0.00    0.00    0.00    0.00    0.00    0.00  100.00
01:52:57 PM   18    0.00    0.00    0.00    0.00    0.00    0.00    0.00    0.00    0.00  100.00
01:52:57 PM   19    0.00    0.00    0.00    0.00    0.00    0.00    0.00    0.00    0.00  100.00
01:52:57 PM   20    0.00    0.00    0.00    0.00    0.00    0.00    0.00    0.00    0.00  100.00
01:52:57 PM   21    0.00    0.00    0.00    0.00    0.00    0.00    0.00    0.00    0.00  100.00
01:52:57 PM   22    0.00    0.00    0.00    0.00    0.00    0.00    0.00    0.00    0.00  100.00
01:52:57 PM   23    0.00    0.00    0.00    0.00    0.00    0.00    0.00    0.00    0.00  100.00
01:52:57 PM   24    0.00    0.00    0.00    0.00    0.00    0.00    0.00    0.00    0.00  100.00
01:52:57 PM   25    0.00    0.00    2.02    0.00    0.00    0.00    0.00    0.00    0.00   97.98
01:52:57 PM   26    0.00    0.00    0.00    0.00    0.00    0.00    0.00    0.00    0.00  100.00
01:52:57 PM   27    0.00    0.00    0.00    0.00    0.00    0.00    0.00    0.00    0.00  100.00
01:52:57 PM   28    0.00    0.00    0.00    0.00    0.00    0.00    0.00    0.00    0.00  100.00
01:52:57 PM   29    0.00    0.00    0.00    0.00    0.00    0.00    0.00    0.00    0.00  100.00
01:52:57 PM   30    0.00    0.00    0.00    0.00    0.00    0.00    0.00    0.00    0.00  100.00
01:52:57 PM   31    0.00    0.00    0.00    0.00    0.00    0.00    0.00    0.00    0.00  100.00

01:52:57 PM  CPU    %usr   %nice    %sys %iowait    %irq   %soft  %steal  %guest  %gnice   %idle
01:52:58 PM  all    0.03    0.06    0.19    7.67    0.00    0.00    0.00    0.00    0.00   92.05
01:52:58 PM    0    0.00    0.00    0.00    0.00    0.00    0.00    0.00    0.00    0.00  100.00
01:52:58 PM    1    0.00    0.00    0.00    0.00    0.00    0.00    0.00    0.00    0.00  100.00
01:52:58 PM    2    0.00    0.00    0.00    0.00    0.00    0.00    0.00    0.00    0.00  100.00
01:52:58 PM    3    0.00    0.00    0.00    0.00    0.00    0.00    0.00    0.00    0.00  100.00
01:52:58 PM    4    0.00    0.00    0.00    0.00    0.00    0.00    0.00    0.00    0.00  100.00
01:52:58 PM    5    0.00    0.00    0.00    0.00    0.00    0.00    0.00    0.00    0.00  100.00
01:52:58 PM    6    0.00    0.00    0.00    0.00    0.00    0.00    0.00    0.00    0.00  100.00
01:52:58 PM    7    0.00    0.00    0.00    0.00    0.00    0.00    0.00    0.00    0.00  100.00
01:52:58 PM    8    0.00    0.99    0.99    0.99    0.00    0.00    0.00    0.00    0.00   97.03
01:52:58 PM    9    0.00    0.00    0.00  100.00    0.00    0.00    0.00    0.00    0.00    0.00
01:52:58 PM   10    1.02    0.00    3.06   88.78    0.00    0.00    0.00    0.00    0.00    7.14
01:52:58 PM   11    0.00    0.00    0.00    0.00    0.00    0.00    0.00    0.00    0.00  100.00
01:52:58 PM   12    0.00    0.00    1.02    8.16    0.00    0.00    0.00    0.00    0.00   90.82
01:52:58 PM   13    0.00    0.00    0.00    0.00    0.00    0.00    0.00    0.00    0.00  100.00
01:52:58 PM   14    0.00    0.00    0.00    0.00    0.00    0.00    0.00    0.00    0.00  100.00
01:52:58 PM   15    0.00    0.00    0.00   50.51    0.00    0.00    0.00    0.00    0.00   49.49
01:52:58 PM   16    0.00    0.00    0.00    0.00    0.00    0.00    0.00    0.00    0.00  100.00
01:52:58 PM   17    0.00    0.00    0.00    0.00    0.00    0.00    0.00    0.00    0.00  100.00
01:52:58 PM   18    0.00    0.00    0.00    0.00    0.00    0.00    0.00    0.00    0.00  100.00
01:52:58 PM   19    0.00    0.00    0.00    0.00    0.00    0.00    0.00    0.00    0.00  100.00
01:52:58 PM   20    0.00    0.00    0.00    0.00    0.00    0.00    0.00    0.00    0.00  100.00
01:52:58 PM   21    0.00    0.00    0.00    0.00    0.00    0.00    0.00    0.00    0.00  100.00
01:52:58 PM   22    0.00    0.00    0.00    0.00    0.00    0.00    0.00    0.00    0.00  100.00
01:52:58 PM   23    0.00    0.00    0.00    0.00    0.00    0.00    0.00    0.00    0.00  100.00
01:52:58 PM   24    0.00    1.00    0.00    0.00    0.00    0.00    0.00    0.00    0.00   99.00
01:52:58 PM   25    0.00    0.00    0.00    0.00    0.00    0.00    0.00    0.00    0.00  100.00
01:52:58 PM   26    0.00    0.00    0.99    0.00    0.00    0.00    0.00    0.00    0.00   99.01
01:52:58 PM   27    0.00    0.00    0.00    0.00    0.00    0.00    0.00    0.00    0.00  100.00
01:52:58 PM   28    0.00    0.00    0.00    0.00    0.00    0.00    0.00    0.00    0.00  100.00
01:52:58 PM   29    0.00    0.00    0.00    0.00    0.00    0.00    0.00    0.00    0.00  100.00
01:52:58 PM   30    0.00    0.00    0.00    0.00    0.00    0.00    0.00    0.00    0.00  100.00
01:52:58 PM   31    0.00    0.00    0.00    0.00    0.00    0.00    0.00    0.00    0.00  100.00

01:52:58 PM  CPU    %usr   %nice    %sys %iowait    %irq   %soft  %steal  %guest  %gnice   %idle
01:52:59 PM  all    0.00    0.03    0.06    7.08    0.00    0.00    0.00    0.00    0.00   92.83
01:52:59 PM    0    0.00    0.00    0.00    0.00    0.00    0.00    0.00    0.00    0.00  100.00
01:52:59 PM    1    0.00    0.00    0.00    0.00    0.00    0.00    0.00    0.00    0.00  100.00
01:52:59 PM    2    0.00    0.00    0.00    0.00    0.00    0.00    0.00    0.00    0.00  100.00
01:52:59 PM    3    0.00    0.00    0.00    0.00    0.00    0.00    0.00    0.00    0.00  100.00
01:52:59 PM    4    0.00    0.00    0.00    0.00    0.00    0.00    0.00    0.00    0.00  100.00
01:52:59 PM    5    0.00    0.00    0.00    0.00    0.00    0.00    0.00    0.00    0.00  100.00
01:52:59 PM    6    0.00    0.00    0.00    0.00    0.00    0.00    0.00    0.00    0.00  100.00
01:52:59 PM    7    0.00    0.00    0.00    0.00    0.00    0.00    0.00    0.00    0.00  100.00
01:52:59 PM    8    0.00    0.00    0.00    0.00    0.00    0.00    0.00    0.00    0.00  100.00
01:52:59 PM    9    0.00    0.00    0.00  100.00    0.00    0.00    0.00    0.00    0.00    0.00
01:52:59 PM   10    0.00    0.00    1.03   72.16    0.00    0.00    0.00    0.00    0.00   26.80
01:52:59 PM   11    0.00    0.00    1.00    0.00    0.00    0.00    0.00    0.00    0.00   99.00
01:52:59 PM   12    0.00    0.99    0.00    1.98    0.00    0.00    0.00    0.00    0.00   97.03
01:52:59 PM   13    0.00    0.00    0.00    0.00    0.00    0.00    0.00    0.00    0.00  100.00
01:52:59 PM   14    0.00    0.00    0.00    0.00    0.00    0.00    0.00    0.00    0.00  100.00
01:52:59 PM   15    0.00    0.00    0.00   54.55    0.00    0.00    0.00    0.00    0.00   45.45
01:52:59 PM   16    0.00    0.00    0.00    0.00    0.00    0.00    0.00    0.00    0.00  100.00
01:52:59 PM   17    0.00    0.00    0.00    0.00    0.00    0.00    0.00    0.00    0.00  100.00
01:52:59 PM   18    0.00    0.00    0.00    0.00    0.00    0.00    0.00    0.00    0.00  100.00
01:52:59 PM   19    0.00    0.00    0.00    0.00    0.00    0.00    0.00    0.00    0.00  100.00
01:52:59 PM   20    0.00    0.00    0.00    0.00    0.00    0.00    0.00    0.00    0.00  100.00
01:52:59 PM   21    0.00    0.00    0.00    0.00    0.00    0.00    0.00    0.00    0.00  100.00
01:52:59 PM   22    0.00    0.00    0.00    0.00    0.00    0.00    0.00    0.00    0.00  100.00
01:52:59 PM   23    0.00    0.00    0.00    0.00    0.00    0.00    0.00    0.00    0.00  100.00
01:52:59 PM   24    0.00    0.00    0.00    0.00    0.00    0.00    0.00    0.00    0.00  100.00
01:52:59 PM   25    0.00    0.00    0.00    0.00    0.00    0.00    0.00    0.00    0.00  100.00
01:52:59 PM   26    0.00    0.00    0.00    0.00    0.00    0.00    0.00    0.00    0.00  100.00
01:52:59 PM   27    0.00    0.00    0.00    0.00    0.00    0.00    0.00    0.00    0.00  100.00
01:52:59 PM   28    0.00    0.00    0.00    0.00    0.00    0.00    0.00    0.00    0.00  100.00
01:52:59 PM   29    0.00    0.00    0.00    0.00    0.00    0.00    0.00    0.00    0.00  100.00
01:52:59 PM   30    0.00    0.00    0.00    0.00    0.00    0.00    0.00    0.00    0.00  100.00
01:52:59 PM   31    0.00    0.00    0.00    0.00    0.00    0.00    0.00    0.00    0.00  100.00

01:52:59 PM  CPU    %usr   %nice    %sys %iowait    %irq   %soft  %steal  %guest  %gnice   %idle
01:53:00 PM  all    0.06    0.03    0.16    8.51    0.00    0.00    0.00    0.00    0.00   91.24
01:53:00 PM    0    0.00    0.00    0.00    0.00    0.00    0.00    0.00    0.00    0.00  100.00
01:53:00 PM    1    0.00    0.00    0.00    0.00    0.00    0.00    0.00    0.00    0.00  100.00
01:53:00 PM    2    0.00    0.00    0.00    0.00    0.00    0.00    0.00    0.00    0.00  100.00
01:53:00 PM    3    0.00    0.00    0.00    0.00    0.00    0.00    0.00    0.00    0.00  100.00
01:53:00 PM    4    0.00    0.00    0.00    0.00    0.00    0.00    0.00    0.00    0.00  100.00
01:53:00 PM    5    0.00    0.00    0.00    0.00    0.00    0.00    0.00    0.00    0.00  100.00
01:53:00 PM    6    0.00    0.00    0.00    0.00    0.00    0.00    0.00    0.00    0.00  100.00
01:53:00 PM    7    0.00    0.00    0.00    0.00    0.00    0.00    0.00    0.00    0.00  100.00
01:53:00 PM    8    0.00    0.00    1.00    0.00    0.00    0.00    0.00    0.00    0.00   99.00
01:53:00 PM    9    0.00    0.00    0.00  100.00    0.00    0.00    0.00    0.00    0.00    0.00
01:53:00 PM   10    1.01    0.00    3.03   80.81    0.00    0.00    0.00    0.00    0.00   15.15
01:53:00 PM   11    0.00    0.00    0.00    0.00    0.00    0.00    0.00    0.00    0.00  100.00
01:53:00 PM   12    0.00    0.00    0.00   29.29    0.00    0.00    0.00    0.00    0.00   70.71
01:53:00 PM   13    0.00    0.00    0.00    0.00    0.00    0.00    0.00    0.00    0.00  100.00
01:53:00 PM   14    0.99    0.00    0.99    0.00    0.00    0.00    0.00    0.00    0.00   98.02
01:53:00 PM   15    0.00    0.00    0.00   39.00    0.00    0.00    0.00    0.00    0.00   61.00
01:53:00 PM   16    0.00    0.00    0.00    0.00    0.00    0.00    0.00    0.00    0.00  100.00
01:53:00 PM   17    0.00    0.00    0.00    0.00    0.00    0.00    0.00    0.00    0.00  100.00
01:53:00 PM   18    0.00    0.00    0.00    0.00    0.00    0.00    0.00    0.00    0.00  100.00
01:53:00 PM   19    0.00    0.00    0.00    0.00    0.00    0.00    0.00    0.00    0.00  100.00
01:53:00 PM   20    0.00    0.00    0.00   24.00    0.00    0.00    0.00    0.00    0.00   76.00
01:53:00 PM   21    0.00    0.00    0.00    0.00    0.00    0.00    0.00    0.00    0.00  100.00
01:53:00 PM   22    0.00    0.00    0.00    0.00    0.00    0.00    0.00    0.00    0.00  100.00
01:53:00 PM   23    0.00    0.00    0.00    0.00    0.00    0.00    0.00    0.00    0.00  100.00
01:53:00 PM   24    0.00    0.00    0.00    0.00    0.00    0.00    0.00    0.00    0.00  100.00
01:53:00 PM   25    0.00    0.00    0.00    0.00    0.00    0.00    0.00    0.00    0.00  100.00
01:53:00 PM   26    0.00    1.00    0.00    0.00    0.00    0.00    0.00    0.00    0.00   99.00
01:53:00 PM   27    0.00    0.00    0.00    0.00    0.00    0.00    0.00    0.00    0.00  100.00
01:53:00 PM   28    0.00    0.00    0.00    0.00    0.00    0.00    0.00    0.00    0.00  100.00
01:53:00 PM   29    0.00    0.00    0.00    0.00    0.00    0.00    0.00    0.00    0.00  100.00
01:53:00 PM   30    0.00    0.00    0.00    0.00    0.00    0.00    0.00    0.00    0.00  100.00
01:53:00 PM   31    0.00    0.00    0.00    0.00    0.00    0.00    0.00    0.00    0.00  100.00

01:53:00 PM  CPU    %usr   %nice    %sys %iowait    %irq   %soft  %steal  %guest  %gnice   %idle
01:53:01 PM  all    0.06    0.00    0.28   11.27    0.00    0.00    0.00    0.00    0.00   88.38
01:53:01 PM    0    0.00    0.00    0.00    0.00    0.00    0.00    0.00    0.00    0.00  100.00
01:53:01 PM    1    0.00    0.00    0.00    0.00    0.00    0.00    0.00    0.00    0.00  100.00
01:53:01 PM    2    0.00    0.00    1.00    0.00    0.00    0.00    0.00    0.00    0.00   99.00
01:53:01 PM    3    0.00    0.00    0.00    0.00    0.00    0.00    0.00    0.00    0.00  100.00
01:53:01 PM    4    0.00    0.00    1.00    0.00    0.00    0.00    0.00    0.00    0.00   99.00
01:53:01 PM    5    0.00    0.00    0.00    0.00    0.00    0.00    0.00    0.00    0.00  100.00
01:53:01 PM    6    0.00    0.00    0.00    0.00    0.00    0.00    0.00    0.00    0.00  100.00
01:53:01 PM    7    0.00    0.00    0.00    0.00    0.00    0.00    0.00    0.00    0.00  100.00
01:53:01 PM    8    1.00    0.00    0.00    3.00    0.00    0.00    0.00    0.00    0.00   96.00
01:53:01 PM    9    0.00    0.00    0.00  100.00    0.00    0.00    0.00    0.00    0.00    0.00
01:53:01 PM   10    1.02    0.00    6.12   86.73    0.00    0.00    0.00    0.00    0.00    6.12
01:53:01 PM   11    0.00    0.00    0.00    0.00    0.00    0.00    0.00    0.00    0.00  100.00
01:53:01 PM   12    0.00    0.00    0.99   34.65    0.00    0.00    0.00    0.00    0.00   64.36
01:53:01 PM   13    0.00    0.00    0.00    0.00    0.00    0.00    0.00    0.00    0.00  100.00
01:53:01 PM   14    0.00    0.00    0.00    0.00    0.00    0.00    0.00    0.00    0.00  100.00
01:53:01 PM   15    0.00    0.00    0.00   65.66    0.00    0.00    0.00    0.00    0.00   34.34
01:53:01 PM   16    0.00    0.00    0.00    0.00    0.00    0.00    0.00    0.00    0.00  100.00
01:53:01 PM   17    0.00    0.00    0.00    0.00    0.00    0.00    0.00    0.00    0.00  100.00
01:53:01 PM   18    0.00    0.00    0.00    0.00    0.00    0.00    0.00    0.00    0.00  100.00
01:53:01 PM   19    0.00    0.00    0.00    0.00    0.00    0.00    0.00    0.00    0.00  100.00
01:53:01 PM   20    0.00    0.00    0.00   73.00    0.00    0.00    0.00    0.00    0.00   27.00
01:53:01 PM   21    0.00    0.00    0.00    0.00    0.00    0.00    0.00    0.00    0.00  100.00
01:53:01 PM   22    0.00    0.00    0.00    0.00    0.00    0.00    0.00    0.00    0.00  100.00
01:53:01 PM   23    0.00    0.00    0.00    0.00    0.00    0.00    0.00    0.00    0.00  100.00
01:53:01 PM   24    0.00    0.00    0.00    0.00    0.00    0.00    0.00    0.00    0.00  100.00
01:53:01 PM   25    0.00    0.00    0.00    0.00    0.00    0.00    0.00    0.00    0.00  100.00
01:53:01 PM   26    0.00    0.00    0.00    0.00    0.00    0.00    0.00    0.00    0.00  100.00
01:53:01 PM   27    0.00    0.00    0.00    0.00    0.00    0.00    0.00    0.00    0.00  100.00
01:53:01 PM   28    0.00    0.00    0.00    0.00    0.00    0.00    0.00    0.00    0.00  100.00
01:53:01 PM   29    0.00    0.00    0.00    0.00    0.00    0.00    0.00    0.00    0.00  100.00
01:53:01 PM   30    0.00    0.00    0.00    0.00    0.00    0.00    0.00    0.00    0.00  100.00
01:53:01 PM   31    0.00    0.00    0.00    0.00    0.00    0.00    0.00    0.00    0.00  100.00

01:53:01 PM  CPU    %usr   %nice    %sys %iowait    %irq   %soft  %steal  %guest  %gnice   %idle
01:53:02 PM  all    0.03    0.03    0.13    4.38    0.00    0.00    0.00    0.00    0.00   95.43
01:53:02 PM    0    0.00    0.00    0.00    0.00    0.00    0.00    0.00    0.00    0.00  100.00
01:53:02 PM    1    0.00    0.00    0.00    0.00    0.00    0.00    0.00    0.00    0.00  100.00
01:53:02 PM    2    0.00    0.00    0.00    0.00    0.00    0.00    0.00    0.00    0.00  100.00
01:53:02 PM    3    0.00    0.00    0.00    0.00    0.00    0.00    0.00    0.00    0.00  100.00
01:53:02 PM    4    0.00    0.00    0.00    0.00    0.00    0.00    0.00    0.00    0.00  100.00
01:53:02 PM    5    0.00    0.00    0.00    0.00    0.00    0.00    0.00    0.00    0.00  100.00
01:53:02 PM    6    0.00    0.00    0.00    0.00    0.00    0.00    0.00    0.00    0.00  100.00
01:53:02 PM    7    0.00    0.00    0.00    0.00    0.00    0.00    0.00    0.00    0.00  100.00
01:53:02 PM    8    0.00    1.01    1.01   93.94    0.00    0.00    0.00    0.00    0.00    4.04
01:53:02 PM    9    0.00    0.00    0.00   13.00    0.00    0.00    0.00    0.00    0.00   87.00
01:53:02 PM   10    0.00    0.00    2.97    0.00    0.00    0.00    0.00    0.00    0.00   97.03
01:53:02 PM   11    1.00    0.00    0.00    0.00    0.00    0.00    0.00    0.00    0.00   99.00
01:53:02 PM   12    0.00    0.00    0.00    4.08    0.00    0.00    0.00    0.00    0.00   95.92
01:53:02 PM   13    0.00    0.00    0.00    0.00    0.00    0.00    0.00    0.00    0.00  100.00
01:53:02 PM   14    0.00    0.00    0.00    0.00    0.00    0.00    0.00    0.00    0.00  100.00
01:53:02 PM   15    0.00    0.00    0.00   30.30    0.00    0.00    0.00    0.00    0.00   69.70
01:53:02 PM   16    0.00    0.00    0.00    0.00    0.00    0.00    0.00    0.00    0.00  100.00
01:53:02 PM   17    0.00    0.00    0.00    0.00    0.00    0.00    0.00    0.00    0.00  100.00
01:53:02 PM   18    0.00    0.00    0.00    0.00    0.00    0.00    0.00    0.00    0.00  100.00
01:53:02 PM   19    0.00    0.00    0.00    0.00    0.00    0.00    0.00    0.00    0.00  100.00
01:53:02 PM   20    0.00    0.00    0.00    0.00    0.00    0.00    0.00    0.00    0.00  100.00
01:53:02 PM   21    0.00    0.00    0.00    0.00    0.00    0.00    0.00    0.00    0.00  100.00
01:53:02 PM   22    0.00    0.00    0.00    0.00    0.00    0.00    0.00    0.00    0.00  100.00
01:53:02 PM   23    0.00    0.00    0.00    0.00    0.00    0.00    0.00    0.00    0.00  100.00
01:53:02 PM   24    0.00    0.00    0.00    0.00    0.00    0.00    0.00    0.00    0.00  100.00
01:53:02 PM   25    0.00    0.00    0.00    0.00    0.00    0.00    0.00    0.00    0.00  100.00
01:53:02 PM   26    0.00    0.00    0.00    0.00    0.00    0.00    0.00    0.00    0.00  100.00
01:53:02 PM   27    0.00    0.00    0.00    0.00    0.00    0.00    0.00    0.00    0.00  100.00
01:53:02 PM   28    0.00    0.00    0.00    0.00    0.00    0.00    0.00    0.00    0.00  100.00
01:53:02 PM   29    0.00    0.00    0.00    0.00    0.00    0.00    0.00    0.00    0.00  100.00
01:53:02 PM   30    0.00    0.00    0.00    0.00    0.00    0.00    0.00    0.00    0.00  100.00
01:53:02 PM   31    0.00    0.00    0.00    0.00    0.00    0.00    0.00    0.00    0.00  100.00

01:53:02 PM  CPU    %usr   %nice    %sys %iowait    %irq   %soft  %steal  %guest  %gnice   %idle
01:53:03 PM  all    0.00    0.00    0.34    6.70    0.00    0.00    0.00    0.00    0.00   92.96
01:53:03 PM    0    0.00    0.00    0.00    0.00    0.00    0.00    0.00    0.00    0.00  100.00
01:53:03 PM    1    0.00    0.00    0.00    0.00    0.00    0.00    0.00    0.00    0.00  100.00
01:53:03 PM    2    0.00    0.00    0.00    0.00    0.00    0.00    0.00    0.00    0.00  100.00
01:53:03 PM    3    0.00    0.00    0.00    0.00    0.00    0.00    0.00    0.00    0.00  100.00
01:53:03 PM    4    0.00    0.00    0.00    0.00    0.00    0.00    0.00    0.00    0.00  100.00
01:53:03 PM    5    0.00    0.00    0.00    0.00    0.00    0.00    0.00    0.00    0.00  100.00
01:53:03 PM    6    0.00    0.00    0.00    0.00    0.00    0.00    0.00    0.00    0.00  100.00
01:53:03 PM    7    0.00    0.00    0.00    0.00    0.00    0.00    0.00    0.00    0.00  100.00
01:53:03 PM    8    0.00    0.00    1.02   57.14    0.00    0.00    0.00    0.00    0.00   41.84
01:53:03 PM    9    0.00    0.00    0.00   61.00    0.00    0.00    0.00    0.00    0.00   39.00
01:53:03 PM   10    0.00    0.00    7.14   46.94    0.00    0.00    0.00    0.00    0.00   45.92
01:53:03 PM   11    0.00    0.00    1.00    0.00    0.00    0.00    0.00    0.00    0.00   99.00
01:53:03 PM   12    0.00    0.00    1.00    0.00    0.00    0.00    0.00    0.00    0.00   99.00
01:53:03 PM   13    0.00    0.00    0.00    0.00    0.00    0.00    0.00    0.00    0.00  100.00
01:53:03 PM   14    0.00    0.00    0.00    0.00    0.00    0.00    0.00    0.00    0.00  100.00
01:53:03 PM   15    0.00    0.00    0.00   51.52    0.00    0.00    0.00    0.00    0.00   48.48
01:53:03 PM   16    0.00    0.00    0.00    0.00    0.00    0.00    0.00    0.00    0.00  100.00
01:53:03 PM   17    0.00    0.00    0.00    0.00    0.00    0.00    0.00    0.00    0.00  100.00
01:53:03 PM   18    0.00    0.00    0.00    0.00    0.00    0.00    0.00    0.00    0.00  100.00
01:53:03 PM   19    0.00    0.00    0.00    0.00    0.00    0.00    0.00    0.00    0.00  100.00
01:53:03 PM   20    0.00    0.00    0.00    0.00    0.00    0.00    0.00    0.00    0.00  100.00
01:53:03 PM   21    0.00    0.00    0.00    0.00    0.00    0.00    0.00    0.00    0.00  100.00
01:53:03 PM   22    0.00    0.00    0.00    0.00    0.00    0.00    0.00    0.00    0.00  100.00
01:53:03 PM   23    0.00    0.00    0.00    0.00    0.00    0.00    0.00    0.00    0.00  100.00
01:53:03 PM   24    0.00    0.00    0.00    0.00    0.00    0.00    0.00    0.00    0.00  100.00
01:53:03 PM   25    0.00    0.00    0.00    0.00    0.00    0.00    0.00    0.00    0.00  100.00
01:53:03 PM   26    0.00    0.00    1.00    0.00    0.00    0.00    0.00    0.00    0.00   99.00
01:53:03 PM   27    0.00    0.00    0.00    0.00    0.00    0.00    0.00    0.00    0.00  100.00
01:53:03 PM   28    0.00    0.00    0.00    0.00    0.00    0.00    0.00    0.00    0.00  100.00
01:53:03 PM   29    0.00    0.00    0.00    0.00    0.00    0.00    0.00    0.00    0.00  100.00
01:53:03 PM   30    0.00    0.00    0.00    0.00    0.00    0.00    0.00    0.00    0.00  100.00
01:53:03 PM   31    0.00    0.00    0.00    0.00    0.00    0.00    0.00    0.00    0.00  100.00

01:53:03 PM  CPU    %usr   %nice    %sys %iowait    %irq   %soft  %steal  %guest  %gnice   %idle
01:53:04 PM  all    0.00    0.03    0.16    8.08    0.00    0.00    0.00    0.00    0.00   91.74
01:53:04 PM    0    0.00    0.00    0.00    0.00    0.00    0.00    0.00    0.00    0.00  100.00
01:53:04 PM    1    0.00    0.00    0.00    0.00    0.00    0.00    0.00    0.00    0.00  100.00
01:53:04 PM    2    0.00    1.00    0.00    0.00    0.00    0.00    0.00    0.00    0.00   99.00
01:53:04 PM    3    0.00    0.00    0.00    0.00    0.00    0.00    0.00    0.00    0.00  100.00
01:53:04 PM    4    0.00    0.00    0.00    0.00    0.00    0.00    0.00    0.00    0.00  100.00
01:53:04 PM    5    0.00    0.00    0.00    0.00    0.00    0.00    0.00    0.00    0.00  100.00
01:53:04 PM    6    0.00    0.00    0.00    0.00    0.00    0.00    0.00    0.00    0.00  100.00
01:53:04 PM    7    0.00    0.00    0.00    0.00    0.00    0.00    0.00    0.00    0.00  100.00
01:53:04 PM    8    0.00    0.00    1.01   54.55    0.00    0.00    0.00    0.00    0.00   44.44
01:53:04 PM    9    0.00    0.00    1.00   99.00    0.00    0.00    0.00    0.00    0.00    0.00
01:53:04 PM   10    0.00    0.00    3.03   42.42    0.00    0.00    0.00    0.00    0.00   54.55
01:53:04 PM   11    0.00    0.00    0.00    0.00    0.00    0.00    0.00    0.00    0.00  100.00
01:53:04 PM   12    0.00    0.00    0.00    0.00    0.00    0.00    0.00    0.00    0.00  100.00
01:53:04 PM   13    0.00    0.00    0.00    0.00    0.00    0.00    0.00    0.00    0.00  100.00
01:53:04 PM   14    0.00    0.00    0.00    0.00    0.00    0.00    0.00    0.00    0.00  100.00
01:53:04 PM   15    0.00    0.00    0.00   63.00    0.00    0.00    0.00    0.00    0.00   37.00
01:53:04 PM   16    0.00    0.00    0.00    0.00    0.00    0.00    0.00    0.00    0.00  100.00
01:53:04 PM   17    0.00    0.00    0.00    0.00    0.00    0.00    0.00    0.00    0.00  100.00
01:53:04 PM   18    0.00    0.00    0.00    0.00    0.00    0.00    0.00    0.00    0.00  100.00
01:53:04 PM   19    0.00    0.00    0.00    0.00    0.00    0.00    0.00    0.00    0.00  100.00
01:53:04 PM   20    0.00    0.00    0.00    0.00    0.00    0.00    0.00    0.00    0.00  100.00
01:53:04 PM   21    0.00    0.00    0.00    0.00    0.00    0.00    0.00    0.00    0.00  100.00
01:53:04 PM   22    0.00    0.00    0.00    0.00    0.00    0.00    0.00    0.00    0.00  100.00
01:53:04 PM   23    0.00    0.00    0.00    0.00    0.00    0.00    0.00    0.00    0.00  100.00
01:53:04 PM   24    0.00    0.00    0.00    0.00    0.00    0.00    0.00    0.00    0.00  100.00
01:53:04 PM   25    0.00    0.00    0.00    0.00    0.00    0.00    0.00    0.00    0.00  100.00
01:53:04 PM   26    0.00    0.00    0.00    0.00    0.00    0.00    0.00    0.00    0.00  100.00
01:53:04 PM   27    0.00    0.00    0.00    0.00    0.00    0.00    0.00    0.00    0.00  100.00
01:53:04 PM   28    0.00    0.00    0.00    0.00    0.00    0.00    0.00    0.00    0.00  100.00
01:53:04 PM   29    0.00    0.00    0.00    0.00    0.00    0.00    0.00    0.00    0.00  100.00
01:53:04 PM   30    0.00    0.00    0.00    0.00    0.00    0.00    0.00    0.00    0.00  100.00
01:53:04 PM   31    0.00    0.00    0.00    0.00    0.00    0.00    0.00    0.00    0.00  100.00

01:53:04 PM  CPU    %usr   %nice    %sys %iowait    %irq   %soft  %steal  %guest  %gnice   %idle
01:53:05 PM  all    0.03    0.00    0.19    7.92    0.00    0.00    0.00    0.00    0.00   91.86
01:53:05 PM    0    0.00    0.00    0.00    0.00    0.00    0.00    0.00    0.00    0.00  100.00
01:53:05 PM    1    0.00    0.00    0.00    0.00    0.00    0.00    0.00    0.00    0.00  100.00
01:53:05 PM    2    0.00    0.00    0.00    0.00    0.00    0.00    0.00    0.00    0.00  100.00
01:53:05 PM    3    0.00    0.00    0.00    0.00    0.00    0.00    0.00    0.00    0.00  100.00
01:53:05 PM    4    0.00    0.00    0.00    0.00    0.00    0.00    0.00    0.00    0.00  100.00
01:53:05 PM    5    0.00    0.00    0.00    0.00    0.00    0.00    0.00    0.00    0.00  100.00
01:53:05 PM    6    0.00    0.00    0.00    0.00    0.00    0.00    0.00    0.00    0.00  100.00
01:53:05 PM    7    0.00    0.00    0.00    0.00    0.00    0.00    0.00    0.00    0.00  100.00
01:53:05 PM    8    0.00    0.00    0.00   73.74    0.00    0.00    0.00    0.00    0.00   26.26
01:53:05 PM    9    0.00    0.00    0.00  100.00    0.00    0.00    0.00    0.00    0.00    0.00
01:53:05 PM   10    1.00    0.00    3.00    0.00    0.00    0.00    0.00    0.00    0.00   96.00
01:53:05 PM   11    0.00    0.00    2.04    0.00    0.00    0.00    0.00    0.00    0.00   97.96
01:53:05 PM   12    0.00    0.00    1.01    0.00    0.00    0.00    0.00    0.00    0.00   98.99
01:53:05 PM   13    0.00    0.00    0.00    0.00    0.00    0.00    0.00    0.00    0.00  100.00
01:53:05 PM   14    0.00    0.00    0.00    0.00    0.00    0.00    0.00    0.00    0.00  100.00
01:53:05 PM   15    0.00    0.00    0.00   63.64    0.00    0.00    0.00    0.00    0.00   36.36
01:53:05 PM   16    0.00    0.00    0.00    0.00    0.00    0.00    0.00    0.00    0.00  100.00
01:53:05 PM   17    0.00    0.00    0.00    0.00    0.00    0.00    0.00    0.00    0.00  100.00
01:53:05 PM   18    0.00    0.00    0.00    0.00    0.00    0.00    0.00    0.00    0.00  100.00
01:53:05 PM   19    0.00    0.00    0.00    0.00    0.00    0.00    0.00    0.00    0.00  100.00
01:53:05 PM   20    0.00    0.00    0.00   17.00    0.00    0.00    0.00    0.00    0.00   83.00
01:53:05 PM   21    0.00    0.00    0.00    0.00    0.00    0.00    0.00    0.00    0.00  100.00
01:53:05 PM   22    0.00    0.00    0.00    0.00    0.00    0.00    0.00    0.00    0.00  100.00
01:53:05 PM   23    0.00    0.00    0.00    0.00    0.00    0.00    0.00    0.00    0.00  100.00
01:53:05 PM   24    0.00    0.00    0.00    0.00    0.00    0.00    0.00    0.00    0.00  100.00
01:53:05 PM   25    0.00    0.00    0.00    0.00    0.00    0.00    0.00    0.00    0.00  100.00
01:53:05 PM   26    0.00    0.00    0.00    0.00    0.00    0.00    0.00    0.00    0.00  100.00
01:53:05 PM   27    0.00    0.00    0.00    0.00    0.00    0.00    0.00    0.00    0.00  100.00
01:53:05 PM   28    0.00    0.00    0.00    0.00    0.00    0.00    0.00    0.00    0.00  100.00
01:53:05 PM   29    0.00    0.00    0.00    0.00    0.00    0.00    0.00    0.00    0.00  100.00
01:53:05 PM   30    0.00    0.00    0.00    0.00    0.00    0.00    0.00    0.00    0.00  100.00
01:53:05 PM   31    0.00    0.00    0.00    0.00    0.00    0.00    0.00    0.00    0.00  100.00

01:53:05 PM  CPU    %usr   %nice    %sys %iowait    %irq   %soft  %steal  %guest  %gnice   %idle
01:53:06 PM  all    0.03    0.00    0.19    7.15    0.00    0.00    0.00    0.00    0.00   92.64
01:53:06 PM    0    0.00    0.00    0.00    0.00    0.00    0.00    0.00    0.00    0.00  100.00
01:53:06 PM    1    0.00    0.00    0.00    0.00    0.00    0.00    0.00    0.00    0.00  100.00
01:53:06 PM    2    0.00    0.00    0.00    5.00    0.00    0.00    0.00    0.00    0.00   95.00
01:53:06 PM    3    0.00    0.00    0.00    0.00    0.00    0.00    0.00    0.00    0.00  100.00
01:53:06 PM    4    0.00    0.00    0.00    0.00    0.00    0.00    0.00    0.00    0.00  100.00
01:53:06 PM    5    0.00    0.00    0.00    0.00    0.00    0.00    0.00    0.00    0.00  100.00
01:53:06 PM    6    0.00    0.00    0.00    0.00    0.00    0.00    0.00    0.00    0.00  100.00
01:53:06 PM    7    0.00    0.00    0.00    0.00    0.00    0.00    0.00    0.00    0.00  100.00
01:53:06 PM    8    0.00    0.00    1.03   94.85    0.00    0.00    0.00    0.00    0.00    4.12
01:53:06 PM    9    0.00    0.00    1.01   76.77    0.00    0.00    0.00    0.00    0.00   22.22
01:53:06 PM   10    1.00    0.00    3.00   23.00    0.00    0.00    0.00    0.00    0.00   73.00
01:53:06 PM   11    0.00    0.00    0.99    0.00    0.00    0.00    0.00    0.00    0.00   99.01
01:53:06 PM   12    0.00    0.00    0.00    0.00    0.00    0.00    0.00    0.00    0.00  100.00
01:53:06 PM   13    0.00    0.00    0.00    0.00    0.00    0.00    0.00    0.00    0.00  100.00
01:53:06 PM   14    0.00    0.00    0.00    0.00    0.00    0.00    0.00    0.00    0.00  100.00
01:53:06 PM   15    0.00    0.00    0.00   26.26    0.00    0.00    0.00    0.00    0.00   73.74
01:53:06 PM   16    0.00    0.00    0.00    0.00    0.00    0.00    0.00    0.00    0.00  100.00
01:53:06 PM   17    0.00    0.00    0.00    0.00    0.00    0.00    0.00    0.00    0.00  100.00
01:53:06 PM   18    0.00    0.00    0.00    0.00    0.00    0.00    0.00    0.00    0.00  100.00
01:53:06 PM   19    0.00    0.00    0.00    0.00    0.00    0.00    0.00    0.00    0.00  100.00
01:53:06 PM   20    0.00    0.00    0.00    6.00    0.00    0.00    0.00    0.00    0.00   94.00
01:53:06 PM   21    0.00    0.00    0.00    0.00    0.00    0.00    0.00    0.00    0.00  100.00
01:53:06 PM   22    0.00    0.00    0.00    0.00    0.00    0.00    0.00    0.00    0.00  100.00
01:53:06 PM   23    0.00    0.00    0.00    0.00    0.00    0.00    0.00    0.00    0.00  100.00
01:53:06 PM   24    0.00    0.00    0.00    0.00    0.00    0.00    0.00    0.00    0.00  100.00
01:53:06 PM   25    0.00    0.00    0.00    0.00    0.00    0.00    0.00    0.00    0.00  100.00
01:53:06 PM   26    0.00    0.00    0.00    0.00    0.00    0.00    0.00    0.00    0.00  100.00
01:53:06 PM   27    0.00    0.00    0.00    0.00    0.00    0.00    0.00    0.00    0.00  100.00
01:53:06 PM   28    0.00    0.00    0.00    0.00    0.00    0.00    0.00    0.00    0.00  100.00
01:53:06 PM   29    0.00    0.00    0.00    0.00    0.00    0.00    0.00    0.00    0.00  100.00
01:53:06 PM   30    0.00    0.00    0.00    0.00    0.00    0.00    0.00    0.00    0.00  100.00
01:53:06 PM   31    0.00    0.00    0.00    0.00    0.00    0.00    0.00    0.00    0.00  100.00

01:53:06 PM  CPU    %usr   %nice    %sys %iowait    %irq   %soft  %steal  %guest  %gnice   %idle
01:53:07 PM  all    0.03    0.00    0.16    6.05    0.00    0.00    0.00    0.00    0.00   93.76
01:53:07 PM    0    0.00    0.00    0.00    0.00    0.00    0.00    0.00    0.00    0.00  100.00
01:53:07 PM    1    0.00    0.00    0.00    0.00    0.00    0.00    0.00    0.00    0.00  100.00
01:53:07 PM    2    0.00    0.00    0.00    0.00    0.00    0.00    0.00    0.00    0.00  100.00
01:53:07 PM    3    0.00    0.00    0.00    0.00    0.00    0.00    0.00    0.00    0.00  100.00
01:53:07 PM    4    0.00    0.00    0.00    0.00    0.00    0.00    0.00    0.00    0.00  100.00
01:53:07 PM    5    0.00    0.00    0.00    0.00    0.00    0.00    0.00    0.00    0.00  100.00
01:53:07 PM    6    0.99    0.00    0.00    0.00    0.00    0.00    0.00    0.00    0.00   99.01
01:53:07 PM    7    0.00    0.00    0.00    0.00    0.00    0.00    0.00    0.00    0.00  100.00
01:53:07 PM    8    0.00    0.00    2.04   15.31    0.00    0.00    0.00    0.00    0.00   82.65
01:53:07 PM    9    0.00    0.00    0.00    0.00    0.00    0.00    0.00    0.00    0.00  100.00
01:53:07 PM   10    0.00    0.00    1.02   98.98    0.00    0.00    0.00    0.00    0.00    0.00
01:53:07 PM   11    0.00    0.00    2.02    0.00    0.00    0.00    0.00    0.00    0.00   97.98
01:53:07 PM   12    0.00    0.00    0.00    0.00    0.00    0.00    0.00    0.00    0.00  100.00
01:53:07 PM   13    0.00    0.00    0.00    0.00    0.00    0.00    0.00    0.00    0.00  100.00
01:53:07 PM   14    0.00    0.00    0.00    0.00    0.00    0.00    0.00    0.00    0.00  100.00
01:53:07 PM   15    0.00    0.00    0.00   81.82    0.00    0.00    0.00    0.00    0.00   18.18
01:53:07 PM   16    0.00    0.00    0.00    0.00    0.00    0.00    0.00    0.00    0.00  100.00
01:53:07 PM   17    0.00    0.00    0.00    0.00    0.00    0.00    0.00    0.00    0.00  100.00
01:53:07 PM   18    0.00    0.00    0.00    0.00    0.00    0.00    0.00    0.00    0.00  100.00
01:53:07 PM   19    0.00    0.00    0.00    0.00    0.00    0.00    0.00    0.00    0.00  100.00
01:53:07 PM   20    0.00    0.00    0.00    0.00    0.00    0.00    0.00    0.00    0.00  100.00
01:53:07 PM   21    0.00    0.00    0.00    0.00    0.00    0.00    0.00    0.00    0.00  100.00
01:53:07 PM   22    0.00    0.00    0.00    0.00    0.00    0.00    0.00    0.00    0.00  100.00
01:53:07 PM   23    0.00    0.00    0.00    0.00    0.00    0.00    0.00    0.00    0.00  100.00
01:53:07 PM   24    0.00    0.00    0.00    0.00    0.00    0.00    0.00    0.00    0.00  100.00
01:53:07 PM   25    0.00    0.00    0.00    0.00    0.00    0.00    0.00    0.00    0.00  100.00
01:53:07 PM   26    0.00    0.00    0.00    0.00    0.00    0.00    0.00    0.00    0.00  100.00
01:53:07 PM   27    0.00    0.00    0.00    0.00    0.00    0.00    0.00    0.00    0.00  100.00
01:53:07 PM   28    0.00    0.00    0.00    0.00    0.00    0.00    0.00    0.00    0.00  100.00
01:53:07 PM   29    0.00    0.00    0.00    0.00    0.00    0.00    0.00    0.00    0.00  100.00
01:53:07 PM   30    0.00    0.00    0.00    0.00    0.00    0.00    0.00    0.00    0.00  100.00
01:53:07 PM   31    0.00    0.00    0.00    0.00    0.00    0.00    0.00    0.00    0.00  100.00

01:53:07 PM  CPU    %usr   %nice    %sys %iowait    %irq   %soft  %steal  %guest  %gnice   %idle
01:53:08 PM  all    0.09    0.03    0.25    7.40    0.00    0.00    0.00    0.00    0.00   92.22
01:53:08 PM    0    0.00    0.00    0.00    0.00    0.00    0.00    0.00    0.00    0.00  100.00
01:53:08 PM    1    0.00    0.00    0.00    0.00    0.00    0.00    0.00    0.00    0.00  100.00
01:53:08 PM    2    0.99    0.00    0.00    0.00    0.00    0.00    0.00    0.00    0.00   99.01
01:53:08 PM    3    0.00    0.00    0.00    0.00    0.00    0.00    0.00    0.00    0.00  100.00
01:53:08 PM    4    0.00    0.00    0.00    0.00    0.00    0.00    0.00    0.00    0.00  100.00
01:53:08 PM    5    0.00    0.00    0.00    0.00    0.00    0.00    0.00    0.00    0.00  100.00
01:53:08 PM    6    0.00    0.00    0.00    0.00    0.00    0.00    0.00    0.00    0.00  100.00
01:53:08 PM    7    0.00    0.00    0.00    0.00    0.00    0.00    0.00    0.00    0.00  100.00
01:53:08 PM    8    0.00    0.00    1.02   98.98    0.00    0.00    0.00    0.00    0.00    0.00
01:53:08 PM    9    0.00    0.00    0.00    0.00    0.00    0.00    0.00    0.00    0.00  100.00
01:53:08 PM   10    0.99    0.99    3.96   94.06    0.00    0.00    0.00    0.00    0.00    0.00
01:53:08 PM   11    0.00    0.00    2.00    0.00    0.00    0.00    0.00    0.00    0.00   98.00
01:53:08 PM   12    0.99    0.00    0.99    0.00    0.00    0.00    0.00    0.00    0.00   98.02
01:53:08 PM   13    0.00    0.00    0.00    0.00    0.00    0.00    0.00    0.00    0.00  100.00
01:53:08 PM   14    0.00    0.00    0.00    0.00    0.00    0.00    0.00    0.00    0.00  100.00
01:53:08 PM   15    0.00    0.00    0.00   44.55    0.00    0.00    0.00    0.00    0.00   55.45
01:53:08 PM   16    0.00    0.00    0.00    0.00    0.00    0.00    0.00    0.00    0.00  100.00
01:53:08 PM   17    0.00    0.00    0.00    0.00    0.00    0.00    0.00    0.00    0.00  100.00
01:53:08 PM   18    0.00    0.00    0.00    0.00    0.00    0.00    0.00    0.00    0.00  100.00
01:53:08 PM   19    0.00    0.00    0.00    0.00    0.00    0.00    0.00    0.00    0.00  100.00
01:53:08 PM   20    0.00    0.00    0.00    0.00    0.00    0.00    0.00    0.00    0.00  100.00
01:53:08 PM   21    0.00    0.00    0.00    0.00    0.00    0.00    0.00    0.00    0.00  100.00
01:53:08 PM   22    0.00    0.00    0.00    0.00    0.00    0.00    0.00    0.00    0.00  100.00
01:53:08 PM   23    0.00    0.00    0.00    0.00    0.00    0.00    0.00    0.00    0.00  100.00
01:53:08 PM   24    0.00    0.00    0.00    0.00    0.00    0.00    0.00    0.00    0.00  100.00
01:53:08 PM   25    0.00    0.00    0.00    0.00    0.00    0.00    0.00    0.00    0.00  100.00
01:53:08 PM   26    0.00    0.00    0.00    0.00    0.00    0.00    0.00    0.00    0.00  100.00
01:53:08 PM   27    0.00    0.00    0.00    0.00    0.00    0.00    0.00    0.00    0.00  100.00
01:53:08 PM   28    0.00    0.00    0.00    0.00    0.00    0.00    0.00    0.00    0.00  100.00
01:53:08 PM   29    0.00    0.00    0.00    0.00    0.00    0.00    0.00    0.00    0.00  100.00
01:53:08 PM   30    0.00    0.00    0.00    0.00    0.00    0.00    0.00    0.00    0.00  100.00
01:53:08 PM   31    0.00    0.00    0.00    0.00    0.00    0.00    0.00    0.00    0.00  100.00

01:53:08 PM  CPU    %usr   %nice    %sys %iowait    %irq   %soft  %steal  %guest  %gnice   %idle
01:53:09 PM  all    0.03    0.00    0.19    7.71    0.00    0.00    0.00    0.00    0.00   92.07
01:53:09 PM    0    0.00    0.00    0.00    0.00    0.00    0.00    0.00    0.00    0.00  100.00
01:53:09 PM    1    0.00    0.00    0.00    0.00    0.00    0.00    0.00    0.00    0.00  100.00
01:53:09 PM    2    0.00    0.00    0.00    0.00    0.00    0.00    0.00    0.00    0.00  100.00
01:53:09 PM    3    0.00    0.00    0.00    0.00    0.00    0.00    0.00    0.00    0.00  100.00
01:53:09 PM    4    0.99    0.00    0.00    0.00    0.00    0.00    0.00    0.00    0.00   99.01
01:53:09 PM    5    0.00    0.00    0.00    0.00    0.00    0.00    0.00    0.00    0.00  100.00
01:53:09 PM    6    0.00    0.00    0.00    0.00    0.00    0.00    0.00    0.00    0.00  100.00
01:53:09 PM    7    0.00    0.00    0.00    0.00    0.00    0.00    0.00    0.00    0.00  100.00
01:53:09 PM    8    0.00    0.00    3.09   81.44    0.00    0.00    0.00    0.00    0.00   15.46
01:53:09 PM    9    0.00    0.00    0.00    0.00    0.00    0.00    0.00    0.00    0.00  100.00
01:53:09 PM   10    0.00    0.00    1.01   98.99    0.00    0.00    0.00    0.00    0.00    0.00
01:53:09 PM   11    0.00    0.00    0.00    0.00    0.00    0.00    0.00    0.00    0.00  100.00
01:53:09 PM   12    0.00    0.00    2.02   14.14    0.00    0.00    0.00    0.00    0.00   83.84
01:53:09 PM   13    0.00    0.00    0.00    0.00    0.00    0.00    0.00    0.00    0.00  100.00
01:53:09 PM   14    0.00    0.00    0.00    0.00    0.00    0.00    0.00    0.00    0.00  100.00
01:53:09 PM   15    0.00    0.00    0.00   56.12    0.00    0.00    0.00    0.00    0.00   43.88
01:53:09 PM   16    0.00    0.00    0.00    0.00    0.00    0.00    0.00    0.00    0.00  100.00
01:53:09 PM   17    0.00    0.00    0.00    0.00    0.00    0.00    0.00    0.00    0.00  100.00
01:53:09 PM   18    0.00    0.00    0.00    0.00    0.00    0.00    0.00    0.00    0.00  100.00
01:53:09 PM   19    0.00    0.00    0.00    0.00    0.00    0.00    0.00    0.00    0.00  100.00
01:53:09 PM   20    0.00    0.00    0.00    0.00    0.00    0.00    0.00    0.00    0.00  100.00
01:53:09 PM   21    0.00    0.00    0.00    0.00    0.00    0.00    0.00    0.00    0.00  100.00
01:53:09 PM   22    0.00    0.00    0.00    0.00    0.00    0.00    0.00    0.00    0.00  100.00
01:53:09 PM   23    0.00    0.00    0.00    0.00    0.00    0.00    0.00    0.00    0.00  100.00
01:53:09 PM   24    0.00    0.00    0.00    0.00    0.00    0.00    0.00    0.00    0.00  100.00
01:53:09 PM   25    0.00    0.00    0.00    0.00    0.00    0.00    0.00    0.00    0.00  100.00
01:53:09 PM   26    0.00    0.00    0.00    0.00    0.00    0.00    0.00    0.00    0.00  100.00
01:53:09 PM   27    0.00    0.00    0.00    0.00    0.00    0.00    0.00    0.00    0.00  100.00
01:53:09 PM   28    0.00    0.00    0.00    0.00    0.00    0.00    0.00    0.00    0.00  100.00
01:53:09 PM   29    0.00    0.00    0.00    0.00    0.00    0.00    0.00    0.00    0.00  100.00
01:53:09 PM   30    0.00    0.00    0.00    0.00    0.00    0.00    0.00    0.00    0.00  100.00
01:53:09 PM   31    0.00    0.00    0.00    0.00    0.00    0.00    0.00    0.00    0.00  100.00

01:53:09 PM  CPU    %usr   %nice    %sys %iowait    %irq   %soft  %steal  %guest  %gnice   %idle
01:53:10 PM  all    0.00    0.03    0.16    5.80    0.00    0.00    0.00    0.00    0.00   94.02
01:53:10 PM    0    0.00    0.00    0.00    0.00    0.00    0.00    0.00    0.00    0.00  100.00
01:53:10 PM    1    0.00    0.00    0.00    0.00    0.00    0.00    0.00    0.00    0.00  100.00
01:53:10 PM    2    0.00    0.00    0.00    0.00    0.00    0.00    0.00    0.00    0.00  100.00
01:53:10 PM    3    0.00    0.00    0.00    0.00    0.00    0.00    0.00    0.00    0.00  100.00
01:53:10 PM    4    0.00    0.00    0.00    0.00    0.00    0.00    0.00    0.00    0.00  100.00
01:53:10 PM    5    0.00    0.00    0.00    0.00    0.00    0.00    0.00    0.00    0.00  100.00
01:53:10 PM    6    0.00    0.00    0.00    0.00    0.00    0.00    0.00    0.00    0.00  100.00
01:53:10 PM    7    0.00    0.00    0.00    0.00    0.00    0.00    0.00    0.00    0.00  100.00
01:53:10 PM    8    0.00    1.00    0.00   29.00    0.00    0.00    0.00    0.00    0.00   70.00
01:53:10 PM    9    0.00    0.00    0.00    0.00    0.00    0.00    0.00    0.00    0.00  100.00
01:53:10 PM   10    0.00    0.00    3.03   96.97    0.00    0.00    0.00    0.00    0.00    0.00
01:53:10 PM   11    0.00    0.00    0.00    0.00    0.00    0.00    0.00    0.00    0.00  100.00
01:53:10 PM   12    0.00    0.00    1.01   29.29    0.00    0.00    0.00    0.00    0.00   69.70
01:53:10 PM   13    0.00    0.00    0.00    0.00    0.00    0.00    0.00    0.00    0.00  100.00
01:53:10 PM   14    0.00    0.00    1.01    0.00    0.00    0.00    0.00    0.00    0.00   98.99
01:53:10 PM   15    0.00    0.00    0.00   31.00    0.00    0.00    0.00    0.00    0.00   69.00
01:53:10 PM   16    0.00    0.00    0.00    0.00    0.00    0.00    0.00    0.00    0.00  100.00
01:53:10 PM   17    0.00    0.00    0.00    0.00    0.00    0.00    0.00    0.00    0.00  100.00
01:53:10 PM   18    0.00    0.00    0.00    0.00    0.00    0.00    0.00    0.00    0.00  100.00
01:53:10 PM   19    0.00    0.00    0.00    0.00    0.00    0.00    0.00    0.00    0.00  100.00
01:53:10 PM   20    0.00    0.00    0.00    0.00    0.00    0.00    0.00    0.00    0.00  100.00
01:53:10 PM   21    0.00    0.00    0.00    0.00    0.00    0.00    0.00    0.00    0.00  100.00
01:53:10 PM   22    0.00    0.00    0.00    0.00    0.00    0.00    0.00    0.00    0.00  100.00
01:53:10 PM   23    0.00    0.00    0.00    0.00    0.00    0.00    0.00    0.00    0.00  100.00
01:53:10 PM   24    0.00    0.00    0.00    0.00    0.00    0.00    0.00    0.00    0.00  100.00
01:53:10 PM   25    0.00    0.00    0.00    0.00    0.00    0.00    0.00    0.00    0.00  100.00
01:53:10 PM   26    0.00    0.00    0.00    0.00    0.00    0.00    0.00    0.00    0.00  100.00
01:53:10 PM   27    0.00    0.00    0.00    0.00    0.00    0.00    0.00    0.00    0.00  100.00
01:53:10 PM   28    0.00    0.00    0.00    0.00    0.00    0.00    0.00    0.00    0.00  100.00
01:53:10 PM   29    0.00    0.00    0.00    0.00    0.00    0.00    0.00    0.00    0.00  100.00
01:53:10 PM   30    0.00    0.00    0.00    0.00    0.00    0.00    0.00    0.00    0.00  100.00
01:53:10 PM   31    0.00    0.00    0.00    0.00    0.00    0.00    0.00    0.00    0.00  100.00

01:53:10 PM  CPU    %usr   %nice    %sys %iowait    %irq   %soft  %steal  %guest  %gnice   %idle
01:53:11 PM  all    0.03    0.00    0.25   10.45    0.00    0.00    0.00    0.00    0.00   89.27
01:53:11 PM    0    0.00    0.00    0.00    0.00    0.00    0.00    0.00    0.00    0.00  100.00
01:53:11 PM    1    0.00    0.00    0.00    0.00    0.00    0.00    0.00    0.00    0.00  100.00
01:53:11 PM    2    0.00    0.00    1.00   84.00    0.00    0.00    0.00    0.00    0.00   15.00
01:53:11 PM    3    0.00    0.00    0.00    0.00    0.00    0.00    0.00    0.00    0.00  100.00
01:53:11 PM    4    0.00    0.00    0.00   15.84    0.00    0.00    0.00    0.00    0.00   84.16
01:53:11 PM    5    0.00    0.00    0.00    0.00    0.00    0.00    0.00    0.00    0.00  100.00
01:53:11 PM    6    0.00    0.00    0.00    0.00    0.00    0.00    0.00    0.00    0.00  100.00
01:53:11 PM    7    0.00    0.00    0.00    0.00    0.00    0.00    0.00    0.00    0.00  100.00
01:53:11 PM    8    1.01    0.00    4.04   17.17    0.00    0.00    0.00    0.00    0.00   77.78
01:53:11 PM    9    0.00    0.00    0.00    0.00    0.00    0.00    0.00    0.00    0.00  100.00
01:53:11 PM   10    0.00    0.00    0.00   72.45    0.00    0.00    0.00    0.00    0.00   27.55
01:53:11 PM   11    0.00    0.00    0.00   23.76    0.00    0.00    0.00    0.00    0.00   76.24
01:53:11 PM   12    0.00    0.00    0.00    0.00    0.00    0.00    0.00    0.00    0.00  100.00
01:53:11 PM   13    0.00    0.00    0.00    0.00    0.00    0.00    0.00    0.00    0.00  100.00
01:53:11 PM   14    0.00    0.00    2.00   15.00    0.00    0.00    0.00    0.00    0.00   83.00
01:53:11 PM   15    0.00    0.00    0.00   50.00    0.00    0.00    0.00    0.00    0.00   50.00
01:53:11 PM   16    0.00    0.00    0.00    0.00    0.00    0.00    0.00    0.00    0.00  100.00
01:53:11 PM   17    0.00    0.00    0.00    0.00    0.00    0.00    0.00    0.00    0.00  100.00
01:53:11 PM   18    0.00    0.00    0.00    0.00    0.00    0.00    0.00    0.00    0.00  100.00
01:53:11 PM   19    0.00    0.00    0.00    0.00    0.00    0.00    0.00    0.00    0.00  100.00
01:53:11 PM   20    0.00    0.00    0.98   56.86    0.00    0.00    0.00    0.00    0.00   42.16
01:53:11 PM   21    0.00    0.00    0.00    0.00    0.00    0.00    0.00    0.00    0.00  100.00
01:53:11 PM   22    0.00    0.00    0.00    0.00    0.00    0.00    0.00    0.00    0.00  100.00
01:53:11 PM   23    0.00    0.00    0.00    0.00    0.00    0.00    0.00    0.00    0.00  100.00
01:53:11 PM   24    0.00    0.00    0.00    0.00    0.00    0.00    0.00    0.00    0.00  100.00
01:53:11 PM   25    0.00    0.00    0.00    0.00    0.00    0.00    0.00    0.00    0.00  100.00
01:53:11 PM   26    0.00    0.00    0.00    0.00    0.00    0.00    0.00    0.00    0.00  100.00
01:53:11 PM   27    0.00    0.00    0.00    0.00    0.00    0.00    0.00    0.00    0.00  100.00
01:53:11 PM   28    0.00    0.00    0.00    0.00    0.00    0.00    0.00    0.00    0.00  100.00
01:53:11 PM   29    0.00    0.00    0.00    0.00    0.00    0.00    0.00    0.00    0.00  100.00
01:53:11 PM   30    0.00    0.00    0.00    0.00    0.00    0.00    0.00    0.00    0.00  100.00
01:53:11 PM   31    0.00    0.00    0.00    0.00    0.00    0.00    0.00    0.00    0.00  100.00

01:53:11 PM  CPU    %usr   %nice    %sys %iowait    %irq   %soft  %steal  %guest  %gnice   %idle
01:53:12 PM  all    0.03    0.00    0.25    5.35    0.00    0.00    0.00    0.00    0.00   94.37
01:53:12 PM    0    0.00    0.00    0.00    0.00    0.00    0.00    0.00    0.00    0.00  100.00
01:53:12 PM    1    0.00    0.00    0.00    0.00    0.00    0.00    0.00    0.00    0.00  100.00
01:53:12 PM    2    0.00    0.00    0.00   36.00    0.00    0.00    0.00    0.00    0.00   64.00
01:53:12 PM    3    0.00    0.00    0.00    0.00    0.00    0.00    0.00    0.00    0.00  100.00
01:53:12 PM    4    0.00    0.00    0.00    0.00    0.00    0.00    0.00    0.00    0.00  100.00
01:53:12 PM    5    0.00    0.00    0.00    0.00    0.00    0.00    0.00    0.00    0.00  100.00
01:53:12 PM    6    0.00    0.00    0.00    0.00    0.00    0.00    0.00    0.00    0.00  100.00
01:53:12 PM    7    0.00    0.00    0.00    0.00    0.00    0.00    0.00    0.00    0.00  100.00
01:53:12 PM    8    1.01    0.00    3.03   53.54    0.00    0.00    0.00    0.00    0.00   42.42
01:53:12 PM    9    0.00    0.00    0.00    0.00    0.00    0.00    0.00    0.00    0.00  100.00
01:53:12 PM   10    0.00    0.00    1.02   64.29    0.00    0.00    0.00    0.00    0.00   34.69
01:53:12 PM   11    0.00    0.00    0.00    0.00    0.00    0.00    0.00    0.00    0.00  100.00
01:53:12 PM   12    0.00    0.00    0.00    0.00    0.00    0.00    0.00    0.00    0.00  100.00
01:53:12 PM   13    0.00    0.00    0.00    0.00    0.00    0.00    0.00    0.00    0.00  100.00
01:53:12 PM   14    0.00    0.00    3.00    0.00    0.00    0.00    0.00    0.00    0.00   97.00
01:53:12 PM   15    0.00    0.00    0.00   19.00    0.00    0.00    0.00    0.00    0.00   81.00
01:53:12 PM   16    0.00    0.00    0.99    0.00    0.00    0.00    0.00    0.00    0.00   99.01
01:53:12 PM   17    0.00    0.00    0.00    0.00    0.00    0.00    0.00    0.00    0.00  100.00
01:53:12 PM   18    0.00    0.00    0.00    0.00    0.00    0.00    0.00    0.00    0.00  100.00
01:53:12 PM   19    0.00    0.00    0.00    0.00    0.00    0.00    0.00    0.00    0.00  100.00
01:53:12 PM   20    0.00    0.00    0.00    0.00    0.00    0.00    0.00    0.00    0.00  100.00
01:53:12 PM   21    0.00    0.00    0.00    0.00    0.00    0.00    0.00    0.00    0.00  100.00
01:53:12 PM   22    0.00    0.00    0.00    0.00    0.00    0.00    0.00    0.00    0.00  100.00
01:53:12 PM   23    0.00    0.00    0.00    0.00    0.00    0.00    0.00    0.00    0.00  100.00
01:53:12 PM   24    0.00    0.00    0.00    0.00    0.00    0.00    0.00    0.00    0.00  100.00
01:53:12 PM   25    0.00    0.00    0.00    0.00    0.00    0.00    0.00    0.00    0.00  100.00
01:53:12 PM   26    0.00    0.00    0.00    0.00    0.00    0.00    0.00    0.00    0.00  100.00
01:53:12 PM   27    0.00    0.00    0.00    0.00    0.00    0.00    0.00    0.00    0.00  100.00
01:53:12 PM   28    0.00    0.00    0.00    0.00    0.00    0.00    0.00    0.00    0.00  100.00
01:53:12 PM   29    0.00    0.00    0.00    0.00    0.00    0.00    0.00    0.00    0.00  100.00
01:53:12 PM   30    0.00    0.00    0.00    0.00    0.00    0.00    0.00    0.00    0.00  100.00
01:53:12 PM   31    0.00    0.00    0.00    0.00    0.00    0.00    0.00    0.00    0.00  100.00

01:53:12 PM  CPU    %usr   %nice    %sys %iowait    %irq   %soft  %steal  %guest  %gnice   %idle
01:53:13 PM  all    0.03    0.03    0.06    7.90    0.00    0.00    0.00    0.00    0.00   91.98
01:53:13 PM    0    0.00    0.00    0.00    0.00    0.00    0.00    0.00    0.00    0.00  100.00
01:53:13 PM    1    0.00    0.00    0.00    0.00    0.00    0.00    0.00    0.00    0.00  100.00
01:53:13 PM    2    0.00    0.00    0.00    0.00    0.00    0.00    0.00    0.00    0.00  100.00
01:53:13 PM    3    0.00    0.00    0.00    0.00    0.00    0.00    0.00    0.00    0.00  100.00
01:53:13 PM    4    0.00    0.00    0.00    0.00    0.00    0.00    0.00    0.00    0.00  100.00
01:53:13 PM    5    0.00    0.00    0.00    0.00    0.00    0.00    0.00    0.00    0.00  100.00
01:53:13 PM    6    0.00    0.00    0.00    0.00    0.00    0.00    0.00    0.00    0.00  100.00
01:53:13 PM    7    0.00    0.00    0.00    0.00    0.00    0.00    0.00    0.00    0.00  100.00
01:53:13 PM    8    0.00    0.00    0.00   80.61    0.00    0.00    0.00    0.00    0.00   19.39
01:53:13 PM    9    0.00    0.00    0.00    0.00    0.00    0.00    0.00    0.00    0.00  100.00
01:53:13 PM   10    0.00    1.00    2.00   97.00    0.00    0.00    0.00    0.00    0.00    0.00
01:53:13 PM   11    0.00    0.00    0.00    0.00    0.00    0.00    0.00    0.00    0.00  100.00
01:53:13 PM   12    0.00    0.00    0.00    0.00    0.00    0.00    0.00    0.00    0.00  100.00
01:53:13 PM   13    0.00    0.00    0.00    0.00    0.00    0.00    0.00    0.00    0.00  100.00
01:53:13 PM   14    0.00    0.00    0.00    0.00    0.00    0.00    0.00    0.00    0.00  100.00
01:53:13 PM   15    0.00    0.00    0.00   77.55    0.00    0.00    0.00    0.00    0.00   22.45
01:53:13 PM   16    0.00    0.00    0.00    0.00    0.00    0.00    0.00    0.00    0.00  100.00
01:53:13 PM   17    1.00    0.00    0.00    0.00    0.00    0.00    0.00    0.00    0.00   99.00
01:53:13 PM   18    0.00    0.00    0.00    0.00    0.00    0.00    0.00    0.00    0.00  100.00
01:53:13 PM   19    0.00    0.00    0.00    0.00    0.00    0.00    0.00    0.00    0.00  100.00
01:53:13 PM   20    0.00    0.00    0.00    0.00    0.00    0.00    0.00    0.00    0.00  100.00
01:53:13 PM   21    0.00    0.00    0.00    0.00    0.00    0.00    0.00    0.00    0.00  100.00
01:53:13 PM   22    0.00    0.00    0.00    0.00    0.00    0.00    0.00    0.00    0.00  100.00
01:53:13 PM   23    0.00    0.00    0.00    0.00    0.00    0.00    0.00    0.00    0.00  100.00
01:53:13 PM   24    0.00    0.00    0.00    0.00    0.00    0.00    0.00    0.00    0.00  100.00
01:53:13 PM   25    0.00    0.00    0.00    0.00    0.00    0.00    0.00    0.00    0.00  100.00
01:53:13 PM   26    0.00    0.00    0.00    0.00    0.00    0.00    0.00    0.00    0.00  100.00
01:53:13 PM   27    0.00    0.00    0.00    0.00    0.00    0.00    0.00    0.00    0.00  100.00
01:53:13 PM   28    0.00    0.00    0.00    0.00    0.00    0.00    0.00    0.00    0.00  100.00
01:53:13 PM   29    0.00    0.00    0.00    0.00    0.00    0.00    0.00    0.00    0.00  100.00
01:53:13 PM   30    0.00    0.00    0.00    0.00    0.00    0.00    0.00    0.00    0.00  100.00
01:53:13 PM   31    0.00    0.00    0.00    0.00    0.00    0.00    0.00    0.00    0.00  100.00

01:53:13 PM  CPU    %usr   %nice    %sys %iowait    %irq   %soft  %steal  %guest  %gnice   %idle
01:53:14 PM  all    0.06    0.00    0.25    7.85    0.00    0.00    0.00    0.00    0.00   91.83
01:53:14 PM    0    0.00    0.00    0.00    0.00    0.00    0.00    0.00    0.00    0.00  100.00
01:53:14 PM    1    0.00    0.00    0.00    0.00    0.00    0.00    0.00    0.00    0.00  100.00
01:53:14 PM    2    0.00    0.00    0.00    0.00    0.00    0.00    0.00    0.00    0.00  100.00
01:53:14 PM    3    0.00    0.00    0.00    0.00    0.00    0.00    0.00    0.00    0.00  100.00
01:53:14 PM    4    0.00    0.00    0.00    0.00    0.00    0.00    0.00    0.00    0.00  100.00
01:53:14 PM    5    0.00    0.00    0.00    0.00    0.00    0.00    0.00    0.00    0.00  100.00
01:53:14 PM    6    0.00    0.00    0.99   15.84    0.00    0.00    0.00    0.00    0.00   83.17
01:53:14 PM    7    0.00    0.00    0.00    0.00    0.00    0.00    0.00    0.00    0.00  100.00
01:53:14 PM    8    1.01    0.00    3.03   50.51    0.00    0.00    0.00    0.00    0.00   45.45
01:53:14 PM    9    0.00    0.00    0.00    0.00    0.00    0.00    0.00    0.00    0.00  100.00
01:53:14 PM   10    0.00    0.00    1.01   98.99    0.00    0.00    0.00    0.00    0.00    0.00
01:53:14 PM   11    0.00    0.00    0.00   11.00    0.00    0.00    0.00    0.00    0.00   89.00
01:53:14 PM   12    0.00    0.00    1.00   27.00    0.00    0.00    0.00    0.00    0.00   72.00
01:53:14 PM   13    0.00    0.00    0.00    0.00    0.00    0.00    0.00    0.00    0.00  100.00
01:53:14 PM   14    1.00    0.00    2.00    0.00    0.00    0.00    0.00    0.00    0.00   97.00
01:53:14 PM   15    0.00    0.00    0.00   49.49    0.00    0.00    0.00    0.00    0.00   50.51
01:53:14 PM   16    0.00    0.00    0.00    0.00    0.00    0.00    0.00    0.00    0.00  100.00
01:53:14 PM   17    0.00    0.00    0.00    0.00    0.00    0.00    0.00    0.00    0.00  100.00
01:53:14 PM   18    0.00    0.00    0.00    0.00    0.00    0.00    0.00    0.00    0.00  100.00
01:53:14 PM   19    0.00    0.00    0.00    0.00    0.00    0.00    0.00    0.00    0.00  100.00
01:53:14 PM   20    0.00    0.00    0.00    0.00    0.00    0.00    0.00    0.00    0.00  100.00
01:53:14 PM   21    0.00    0.00    0.00    0.00    0.00    0.00    0.00    0.00    0.00  100.00
01:53:14 PM   22    0.00    0.00    0.00    0.00    0.00    0.00    0.00    0.00    0.00  100.00
01:53:14 PM   23    0.00    0.00    0.00    0.00    0.00    0.00    0.00    0.00    0.00  100.00
01:53:14 PM   24    0.00    0.00    0.00    0.00    0.00    0.00    0.00    0.00    0.00  100.00
01:53:14 PM   25    0.00    0.00    0.00    0.00    0.00    0.00    0.00    0.00    0.00  100.00
01:53:14 PM   26    0.00    0.00    0.00    0.00    0.00    0.00    0.00    0.00    0.00  100.00
01:53:14 PM   27    0.00    0.00    0.00    0.00    0.00    0.00    0.00    0.00    0.00  100.00
01:53:14 PM   28    0.00    0.00    0.00    0.00    0.00    0.00    0.00    0.00    0.00  100.00
01:53:14 PM   29    0.00    0.00    0.00    0.00    0.00    0.00    0.00    0.00    0.00  100.00
01:53:14 PM   30    0.00    0.00    0.00    0.00    0.00    0.00    0.00    0.00    0.00  100.00
01:53:14 PM   31    0.00    0.00    0.00    0.00    0.00    0.00    0.00    0.00    0.00  100.00

01:53:14 PM  CPU    %usr   %nice    %sys %iowait    %irq   %soft  %steal  %guest  %gnice   %idle
01:53:15 PM  all    0.03    0.00    0.22    6.67    0.00    0.00    0.00    0.00    0.00   93.08
01:53:15 PM    0    0.00    0.00    0.00    0.00    0.00    0.00    0.00    0.00    0.00  100.00
01:53:15 PM    1    0.00    0.00    0.00    0.00    0.00    0.00    0.00    0.00    0.00  100.00
01:53:15 PM    2    0.00    0.00    0.00    0.00    0.00    0.00    0.00    0.00    0.00  100.00
01:53:15 PM    3    0.00    0.00    0.00    0.00    0.00    0.00    0.00    0.00    0.00  100.00
01:53:15 PM    4    0.00    0.00    0.00    0.00    0.00    0.00    0.00    0.00    0.00  100.00
01:53:15 PM    5    0.00    0.00    0.00    0.00    0.00    0.00    0.00    0.00    0.00  100.00
01:53:15 PM    6    0.00    0.00    0.00    0.00    0.00    0.00    0.00    0.00    0.00  100.00
01:53:15 PM    7    0.00    0.00    0.00    0.00    0.00    0.00    0.00    0.00    0.00  100.00
01:53:15 PM    8    1.01    0.00    3.03   64.65    0.00    0.00    0.00    0.00    0.00   31.31
01:53:15 PM    9    0.00    0.00    0.00    0.00    0.00    0.00    0.00    0.00    0.00  100.00
01:53:15 PM   10    0.00    0.00    2.00   98.00    0.00    0.00    0.00    0.00    0.00    0.00
01:53:15 PM   11    0.00    0.00    0.00   16.00    0.00    0.00    0.00    0.00    0.00   84.00
01:53:15 PM   12    0.00    0.00    0.00    0.00    0.00    0.00    0.00    0.00    0.00  100.00
01:53:15 PM   13    0.00    0.00    0.00    0.00    0.00    0.00    0.00    0.00    0.00  100.00
01:53:15 PM   14    0.00    0.00    2.00    0.00    0.00    0.00    0.00    0.00    0.00   98.00
01:53:15 PM   15    0.00    0.00    0.00   35.35    0.00    0.00    0.00    0.00    0.00   64.65
01:53:15 PM   16    0.00    0.00    0.00    0.00    0.00    0.00    0.00    0.00    0.00  100.00
01:53:15 PM   17    0.00    0.00    0.00    0.00    0.00    0.00    0.00    0.00    0.00  100.00
01:53:15 PM   18    0.00    0.00    0.00    0.00    0.00    0.00    0.00    0.00    0.00  100.00
01:53:15 PM   19    0.00    0.00    0.00    0.00    0.00    0.00    0.00    0.00    0.00  100.00
01:53:15 PM   20    0.00    0.00    0.00    0.00    0.00    0.00    0.00    0.00    0.00  100.00
01:53:15 PM   21    0.00    0.00    0.00    0.00    0.00    0.00    0.00    0.00    0.00  100.00
01:53:15 PM   22    0.00    0.00    0.00    0.00    0.00    0.00    0.00    0.00    0.00  100.00
01:53:15 PM   23    0.00    0.00    0.00    0.00    0.00    0.00    0.00    0.00    0.00  100.00
01:53:15 PM   24    0.00    0.00    0.00    0.00    0.00    0.00    0.00    0.00    0.00  100.00
01:53:15 PM   25    0.00    0.00    0.00    0.00    0.00    0.00    0.00    0.00    0.00  100.00
01:53:15 PM   26    0.00    0.00    0.00    0.00    0.00    0.00    0.00    0.00    0.00  100.00
01:53:15 PM   27    0.00    0.00    0.00    0.00    0.00    0.00    0.00    0.00    0.00  100.00
01:53:15 PM   28    0.00    0.00    0.00    0.00    0.00    0.00    0.00    0.00    0.00  100.00
01:53:15 PM   29    0.00    0.00    0.00    0.00    0.00    0.00    0.00    0.00    0.00  100.00
01:53:15 PM   30    0.00    0.00    0.00    0.00    0.00    0.00    0.00    0.00    0.00  100.00
01:53:15 PM   31    0.00    0.00    0.00    0.00    0.00    0.00    0.00    0.00    0.00  100.00

01:53:15 PM  CPU    %usr   %nice    %sys %iowait    %irq   %soft  %steal  %guest  %gnice   %idle
01:53:16 PM  all    0.00    0.00    0.13    6.61    0.00    0.00    0.00    0.00    0.00   93.26
01:53:16 PM    0    0.00    0.00    0.00    0.00    0.00    0.00    0.00    0.00    0.00  100.00
01:53:16 PM    1    0.00    0.00    0.00    0.00    0.00    0.00    0.00    0.00    0.00  100.00
01:53:16 PM    2    0.00    0.00    0.00    0.00    0.00    0.00    0.00    0.00    0.00  100.00
01:53:16 PM    3    0.00    0.00    0.00    0.00    0.00    0.00    0.00    0.00    0.00  100.00
01:53:16 PM    4    0.00    0.00    0.00    0.00    0.00    0.00    0.00    0.00    0.00  100.00
01:53:16 PM    5    0.00    0.00    0.00    0.00    0.00    0.00    0.00    0.00    0.00  100.00
01:53:16 PM    6    0.00    0.00    0.00    0.00    0.00    0.00    0.00    0.00    0.00  100.00
01:53:16 PM    7    0.00    0.00    0.00    0.00    0.00    0.00    0.00    0.00    0.00  100.00
01:53:16 PM    8    0.00    0.00    2.00    0.00    0.00    0.00    0.00    0.00    0.00   98.00
01:53:16 PM    9    0.00    0.00    0.99    0.00    0.00    0.00    0.00    0.00    0.00   99.01
01:53:16 PM   10    0.00    0.00    1.02   98.98    0.00    0.00    0.00    0.00    0.00    0.00
01:53:16 PM   11    0.00    0.00    0.00    3.03    0.00    0.00    0.00    0.00    0.00   96.97
01:53:16 PM   12    0.00    0.00    0.00    0.00    0.00    0.00    0.00    0.00    0.00  100.00
01:53:16 PM   13    0.00    0.00    0.00    0.00    0.00    0.00    0.00    0.00    0.00  100.00
01:53:16 PM   14    0.00    0.00    0.00    0.00    0.00    0.00    0.00    0.00    0.00  100.00
01:53:16 PM   15    0.00    0.00    0.00   50.00    0.00    0.00    0.00    0.00    0.00   50.00
01:53:16 PM   16    0.00    0.00    0.00    0.00    0.00    0.00    0.00    0.00    0.00  100.00
01:53:16 PM   17    0.00    0.00    0.00    0.00    0.00    0.00    0.00    0.00    0.00  100.00
01:53:16 PM   18    0.00    0.00    0.00    0.00    0.00    0.00    0.00    0.00    0.00  100.00
01:53:16 PM   19    0.00    0.00    0.00    0.00    0.00    0.00    0.00    0.00    0.00  100.00
01:53:16 PM   20    0.00    0.00    0.00   61.62    0.00    0.00    0.00    0.00    0.00   38.38
01:53:16 PM   21    0.00    0.00    0.00    0.00    0.00    0.00    0.00    0.00    0.00  100.00
01:53:16 PM   22    0.00    0.00    0.00    0.00    0.00    0.00    0.00    0.00    0.00  100.00
01:53:16 PM   23    0.00    0.00    0.00    0.00    0.00    0.00    0.00    0.00    0.00  100.00
01:53:16 PM   24    0.00    0.00    0.00    0.00    0.00    0.00    0.00    0.00    0.00  100.00
01:53:16 PM   25    0.00    0.00    0.00    0.00    0.00    0.00    0.00    0.00    0.00  100.00
01:53:16 PM   26    0.00    0.00    0.00    0.00    0.00    0.00    0.00    0.00    0.00  100.00
01:53:16 PM   27    0.00    0.00    0.00    0.00    0.00    0.00    0.00    0.00    0.00  100.00
01:53:16 PM   28    0.00    0.00    0.00    0.00    0.00    0.00    0.00    0.00    0.00  100.00
01:53:16 PM   29    0.00    0.00    0.00    0.00    0.00    0.00    0.00    0.00    0.00  100.00
01:53:16 PM   30    0.00    0.00    0.00    0.00    0.00    0.00    0.00    0.00    0.00  100.00
01:53:16 PM   31    0.00    0.00    0.00    0.00    0.00    0.00    0.00    0.00    0.00  100.00

01:53:16 PM  CPU    %usr   %nice    %sys %iowait    %irq   %soft  %steal  %guest  %gnice   %idle
01:53:17 PM  all    0.03    0.00    0.22    7.10    0.00    0.00    0.00    0.00    0.00   92.65
01:53:17 PM    0    0.00    0.00    0.00    0.00    0.00    0.00    0.00    0.00    0.00  100.00
01:53:17 PM    1    0.00    0.00    0.00    0.00    0.00    0.00    0.00    0.00    0.00  100.00
01:53:17 PM    2    0.00    0.00    0.00    0.00    0.00    0.00    0.00    0.00    0.00  100.00
01:53:17 PM    3    0.00    0.00    0.00    0.00    0.00    0.00    0.00    0.00    0.00  100.00
01:53:17 PM    4    0.00    0.00    0.00    0.00    0.00    0.00    0.00    0.00    0.00  100.00
01:53:17 PM    5    0.00    0.00    0.00    0.00    0.00    0.00    0.00    0.00    0.00  100.00
01:53:17 PM    6    0.00    0.00    0.00    0.00    0.00    0.00    0.00    0.00    0.00  100.00
01:53:17 PM    7    0.00    0.00    0.00    0.00    0.00    0.00    0.00    0.00    0.00  100.00
01:53:17 PM    8    1.01    0.00    4.04   36.36    0.00    0.00    0.00    0.00    0.00   58.59
01:53:17 PM    9    0.00    0.00    0.00    0.00    0.00    0.00    0.00    0.00    0.00  100.00
01:53:17 PM   10    0.00    0.00    1.01   98.99    0.00    0.00    0.00    0.00    0.00    0.00
01:53:17 PM   11    0.00    0.00    0.00   17.00    0.00    0.00    0.00    0.00    0.00   83.00
01:53:17 PM   12    0.00    0.00    0.99   30.69    0.00    0.00    0.00    0.00    0.00   68.32
01:53:17 PM   13    0.00    0.00    0.00    0.00    0.00    0.00    0.00    0.00    0.00  100.00
01:53:17 PM   14    0.00    0.00    0.00    0.00    0.00    0.00    0.00    0.00    0.00  100.00
01:53:17 PM   15    0.00    0.00    0.00   45.92    0.00    0.00    0.00    0.00    0.00   54.08
01:53:17 PM   16    0.00    0.00    0.00    0.00    0.00    0.00    0.00    0.00    0.00  100.00
01:53:17 PM   17    0.00    0.00    1.00    0.00    0.00    0.00    0.00    0.00    0.00   99.00
01:53:17 PM   18    0.00    0.00    0.00    0.00    0.00    0.00    0.00    0.00    0.00  100.00
01:53:17 PM   19    0.00    0.00    0.00    0.00    0.00    0.00    0.00    0.00    0.00  100.00
01:53:17 PM   20    0.00    0.00    0.00    0.00    0.00    0.00    0.00    0.00    0.00  100.00
01:53:17 PM   21    0.00    0.00    0.00    0.00    0.00    0.00    0.00    0.00    0.00  100.00
01:53:17 PM   22    0.00    0.00    0.00    0.00    0.00    0.00    0.00    0.00    0.00  100.00
01:53:17 PM   23    0.00    0.00    0.00    0.00    0.00    0.00    0.00    0.00    0.00  100.00
01:53:17 PM   24    0.00    0.00    0.00    0.00    0.00    0.00    0.00    0.00    0.00  100.00
01:53:17 PM   25    0.00    0.00    0.00    0.00    0.00    0.00    0.00    0.00    0.00  100.00
01:53:17 PM   26    0.00    0.00    0.00    0.00    0.00    0.00    0.00    0.00    0.00  100.00
01:53:17 PM   27    0.00    0.00    0.00    0.00    0.00    0.00    0.00    0.00    0.00  100.00
01:53:17 PM   28    0.00    0.00    0.00    0.00    0.00    0.00    0.00    0.00    0.00  100.00
01:53:17 PM   29    0.00    0.00    0.00    0.00    0.00    0.00    0.00    0.00    0.00  100.00
01:53:17 PM   30    0.00    0.00    0.00    0.00    0.00    0.00    0.00    0.00    0.00  100.00
01:53:17 PM   31    0.00    0.00    0.00    0.00    0.00    0.00    0.00    0.00    0.00  100.00

01:53:17 PM  CPU    %usr   %nice    %sys %iowait    %irq   %soft  %steal  %guest  %gnice   %idle
01:53:18 PM  all    0.03    0.00    0.22    6.22    0.00    0.00    0.00    0.00    0.00   93.53
01:53:18 PM    0    0.99    0.00    0.00    0.00    0.00    0.00    0.00    0.00    0.00   99.01
01:53:18 PM    1    0.00    0.00    0.00    0.00    0.00    0.00    0.00    0.00    0.00  100.00
01:53:18 PM    2    0.00    0.00    0.00    0.00    0.00    0.00    0.00    0.00    0.00  100.00
01:53:18 PM    3    0.00    0.00    0.00    0.00    0.00    0.00    0.00    0.00    0.00  100.00
01:53:18 PM    4    0.00    0.00    0.00    0.00    0.00    0.00    0.00    0.00    0.00  100.00
01:53:18 PM    5    0.00    0.00    0.00    0.00    0.00    0.00    0.00    0.00    0.00  100.00
01:53:18 PM    6    0.00    0.00    0.00    0.00    0.00    0.00    0.00    0.00    0.00  100.00
01:53:18 PM    7    0.00    0.00    0.00    0.00    0.00    0.00    0.00    0.00    0.00  100.00
01:53:18 PM    8    0.00    0.00    5.05   55.56    0.00    0.00    0.00    0.00    0.00   39.39
01:53:18 PM    9    0.00    0.00    0.00    0.00    0.00    0.00    0.00    0.00    0.00  100.00
01:53:18 PM   10    0.00    0.00    1.01   98.99    0.00    0.00    0.00    0.00    0.00    0.00
01:53:18 PM   11    0.00    0.00    0.00    0.00    0.00    0.00    0.00    0.00    0.00  100.00
01:53:18 PM   12    0.00    0.00    1.01    0.00    0.00    0.00    0.00    0.00    0.00   98.99
01:53:18 PM   13    0.00    0.00    0.00    0.00    0.00    0.00    0.00    0.00    0.00  100.00
01:53:18 PM   14    0.00    0.00    0.00    0.00    0.00    0.00    0.00    0.00    0.00  100.00
01:53:18 PM   15    0.00    0.00    0.00   42.00    0.00    0.00    0.00    0.00    0.00   58.00
01:53:18 PM   16    0.00    0.00    0.00    4.00    0.00    0.00    0.00    0.00    0.00   96.00
01:53:18 PM   17    0.00    0.00    0.00    0.00    0.00    0.00    0.00    0.00    0.00  100.00
01:53:18 PM   18    0.00    0.00    0.00    0.00    0.00    0.00    0.00    0.00    0.00  100.00
01:53:18 PM   19    0.00    0.00    0.00    0.00    0.00    0.00    0.00    0.00    0.00  100.00
01:53:18 PM   20    0.00    0.00    0.00    0.00    0.00    0.00    0.00    0.00    0.00  100.00
01:53:18 PM   21    0.00    0.00    0.00    0.00    0.00    0.00    0.00    0.00    0.00  100.00
01:53:18 PM   22    0.00    0.00    0.00    0.00    0.00    0.00    0.00    0.00    0.00  100.00
01:53:18 PM   23    0.00    0.00    0.00    0.00    0.00    0.00    0.00    0.00    0.00  100.00
01:53:18 PM   24    0.00    0.00    0.00    0.00    0.00    0.00    0.00    0.00    0.00  100.00
01:53:18 PM   25    0.00    0.00    0.00    0.00    0.00    0.00    0.00    0.00    0.00  100.00
01:53:18 PM   26    0.00    0.00    0.00    0.00    0.00    0.00    0.00    0.00    0.00  100.00
01:53:18 PM   27    0.00    0.00    0.00    0.00    0.00    0.00    0.00    0.00    0.00  100.00
01:53:18 PM   28    0.00    0.00    0.00    0.00    0.00    0.00    0.00    0.00    0.00  100.00
01:53:18 PM   29    0.00    0.00    0.00    0.00    0.00    0.00    0.00    0.00    0.00  100.00
01:53:18 PM   30    0.00    0.00    0.00    0.00    0.00    0.00    0.00    0.00    0.00  100.00
01:53:18 PM   31    0.00    0.00    0.00    0.00    0.00    0.00    0.00    0.00    0.00  100.00

01:53:18 PM  CPU    %usr   %nice    %sys %iowait    %irq   %soft  %steal  %guest  %gnice   %idle
01:53:19 PM  all    0.03    0.03    0.06    6.67    0.00    0.00    0.00    0.00    0.00   93.20
01:53:19 PM    0    0.00    0.00    0.00    0.00    0.00    0.00    0.00    0.00    0.00  100.00
01:53:19 PM    1    0.00    0.00    0.00    0.00    0.00    0.00    0.00    0.00    0.00  100.00
01:53:19 PM    2    0.00    0.00    0.00    0.00    0.00    0.00    0.00    0.00    0.00  100.00
01:53:19 PM    3    0.00    0.00    0.00    0.00    0.00    0.00    0.00    0.00    0.00  100.00
01:53:19 PM    4    0.00    0.00    0.00    0.00    0.00    0.00    0.00    0.00    0.00  100.00
01:53:19 PM    5    0.00    0.00    0.00    0.00    0.00    0.00    0.00    0.00    0.00  100.00
01:53:19 PM    6    0.00    0.00    0.00    0.00    0.00    0.00    0.00    0.00    0.00  100.00
01:53:19 PM    7    0.00    0.00    0.00    0.00    0.00    0.00    0.00    0.00    0.00  100.00
01:53:19 PM    8    0.00    0.00    0.00   84.54    0.00    0.00    0.00    0.00    0.00   15.46
01:53:19 PM    9    0.00    0.00    0.00    0.00    0.00    0.00    0.00    0.00    0.00  100.00
01:53:19 PM   10    0.00    1.00    0.00   99.00    0.00    0.00    0.00    0.00    0.00    0.00
01:53:19 PM   11    0.00    0.00    0.00    0.00    0.00    0.00    0.00    0.00    0.00  100.00
01:53:19 PM   12    1.00    0.00    1.00    0.00    0.00    0.00    0.00    0.00    0.00   98.00
01:53:19 PM   13    0.00    0.00    0.00    0.00    0.00    0.00    0.00    0.00    0.00  100.00
01:53:19 PM   14    0.00    0.00    0.00    0.00    0.00    0.00    0.00    0.00    0.00  100.00
01:53:19 PM   15    0.00    0.00    0.00   32.32    0.00    0.00    0.00    0.00    0.00   67.68
01:53:19 PM   16    0.00    0.00    0.00    0.00    0.00    0.00    0.00    0.00    0.00  100.00
01:53:19 PM   17    0.00    0.00    1.00    0.00    0.00    0.00    0.00    0.00    0.00   99.00
01:53:19 PM   18    0.00    0.00    0.00    0.00    0.00    0.00    0.00    0.00    0.00  100.00
01:53:19 PM   19    0.00    0.00    0.00    0.00    0.00    0.00    0.00    0.00    0.00  100.00
01:53:19 PM   20    0.00    0.00    0.00    0.00    0.00    0.00    0.00    0.00    0.00  100.00
01:53:19 PM   21    0.00    0.00    0.00    0.00    0.00    0.00    0.00    0.00    0.00  100.00
01:53:19 PM   22    0.00    0.00    0.00    0.00    0.00    0.00    0.00    0.00    0.00  100.00
01:53:19 PM   23    0.00    0.00    0.00    0.00    0.00    0.00    0.00    0.00    0.00  100.00
01:53:19 PM   24    0.00    0.00    0.00    0.00    0.00    0.00    0.00    0.00    0.00  100.00
01:53:19 PM   25    0.00    0.00    0.00    0.00    0.00    0.00    0.00    0.00    0.00  100.00
01:53:19 PM   26    0.00    0.00    0.00    0.00    0.00    0.00    0.00    0.00    0.00  100.00
01:53:19 PM   27    0.00    0.00    0.00    0.00    0.00    0.00    0.00    0.00    0.00  100.00
01:53:19 PM   28    0.00    0.00    0.00    0.00    0.00    0.00    0.00    0.00    0.00  100.00
01:53:19 PM   29    0.00    0.00    0.00    0.00    0.00    0.00    0.00    0.00    0.00  100.00
01:53:19 PM   30    0.00    0.00    0.00    0.00    0.00    0.00    0.00    0.00    0.00  100.00
01:53:19 PM   31    0.00    0.00    0.00    0.00    0.00    0.00    0.00    0.00    0.00  100.00

01:53:19 PM  CPU    %usr   %nice    %sys %iowait    %irq   %soft  %steal  %guest  %gnice   %idle
01:53:20 PM  all    0.06    0.00    0.31    7.82    0.00    0.00    0.00    0.00    0.00   91.80
01:53:20 PM    0    0.00    0.00    0.00    0.00    0.00    0.00    0.00    0.00    0.00  100.00
01:53:20 PM    1    0.00    0.00    0.00    0.00    0.00    0.00    0.00    0.00    0.00  100.00
01:53:20 PM    2    0.00    0.00    0.00    0.00    0.00    0.00    0.00    0.00    0.00  100.00
01:53:20 PM    3    0.99    0.00    0.00    0.00    0.00    0.00    0.00    0.00    0.00   99.01
01:53:20 PM    4    0.00    0.00    0.99    0.00    0.00    0.00    0.00    0.00    0.00   99.01
01:53:20 PM    5    0.00    0.00    0.00    0.00    0.00    0.00    0.00    0.00    0.00  100.00
01:53:20 PM    6    0.00    0.00    0.00    0.00    0.00    0.00    0.00    0.00    0.00  100.00
01:53:20 PM    7    0.00    0.00    0.00    0.00    0.00    0.00    0.00    0.00    0.00  100.00
01:53:20 PM    8    1.00    0.00    3.00   44.00    0.00    0.00    0.00    0.00    0.00   52.00
01:53:20 PM    9    0.00    0.00    2.00    0.00    0.00    0.00    0.00    0.00    0.00   98.00
01:53:20 PM   10    0.00    0.00    3.03   96.97    0.00    0.00    0.00    0.00    0.00    0.00
01:53:20 PM   11    0.00    0.00    0.00    0.00    0.00    0.00    0.00    0.00    0.00  100.00
01:53:20 PM   12    0.00    0.00    0.00   47.96    0.00    0.00    0.00    0.00    0.00   52.04
01:53:20 PM   13    0.00    0.00    0.00    0.00    0.00    0.00    0.00    0.00    0.00  100.00
01:53:20 PM   14    0.00    0.00    1.00    0.00    0.00    0.00    0.00    0.00    0.00   99.00
01:53:20 PM   15    0.00    0.00    0.00   56.57    0.00    0.00    0.00    0.00    0.00   43.43
01:53:20 PM   16    0.00    0.00    0.00    0.00    0.00    0.00    0.00    0.00    0.00  100.00
01:53:20 PM   17    0.00    0.00    0.00    0.00    0.00    0.00    0.00    0.00    0.00  100.00
01:53:20 PM   18    0.00    0.00    0.00    0.00    0.00    0.00    0.00    0.00    0.00  100.00
01:53:20 PM   19    0.00    0.00    0.00    0.00    0.00    0.00    0.00    0.00    0.00  100.00
01:53:20 PM   20    0.00    0.00    0.00    7.07    0.00    0.00    0.00    0.00    0.00   92.93
01:53:20 PM   21    0.00    0.00    0.00    0.00    0.00    0.00    0.00    0.00    0.00  100.00
01:53:20 PM   22    0.00    0.00    0.00    0.00    0.00    0.00    0.00    0.00    0.00  100.00
01:53:20 PM   23    0.00    0.00    0.00    0.00    0.00    0.00    0.00    0.00    0.00  100.00
01:53:20 PM   24    0.00    0.00    0.00    0.00    0.00    0.00    0.00    0.00    0.00  100.00
01:53:20 PM   25    0.00    0.00    0.00    0.00    0.00    0.00    0.00    0.00    0.00  100.00
01:53:20 PM   26    0.00    0.00    0.00    0.00    0.00    0.00    0.00    0.00    0.00  100.00
01:53:20 PM   27    0.00    0.00    0.00    0.00    0.00    0.00    0.00    0.00    0.00  100.00
01:53:20 PM   28    0.00    0.00    0.00    0.00    0.00    0.00    0.00    0.00    0.00  100.00
01:53:20 PM   29    0.00    0.00    0.00    0.00    0.00    0.00    0.00    0.00    0.00  100.00
01:53:20 PM   30    0.00    0.00    0.00    0.00    0.00    0.00    0.00    0.00    0.00  100.00
01:53:20 PM   31    0.00    0.00    0.00    0.00    0.00    0.00    0.00    0.00    0.00  100.00

01:53:20 PM  CPU    %usr   %nice    %sys %iowait    %irq   %soft  %steal  %guest  %gnice   %idle
01:53:21 PM  all    0.12    0.00    0.16    9.00    0.00    0.00    0.00    0.00    0.00   90.72
01:53:21 PM    0    0.00    0.00    0.00    0.00    0.00    0.00    0.00    0.00    0.00  100.00
01:53:21 PM    1    0.00    0.00    0.00    0.00    0.00    0.00    0.00    0.00    0.00  100.00
01:53:21 PM    2    0.00    0.00    0.00    0.00    0.00    0.00    0.00    0.00    0.00  100.00
01:53:21 PM    3    0.00    0.00    0.00    0.00    0.00    0.00    0.00    0.00    0.00  100.00
01:53:21 PM    4    0.00    0.00    0.00    0.00    0.00    0.00    0.00    0.00    0.00  100.00
01:53:21 PM    5    0.00    0.00    0.00    0.00    0.00    0.00    0.00    0.00    0.00  100.00
01:53:21 PM    6    0.00    0.00    0.00    0.00    0.00    0.00    0.00    0.00    0.00  100.00
01:53:21 PM    7    0.00    0.00    0.00    0.00    0.00    0.00    0.00    0.00    0.00  100.00
01:53:21 PM    8    1.00    0.00    3.00   54.00    0.00    0.00    0.00    0.00    0.00   42.00
01:53:21 PM    9    0.00    0.00    0.00    0.00    0.00    0.00    0.00    0.00    0.00  100.00
01:53:21 PM   10    0.00    0.00    1.00   79.00    0.00    0.00    0.00    0.00    0.00   20.00
01:53:21 PM   11    0.00    0.00    0.00   29.29    0.00    0.00    0.00    0.00    0.00   70.71
01:53:21 PM   12    0.00    0.00    1.00    0.00    0.00    0.00    0.00    0.00    0.00   99.00
01:53:21 PM   13    0.00    0.00    0.00    0.00    0.00    0.00    0.00    0.00    0.00  100.00
01:53:21 PM   14    0.00    0.00    0.00    0.00    0.00    0.00    0.00    0.00    0.00  100.00
01:53:21 PM   15    0.00    0.00    0.00   53.54    0.00    0.00    0.00    0.00    0.00   46.46
01:53:21 PM   16    0.99    0.00    0.00    0.00    0.00    0.00    0.00    0.00    0.00   99.01
01:53:21 PM   17    1.00    0.00    0.00    0.00    0.00    0.00    0.00    0.00    0.00   99.00
01:53:21 PM   18    0.00    0.00    0.00    0.00    0.00    0.00    0.00    0.00    0.00  100.00
01:53:21 PM   19    0.00    0.00    0.00    0.00    0.00    0.00    0.00    0.00    0.00  100.00
01:53:21 PM   20    0.00    0.00    0.00   72.28    0.00    0.00    0.00    0.00    0.00   27.72
01:53:21 PM   21    0.00    0.00    0.00    0.00    0.00    0.00    0.00    0.00    0.00  100.00
01:53:21 PM   22    0.00    0.00    0.00    0.00    0.00    0.00    0.00    0.00    0.00  100.00
01:53:21 PM   23    0.00    0.00    0.00    0.00    0.00    0.00    0.00    0.00    0.00  100.00
01:53:21 PM   24    0.00    0.00    0.00    0.00    0.00    0.00    0.00    0.00    0.00  100.00
01:53:21 PM   25    0.00    0.00    0.00    0.00    0.00    0.00    0.00    0.00    0.00  100.00
01:53:21 PM   26    0.00    0.00    0.00    0.00    0.00    0.00    0.00    0.00    0.00  100.00
01:53:21 PM   27    0.99    0.00    0.00    0.00    0.00    0.00    0.00    0.00    0.00   99.01
01:53:21 PM   28    0.00    0.00    0.00    0.00    0.00    0.00    0.00    0.00    0.00  100.00
01:53:21 PM   29    0.00    0.00    0.00    0.00    0.00    0.00    0.00    0.00    0.00  100.00
01:53:21 PM   30    0.00    0.00    0.00    0.00    0.00    0.00    0.00    0.00    0.00  100.00
01:53:21 PM   31    0.00    0.00    0.00    0.00    0.00    0.00    0.00    0.00    0.00  100.00

01:53:21 PM  CPU    %usr   %nice    %sys %iowait    %irq   %soft  %steal  %guest  %gnice   %idle
01:53:22 PM  all    0.00    0.03    0.09    6.74    0.00    0.00    0.00    0.00    0.00   93.14
01:53:22 PM    0    0.00    0.00    0.00    0.00    0.00    0.00    0.00    0.00    0.00  100.00
01:53:22 PM    1    0.00    0.00    0.00    0.00    0.00    0.00    0.00    0.00    0.00  100.00
01:53:22 PM    2    0.00    0.00    0.00    0.00    0.00    0.00    0.00    0.00    0.00  100.00
01:53:22 PM    3    0.00    0.00    0.00    0.00    0.00    0.00    0.00    0.00    0.00  100.00
01:53:22 PM    4    0.00    0.00    0.00    0.00    0.00    0.00    0.00    0.00    0.00  100.00
01:53:22 PM    5    0.00    0.00    0.00    0.00    0.00    0.00    0.00    0.00    0.00  100.00
01:53:22 PM    6    0.00    0.00    0.00    0.00    0.00    0.00    0.00    0.00    0.00  100.00
01:53:22 PM    7    0.00    0.00    0.00    0.00    0.00    0.00    0.00    0.00    0.00  100.00
01:53:22 PM    8    0.00    0.00    2.04   63.27    0.00    0.00    0.00    0.00    0.00   34.69
01:53:22 PM    9    0.00    0.00    0.00    0.00    0.00    0.00    0.00    0.00    0.00  100.00
01:53:22 PM   10    0.00    1.00    1.00   45.00    0.00    0.00    0.00    0.00    0.00   53.00
01:53:22 PM   11    0.00    0.00    0.00   76.00    0.00    0.00    0.00    0.00    0.00   24.00
01:53:22 PM   12    0.00    0.00    0.00    0.00    0.00    0.00    0.00    0.00    0.00  100.00
01:53:22 PM   13    0.00    0.00    0.00    0.00    0.00    0.00    0.00    0.00    0.00  100.00
01:53:22 PM   14    0.00    0.00    0.00    0.00    0.00    0.00    0.00    0.00    0.00  100.00
01:53:22 PM   15    0.00    0.00    0.00   32.32    0.00    0.00    0.00    0.00    0.00   67.68
01:53:22 PM   16    0.00    0.00    0.00    0.00    0.00    0.00    0.00    0.00    0.00  100.00
01:53:22 PM   17    0.00    0.00    0.00    0.00    0.00    0.00    0.00    0.00    0.00  100.00
01:53:22 PM   18    0.00    0.00    0.00    0.00    0.00    0.00    0.00    0.00    0.00  100.00
01:53:22 PM   19    0.00    0.00    0.00    0.00    0.00    0.00    0.00    0.00    0.00  100.00
01:53:22 PM   20    0.00    0.00    0.00    0.00    0.00    0.00    0.00    0.00    0.00  100.00
01:53:22 PM   21    0.00    0.00    0.00    0.00    0.00    0.00    0.00    0.00    0.00  100.00
01:53:22 PM   22    0.00    0.00    0.00    0.00    0.00    0.00    0.00    0.00    0.00  100.00
01:53:22 PM   23    0.00    0.00    0.00    0.00    0.00    0.00    0.00    0.00    0.00  100.00
01:53:22 PM   24    0.00    0.00    0.00    0.00    0.00    0.00    0.00    0.00    0.00  100.00
01:53:22 PM   25    0.00    0.00    0.00    0.00    0.00    0.00    0.00    0.00    0.00  100.00
01:53:22 PM   26    0.00    0.00    0.00    0.00    0.00    0.00    0.00    0.00    0.00  100.00
01:53:22 PM   27    0.00    0.00    0.00    0.00    0.00    0.00    0.00    0.00    0.00  100.00
01:53:22 PM   28    0.00    0.00    0.00    0.00    0.00    0.00    0.00    0.00    0.00  100.00
01:53:22 PM   29    0.00    0.00    0.00    0.00    0.00    0.00    0.00    0.00    0.00  100.00
01:53:22 PM   30    0.00    0.00    0.00    0.00    0.00    0.00    0.00    0.00    0.00  100.00
01:53:22 PM   31    0.00    0.00    0.00    0.00    0.00    0.00    0.00    0.00    0.00  100.00

01:53:22 PM  CPU    %usr   %nice    %sys %iowait    %irq   %soft  %steal  %guest  %gnice   %idle
01:53:23 PM  all    0.03    0.00    0.19    7.89    0.00    0.00    0.00    0.00    0.00   91.89
01:53:23 PM    0    0.00    0.00    0.00    0.00    0.00    0.00    0.00    0.00    0.00  100.00
01:53:23 PM    1    0.00    0.00    0.00    0.00    0.00    0.00    0.00    0.00    0.00  100.00
01:53:23 PM    2    0.00    0.00    0.00    3.00    0.00    0.00    0.00    0.00    0.00   97.00
01:53:23 PM    3    0.00    0.00    0.00    0.00    0.00    0.00    0.00    0.00    0.00  100.00
01:53:23 PM    4    0.00    0.00    0.00    0.00    0.00    0.00    0.00    0.00    0.00  100.00
01:53:23 PM    5    0.00    0.00    0.00    0.00    0.00    0.00    0.00    0.00    0.00  100.00
01:53:23 PM    6    0.00    0.00    0.00    0.00    0.00    0.00    0.00    0.00    0.00  100.00
01:53:23 PM    7    0.00    0.00    0.00    0.00    0.00    0.00    0.00    0.00    0.00  100.00
01:53:23 PM    8    1.00    0.00    4.00   45.00    0.00    0.00    0.00    0.00    0.00   50.00
01:53:23 PM    9    0.00    0.00    0.00    0.00    0.00    0.00    0.00    0.00    0.00  100.00
01:53:23 PM   10    0.00    0.00    1.01   47.47    0.00    0.00    0.00    0.00    0.00   51.52
01:53:23 PM   11    0.00    0.00    1.01   98.99    0.00    0.00    0.00    0.00    0.00    0.00
01:53:23 PM   12    0.00    0.00    0.00    0.00    0.00    0.00    0.00    0.00    0.00  100.00
01:53:23 PM   13    0.00    0.00    0.00    0.00    0.00    0.00    0.00    0.00    0.00  100.00
01:53:23 PM   14    0.00    0.00    0.00    0.00    0.00    0.00    0.00    0.00    0.00  100.00
01:53:23 PM   15    0.00    0.00    0.00   59.60    0.00    0.00    0.00    0.00    0.00   40.40
01:53:23 PM   16    0.00    0.00    0.00    0.00    0.00    0.00    0.00    0.00    0.00  100.00
01:53:23 PM   17    0.00    0.00    0.00    0.00    0.00    0.00    0.00    0.00    0.00  100.00
01:53:23 PM   18    0.00    0.00    0.00    0.00    0.00    0.00    0.00    0.00    0.00  100.00
01:53:23 PM   19    0.00    0.00    0.00    0.00    0.00    0.00    0.00    0.00    0.00  100.00
01:53:23 PM   20    0.00    0.00    0.00    0.00    0.00    0.00    0.00    0.00    0.00  100.00
01:53:23 PM   21    0.00    0.00    0.00    0.00    0.00    0.00    0.00    0.00    0.00  100.00
01:53:23 PM   22    0.00    0.00    0.00    0.00    0.00    0.00    0.00    0.00    0.00  100.00
01:53:23 PM   23    0.00    0.00    0.00    0.00    0.00    0.00    0.00    0.00    0.00  100.00
01:53:23 PM   24    0.00    0.00    0.00    0.00    0.00    0.00    0.00    0.00    0.00  100.00
01:53:23 PM   25    0.00    0.00    0.00    0.00    0.00    0.00    0.00    0.00    0.00  100.00
01:53:23 PM   26    0.00    0.00    0.00    0.00    0.00    0.00    0.00    0.00    0.00  100.00
01:53:23 PM   27    0.00    0.00    0.00    0.00    0.00    0.00    0.00    0.00    0.00  100.00
01:53:23 PM   28    0.00    0.00    0.00    0.00    0.00    0.00    0.00    0.00    0.00  100.00
01:53:23 PM   29    0.00    0.00    0.00    0.00    0.00    0.00    0.00    0.00    0.00  100.00
01:53:23 PM   30    0.00    0.00    0.00    0.00    0.00    0.00    0.00    0.00    0.00  100.00
01:53:23 PM   31    0.00    0.00    0.00    0.00    0.00    0.00    0.00    0.00    0.00  100.00

01:53:23 PM  CPU    %usr   %nice    %sys %iowait    %irq   %soft  %steal  %guest  %gnice   %idle
01:53:24 PM  all    0.00    0.00    0.16    7.45    0.00    0.00    0.00    0.00    0.00   92.39
01:53:24 PM    0    0.00    0.00    0.00    0.00    0.00    0.00    0.00    0.00    0.00  100.00
01:53:24 PM    1    0.00    0.00    0.00    0.00    0.00    0.00    0.00    0.00    0.00  100.00
01:53:24 PM    2    0.00    0.00    0.00    0.00    0.00    0.00    0.00    0.00    0.00  100.00
01:53:24 PM    3    0.00    0.00    0.00    0.00    0.00    0.00    0.00    0.00    0.00  100.00
01:53:24 PM    4    0.00    0.00    0.00    0.00    0.00    0.00    0.00    0.00    0.00  100.00
01:53:24 PM    5    0.00    0.00    0.00    0.00    0.00    0.00    0.00    0.00    0.00  100.00
01:53:24 PM    6    0.00    0.00    0.00    0.00    0.00    0.00    0.00    0.00    0.00  100.00
01:53:24 PM    7    0.00    0.00    0.00    0.00    0.00    0.00    0.00    0.00    0.00  100.00
01:53:24 PM    8    0.00    0.00    2.04   62.24    0.00    0.00    0.00    0.00    0.00   35.71
01:53:24 PM    9    0.00    0.00    0.00    0.00    0.00    0.00    0.00    0.00    0.00  100.00
01:53:24 PM   10    0.00    0.00    1.01   34.34    0.00    0.00    0.00    0.00    0.00   64.65
01:53:24 PM   11    0.00    0.00    0.00  100.00    0.00    0.00    0.00    0.00    0.00    0.00
01:53:24 PM   12    0.00    0.00    1.01    0.00    0.00    0.00    0.00    0.00    0.00   98.99
01:53:24 PM   13    0.00    0.00    0.00    0.00    0.00    0.00    0.00    0.00    0.00  100.00
01:53:24 PM   14    0.00    0.00    0.00    0.00    0.00    0.00    0.00    0.00    0.00  100.00
01:53:24 PM   15    0.00    0.00    0.00   36.36    0.00    0.00    0.00    0.00    0.00   63.64
01:53:24 PM   16    0.00    0.00    0.00    8.00    0.00    0.00    0.00    0.00    0.00   92.00
01:53:24 PM   17    0.00    0.00    1.00    0.00    0.00    0.00    0.00    0.00    0.00   99.00
01:53:24 PM   18    0.00    0.00    0.00    0.00    0.00    0.00    0.00    0.00    0.00  100.00
01:53:24 PM   19    0.00    0.00    0.00    0.00    0.00    0.00    0.00    0.00    0.00  100.00
01:53:24 PM   20    0.00    0.00    0.00    0.00    0.00    0.00    0.00    0.00    0.00  100.00
01:53:24 PM   21    0.00    0.00    0.00    0.00    0.00    0.00    0.00    0.00    0.00  100.00
01:53:24 PM   22    0.00    0.00    0.00    0.00    0.00    0.00    0.00    0.00    0.00  100.00
01:53:24 PM   23    0.00    0.00    0.00    0.00    0.00    0.00    0.00    0.00    0.00  100.00
01:53:24 PM   24    0.00    0.00    0.00    0.00    0.00    0.00    0.00    0.00    0.00  100.00
01:53:24 PM   25    0.00    0.00    0.00    0.00    0.00    0.00    0.00    0.00    0.00  100.00
01:53:24 PM   26    0.00    0.00    0.00    0.00    0.00    0.00    0.00    0.00    0.00  100.00
01:53:24 PM   27    0.00    0.00    0.00    0.00    0.00    0.00    0.00    0.00    0.00  100.00
01:53:24 PM   28    0.00    0.00    0.00    0.00    0.00    0.00    0.00    0.00    0.00  100.00
01:53:24 PM   29    0.00    0.00    0.00    0.00    0.00    0.00    0.00    0.00    0.00  100.00
01:53:24 PM   30    0.00    0.00    0.00    0.00    0.00    0.00    0.00    0.00    0.00  100.00
01:53:24 PM   31    0.00    0.00    0.00    0.00    0.00    0.00    0.00    0.00    0.00  100.00

01:53:24 PM  CPU    %usr   %nice    %sys %iowait    %irq   %soft  %steal  %guest  %gnice   %idle
01:53:25 PM  all    0.03    0.00    0.28    6.80    0.00    0.00    0.00    0.00    0.00   92.89
01:53:25 PM    0    0.00    0.00    0.00    0.00    0.00    0.00    0.00    0.00    0.00  100.00
01:53:25 PM    1    0.00    0.00    0.00    0.00    0.00    0.00    0.00    0.00    0.00  100.00
01:53:25 PM    2    0.00    0.00    0.00    0.00    0.00    0.00    0.00    0.00    0.00  100.00
01:53:25 PM    3    0.00    0.00    0.00    0.00    0.00    0.00    0.00    0.00    0.00  100.00
01:53:25 PM    4    0.00    0.00    0.00    0.00    0.00    0.00    0.00    0.00    0.00  100.00
01:53:25 PM    5    0.00    0.00    0.00    0.00    0.00    0.00    0.00    0.00    0.00  100.00
01:53:25 PM    6    0.00    0.00    0.00    0.00    0.00    0.00    0.00    0.00    0.00  100.00
01:53:25 PM    7    0.00    0.00    0.00    0.00    0.00    0.00    0.00    0.00    0.00  100.00
01:53:25 PM    8    0.00    0.00    2.06   79.38    0.00    0.00    0.00    0.00    0.00   18.56
01:53:25 PM    9    0.00    0.00    0.00    0.00    0.00    0.00    0.00    0.00    0.00  100.00
01:53:25 PM   10    1.00    0.00    7.00    0.00    0.00    0.00    0.00    0.00    0.00   92.00
01:53:25 PM   11    0.00    0.00    0.00  100.00    0.00    0.00    0.00    0.00    0.00    0.00
01:53:25 PM   12    0.00    0.00    0.00    0.00    0.00    0.00    0.00    0.00    0.00  100.00
01:53:25 PM   13    0.00    0.00    0.00    0.00    0.00    0.00    0.00    0.00    0.00  100.00
01:53:25 PM   14    0.00    0.00    0.00    8.08    0.00    0.00    0.00    0.00    0.00   91.92
01:53:25 PM   15    0.00    0.00    0.00   32.32    0.00    0.00    0.00    0.00    0.00   67.68
01:53:25 PM   16    0.00    0.00    0.00    0.00    0.00    0.00    0.00    0.00    0.00  100.00
01:53:25 PM   17    0.00    0.00    0.00    0.00    0.00    0.00    0.00    0.00    0.00  100.00
01:53:25 PM   18    0.00    0.00    0.00    0.00    0.00    0.00    0.00    0.00    0.00  100.00
01:53:25 PM   19    0.00    0.00    0.00    0.00    0.00    0.00    0.00    0.00    0.00  100.00
01:53:25 PM   20    0.00    0.00    0.00    0.00    0.00    0.00    0.00    0.00    0.00  100.00
01:53:25 PM   21    0.00    0.00    0.00    0.00    0.00    0.00    0.00    0.00    0.00  100.00
01:53:25 PM   22    0.00    0.00    0.00    0.00    0.00    0.00    0.00    0.00    0.00  100.00
01:53:25 PM   23    0.00    0.00    0.00    0.00    0.00    0.00    0.00    0.00    0.00  100.00
01:53:25 PM   24    0.00    0.00    0.00    0.00    0.00    0.00    0.00    0.00    0.00  100.00
01:53:25 PM   25    0.00    0.00    0.00    0.00    0.00    0.00    0.00    0.00    0.00  100.00
01:53:25 PM   26    0.00    0.00    0.00    0.00    0.00    0.00    0.00    0.00    0.00  100.00
01:53:25 PM   27    0.00    0.00    0.00    0.00    0.00    0.00    0.00    0.00    0.00  100.00
01:53:25 PM   28    0.00    0.00    0.00    0.00    0.00    0.00    0.00    0.00    0.00  100.00
01:53:25 PM   29    0.00    0.00    0.00    0.00    0.00    0.00    0.00    0.00    0.00  100.00
01:53:25 PM   30    0.00    0.00    0.00    0.00    0.00    0.00    0.00    0.00    0.00  100.00
01:53:25 PM   31    0.00    0.00    0.00    0.00    0.00    0.00    0.00    0.00    0.00  100.00

01:53:25 PM  CPU    %usr   %nice    %sys %iowait    %irq   %soft  %steal  %guest  %gnice   %idle
01:53:26 PM  all    0.03    0.03    0.25    7.05    0.00    0.00    0.00    0.00    0.00   92.64
01:53:26 PM    0    0.00    0.00    0.00    0.00    0.00    0.00    0.00    0.00    0.00  100.00
01:53:26 PM    1    0.00    0.00    0.00    0.00    0.00    0.00    0.00    0.00    0.00  100.00
01:53:26 PM    2    0.00    0.00    0.00    0.00    0.00    0.00    0.00    0.00    0.00  100.00
01:53:26 PM    3    0.00    0.00    0.00    0.00    0.00    0.00    0.00    0.00    0.00  100.00
01:53:26 PM    4    0.00    0.00    0.00    0.00    0.00    0.00    0.00    0.00    0.00  100.00
01:53:26 PM    5    0.00    0.00    0.00    0.00    0.00    0.00    0.00    0.00    0.00  100.00
01:53:26 PM    6    0.00    0.00    0.00    0.00    0.00    0.00    0.00    0.00    0.00  100.00
01:53:26 PM    7    0.00    0.00    0.00    0.00    0.00    0.00    0.00    0.00    0.00  100.00
01:53:26 PM    8    0.00    0.00    2.04   75.51    0.00    0.00    0.00    0.00    0.00   22.45
01:53:26 PM    9    0.00    0.00    0.00    0.00    0.00    0.00    0.00    0.00    0.00  100.00
01:53:26 PM   10    1.02    0.00    4.08   16.33    0.00    0.00    0.00    0.00    0.00   78.57
01:53:26 PM   11    0.00    0.00    0.99   99.01    0.00    0.00    0.00    0.00    0.00    0.00
01:53:26 PM   12    0.00    1.00    0.00    0.00    0.00    0.00    0.00    0.00    0.00   99.00
01:53:26 PM   13    0.00    0.00    0.00    0.00    0.00    0.00    0.00    0.00    0.00  100.00
01:53:26 PM   14    0.00    0.00    0.00    0.00    0.00    0.00    0.00    0.00    0.00  100.00
01:53:26 PM   15    0.00    0.00    0.00   30.30    0.00    0.00    0.00    0.00    0.00   69.70
01:53:26 PM   16    0.00    0.00    0.00    0.00    0.00    0.00    0.00    0.00    0.00  100.00
01:53:26 PM   17    0.00    0.00    0.00    0.00    0.00    0.00    0.00    0.00    0.00  100.00
01:53:26 PM   18    0.00    0.00    0.00    0.00    0.00    0.00    0.00    0.00    0.00  100.00
01:53:26 PM   19    0.00    0.00    0.99    0.00    0.00    0.00    0.00    0.00    0.00   99.01
01:53:26 PM   20    0.00    0.00    0.00    5.00    0.00    0.00    0.00    0.00    0.00   95.00
01:53:26 PM   21    0.00    0.00    0.00    0.00    0.00    0.00    0.00    0.00    0.00  100.00
01:53:26 PM   22    0.00    0.00    0.00    0.00    0.00    0.00    0.00    0.00    0.00  100.00
01:53:26 PM   23    0.00    0.00    0.00    0.00    0.00    0.00    0.00    0.00    0.00  100.00
01:53:26 PM   24    0.00    0.00    0.00    0.00    0.00    0.00    0.00    0.00    0.00  100.00
01:53:26 PM   25    0.00    0.00    0.00    0.00    0.00    0.00    0.00    0.00    0.00  100.00
01:53:26 PM   26    0.00    0.00    0.00    0.00    0.00    0.00    0.00    0.00    0.00  100.00
01:53:26 PM   27    0.00    0.00    0.00    0.00    0.00    0.00    0.00    0.00    0.00  100.00
01:53:26 PM   28    0.00    0.00    0.00    0.00    0.00    0.00    0.00    0.00    0.00  100.00
01:53:26 PM   29    0.00    0.00    0.00    0.00    0.00    0.00    0.00    0.00    0.00  100.00
01:53:26 PM   30    0.00    0.00    0.00    0.00    0.00    0.00    0.00    0.00    0.00  100.00
01:53:26 PM   31    0.00    0.00    0.00    0.00    0.00    0.00    0.00    0.00    0.00  100.00

01:53:26 PM  CPU    %usr   %nice    %sys %iowait    %irq   %soft  %steal  %guest  %gnice   %idle
01:53:27 PM  all    0.00    0.03    0.22    7.66    0.00    0.00    0.00    0.00    0.00   92.09
01:53:27 PM    0    0.00    0.00    0.00    0.00    0.00    0.00    0.00    0.00    0.00  100.00
01:53:27 PM    1    0.00    0.00    0.00    0.00    0.00    0.00    0.00    0.00    0.00  100.00
01:53:27 PM    2    0.00    0.00    0.00    0.00    0.00    0.00    0.00    0.00    0.00  100.00
01:53:27 PM    3    0.00    0.00    0.00    0.00    0.00    0.00    0.00    0.00    0.00  100.00
01:53:27 PM    4    0.00    0.00    0.00   16.00    0.00    0.00    0.00    0.00    0.00   84.00
01:53:27 PM    5    0.00    0.00    0.00    0.00    0.00    0.00    0.00    0.00    0.00  100.00
01:53:27 PM    6    0.00    0.00    0.00    0.00    0.00    0.00    0.00    0.00    0.00  100.00
01:53:27 PM    7    0.00    0.00    0.00    0.00    0.00    0.00    0.00    0.00    0.00  100.00
01:53:27 PM    8    0.00    0.00    2.02   60.61    0.00    0.00    0.00    0.00    0.00   37.37
01:53:27 PM    9    0.00    0.00    0.00    0.00    0.00    0.00    0.00    0.00    0.00  100.00
01:53:27 PM   10    0.00    0.99    2.97   31.68    0.00    0.00    0.00    0.00    0.00   64.36
01:53:27 PM   11    0.00    0.00    0.00  100.00    0.00    0.00    0.00    0.00    0.00    0.00
01:53:27 PM   12    0.00    0.00    0.00    0.00    0.00    0.00    0.00    0.00    0.00  100.00
01:53:27 PM   13    0.00    0.00    0.00    0.00    0.00    0.00    0.00    0.00    0.00  100.00
01:53:27 PM   14    0.00    0.00    1.00    0.00    0.00    0.00    0.00    0.00    0.00   99.00
01:53:27 PM   15    0.00    0.00    0.00   38.38    0.00    0.00    0.00    0.00    0.00   61.62
01:53:27 PM   16    0.00    0.00    0.00    0.00    0.00    0.00    0.00    0.00    0.00  100.00
01:53:27 PM   17    0.00    0.00    1.00    0.00    0.00    0.00    0.00    0.00    0.00   99.00
01:53:27 PM   18    0.00    0.00    0.00    0.00    0.00    0.00    0.00    0.00    0.00  100.00
01:53:27 PM   19    0.00    0.00    0.00    0.00    0.00    0.00    0.00    0.00    0.00  100.00
01:53:27 PM   20    0.00    0.00    0.00    0.00    0.00    0.00    0.00    0.00    0.00  100.00
01:53:27 PM   21    0.00    0.00    0.00    0.00    0.00    0.00    0.00    0.00    0.00  100.00
01:53:27 PM   22    0.00    0.00    0.00    0.00    0.00    0.00    0.00    0.00    0.00  100.00
01:53:27 PM   23    0.00    0.00    0.00    0.00    0.00    0.00    0.00    0.00    0.00  100.00
01:53:27 PM   24    0.00    0.00    0.00    0.00    0.00    0.00    0.00    0.00    0.00  100.00
01:53:27 PM   25    0.00    0.00    0.00    0.00    0.00    0.00    0.00    0.00    0.00  100.00
01:53:27 PM   26    0.00    0.00    0.00    0.00    0.00    0.00    0.00    0.00    0.00  100.00
01:53:27 PM   27    0.00    0.00    0.00    0.00    0.00    0.00    0.00    0.00    0.00  100.00
01:53:27 PM   28    0.00    0.00    0.00    0.00    0.00    0.00    0.00    0.00    0.00  100.00
01:53:27 PM   29    0.00    0.00    0.00    0.00    0.00    0.00    0.00    0.00    0.00  100.00
01:53:27 PM   30    0.00    0.00    0.00    0.00    0.00    0.00    0.00    0.00    0.00  100.00
01:53:27 PM   31    0.00    0.00    0.00    0.00    0.00    0.00    0.00    0.00    0.00  100.00

01:53:27 PM  CPU    %usr   %nice    %sys %iowait    %irq   %soft  %steal  %guest  %gnice   %idle
01:53:28 PM  all    0.56    0.00    1.60    5.13    0.00    0.00    0.00    0.00    0.00   92.71
01:53:28 PM    0    0.00    0.00    0.00    0.00    0.00    0.00    0.00    0.00    0.00  100.00
01:53:28 PM    1    0.00    0.00    0.00    0.00    0.00    0.00    0.00    0.00    0.00  100.00
01:53:28 PM    2    4.00    0.00    9.00    0.00    0.00    0.00    0.00    0.00    0.00   87.00
01:53:28 PM    3    0.00    0.00    0.00    0.00    0.00    0.00    0.00    0.00    0.00  100.00
01:53:28 PM    4    0.00    0.00    0.00    0.00    0.00    0.00    0.00    0.00    0.00  100.00
01:53:28 PM    5    0.00    0.00    0.00    0.00    0.00    0.00    0.00    0.00    0.00  100.00
01:53:28 PM    6    0.00    0.00    0.00    0.00    0.00    0.00    0.00    0.00    0.00  100.00
01:53:28 PM    7    0.00    0.00    0.00    0.00    0.00    0.00    0.00    0.00    0.00  100.00
01:53:28 PM    8    3.03    0.00    8.08    5.05    0.00    0.00    0.00    0.00    0.00   83.84
01:53:28 PM    9    0.00    0.00    0.00    0.00    0.00    0.00    0.00    0.00    0.00  100.00
01:53:28 PM   10   10.20    0.00   34.69   26.53    0.00    0.00    0.00    0.00    0.00   28.57
01:53:28 PM   11    0.99    0.00    0.00   99.01    0.00    0.00    0.00    0.00    0.00    0.00
01:53:28 PM   12    0.00    0.00    0.00    0.00    0.00    0.00    0.00    0.00    0.00  100.00
01:53:28 PM   13    0.00    0.00    0.00    0.00    0.00    0.00    0.00    0.00    0.00  100.00
01:53:28 PM   14    0.00    0.00    0.00    0.00    0.00    0.00    0.00    0.00    0.00  100.00
01:53:28 PM   15    0.00    0.00    0.00   33.33    0.00    0.00    0.00    0.00    0.00   66.67
01:53:28 PM   16    0.00    0.00    0.00    0.00    0.00    0.00    0.00    0.00    0.00  100.00
01:53:28 PM   17    0.00    0.00    0.00    0.00    0.00    0.00    0.00    0.00    0.00  100.00
01:53:28 PM   18    0.00    0.00    0.00    0.00    0.00    0.00    0.00    0.00    0.00  100.00
01:53:28 PM   19    0.00    0.00    0.00    0.00    0.00    0.00    0.00    0.00    0.00  100.00
01:53:28 PM   20    0.00    0.00    0.00    0.00    0.00    0.00    0.00    0.00    0.00  100.00
01:53:28 PM   21    0.00    0.00    0.00    0.00    0.00    0.00    0.00    0.00    0.00  100.00
01:53:28 PM   22    0.00    0.00    0.00    0.00    0.00    0.00    0.00    0.00    0.00  100.00
01:53:28 PM   23    0.00    0.00    0.00    0.00    0.00    0.00    0.00    0.00    0.00  100.00
01:53:28 PM   24    0.00    0.00    0.00    0.00    0.00    0.00    0.00    0.00    0.00  100.00
01:53:28 PM   25    0.00    0.00    0.00    0.00    0.00    0.00    0.00    0.00    0.00  100.00
01:53:28 PM   26    0.00    0.00    0.00    0.00    0.00    0.00    0.00    0.00    0.00  100.00
01:53:28 PM   27    0.00    0.00    0.00    0.00    0.00    0.00    0.00    0.00    0.00  100.00
01:53:28 PM   28    0.00    0.00    0.00    0.00    0.00    0.00    0.00    0.00    0.00  100.00
01:53:28 PM   29    0.00    0.00    0.00    0.00    0.00    0.00    0.00    0.00    0.00  100.00
01:53:28 PM   30    0.00    0.00    0.00    0.00    0.00    0.00    0.00    0.00    0.00  100.00
01:53:28 PM   31    0.00    0.00    0.00    0.00    0.00    0.00    0.00    0.00    0.00  100.00

01:53:28 PM  CPU    %usr   %nice    %sys %iowait    %irq   %soft  %steal  %guest  %gnice   %idle
01:53:29 PM  all    0.09    0.00    0.63    9.61    0.00    0.00    0.00    0.00    0.00   89.67
01:53:29 PM    0    0.00    0.00    0.00    0.00    0.00    0.00    0.00    0.00    0.00  100.00
01:53:29 PM    1    0.00    0.00    0.00    0.00    0.00    0.00    0.00    0.00    0.00  100.00
01:53:29 PM    2    0.00    0.00    0.00    0.00    0.00    0.00    0.00    0.00    0.00  100.00
01:53:29 PM    3    0.00    0.00    0.00    0.00    0.00    0.00    0.00    0.00    0.00  100.00
01:53:29 PM    4    0.00    0.00    0.00    0.00    0.00    0.00    0.00    0.00    0.00  100.00
01:53:29 PM    5    0.00    0.00    0.00    0.00    0.00    0.00    0.00    0.00    0.00  100.00
01:53:29 PM    6    0.00    0.00    0.00    0.00    0.00    0.00    0.00    0.00    0.00  100.00
01:53:29 PM    7    0.00    0.00    0.00    0.00    0.00    0.00    0.00    0.00    0.00  100.00
01:53:29 PM    8    3.06    0.00   16.33   50.00    0.00    0.00    0.00    0.00    0.00   30.61
01:53:29 PM    9    0.00    0.00    0.00    0.00    0.00    0.00    0.00    0.00    0.00  100.00
01:53:29 PM   10    0.00    0.00    3.03   34.34    0.00    0.00    0.00    0.00    0.00   62.63
01:53:29 PM   11    0.00    0.00    0.00  100.00    0.00    0.00    0.00    0.00    0.00    0.00
01:53:29 PM   12    0.00    0.00    1.00    0.00    0.00    0.00    0.00    0.00    0.00   99.00
01:53:29 PM   13    0.00    0.00    0.00    0.00    0.00    0.00    0.00    0.00    0.00  100.00
01:53:29 PM   14    0.00    0.00    0.00    0.00    0.00    0.00    0.00    0.00    0.00  100.00
01:53:29 PM   15    0.00    0.00    0.00   80.81    0.00    0.00    0.00    0.00    0.00   19.19
01:53:29 PM   16    0.00    0.00    0.00   43.56    0.00    0.00    0.00    0.00    0.00   56.44
01:53:29 PM   17    0.00    0.00    0.00    0.00    0.00    0.00    0.00    0.00    0.00  100.00
01:53:29 PM   18    0.00    0.00    0.00    0.00    0.00    0.00    0.00    0.00    0.00  100.00
01:53:29 PM   19    0.00    0.00    0.00    0.00    0.00    0.00    0.00    0.00    0.00  100.00
01:53:29 PM   20    0.00    0.00    0.00    0.00    0.00    0.00    0.00    0.00    0.00  100.00
01:53:29 PM   21    0.00    0.00    0.00    0.00    0.00    0.00    0.00    0.00    0.00  100.00
01:53:29 PM   22    0.00    0.00    0.00    0.00    0.00    0.00    0.00    0.00    0.00  100.00
01:53:29 PM   23    0.00    0.00    0.00    0.00    0.00    0.00    0.00    0.00    0.00  100.00
01:53:29 PM   24    0.00    0.00    0.00    0.00    0.00    0.00    0.00    0.00    0.00  100.00
01:53:29 PM   25    0.00    0.00    0.00    0.00    0.00    0.00    0.00    0.00    0.00  100.00
01:53:29 PM   26    0.00    0.00    0.00    0.00    0.00    0.00    0.00    0.00    0.00  100.00
01:53:29 PM   27    0.00    0.00    0.00    0.00    0.00    0.00    0.00    0.00    0.00  100.00
01:53:29 PM   28    0.00    0.00    0.00    0.00    0.00    0.00    0.00    0.00    0.00  100.00
01:53:29 PM   29    0.00    0.00    0.00    0.00    0.00    0.00    0.00    0.00    0.00  100.00
01:53:29 PM   30    0.00    0.00    0.00    0.00    0.00    0.00    0.00    0.00    0.00  100.00
01:53:29 PM   31    0.00    0.00    0.00    0.00    0.00    0.00    0.00    0.00    0.00  100.00

01:53:29 PM  CPU    %usr   %nice    %sys %iowait    %irq   %soft  %steal  %guest  %gnice   %idle
01:53:30 PM  all    0.00    0.00    0.06    6.70    0.00    0.00    0.00    0.00    0.00   93.24
01:53:30 PM    0    0.00    0.00    0.00    0.00    0.00    0.00    0.00    0.00    0.00  100.00
01:53:30 PM    1    0.00    0.00    0.00    0.00    0.00    0.00    0.00    0.00    0.00  100.00
01:53:30 PM    2    0.00    0.00    0.00    9.09    0.00    0.00    0.00    0.00    0.00   90.91
01:53:30 PM    3    0.00    0.00    0.00    0.00    0.00    0.00    0.00    0.00    0.00  100.00
01:53:30 PM    4    0.00    0.00    0.99    0.00    0.00    0.00    0.00    0.00    0.00   99.01
01:53:30 PM    5    0.00    0.00    0.00    0.00    0.00    0.00    0.00    0.00    0.00  100.00
01:53:30 PM    6    0.00    0.00    0.00   59.60    0.00    0.00    0.00    0.00    0.00   40.40
01:53:30 PM    7    0.00    0.00    0.00    0.00    0.00    0.00    0.00    0.00    0.00  100.00
01:53:30 PM    8    0.00    0.00    1.00   43.00    0.00    0.00    0.00    0.00    0.00   56.00
01:53:30 PM    9    0.00    0.00    0.00    0.00    0.00    0.00    0.00    0.00    0.00  100.00
01:53:30 PM   10    0.00    0.00    0.00   39.80    0.00    0.00    0.00    0.00    0.00   60.20
01:53:30 PM   11    0.00    0.00    0.00   40.00    0.00    0.00    0.00    0.00    0.00   60.00
01:53:30 PM   12    0.00    0.00    0.00    0.00    0.00    0.00    0.00    0.00    0.00  100.00
01:53:30 PM   13    0.00    0.00    0.00    0.00    0.00    0.00    0.00    0.00    0.00  100.00
01:53:30 PM   14    0.00    0.00    0.00    0.00    0.00    0.00    0.00    0.00    0.00  100.00
01:53:30 PM   15    0.00    0.00    0.00   24.00    0.00    0.00    0.00    0.00    0.00   76.00
01:53:30 PM   16    0.00    0.00    0.00    0.00    0.00    0.00    0.00    0.00    0.00  100.00
01:53:30 PM   17    0.00    0.00    0.00    0.00    0.00    0.00    0.00    0.00    0.00  100.00
01:53:30 PM   18    0.00    0.00    0.00    0.00    0.00    0.00    0.00    0.00    0.00  100.00
01:53:30 PM   19    0.00    0.00    0.00    0.00    0.00    0.00    0.00    0.00    0.00  100.00
01:53:30 PM   20    0.00    0.00    0.00    0.00    0.00    0.00    0.00    0.00    0.00  100.00
01:53:30 PM   21    0.00    0.00    0.00    0.00    0.00    0.00    0.00    0.00    0.00  100.00
01:53:30 PM   22    0.00    0.00    0.00    0.00    0.00    0.00    0.00    0.00    0.00  100.00
01:53:30 PM   23    0.00    0.00    0.00    0.00    0.00    0.00    0.00    0.00    0.00  100.00
01:53:30 PM   24    0.00    0.00    0.00    0.00    0.00    0.00    0.00    0.00    0.00  100.00
01:53:30 PM   25    0.00    0.00    0.00    0.00    0.00    0.00    0.00    0.00    0.00  100.00
01:53:30 PM   26    0.00    0.00    0.00    0.00    0.00    0.00    0.00    0.00    0.00  100.00
01:53:30 PM   27    0.00    0.00    0.00    0.00    0.00    0.00    0.00    0.00    0.00  100.00
01:53:30 PM   28    0.00    0.00    0.00    0.00    0.00    0.00    0.00    0.00    0.00  100.00
01:53:30 PM   29    0.00    0.00    0.00    0.00    0.00    0.00    0.00    0.00    0.00  100.00
01:53:30 PM   30    0.00    0.00    0.00    0.00    0.00    0.00    0.00    0.00    0.00  100.00
01:53:30 PM   31    0.00    0.00    0.00    0.00    0.00    0.00    0.00    0.00    0.00  100.00

01:53:30 PM  CPU    %usr   %nice    %sys %iowait    %irq   %soft  %steal  %guest  %gnice   %idle
01:53:31 PM  all    0.00    0.00    0.19   11.80    0.00    0.00    0.00    0.00    0.00   88.01
01:53:31 PM    0    0.00    0.00    0.00    0.00    0.00    0.00    0.00    0.00    0.00  100.00
01:53:31 PM    1    0.00    0.00    0.00    0.00    0.00    0.00    0.00    0.00    0.00  100.00
01:53:31 PM    2    0.00    0.00    0.00    0.00    0.00    0.00    0.00    0.00    0.00  100.00
01:53:31 PM    3    0.00    0.00    0.00    0.00    0.00    0.00    0.00    0.00    0.00  100.00
01:53:31 PM    4    0.00    0.00    0.00    0.00    0.00    0.00    0.00    0.00    0.00  100.00
01:53:31 PM    5    0.00    0.00    0.00    0.00    0.00    0.00    0.00    0.00    0.00  100.00
01:53:31 PM    6    0.00    0.00    0.00  100.00    0.00    0.00    0.00    0.00    0.00    0.00
01:53:31 PM    7    0.00    0.00    0.00    0.00    0.00    0.00    0.00    0.00    0.00  100.00
01:53:31 PM    8    0.00    0.00    4.12   95.88    0.00    0.00    0.00    0.00    0.00    0.00
01:53:31 PM    9    0.00    0.00    0.00   29.00    0.00    0.00    0.00    0.00    0.00   71.00
01:53:31 PM   10    0.00    0.00    1.00    0.00    0.00    0.00    0.00    0.00    0.00   99.00
01:53:31 PM   11    0.00    0.00    0.00    0.00    0.00    0.00    0.00    0.00    0.00  100.00
01:53:31 PM   12    0.00    0.00    1.00    0.00    0.00    0.00    0.00    0.00    0.00   99.00
01:53:31 PM   13    0.00    0.00    0.00    0.00    0.00    0.00    0.00    0.00    0.00  100.00
01:53:31 PM   14    0.00    0.00    0.00    0.00    0.00    0.00    0.00    0.00    0.00  100.00
01:53:31 PM   15    0.00    0.00    0.00   79.80    0.00    0.00    0.00    0.00    0.00   20.20
01:53:31 PM   16    0.00    0.00    0.00    0.00    0.00    0.00    0.00    0.00    0.00  100.00
01:53:31 PM   17    0.00    0.00    0.00    0.00    0.00    0.00    0.00    0.00    0.00  100.00
01:53:31 PM   18    0.00    0.00    0.00    0.00    0.00    0.00    0.00    0.00    0.00  100.00
01:53:31 PM   19    0.00    0.00    0.00    0.00    0.00    0.00    0.00    0.00    0.00  100.00
01:53:31 PM   20    0.00    0.00    0.00   76.00    0.00    0.00    0.00    0.00    0.00   24.00
01:53:31 PM   21    0.00    0.00    0.00    0.00    0.00    0.00    0.00    0.00    0.00  100.00
01:53:31 PM   22    0.00    0.00    0.00    0.00    0.00    0.00    0.00    0.00    0.00  100.00
01:53:31 PM   23    0.00    0.00    0.00    0.00    0.00    0.00    0.00    0.00    0.00  100.00
01:53:31 PM   24    0.00    0.00    0.00    0.00    0.00    0.00    0.00    0.00    0.00  100.00
01:53:31 PM   25    0.00    0.00    0.00    0.00    0.00    0.00    0.00    0.00    0.00  100.00
01:53:31 PM   26    0.00    0.00    0.00    0.00    0.00    0.00    0.00    0.00    0.00  100.00
01:53:31 PM   27    0.00    0.00    0.00    0.00    0.00    0.00    0.00    0.00    0.00  100.00
01:53:31 PM   28    0.00    0.00    0.00    0.00    0.00    0.00    0.00    0.00    0.00  100.00
01:53:31 PM   29    0.00    0.00    0.00    0.00    0.00    0.00    0.00    0.00    0.00  100.00
01:53:31 PM   30    0.00    0.00    0.00    0.00    0.00    0.00    0.00    0.00    0.00  100.00
01:53:31 PM   31    0.00    0.00    0.00    0.00    0.00    0.00    0.00    0.00    0.00  100.00

01:53:31 PM  CPU    %usr   %nice    %sys %iowait    %irq   %soft  %steal  %guest  %gnice   %idle
01:53:32 PM  all    0.03    0.03    0.22    7.20    0.00    0.00    0.00    0.00    0.00   92.51
01:53:32 PM    0    0.00    0.00    0.00    0.00    0.00    0.00    0.00    0.00    0.00  100.00
01:53:32 PM    1    0.00    0.00    0.00    0.00    0.00    0.00    0.00    0.00    0.00  100.00
01:53:32 PM    2    0.00    0.00    1.00   73.00    0.00    0.00    0.00    0.00    0.00   26.00
01:53:32 PM    3    0.00    0.00    0.00    0.00    0.00    0.00    0.00    0.00    0.00  100.00
01:53:32 PM    4    0.00    0.00    0.00    0.00    0.00    0.00    0.00    0.00    0.00  100.00
01:53:32 PM    5    0.00    0.00    0.00    0.00    0.00    0.00    0.00    0.00    0.00  100.00
01:53:32 PM    6    0.00    0.00    0.00   12.00    0.00    0.00    0.00    0.00    0.00   88.00
01:53:32 PM    7    0.00    0.00    0.00    0.00    0.00    0.00    0.00    0.00    0.00  100.00
01:53:32 PM    8    1.03    0.00    3.09   57.73    0.00    0.00    0.00    0.00    0.00   38.14
01:53:32 PM    9    0.00    0.00    1.00   12.00    0.00    0.00    0.00    0.00    0.00   87.00
01:53:32 PM   10    0.00    1.01    1.01   39.39    0.00    0.00    0.00    0.00    0.00   58.59
01:53:32 PM   11    0.00    0.00    0.00    0.00    0.00    0.00    0.00    0.00    0.00  100.00
01:53:32 PM   12    0.00    0.00    0.00    0.00    0.00    0.00    0.00    0.00    0.00  100.00
01:53:32 PM   13    0.00    0.00    0.00    0.00    0.00    0.00    0.00    0.00    0.00  100.00
01:53:32 PM   14    0.00    0.00    0.00    0.00    0.00    0.00    0.00    0.00    0.00  100.00
01:53:32 PM   15    0.00    0.00    1.00   38.00    0.00    0.00    0.00    0.00    0.00   61.00
01:53:32 PM   16    0.00    0.00    0.00    0.00    0.00    0.00    0.00    0.00    0.00  100.00
01:53:32 PM   17    0.00    0.00    0.00    0.00    0.00    0.00    0.00    0.00    0.00  100.00
01:53:32 PM   18    0.00    0.00    0.00    0.00    0.00    0.00    0.00    0.00    0.00  100.00
01:53:32 PM   19    0.00    0.00    0.00    0.00    0.00    0.00    0.00    0.00    0.00  100.00
01:53:32 PM   20    0.00    0.00    0.00    0.00    0.00    0.00    0.00    0.00    0.00  100.00
01:53:32 PM   21    0.00    0.00    0.00    0.00    0.00    0.00    0.00    0.00    0.00  100.00
01:53:32 PM   22    0.00    0.00    0.00    0.00    0.00    0.00    0.00    0.00    0.00  100.00
01:53:32 PM   23    0.00    0.00    0.00    0.00    0.00    0.00    0.00    0.00    0.00  100.00
01:53:32 PM   24    0.00    0.00    0.00    0.00    0.00    0.00    0.00    0.00    0.00  100.00
01:53:32 PM   25    0.00    0.00    0.00    0.00    0.00    0.00    0.00    0.00    0.00  100.00
01:53:32 PM   26    0.00    0.00    0.00    0.00    0.00    0.00    0.00    0.00    0.00  100.00
01:53:32 PM   27    0.00    0.00    0.00    0.00    0.00    0.00    0.00    0.00    0.00  100.00
01:53:32 PM   28    0.00    0.00    0.00    0.00    0.00    0.00    0.00    0.00    0.00  100.00
01:53:32 PM   29    0.00    0.00    0.00    0.00    0.00    0.00    0.00    0.00    0.00  100.00
01:53:32 PM   30    0.00    0.00    0.00    0.00    0.00    0.00    0.00    0.00    0.00  100.00
01:53:32 PM   31    0.00    0.00    0.00    0.00    0.00    0.00    0.00    0.00    0.00  100.00

01:53:32 PM  CPU    %usr   %nice    %sys %iowait    %irq   %soft  %steal  %guest  %gnice   %idle
01:53:33 PM  all    0.00    0.00    0.22    7.90    0.00    0.00    0.00    0.00    0.00   91.88
01:53:33 PM    0    0.00    0.00    0.00    0.00    0.00    0.00    0.00    0.00    0.00  100.00
01:53:33 PM    1    0.00    0.00    0.00    0.00    0.00    0.00    0.00    0.00    0.00  100.00
01:53:33 PM    2    0.00    0.00    0.00  100.00    0.00    0.00    0.00    0.00    0.00    0.00
01:53:33 PM    3    0.00    0.00    0.00    0.00    0.00    0.00    0.00    0.00    0.00  100.00
01:53:33 PM    4    0.00    0.00    0.00    0.00    0.00    0.00    0.00    0.00    0.00  100.00
01:53:33 PM    5    0.00    0.00    0.00    0.00    0.00    0.00    0.00    0.00    0.00  100.00
01:53:33 PM    6    0.00    0.00    0.00    0.00    0.00    0.00    0.00    0.00    0.00  100.00
01:53:33 PM    7    0.00    0.00    0.00    0.00    0.00    0.00    0.00    0.00    0.00  100.00
01:53:33 PM    8    0.00    0.00    3.06   34.69    0.00    0.00    0.00    0.00    0.00   62.24
01:53:33 PM    9    0.00    0.00    0.00    0.00    0.00    0.00    0.00    0.00    0.00  100.00
01:53:33 PM   10    0.00    0.00    3.09   60.82    0.00    0.00    0.00    0.00    0.00   36.08
01:53:33 PM   11    0.00    0.00    1.00   19.00    0.00    0.00    0.00    0.00    0.00   80.00
01:53:33 PM   12    0.00    0.00    0.00    0.00    0.00    0.00    0.00    0.00    0.00  100.00
01:53:33 PM   13    0.00    0.00    0.00    0.00    0.00    0.00    0.00    0.00    0.00  100.00
01:53:33 PM   14    0.00    0.00    0.00    0.00    0.00    0.00    0.00    0.00    0.00  100.00
01:53:33 PM   15    0.00    0.00    0.00   40.00    0.00    0.00    0.00    0.00    0.00   60.00
01:53:33 PM   16    0.00    0.00    0.00    0.00    0.00    0.00    0.00    0.00    0.00  100.00
01:53:33 PM   17    0.00    0.00    0.00    0.00    0.00    0.00    0.00    0.00    0.00  100.00
01:53:33 PM   18    0.00    0.00    0.00    0.00    0.00    0.00    0.00    0.00    0.00  100.00
01:53:33 PM   19    0.00    0.00    0.00    0.00    0.00    0.00    0.00    0.00    0.00  100.00
01:53:33 PM   20    0.00    0.00    0.00    0.00    0.00    0.00    0.00    0.00    0.00  100.00
01:53:33 PM   21    0.00    0.00    0.00    0.00    0.00    0.00    0.00    0.00    0.00  100.00
01:53:33 PM   22    0.00    0.00    0.00    0.00    0.00    0.00    0.00    0.00    0.00  100.00
01:53:33 PM   23    0.00    0.00    0.00    0.00    0.00    0.00    0.00    0.00    0.00  100.00
01:53:33 PM   24    0.00    0.00    0.00    0.00    0.00    0.00    0.00    0.00    0.00  100.00
01:53:33 PM   25    0.00    0.00    0.00    0.00    0.00    0.00    0.00    0.00    0.00  100.00
01:53:33 PM   26    0.00    0.00    0.00    0.00    0.00    0.00    0.00    0.00    0.00  100.00
01:53:33 PM   27    0.00    0.00    0.00    0.00    0.00    0.00    0.00    0.00    0.00  100.00
01:53:33 PM   28    0.00    0.00    0.00    0.00    0.00    0.00    0.00    0.00    0.00  100.00
01:53:33 PM   29    0.00    0.00    0.00    0.00    0.00    0.00    0.00    0.00    0.00  100.00
01:53:33 PM   30    0.00    0.00    0.00    0.00    0.00    0.00    0.00    0.00    0.00  100.00
01:53:33 PM   31    0.00    0.00    0.00    0.00    0.00    0.00    0.00    0.00    0.00  100.00

01:53:33 PM  CPU    %usr   %nice    %sys %iowait    %irq   %soft  %steal  %guest  %gnice   %idle
01:53:34 PM  all    0.09    0.00    0.41    6.53    0.00    0.00    0.00    0.00    0.00   92.97
01:53:34 PM    0    0.00    0.00    0.00    0.00    0.00    0.00    0.00    0.00    0.00  100.00
01:53:34 PM    1    0.00    0.00    0.00    0.00    0.00    0.00    0.00    0.00    0.00  100.00
01:53:34 PM    2    0.00    0.00    0.00  100.00    0.00    0.00    0.00    0.00    0.00    0.00
01:53:34 PM    3    0.00    0.00    0.00    0.00    0.00    0.00    0.00    0.00    0.00  100.00
01:53:34 PM    4    0.99    0.00    0.00    0.00    0.00    0.00    0.00    0.00    0.00   99.01
01:53:34 PM    5    0.00    0.00    0.00    0.00    0.00    0.00    0.00    0.00    0.00  100.00
01:53:34 PM    6    0.00    0.00    0.00    0.00    0.00    0.00    0.00    0.00    0.00  100.00
01:53:34 PM    7    0.00    0.00    0.00    0.00    0.00    0.00    0.00    0.00    0.00  100.00
01:53:34 PM    8    1.00    0.00    5.00   24.00    0.00    0.00    0.00    0.00    0.00   70.00
01:53:34 PM    9    0.00    0.00    0.00    0.00    0.00    0.00    0.00    0.00    0.00  100.00
01:53:34 PM   10    1.00    0.00    4.00   70.00    0.00    0.00    0.00    0.00    0.00   25.00
01:53:34 PM   11    0.00    0.00    0.00    0.00    0.00    0.00    0.00    0.00    0.00  100.00
01:53:34 PM   12    0.00    0.00    3.00    0.00    0.00    0.00    0.00    0.00    0.00   97.00
01:53:34 PM   13    0.00    0.00    0.00    0.00    0.00    0.00    0.00    0.00    0.00  100.00
01:53:34 PM   14    0.00    0.00    0.00    0.00    0.00    0.00    0.00    0.00    0.00  100.00
01:53:34 PM   15    0.00    0.00    0.00   15.31    0.00    0.00    0.00    0.00    0.00   84.69
01:53:34 PM   16    0.00    0.00    1.00    0.00    0.00    0.00    0.00    0.00    0.00   99.00
01:53:34 PM   17    0.00    0.00    0.00    0.00    0.00    0.00    0.00    0.00    0.00  100.00
01:53:34 PM   18    0.00    0.00    0.00    0.00    0.00    0.00    0.00    0.00    0.00  100.00
01:53:34 PM   19    0.00    0.00    0.00    0.00    0.00    0.00    0.00    0.00    0.00  100.00
01:53:34 PM   20    0.00    0.00    0.00    0.00    0.00    0.00    0.00    0.00    0.00  100.00
01:53:34 PM   21    0.00    0.00    0.00    0.00    0.00    0.00    0.00    0.00    0.00  100.00
01:53:34 PM   22    0.00    0.00    0.00    0.00    0.00    0.00    0.00    0.00    0.00  100.00
01:53:34 PM   23    0.00    0.00    0.00    0.00    0.00    0.00    0.00    0.00    0.00  100.00
01:53:34 PM   24    0.00    0.00    0.00    0.00    0.00    0.00    0.00    0.00    0.00  100.00
01:53:34 PM   25    0.00    0.00    0.00    0.00    0.00    0.00    0.00    0.00    0.00  100.00
01:53:34 PM   26    0.00    0.00    0.00    0.00    0.00    0.00    0.00    0.00    0.00  100.00
01:53:34 PM   27    0.00    0.00    0.00    0.00    0.00    0.00    0.00    0.00    0.00  100.00
01:53:34 PM   28    0.00    0.00    0.00    0.00    0.00    0.00    0.00    0.00    0.00  100.00
01:53:34 PM   29    0.00    0.00    0.00    0.00    0.00    0.00    0.00    0.00    0.00  100.00
01:53:34 PM   30    0.00    0.00    0.00    0.00    0.00    0.00    0.00    0.00    0.00  100.00
01:53:34 PM   31    0.00    0.00    0.00    0.00    0.00    0.00    0.00    0.00    0.00  100.00

01:53:34 PM  CPU    %usr   %nice    %sys %iowait    %irq   %soft  %steal  %guest  %gnice   %idle
01:53:35 PM  all    1.16    0.00    0.28    6.86    0.00    0.00    0.00    0.00    0.00   91.70
01:53:35 PM    0    1.00    0.00    2.00    0.00    0.00    0.00    0.00    0.00    0.00   97.00
01:53:35 PM    1    0.00    0.00    0.00    0.00    0.00    0.00    0.00    0.00    0.00  100.00
01:53:35 PM    2    0.00    0.00    0.00   31.31    0.00    0.00    0.00    0.00    0.00   68.69
01:53:35 PM    3    0.00    0.00    0.00    0.00    0.00    0.00    0.00    0.00    0.00  100.00
01:53:35 PM    4    0.00    0.00    0.00    0.00    0.00    0.00    0.00    0.00    0.00  100.00
01:53:35 PM    5    0.99    0.00    0.00    0.00    0.00    0.00    0.00    0.00    0.00   99.01
01:53:35 PM    6    1.02    0.00    1.02    0.00    0.00    0.00    0.00    0.00    0.00   97.96
01:53:35 PM    7    0.00    0.00    0.00    0.00    0.00    0.00    0.00    0.00    0.00  100.00
01:53:35 PM    8    1.00    0.00    4.00   56.00    0.00    0.00    0.00    0.00    0.00   39.00
01:53:35 PM    9    0.00    0.00    0.00   21.00    0.00    0.00    0.00    0.00    0.00   79.00
01:53:35 PM   10   31.31    0.00    0.00   68.69    0.00    0.00    0.00    0.00    0.00    0.00
01:53:35 PM   11    0.00    0.00    0.00   11.00    0.00    0.00    0.00    0.00    0.00   89.00
01:53:35 PM   12    0.00    0.00    1.01    0.00    0.00    0.00    0.00    0.00    0.00   98.99
01:53:35 PM   13    0.00    0.00    0.00    0.00    0.00    0.00    0.00    0.00    0.00  100.00
01:53:35 PM   14    0.00    0.00    1.01   12.12    0.00    0.00    0.00    0.00    0.00   86.87
01:53:35 PM   15    0.00    0.00    0.00   20.00    0.00    0.00    0.00    0.00    0.00   80.00
01:53:35 PM   16    1.00    0.00    0.00    0.00    0.00    0.00    0.00    0.00    0.00   99.00
01:53:35 PM   17    0.00    0.00    0.00    0.00    0.00    0.00    0.00    0.00    0.00  100.00
01:53:35 PM   18    0.00    0.00    0.00    0.00    0.00    0.00    0.00    0.00    0.00  100.00
01:53:35 PM   19    0.00    0.00    0.00    0.00    0.00    0.00    0.00    0.00    0.00  100.00
01:53:35 PM   20    0.00    0.00    0.00    0.00    0.00    0.00    0.00    0.00    0.00  100.00
01:53:35 PM   21    0.00    0.00    0.00    0.00    0.00    0.00    0.00    0.00    0.00  100.00
01:53:35 PM   22    0.00    0.00    0.00    0.00    0.00    0.00    0.00    0.00    0.00  100.00
01:53:35 PM   23    0.99    0.00    0.00    0.00    0.00    0.00    0.00    0.00    0.00   99.01
01:53:35 PM   24    0.00    0.00    0.00    0.00    0.00    0.00    0.00    0.00    0.00  100.00
01:53:35 PM   25    0.00    0.00    0.00    0.00    0.00    0.00    0.00    0.00    0.00  100.00
01:53:35 PM   26    0.00    0.00    0.00    0.00    0.00    0.00    0.00    0.00    0.00  100.00
01:53:35 PM   27    0.00    0.00    0.00    0.00    0.00    0.00    0.00    0.00    0.00  100.00
01:53:35 PM   28    0.00    0.00    0.00    0.00    0.00    0.00    0.00    0.00    0.00  100.00
01:53:35 PM   29    0.00    0.00    0.00    0.00    0.00    0.00    0.00    0.00    0.00  100.00
01:53:35 PM   30    0.00    0.00    0.00    0.00    0.00    0.00    0.00    0.00    0.00  100.00
01:53:35 PM   31    0.00    0.00    0.00    0.00    0.00    0.00    0.00    0.00    0.00  100.00

01:53:35 PM  CPU    %usr   %nice    %sys %iowait    %irq   %soft  %steal  %guest  %gnice   %idle
01:53:36 PM  all    3.50    0.03    0.62    3.19    0.00    0.00    0.00    0.00    0.00   92.66
01:53:36 PM    0    0.00    0.00    0.00    0.00    0.00    0.00    0.00    0.00    0.00  100.00
01:53:36 PM    1    1.00    0.00    0.00    0.00    0.00    0.00    0.00    0.00    0.00   99.00
01:53:36 PM    2    0.00    0.00    1.00    0.00    0.00    0.00    0.00    0.00    0.00   99.00
01:53:36 PM    3    0.00    0.00    0.99    0.00    0.00    0.00    0.00    0.00    0.00   99.01
01:53:36 PM    4    2.02    0.00    3.03    0.00    0.00    0.00    0.00    0.00    0.00   94.95
01:53:36 PM    5    0.00    0.00    0.00    0.00    0.00    0.00    0.00    0.00    0.00  100.00
01:53:36 PM    6    0.99    0.00    0.99    0.00    0.00    0.00    0.00    0.00    0.00   98.02
01:53:36 PM    7    0.00    0.00    0.00    0.00    0.00    0.00    0.00    0.00    0.00  100.00
01:53:36 PM    8    1.98    0.99    2.97    0.00    0.00    0.00    0.00    0.00    0.00   94.06
01:53:36 PM    9    1.98    0.00    1.98   64.36    0.00    0.00    0.00    0.00    0.00   31.68
01:53:36 PM   10   46.00    0.00    1.00    0.00    0.00    0.00    0.00    0.00    0.00   53.00
01:53:36 PM   11   49.49    0.00    0.00    3.03    0.00    0.00    0.00    0.00    0.00   47.47
01:53:36 PM   12    2.00    0.00    2.00    4.00    0.00    0.00    0.00    0.00    0.00   92.00
01:53:36 PM   13    0.00    0.00    0.00   27.00    0.00    0.00    0.00    0.00    0.00   73.00
01:53:36 PM   14    1.01    0.00    2.02    0.00    0.00    0.00    0.00    0.00    0.00   96.97
01:53:36 PM   15    0.00    0.00    0.00    3.00    0.00    0.00    0.00    0.00    0.00   97.00
01:53:36 PM   16    3.00    0.00    0.00    0.00    0.00    0.00    0.00    0.00    0.00   97.00
01:53:36 PM   17    1.00    0.00    1.00    0.00    0.00    0.00    0.00    0.00    0.00   98.00
01:53:36 PM   18    0.99    0.00    0.00    0.00    0.00    0.00    0.00    0.00    0.00   99.01
01:53:36 PM   19    0.99    0.00    0.99    0.00    0.00    0.00    0.00    0.00    0.00   98.02
01:53:36 PM   20    0.00    0.00    0.00    0.00    0.00    0.00    0.00    0.00    0.00  100.00
01:53:36 PM   21    0.00    0.00    0.00    0.00    0.00    0.00    0.00    0.00    0.00  100.00
01:53:36 PM   22    0.00    0.00    0.00    0.00    0.00    0.00    0.00    0.00    0.00  100.00
01:53:36 PM   23    0.00    0.00    0.99    0.00    0.00    0.00    0.00    0.00    0.00   99.01
01:53:36 PM   24    0.00    0.00    0.99    0.00    0.00    0.00    0.00    0.00    0.00   99.01
01:53:36 PM   25    0.00    0.00    0.00    0.00    0.00    0.00    0.00    0.00    0.00  100.00
01:53:36 PM   26    0.00    0.00    0.00    0.00    0.00    0.00    0.00    0.00    0.00  100.00
01:53:36 PM   27    0.00    0.00    0.00    0.00    0.00    0.00    0.00    0.00    0.00  100.00
01:53:36 PM   28    0.00    0.00    0.00    0.00    0.00    0.00    0.00    0.00    0.00  100.00
01:53:36 PM   29    0.00    0.00    0.00    0.00    0.00    0.00    0.00    0.00    0.00  100.00
01:53:36 PM   30    0.00    0.00    0.00    0.00    0.00    0.00    0.00    0.00    0.00  100.00
01:53:36 PM   31    0.00    0.00    0.00    0.00    0.00    0.00    0.00    0.00    0.00  100.00

01:53:36 PM  CPU    %usr   %nice    %sys %iowait    %irq   %soft  %steal  %guest  %gnice   %idle
01:53:37 PM  all    3.19    0.00    0.53    3.88    0.00    0.00    0.00    0.00    0.00   92.40
01:53:37 PM    0    1.00    0.00    0.00    0.00    0.00    0.00    0.00    0.00    0.00   99.00
01:53:37 PM    1    0.00    0.00    0.00    0.00    0.00    0.00    0.00    0.00    0.00  100.00
01:53:37 PM    2    1.00    0.00    1.00    0.00    0.00    0.00    0.00    0.00    0.00   98.00
01:53:37 PM    3    0.00    0.00    0.00    0.00    0.00    0.00    0.00    0.00    0.00  100.00
01:53:37 PM    4    2.97    0.00    1.98    0.00    0.00    0.00    0.00    0.00    0.00   95.05
01:53:37 PM    5    0.00    0.00    0.00    0.00    0.00    0.00    0.00    0.00    0.00  100.00
01:53:37 PM    6    2.00    0.00    1.00    0.00    0.00    0.00    0.00    0.00    0.00   97.00
01:53:37 PM    7    0.00    0.00    0.00    0.00    0.00    0.00    0.00    0.00    0.00  100.00
01:53:37 PM    8    3.03    0.00    7.07    0.00    0.00    0.00    0.00    0.00    0.00   89.90
01:53:37 PM    9    0.00    0.00    0.00    0.00    0.00    0.00    0.00    0.00    0.00  100.00
01:53:37 PM   10    0.00    0.00    0.00    0.00    0.00    0.00    0.00    0.00    0.00  100.00
01:53:37 PM   11   87.00    0.00    0.00   12.00    0.00    0.00    0.00    0.00    0.00    1.00
01:53:37 PM   12    3.06    0.00    1.02    0.00    0.00    0.00    0.00    0.00    0.00   95.92
01:53:37 PM   13    0.00    0.00    1.00   99.00    0.00    0.00    0.00    0.00    0.00    0.00
01:53:37 PM   14    1.00    0.00    1.00    0.00    0.00    0.00    0.00    0.00    0.00   98.00
01:53:37 PM   15    0.00    0.00    0.00    8.08    0.00    0.00    0.00    0.00    0.00   91.92
01:53:37 PM   16    0.00    0.00    1.00    0.00    0.00    0.00    0.00    0.00    0.00   99.00
01:53:37 PM   17    0.00    0.00    0.00    0.00    0.00    0.00    0.00    0.00    0.00  100.00
01:53:37 PM   18    0.00    0.00    0.00    0.00    0.00    0.00    0.00    0.00    0.00  100.00
01:53:37 PM   19    0.00    0.00    0.00    0.00    0.00    0.00    0.00    0.00    0.00  100.00
01:53:37 PM   20    0.99    0.00    0.00    0.00    0.00    0.00    0.00    0.00    0.00   99.01
01:53:37 PM   21    0.00    0.00    0.00    0.00    0.00    0.00    0.00    0.00    0.00  100.00
01:53:37 PM   22    0.00    0.00    0.99    0.00    0.00    0.00    0.00    0.00    0.00   99.01
01:53:37 PM   23    0.00    0.00    0.00    5.00    0.00    0.00    0.00    0.00    0.00   95.00
01:53:37 PM   24    0.00    0.00    0.00    0.00    0.00    0.00    0.00    0.00    0.00  100.00
01:53:37 PM   25    0.00    0.00    0.00    0.00    0.00    0.00    0.00    0.00    0.00  100.00
01:53:37 PM   26    0.00    0.00    0.00    0.00    0.00    0.00    0.00    0.00    0.00  100.00
01:53:37 PM   27    0.00    0.00    0.00    0.00    0.00    0.00    0.00    0.00    0.00  100.00
01:53:37 PM   28    0.00    0.00    0.00    0.00    0.00    0.00    0.00    0.00    0.00  100.00
01:53:37 PM   29    0.00    0.00    0.00    0.00    0.00    0.00    0.00    0.00    0.00  100.00
01:53:37 PM   30    0.00    0.00    0.00    0.00    0.00    0.00    0.00    0.00    0.00  100.00
01:53:37 PM   31    0.00    0.00    0.99    0.00    0.00    0.00    0.00    0.00    0.00   99.01

01:53:37 PM  CPU    %usr   %nice    %sys %iowait    %irq   %soft  %steal  %guest  %gnice   %idle
01:53:38 PM  all    2.78    0.03    0.41    5.91    0.00    0.00    0.00    0.00    0.00   90.86
01:53:38 PM    0    0.00    0.00    0.00    0.00    0.00    0.00    0.00    0.00    0.00  100.00
01:53:38 PM    1    0.00    0.00    0.00    0.00    0.00    0.00    0.00    0.00    0.00  100.00
01:53:38 PM    2    0.00    0.00    0.00    5.00    0.00    0.00    0.00    0.00    0.00   95.00
01:53:38 PM    3    0.00    0.00    0.00    0.00    0.00    0.00    0.00    0.00    0.00  100.00
01:53:38 PM    4    0.00    0.00    0.00    0.00    0.00    0.00    0.00    0.00    0.00  100.00
01:53:38 PM    5    0.00    0.00    0.00    0.00    0.00    0.00    0.00    0.00    0.00  100.00
01:53:38 PM    6    1.01    0.00    1.01    0.00    0.00    0.00    0.00    0.00    0.00   97.98
01:53:38 PM    7    0.00    0.00    0.00    4.95    0.00    0.00    0.00    0.00    0.00   95.05
01:53:38 PM    8    3.00    1.00    6.00   27.00    0.00    0.00    0.00    0.00    0.00   63.00
01:53:38 PM    9    0.00    0.00    0.00    4.00    0.00    0.00    0.00    0.00    0.00   96.00
01:53:38 PM   10    0.00    0.00    0.00    5.00    0.00    0.00    0.00    0.00    0.00   95.00
01:53:38 PM   11   78.22    0.00    0.00   21.78    0.00    0.00    0.00    0.00    0.00    0.00
01:53:38 PM   12    2.00    0.00    3.00   19.00    0.00    0.00    0.00    0.00    0.00   76.00
01:53:38 PM   13    0.00    0.00    0.00   54.00    0.00    0.00    0.00    0.00    0.00   46.00
01:53:38 PM   14    3.00    0.00    1.00    5.00    0.00    0.00    0.00    0.00    0.00   91.00
01:53:38 PM   15    0.00    0.00    0.00    9.09    0.00    0.00    0.00    0.00    0.00   90.91
01:53:38 PM   16    0.00    0.00    0.00    5.05    0.00    0.00    0.00    0.00    0.00   94.95
01:53:38 PM   17    0.00    0.00    0.00    4.04    0.00    0.00    0.00    0.00    0.00   95.96
01:53:38 PM   18    0.00    0.00    0.99    0.00    0.00    0.00    0.00    0.00    0.00   99.01
01:53:38 PM   19    0.00    0.00    0.00    0.00    0.00    0.00    0.00    0.00    0.00  100.00
01:53:38 PM   20    0.00    0.00    0.00    0.00    0.00    0.00    0.00    0.00    0.00  100.00
01:53:38 PM   21    0.00    0.00    0.00    0.00    0.00    0.00    0.00    0.00    0.00  100.00
01:53:38 PM   22    0.00    0.00    0.00   15.15    0.00    0.00    0.00    0.00    0.00   84.85
01:53:38 PM   23    0.00    0.00    0.00    5.00    0.00    0.00    0.00    0.00    0.00   95.00
01:53:38 PM   24    0.00    0.00    0.00    5.00    0.00    0.00    0.00    0.00    0.00   95.00
01:53:38 PM   25    0.00    0.00    0.00    0.00    0.00    0.00    0.00    0.00    0.00  100.00
01:53:38 PM   26    0.00    0.00    0.00    0.00    0.00    0.00    0.00    0.00    0.00  100.00
01:53:38 PM   27    0.00    0.00    0.00    0.00    0.00    0.00    0.00    0.00    0.00  100.00
01:53:38 PM   28    0.00    0.00    0.99    0.00    0.00    0.00    0.00    0.00    0.00   99.01
01:53:38 PM   29    0.99    0.00    0.00    0.00    0.00    0.00    0.00    0.00    0.00   99.01
01:53:38 PM   30    0.00    0.00    0.00    0.00    0.00    0.00    0.00    0.00    0.00  100.00
01:53:38 PM   31    0.00    0.00    0.00    0.00    0.00    0.00    0.00    0.00    0.00  100.00

01:53:38 PM  CPU    %usr   %nice    %sys %iowait    %irq   %soft  %steal  %guest  %gnice   %idle
01:53:39 PM  all    2.91    0.00    0.31    4.13    0.00    0.00    0.00    0.00    0.00   92.64
01:53:39 PM    0    1.02    0.00    1.02    0.00    0.00    0.00    0.00    0.00    0.00   97.96
01:53:39 PM    1    0.00    0.00    0.00    0.00    0.00    0.00    0.00    0.00    0.00  100.00
01:53:39 PM    2    2.00    0.00    1.00    0.00    0.00    0.00    0.00    0.00    0.00   97.00
01:53:39 PM    3    0.00    0.00    0.00    0.00    0.00    0.00    0.00    0.00    0.00  100.00
01:53:39 PM    4    1.00    0.00    2.00    0.00    0.00    0.00    0.00    0.00    0.00   97.00
01:53:39 PM    5    0.00    0.00    0.00    0.00    0.00    0.00    0.00    0.00    0.00  100.00
01:53:39 PM    6    0.00    0.00    0.00    0.00    0.00    0.00    0.00    0.00    0.00  100.00
01:53:39 PM    7    1.00    0.00    0.00    0.00    0.00    0.00    0.00    0.00    0.00   99.00
01:53:39 PM    8    3.03    0.00    3.03    0.00    0.00    0.00    0.00    0.00    0.00   93.94
01:53:39 PM    9    2.00    0.00    1.00    0.00    0.00    0.00    0.00    0.00    0.00   97.00
01:53:39 PM   10    0.00    0.00    0.00    0.00    0.00    0.00    0.00    0.00    0.00  100.00
01:53:39 PM   11   77.78    0.00    0.00   22.22    0.00    0.00    0.00    0.00    0.00    0.00
01:53:39 PM   12    0.00    0.00    1.00   99.00    0.00    0.00    0.00    0.00    0.00    0.00
01:53:39 PM   13    0.00    0.00    0.00    0.00    0.00    0.00    0.00    0.00    0.00  100.00
01:53:39 PM   14    0.99    0.00    0.99    0.00    0.00    0.00    0.00    0.00    0.00   98.02
01:53:39 PM   15    0.00    0.00    0.00   11.11    0.00    0.00    0.00    0.00    0.00   88.89
01:53:39 PM   16    4.00    0.00    0.00    0.00    0.00    0.00    0.00    0.00    0.00   96.00
01:53:39 PM   17    0.00    0.00    0.00    0.00    0.00    0.00    0.00    0.00    0.00  100.00
01:53:39 PM   18    0.00    0.00    0.00    0.00    0.00    0.00    0.00    0.00    0.00  100.00
01:53:39 PM   19    0.00    0.00    0.00    0.00    0.00    0.00    0.00    0.00    0.00  100.00
01:53:39 PM   20    0.00    0.00    0.00    0.00    0.00    0.00    0.00    0.00    0.00  100.00
01:53:39 PM   21    0.99    0.00    0.00    0.00    0.00    0.00    0.00    0.00    0.00   99.01
01:53:39 PM   22    0.00    0.00    0.00    0.00    0.00    0.00    0.00    0.00    0.00  100.00
01:53:39 PM   23    0.00    0.00    0.00    0.00    0.00    0.00    0.00    0.00    0.00  100.00
01:53:39 PM   24    0.00    0.00    0.00    0.00    0.00    0.00    0.00    0.00    0.00  100.00
01:53:39 PM   25    0.00    0.00    0.00    0.00    0.00    0.00    0.00    0.00    0.00  100.00
01:53:39 PM   26    0.00    0.00    0.00    0.00    0.00    0.00    0.00    0.00    0.00  100.00
01:53:39 PM   27    0.00    0.00    0.00    0.00    0.00    0.00    0.00    0.00    0.00  100.00
01:53:39 PM   28    0.00    0.00    0.00    0.00    0.00    0.00    0.00    0.00    0.00  100.00
01:53:39 PM   29    0.00    0.00    0.00    0.00    0.00    0.00    0.00    0.00    0.00  100.00
01:53:39 PM   30    0.00    0.00    0.00    0.00    0.00    0.00    0.00    0.00    0.00  100.00
01:53:39 PM   31    0.00    0.00    0.00    0.00    0.00    0.00    0.00    0.00    0.00  100.00

01:53:39 PM  CPU    %usr   %nice    %sys %iowait    %irq   %soft  %steal  %guest  %gnice   %idle
01:53:40 PM  all    2.91    0.03    0.44    4.88    0.00    0.00    0.00    0.00    0.00   91.74
01:53:40 PM    0    2.00    0.00    1.00    0.00    0.00    0.00    0.00    0.00    0.00   97.00
01:53:40 PM    1    0.00    0.00    0.00    0.00    0.00    0.00    0.00    0.00    0.00  100.00
01:53:40 PM    2    2.00    0.00    1.00    0.00    0.00    0.00    0.00    0.00    0.00   97.00
01:53:40 PM    3    0.00    0.00    0.00    0.00    0.00    0.00    0.00    0.00    0.00  100.00
01:53:40 PM    4    0.00    1.00    0.00    0.00    0.00    0.00    0.00    0.00    0.00   99.00
01:53:40 PM    5    0.00    0.00    0.00    0.00    0.00    0.00    0.00    0.00    0.00  100.00
01:53:40 PM    6    1.00    0.00    1.00    0.00    0.00    0.00    0.00    0.00    0.00   98.00
01:53:40 PM    7    0.00    0.00    0.00    0.00    0.00    0.00    0.00    0.00    0.00  100.00
01:53:40 PM    8    3.96    0.00    7.92   17.82    0.00    0.00    0.00    0.00    0.00   70.30
01:53:40 PM    9    0.00    0.00    0.00    0.00    0.00    0.00    0.00    0.00    0.00  100.00
01:53:40 PM   10   71.00    0.00    1.00   18.00    0.00    0.00    0.00    0.00    0.00   10.00
01:53:40 PM   11    6.00    0.00    0.00    4.00    0.00    0.00    0.00    0.00    0.00   90.00
01:53:40 PM   12    1.00    0.00    0.00   99.00    0.00    0.00    0.00    0.00    0.00    0.00
01:53:40 PM   13    4.00    0.00    2.00    0.00    0.00    0.00    0.00    0.00    0.00   94.00
01:53:40 PM   14    0.00    0.00    0.00    0.00    0.00    0.00    0.00    0.00    0.00  100.00
01:53:40 PM   15    0.00    0.00    0.00   17.00    0.00    0.00    0.00    0.00    0.00   83.00
01:53:40 PM   16    0.00    0.00    0.00    0.00    0.00    0.00    0.00    0.00    0.00  100.00
01:53:40 PM   17    1.00    0.00    0.00    0.00    0.00    0.00    0.00    0.00    0.00   99.00
01:53:40 PM   18    0.00    0.00    0.00    0.00    0.00    0.00    0.00    0.00    0.00  100.00
01:53:40 PM   19    0.00    0.00    0.00    0.00    0.00    0.00    0.00    0.00    0.00  100.00
01:53:40 PM   20    0.00    0.00    0.00    0.00    0.00    0.00    0.00    0.00    0.00  100.00
01:53:40 PM   21    0.00    0.00    0.00    0.00    0.00    0.00    0.00    0.00    0.00  100.00
01:53:40 PM   22    0.99    0.00    0.00    0.00    0.00    0.00    0.00    0.00    0.00   99.01
01:53:40 PM   23    0.00    0.00    0.00    0.00    0.00    0.00    0.00    0.00    0.00  100.00
01:53:40 PM   24    0.00    0.00    0.00    0.00    0.00    0.00    0.00    0.00    0.00  100.00
01:53:40 PM   25    0.00    0.00    0.00    0.00    0.00    0.00    0.00    0.00    0.00  100.00
01:53:40 PM   26    0.00    0.00    0.00    0.00    0.00    0.00    0.00    0.00    0.00  100.00
01:53:40 PM   27    0.00    0.00    0.00    0.00    0.00    0.00    0.00    0.00    0.00  100.00
01:53:40 PM   28    0.00    0.00    0.00    0.00    0.00    0.00    0.00    0.00    0.00  100.00
01:53:40 PM   29    0.00    0.00    0.00    0.00    0.00    0.00    0.00    0.00    0.00  100.00
01:53:40 PM   30    0.00    0.00    0.00    0.00    0.00    0.00    0.00    0.00    0.00  100.00
01:53:40 PM   31    0.00    0.00    0.00    0.00    0.00    0.00    0.00    0.00    0.00  100.00

01:53:40 PM  CPU    %usr   %nice    %sys %iowait    %irq   %soft  %steal  %guest  %gnice   %idle
01:53:41 PM  all    3.39    0.03    0.53    3.54    0.00    0.00    0.00    0.00    0.00   92.51
01:53:41 PM    0    4.04    0.00    2.02    0.00    0.00    0.00    0.00    0.00    0.00   93.94
01:53:41 PM    1    0.00    0.00    0.00    0.00    0.00    0.00    0.00    0.00    0.00  100.00
01:53:41 PM    2    2.02    0.00    2.02    0.00    0.00    0.00    0.00    0.00    0.00   95.96
01:53:41 PM    3    0.00    0.00    0.00    0.00    0.00    0.00    0.00    0.00    0.00  100.00
01:53:41 PM    4    0.99    0.00    2.97    0.00    0.00    0.00    0.00    0.00    0.00   96.04
01:53:41 PM    5    0.00    0.00    0.00    0.00    0.00    0.00    0.00    0.00    0.00  100.00
01:53:41 PM    6    0.00    0.00    0.00    0.00    0.00    0.00    0.00    0.00    0.00  100.00
01:53:41 PM    7    0.00    0.00    0.00    0.00    0.00    0.00    0.00    0.00    0.00  100.00
01:53:41 PM    8    0.00    0.00    5.10    0.00    0.00    0.00    0.00    0.00    0.00   94.90
01:53:41 PM    9    1.01    0.00    1.01    0.00    0.00    0.00    0.00    0.00    0.00   97.98
01:53:41 PM   10   95.00    0.00    0.00    5.00    0.00    0.00    0.00    0.00    0.00    0.00
01:53:41 PM   11    0.00    0.00    0.00    0.00    0.00    0.00    0.00    0.00    0.00  100.00
01:53:41 PM   12    2.00    0.00    2.00   33.00    0.00    0.00    0.00    0.00    0.00   63.00
01:53:41 PM   13    0.00    0.00    0.00    0.00    0.00    0.00    0.00    0.00    0.00  100.00
01:53:41 PM   14    0.00    0.00    0.00    0.00    0.00    0.00    0.00    0.00    0.00  100.00
01:53:41 PM   15    1.00    0.00    0.00    8.00    0.00    0.00    0.00    0.00    0.00   91.00
01:53:41 PM   16    0.00    0.00    0.00    2.02    0.00    0.00    0.00    0.00    0.00   97.98
01:53:41 PM   17    0.00    1.00    0.00    0.00    0.00    0.00    0.00    0.00    0.00   99.00
01:53:41 PM   18    0.00    0.00    0.00    0.00    0.00    0.00    0.00    0.00    0.00  100.00
01:53:41 PM   19    0.00    0.00    0.00    0.00    0.00    0.00    0.00    0.00    0.00  100.00
01:53:41 PM   20    2.00    0.00    0.00    0.00    0.00    0.00    0.00    0.00    0.00   98.00
01:53:41 PM   21    0.00    0.00    0.00    0.00    0.00    0.00    0.00    0.00    0.00  100.00
01:53:41 PM   22    0.00    0.00    0.00    0.00    0.00    0.00    0.00    0.00    0.00  100.00
01:53:41 PM   23    0.00    0.00    0.00    0.00    0.00    0.00    0.00    0.00    0.00  100.00
01:53:41 PM   24    0.00    0.00    0.00    0.00    0.00    0.00    0.00    0.00    0.00  100.00
01:53:41 PM   25    0.00    0.00    1.01   64.65    0.00    0.00    0.00    0.00    0.00   34.34
01:53:41 PM   26    0.00    0.00    0.00    0.00    0.00    0.00    0.00    0.00    0.00  100.00
01:53:41 PM   27    0.00    0.00    1.00    1.00    0.00    0.00    0.00    0.00    0.00   98.00
01:53:41 PM   28    0.00    0.00    0.00    0.00    0.00    0.00    0.00    0.00    0.00  100.00
01:53:41 PM   29    0.00    0.00    0.00    0.00    0.00    0.00    0.00    0.00    0.00  100.00
01:53:41 PM   30    0.00    0.00    0.00    0.00    0.00    0.00    0.00    0.00    0.00  100.00
01:53:41 PM   31    0.00    0.00    0.00    0.00    0.00    0.00    0.00    0.00    0.00  100.00

01:53:41 PM  CPU    %usr   %nice    %sys %iowait    %irq   %soft  %steal  %guest  %gnice   %idle
01:53:42 PM  all    3.22    0.00    0.47    3.69    0.00    0.00    0.00    0.00    0.00   92.62
01:53:42 PM    0    2.00    0.00    2.00    0.00    0.00    0.00    0.00    0.00    0.00   96.00
01:53:42 PM    1    0.00    0.00    0.00    0.00    0.00    0.00    0.00    0.00    0.00  100.00
01:53:42 PM    2    3.00    0.00    2.00   13.00    0.00    0.00    0.00    0.00    0.00   82.00
01:53:42 PM    3    0.00    0.00    0.00   62.00    0.00    0.00    0.00    0.00    0.00   38.00
01:53:42 PM    4    0.00    0.00    1.02    0.00    0.00    0.00    0.00    0.00    0.00   98.98
01:53:42 PM    5    0.00    0.00    0.00    0.00    0.00    0.00    0.00    0.00    0.00  100.00
01:53:42 PM    6    0.00    0.00    1.00    0.00    0.00    0.00    0.00    0.00    0.00   99.00
01:53:42 PM    7    0.00    0.00    0.00    0.00    0.00    0.00    0.00    0.00    0.00  100.00
01:53:42 PM    8    4.00    0.00    4.00    0.00    0.00    0.00    0.00    0.00    0.00   92.00
01:53:42 PM    9    1.98    0.00    0.99    0.00    0.00    0.00    0.00    0.00    0.00   97.03
01:53:42 PM   10   90.00    0.00    0.00    9.00    0.00    0.00    0.00    0.00    0.00    1.00
01:53:42 PM   11    0.00    0.00    0.00    0.00    0.00    0.00    0.00    0.00    0.00  100.00
01:53:42 PM   12    1.00    0.00    2.00    0.00    0.00    0.00    0.00    0.00    0.00   97.00
01:53:42 PM   13    0.00    0.00    0.00    0.00    0.00    0.00    0.00    0.00    0.00  100.00
01:53:42 PM   14    0.00    0.00    0.00    0.00    0.00    0.00    0.00    0.00    0.00  100.00
01:53:42 PM   15    0.00    0.00    0.00   11.11    0.00    0.00    0.00    0.00    0.00   88.89
01:53:42 PM   16    0.00    0.00    0.00    0.00    0.00    0.00    0.00    0.00    0.00  100.00
01:53:42 PM   17    0.00    0.00    0.99    0.00    0.00    0.00    0.00    0.00    0.00   99.01
01:53:42 PM   18    0.00    0.00    0.00    0.00    0.00    0.00    0.00    0.00    0.00  100.00
01:53:42 PM   19    0.00    0.00    0.00    0.00    0.00    0.00    0.00    0.00    0.00  100.00
01:53:42 PM   20    0.00    0.00    0.00    0.00    0.00    0.00    0.00    0.00    0.00  100.00
01:53:42 PM   21    0.00    0.00    0.00    0.00    0.00    0.00    0.00    0.00    0.00  100.00
01:53:42 PM   22    0.00    0.00    0.00    0.00    0.00    0.00    0.00    0.00    0.00  100.00
01:53:42 PM   23    1.00    0.00    0.00    0.00    0.00    0.00    0.00    0.00    0.00   99.00
01:53:42 PM   24    0.00    0.00    0.00    0.00    0.00    0.00    0.00    0.00    0.00  100.00
01:53:42 PM   25    0.00    0.00    0.00   23.00    0.00    0.00    0.00    0.00    0.00   77.00
01:53:42 PM   26    0.00    0.00    1.00    0.00    0.00    0.00    0.00    0.00    0.00   99.00
01:53:42 PM   27    0.00    0.00    0.00    0.00    0.00    0.00    0.00    0.00    0.00  100.00
01:53:42 PM   28    0.00    0.00    0.00    0.00    0.00    0.00    0.00    0.00    0.00  100.00
01:53:42 PM   29    0.00    0.00    0.00    0.00    0.00    0.00    0.00    0.00    0.00  100.00
01:53:42 PM   30    0.00    0.00    0.00    0.00    0.00    0.00    0.00    0.00    0.00  100.00
01:53:42 PM   31    0.00    0.00    0.00    0.00    0.00    0.00    0.00    0.00    0.00  100.00

01:53:42 PM  CPU    %usr   %nice    %sys %iowait    %irq   %soft  %steal  %guest  %gnice   %idle
01:53:43 PM  all    3.59    0.00    0.53    2.00    0.00    0.00    0.00    0.00    0.00   93.87
01:53:43 PM    0    0.00    0.00    0.00    0.00    0.00    0.00    0.00    0.00    0.00  100.00
01:53:43 PM    1    0.99    0.00    0.00    0.00    0.00    0.00    0.00    0.00    0.00   99.01
01:53:43 PM    2    3.03    0.00    2.02    0.00    0.00    0.00    0.00    0.00    0.00   94.95
01:53:43 PM    3    0.00    0.00    0.00   37.00    0.00    0.00    0.00    0.00    0.00   63.00
01:53:43 PM    4    0.99    0.00    1.98   20.79    0.00    0.00    0.00    0.00    0.00   76.24
01:53:43 PM    5    0.00    0.00    0.00    0.00    0.00    0.00    0.00    0.00    0.00  100.00
01:53:43 PM    6    0.00    0.00    0.00    0.00    0.00    0.00    0.00    0.00    0.00  100.00
01:53:43 PM    7    0.00    0.00    0.00    0.00    0.00    0.00    0.00    0.00    0.00  100.00
01:53:43 PM    8    1.00    0.00    3.00    0.00    0.00    0.00    0.00    0.00    0.00   96.00
01:53:43 PM    9    2.00    0.00    1.00    0.00    0.00    0.00    0.00    0.00    0.00   97.00
01:53:43 PM   10   24.00    0.00    2.00    0.00    0.00    0.00    0.00    0.00    0.00   74.00
01:53:43 PM   11   71.00    0.00    0.00    5.00    0.00    0.00    0.00    0.00    0.00   24.00
01:53:43 PM   12    0.00    0.00    4.00    0.00    0.00    0.00    0.00    0.00    0.00   96.00
01:53:43 PM   13    3.00    0.00    2.00    0.00    0.00    0.00    0.00    0.00    0.00   95.00
01:53:43 PM   14    0.00    0.00    0.00    0.00    0.00    0.00    0.00    0.00    0.00  100.00
01:53:43 PM   15    0.00    0.00    0.00    1.00    0.00    0.00    0.00    0.00    0.00   99.00
01:53:43 PM   16    3.96    0.00    0.99    0.00    0.00    0.00    0.00    0.00    0.00   95.05
01:53:43 PM   17    0.00    0.00    0.00    0.00    0.00    0.00    0.00    0.00    0.00  100.00
01:53:43 PM   18    2.00    0.00    0.00    0.00    0.00    0.00    0.00    0.00    0.00   98.00
01:53:43 PM   19    0.00    0.00    0.00    0.00    0.00    0.00    0.00    0.00    0.00  100.00
01:53:43 PM   20    0.00    0.00    0.00    0.00    0.00    0.00    0.00    0.00    0.00  100.00
01:53:43 PM   21    0.00    0.00    0.00    0.00    0.00    0.00    0.00    0.00    0.00  100.00
01:53:43 PM   22    0.00    0.00    0.00    0.00    0.00    0.00    0.00    0.00    0.00  100.00
01:53:43 PM   23    0.00    0.00    0.00    0.00    0.00    0.00    0.00    0.00    0.00  100.00
01:53:43 PM   24    0.00    0.00    0.00    0.00    0.00    0.00    0.00    0.00    0.00  100.00
01:53:43 PM   25    0.99    0.00    0.00    0.00    0.00    0.00    0.00    0.00    0.00   99.01
01:53:43 PM   26    0.00    0.00    0.00    0.00    0.00    0.00    0.00    0.00    0.00  100.00
01:53:43 PM   27    0.00    0.00    0.00    0.00    0.00    0.00    0.00    0.00    0.00  100.00
01:53:43 PM   28    0.99    0.00    0.00    0.00    0.00    0.00    0.00    0.00    0.00   99.01
01:53:43 PM   29    0.00    0.00    0.00    0.00    0.00    0.00    0.00    0.00    0.00  100.00
01:53:43 PM   30    0.00    0.00    0.00    0.00    0.00    0.00    0.00    0.00    0.00  100.00
01:53:43 PM   31    0.99    0.00    0.00    0.00    0.00    0.00    0.00    0.00    0.00   99.01

01:53:43 PM  CPU    %usr   %nice    %sys %iowait    %irq   %soft  %steal  %guest  %gnice   %idle
01:53:44 PM  all    3.69    0.00    0.38    0.00    0.00    0.00    0.00    0.00    0.00   95.93
01:53:44 PM    0    0.00    0.00    0.00    0.00    0.00    0.00    0.00    0.00    0.00  100.00
01:53:44 PM    1    0.00    0.00    0.00    0.00    0.00    0.00    0.00    0.00    0.00  100.00
01:53:44 PM    2    0.00    0.00    0.00    0.00    0.00    0.00    0.00    0.00    0.00  100.00
01:53:44 PM    3    0.00    0.00    0.00    0.00    0.00    0.00    0.00    0.00    0.00  100.00
01:53:44 PM    4    0.00    0.00    2.04    0.00    0.00    0.00    0.00    0.00    0.00   97.96
01:53:44 PM    5    0.00    0.00    0.00    0.00    0.00    0.00    0.00    0.00    0.00  100.00
01:53:44 PM    6    0.00    0.00    0.00    0.00    0.00    0.00    0.00    0.00    0.00  100.00
01:53:44 PM    7    0.00    0.00    0.00    0.00    0.00    0.00    0.00    0.00    0.00  100.00
01:53:44 PM    8    4.95    0.00    6.93    0.00    0.00    0.00    0.00    0.00    0.00   88.12
01:53:44 PM    9    5.00    0.00    3.00    0.00    0.00    0.00    0.00    0.00    0.00   92.00
01:53:44 PM   10    0.00    0.00    0.00    0.00    0.00    0.00    0.00    0.00    0.00  100.00
01:53:44 PM   11  100.00    0.00    0.00    0.00    0.00    0.00    0.00    0.00    0.00    0.00
01:53:44 PM   12    1.00    0.00    0.00    0.00    0.00    0.00    0.00    0.00    0.00   99.00
01:53:44 PM   13    0.00    0.00    0.00    0.00    0.00    0.00    0.00    0.00    0.00  100.00
01:53:44 PM   14    0.00    0.00    0.00    0.00    0.00    0.00    0.00    0.00    0.00  100.00
01:53:44 PM   15    0.00    0.00    0.00    0.00    0.00    0.00    0.00    0.00    0.00  100.00
01:53:44 PM   16    1.00    0.00    0.00    0.00    0.00    0.00    0.00    0.00    0.00   99.00
01:53:44 PM   17    0.00    0.00    0.00    0.00    0.00    0.00    0.00    0.00    0.00  100.00
01:53:44 PM   18    0.00    0.00    0.00    0.00    0.00    0.00    0.00    0.00    0.00  100.00
01:53:44 PM   19    1.00    0.00    0.00    0.00    0.00    0.00    0.00    0.00    0.00   99.00
01:53:44 PM   20    1.00    0.00    0.00    0.00    0.00    0.00    0.00    0.00    0.00   99.00
01:53:44 PM   21    0.00    0.00    0.00    0.00    0.00    0.00    0.00    0.00    0.00  100.00
01:53:44 PM   22    0.00    0.00    0.00    0.00    0.00    0.00    0.00    0.00    0.00  100.00
01:53:44 PM   23    3.00    0.00    0.00    0.00    0.00    0.00    0.00    0.00    0.00   97.00
01:53:44 PM   24    0.00    0.00    0.00    0.00    0.00    0.00    0.00    0.00    0.00  100.00
01:53:44 PM   25    0.00    0.00    0.00    0.00    0.00    0.00    0.00    0.00    0.00  100.00
01:53:44 PM   26    0.00    0.00    0.00    0.00    0.00    0.00    0.00    0.00    0.00  100.00
01:53:44 PM   27    1.00    0.00    0.00    0.00    0.00    0.00    0.00    0.00    0.00   99.00
01:53:44 PM   28    0.00    0.00    0.00    0.00    0.00    0.00    0.00    0.00    0.00  100.00
01:53:44 PM   29    0.00    0.00    0.00    0.00    0.00    0.00    0.00    0.00    0.00  100.00
01:53:44 PM   30    0.00    0.00    0.00    0.00    0.00    0.00    0.00    0.00    0.00  100.00
01:53:44 PM   31    0.00    0.00    0.00    0.00    0.00    0.00    0.00    0.00    0.00  100.00

01:53:44 PM  CPU    %usr   %nice    %sys %iowait    %irq   %soft  %steal  %guest  %gnice   %idle
01:53:45 PM  all    3.63    0.03    0.56    0.00    0.00    0.00    0.00    0.00    0.00   95.78
01:53:45 PM    0    0.00    0.00    0.00    0.00    0.00    0.00    0.00    0.00    0.00  100.00
01:53:45 PM    1    0.00    0.00    0.00    0.00    0.00    0.00    0.00    0.00    0.00  100.00
01:53:45 PM    2    2.00    0.00    1.00    0.00    0.00    0.00    0.00    0.00    0.00   97.00
01:53:45 PM    3    0.00    0.00    0.00    0.00    0.00    0.00    0.00    0.00    0.00  100.00
01:53:45 PM    4    0.99    0.00    1.98    0.00    0.00    0.00    0.00    0.00    0.00   97.03
01:53:45 PM    5    1.00    0.00    0.00    0.00    0.00    0.00    0.00    0.00    0.00   99.00
01:53:45 PM    6    0.00    0.00    0.00    0.00    0.00    0.00    0.00    0.00    0.00  100.00
01:53:45 PM    7    0.00    0.00    0.00    0.00    0.00    0.00    0.00    0.00    0.00  100.00
01:53:45 PM    8    4.00    0.00    8.00    0.00    0.00    0.00    0.00    0.00    0.00   88.00
01:53:45 PM    9    4.00    0.00    3.00    0.00    0.00    0.00    0.00    0.00    0.00   93.00
01:53:45 PM   10    0.00    0.00    0.00    0.00    0.00    0.00    0.00    0.00    0.00  100.00
01:53:45 PM   11  100.00    0.00    0.00    0.00    0.00    0.00    0.00    0.00    0.00    0.00
01:53:45 PM   12    1.00    1.00    3.00    0.00    0.00    0.00    0.00    0.00    0.00   95.00
01:53:45 PM   13    0.00    0.00    0.00    0.00    0.00    0.00    0.00    0.00    0.00  100.00
01:53:45 PM   14    1.98    0.00    0.99    0.00    0.00    0.00    0.00    0.00    0.00   97.03
01:53:45 PM   15    0.00    0.00    0.00    0.00    0.00    0.00    0.00    0.00    0.00  100.00
01:53:45 PM   16    0.00    0.00    0.00    0.00    0.00    0.00    0.00    0.00    0.00  100.00
01:53:45 PM   17    0.00    0.00    0.00    0.00    0.00    0.00    0.00    0.00    0.00  100.00
01:53:45 PM   18    0.00    0.00    0.00    0.00    0.00    0.00    0.00    0.00    0.00  100.00
01:53:45 PM   19    0.00    0.00    0.00    0.00    0.00    0.00    0.00    0.00    0.00  100.00
01:53:45 PM   20    0.00    0.00    0.00    0.00    0.00    0.00    0.00    0.00    0.00  100.00
01:53:45 PM   21    2.00    0.00    0.00    0.00    0.00    0.00    0.00    0.00    0.00   98.00
01:53:45 PM   22    0.00    0.00    0.00    0.00    0.00    0.00    0.00    0.00    0.00  100.00
01:53:45 PM   23    0.00    0.00    0.00    0.00    0.00    0.00    0.00    0.00    0.00  100.00
01:53:45 PM   24    0.00    0.00    0.00    0.00    0.00    0.00    0.00    0.00    0.00  100.00
01:53:45 PM   25    0.00    0.00    0.00    0.00    0.00    0.00    0.00    0.00    0.00  100.00
01:53:45 PM   26    0.00    0.00    0.00    0.00    0.00    0.00    0.00    0.00    0.00  100.00
01:53:45 PM   27    0.00    0.00    0.00    0.00    0.00    0.00    0.00    0.00    0.00  100.00
01:53:45 PM   28    0.00    0.00    0.00    0.00    0.00    0.00    0.00    0.00    0.00  100.00
01:53:45 PM   29    0.00    0.00    0.00    0.00    0.00    0.00    0.00    0.00    0.00  100.00
01:53:45 PM   30    0.00    0.00    0.00    0.00    0.00    0.00    0.00    0.00    0.00  100.00
01:53:45 PM   31    0.00    0.00    0.00    0.00    0.00    0.00    0.00    0.00    0.00  100.00

01:53:45 PM  CPU    %usr   %nice    %sys %iowait    %irq   %soft  %steal  %guest  %gnice   %idle
01:53:46 PM  all    3.54    0.00    0.53    0.00    0.00    0.03    0.00    0.00    0.00   95.90
01:53:46 PM    0    0.00    0.00    0.00    0.00    0.00    1.01    0.00    0.00    0.00   98.99
01:53:46 PM    1    0.00    0.00    0.00    0.00    0.00    0.00    0.00    0.00    0.00  100.00
01:53:46 PM    2    3.00    0.00    3.00    0.00    0.00    0.00    0.00    0.00    0.00   94.00
01:53:46 PM    3    0.00    0.00    0.00    0.00    0.00    0.00    0.00    0.00    0.00  100.00
01:53:46 PM    4    0.00    0.00    1.01    0.00    0.00    0.00    0.00    0.00    0.00   98.99
01:53:46 PM    5    0.00    0.00    0.00    0.00    0.00    0.00    0.00    0.00    0.00  100.00
01:53:46 PM    6    0.00    0.00    1.00    0.00    0.00    0.00    0.00    0.00    0.00   99.00
01:53:46 PM    7    0.00    0.00    0.00    0.00    0.00    0.00    0.00    0.00    0.00  100.00
01:53:46 PM    8    2.02    0.00    4.04    0.00    0.00    0.00    0.00    0.00    0.00   93.94
01:53:46 PM    9    1.01    0.00    1.01    0.00    0.00    0.00    0.00    0.00    0.00   97.98
01:53:46 PM   10    0.00    0.00    0.00    0.00    0.00    0.00    0.00    0.00    0.00  100.00
01:53:46 PM   11   99.01    0.00    0.00    0.00    0.00    0.00    0.00    0.00    0.00    0.99
01:53:46 PM   12    1.00    0.00    4.00    0.00    0.00    0.00    0.00    0.00    0.00   95.00
01:53:46 PM   13    2.00    0.00    1.00    0.00    0.00    0.00    0.00    0.00    0.00   97.00
01:53:46 PM   14    0.00    0.00    0.00    0.00    0.00    0.00    0.00    0.00    0.00  100.00
01:53:46 PM   15    0.00    0.00    0.00    0.00    0.00    0.00    0.00    0.00    0.00  100.00
01:53:46 PM   16    3.96    0.00    0.99    0.00    0.00    0.00    0.00    0.00    0.00   95.05
01:53:46 PM   17    0.00    0.00    0.00    0.00    0.00    0.00    0.00    0.00    0.00  100.00
01:53:46 PM   18    0.00    0.00    0.00    0.00    0.00    0.00    0.00    0.00    0.00  100.00
01:53:46 PM   19    0.00    0.00    0.00    0.00    0.00    0.00    0.00    0.00    0.00  100.00
01:53:46 PM   20    0.00    0.00    0.00    0.00    0.00    0.00    0.00    0.00    0.00  100.00
01:53:46 PM   21    0.00    0.00    0.00    0.00    0.00    0.00    0.00    0.00    0.00  100.00
01:53:46 PM   22    0.00    0.00    0.00    0.00    0.00    0.00    0.00    0.00    0.00  100.00
01:53:46 PM   23    0.00    0.00    0.00    0.00    0.00    0.00    0.00    0.00    0.00  100.00
01:53:46 PM   24    0.00    0.00    0.00    0.00    0.00    0.00    0.00    0.00    0.00  100.00
01:53:46 PM   25    0.00    0.00    0.00    0.00    0.00    0.00    0.00    0.00    0.00  100.00
01:53:46 PM   26    0.00    0.00    0.00    0.00    0.00    0.00    0.00    0.00    0.00  100.00
01:53:46 PM   27    0.00    0.00    0.00    0.00    0.00    0.00    0.00    0.00    0.00  100.00
01:53:46 PM   28    0.00    0.00    0.00    0.00    0.00    0.00    0.00    0.00    0.00  100.00
01:53:46 PM   29    0.00    0.00    0.00    0.00    0.00    0.00    0.00    0.00    0.00  100.00
01:53:46 PM   30    0.00    0.00    0.00    0.00    0.00    0.00    0.00    0.00    0.00  100.00
01:53:46 PM   31    0.00    0.00    0.99    0.00    0.00    0.00    0.00    0.00    0.00   99.01

01:53:46 PM  CPU    %usr   %nice    %sys %iowait    %irq   %soft  %steal  %guest  %gnice   %idle
01:53:47 PM  all    3.87    0.03    0.41    0.03    0.00    0.00    0.00    0.00    0.00   95.66
01:53:47 PM    0    1.00    0.00    0.00    0.00    0.00    0.00    0.00    0.00    0.00   99.00
01:53:47 PM    1    0.00    0.00    0.00    0.00    0.00    0.00    0.00    0.00    0.00  100.00
01:53:47 PM    2    2.02    0.00    1.01    0.00    0.00    0.00    0.00    0.00    0.00   96.97
01:53:47 PM    3    0.00    0.00    0.00    0.00    0.00    0.00    0.00    0.00    0.00  100.00
01:53:47 PM    4    0.98    0.00    1.96    0.98    0.00    0.00    0.00    0.00    0.00   96.08
01:53:47 PM    5    0.00    0.00    0.00    0.00    0.00    0.00    0.00    0.00    0.00  100.00
01:53:47 PM    6    0.99    0.00    0.00    0.00    0.00    0.00    0.00    0.00    0.00   99.01
01:53:47 PM    7    0.00    0.00    0.00    0.00    0.00    0.00    0.00    0.00    0.00  100.00
01:53:47 PM    8    0.99    0.99    3.96    0.00    0.00    0.00    0.00    0.00    0.00   94.06
01:53:47 PM    9    7.00    0.00    4.00    0.00    0.00    0.00    0.00    0.00    0.00   89.00
01:53:47 PM   10    0.00    0.00    0.00    0.00    0.00    0.00    0.00    0.00    0.00  100.00
01:53:47 PM   11  100.00    0.00    0.00    0.00    0.00    0.00    0.00    0.00    0.00    0.00
01:53:47 PM   12    2.00    0.00    2.00    0.00    0.00    0.00    0.00    0.00    0.00   96.00
01:53:47 PM   13    0.00    0.00    0.00    0.00    0.00    0.00    0.00    0.00    0.00  100.00
01:53:47 PM   14    0.00    0.00    0.00    0.00    0.00    0.00    0.00    0.00    0.00  100.00
01:53:47 PM   15    1.00    0.00    0.00    0.00    0.00    0.00    0.00    0.00    0.00   99.00
01:53:47 PM   16    0.00    0.00    0.00    0.00    0.00    0.00    0.00    0.00    0.00  100.00
01:53:47 PM   17    1.00    0.00    0.00    0.00    0.00    0.00    0.00    0.00    0.00   99.00
01:53:47 PM   18    1.00    0.00    0.00    0.00    0.00    0.00    0.00    0.00    0.00   99.00
01:53:47 PM   19    0.00    0.00    0.00    0.00    0.00    0.00    0.00    0.00    0.00  100.00
01:53:47 PM   20    0.00    0.00    0.00    0.00    0.00    0.00    0.00    0.00    0.00  100.00
01:53:47 PM   21    0.00    0.00    0.00    0.00    0.00    0.00    0.00    0.00    0.00  100.00
01:53:47 PM   22    0.99    0.00    0.00    0.00    0.00    0.00    0.00    0.00    0.00   99.01
01:53:47 PM   23    4.00    0.00    0.00    0.00    0.00    0.00    0.00    0.00    0.00   96.00
01:53:47 PM   24    0.99    0.00    0.00    0.00    0.00    0.00    0.00    0.00    0.00   99.01
01:53:47 PM   25    0.00    0.00    0.00    0.00    0.00    0.00    0.00    0.00    0.00  100.00
01:53:47 PM   26    0.00    0.00    0.00    0.00    0.00    0.00    0.00    0.00    0.00  100.00
01:53:47 PM   27    0.00    0.00    0.00    0.00    0.00    0.00    0.00    0.00    0.00  100.00
01:53:47 PM   28    0.00    0.00    0.00    0.00    0.00    0.00    0.00    0.00    0.00  100.00
01:53:47 PM   29    0.00    0.00    0.00    0.00    0.00    0.00    0.00    0.00    0.00  100.00
01:53:47 PM   30    1.00    0.00    0.00    0.00    0.00    0.00    0.00    0.00    0.00   99.00
01:53:47 PM   31    0.00    0.00    0.00    0.00    0.00    0.00    0.00    0.00    0.00  100.00

01:53:47 PM  CPU    %usr   %nice    %sys %iowait    %irq   %soft  %steal  %guest  %gnice   %idle
01:53:48 PM  all    3.63    0.00    0.72    1.22    0.00    0.00    0.00    0.00    0.00   94.43
01:53:48 PM    0    0.00    0.00    1.00    0.00    0.00    0.00    0.00    0.00    0.00   99.00
01:53:48 PM    1    0.00    0.00    0.00    0.00    0.00    0.00    0.00    0.00    0.00  100.00
01:53:48 PM    2    1.98    0.00    0.99    0.00    0.00    0.00    0.00    0.00    0.00   97.03
01:53:48 PM    3    0.00    0.00    0.00   29.00    0.00    0.00    0.00    0.00    0.00   71.00
01:53:48 PM    4    0.00    0.00    2.02    0.00    0.00    0.00    0.00    0.00    0.00   97.98
01:53:48 PM    5    0.00    0.00    0.00    0.00    0.00    0.00    0.00    0.00    0.00  100.00
01:53:48 PM    6    0.00    0.00    1.00    0.00    0.00    0.00    0.00    0.00    0.00   99.00
01:53:48 PM    7    0.00    0.00    0.00    0.00    0.00    0.00    0.00    0.00    0.00  100.00
01:53:48 PM    8    4.04    0.00    6.06    0.00    0.00    0.00    0.00    0.00    0.00   89.90
01:53:48 PM    9    3.00    0.00    3.00    0.00    0.00    0.00    0.00    0.00    0.00   94.00
01:53:48 PM   10    0.00    0.00    1.98    0.00    0.00    0.00    0.00    0.00    0.00   98.02
01:53:48 PM   11  100.00    0.00    0.00    0.00    0.00    0.00    0.00    0.00    0.00    0.00
01:53:48 PM   12    1.00    0.00    4.00    0.00    0.00    0.00    0.00    0.00    0.00   95.00
01:53:48 PM   13    0.00    0.00    0.00    0.00    0.00    0.00    0.00    0.00    0.00  100.00
01:53:48 PM   14    0.00    0.00    0.00    0.00    0.00    0.00    0.00    0.00    0.00  100.00
01:53:48 PM   15    0.00    0.00    0.00   10.10    0.00    0.00    0.00    0.00    0.00   89.90
01:53:48 PM   16    0.00    0.00    0.00    0.00    0.00    0.00    0.00    0.00    0.00  100.00
01:53:48 PM   17    0.00    0.00    0.00    0.00    0.00    0.00    0.00    0.00    0.00  100.00
01:53:48 PM   18    0.00    0.00    0.00    0.00    0.00    0.00    0.00    0.00    0.00  100.00
01:53:48 PM   19    1.00    0.00    0.00    0.00    0.00    0.00    0.00    0.00    0.00   99.00
01:53:48 PM   20    0.00    0.00    1.00    0.00    0.00    0.00    0.00    0.00    0.00   99.00
01:53:48 PM   21    1.00    0.00    1.00    0.00    0.00    0.00    0.00    0.00    0.00   98.00
01:53:48 PM   22    0.00    0.00    0.00    0.00    0.00    0.00    0.00    0.00    0.00  100.00
01:53:48 PM   23    2.97    0.00    0.99    0.00    0.00    0.00    0.00    0.00    0.00   96.04
01:53:48 PM   24    0.00    0.00    0.00    0.00    0.00    0.00    0.00    0.00    0.00  100.00
01:53:48 PM   25    0.00    0.00    0.00    0.00    0.00    0.00    0.00    0.00    0.00  100.00
01:53:48 PM   26    0.99    0.00    0.00    0.00    0.00    0.00    0.00    0.00    0.00   99.01
01:53:48 PM   27    0.00    0.00    0.00    0.00    0.00    0.00    0.00    0.00    0.00  100.00
01:53:48 PM   28    0.00    0.00    0.00    0.00    0.00    0.00    0.00    0.00    0.00  100.00
01:53:48 PM   29    0.00    0.00    0.00    0.00    0.00    0.00    0.00    0.00    0.00  100.00
01:53:48 PM   30    0.00    0.00    0.00    0.00    0.00    0.00    0.00    0.00    0.00  100.00
01:53:48 PM   31    0.00    0.00    0.00    0.00    0.00    0.00    0.00    0.00    0.00  100.00

01:53:48 PM  CPU    %usr   %nice    %sys %iowait    %irq   %soft  %steal  %guest  %gnice   %idle
01:53:49 PM  all    3.50    0.00    0.44    4.72    0.00    0.00    0.00    0.00    0.00   91.34
01:53:49 PM    0    0.00    0.00    0.00   28.28    0.00    0.00    0.00    0.00    0.00   71.72
01:53:49 PM    1    0.00    0.00    0.00    0.00    0.00    0.00    0.00    0.00    0.00  100.00
01:53:49 PM    2    2.00    0.00    2.00    4.00    0.00    0.00    0.00    0.00    0.00   92.00
01:53:49 PM    3    0.00    0.00    0.00   29.29    0.00    0.00    0.00    0.00    0.00   70.71
01:53:49 PM    4    2.00    0.00    2.00   51.00    0.00    0.00    0.00    0.00    0.00   45.00
01:53:49 PM    5    0.00    0.00    0.00   17.82    0.00    0.00    0.00    0.00    0.00   82.18
01:53:49 PM    6    0.00    0.00    0.00    0.00    0.00    0.00    0.00    0.00    0.00  100.00
01:53:49 PM    7    0.99    0.00    0.00    0.00    0.00    0.00    0.00    0.00    0.00   99.01
01:53:49 PM    8    5.05    0.00    9.09    0.00    0.00    0.00    0.00    0.00    0.00   85.86
01:53:49 PM    9    1.00    0.00    1.00    0.00    0.00    0.00    0.00    0.00    0.00   98.00
01:53:49 PM   10    0.00    0.00    0.00    0.00    0.00    0.00    0.00    0.00    0.00  100.00
01:53:49 PM   11   96.04    0.00    0.00    2.97    0.00    0.00    0.00    0.00    0.00    0.99
01:53:49 PM   12    1.01    0.00    0.00    1.01    0.00    0.00    0.00    0.00    0.00   97.98
01:53:49 PM   13    0.00    0.00    0.00    0.00    0.00    0.00    0.00    0.00    0.00  100.00
01:53:49 PM   14    0.00    0.00    0.00    0.00    0.00    0.00    0.00    0.00    0.00  100.00
01:53:49 PM   15    0.00    0.00    0.00   17.00    0.00    0.00    0.00    0.00    0.00   83.00
01:53:49 PM   16    1.00    0.00    0.00    0.00    0.00    0.00    0.00    0.00    0.00   99.00
01:53:49 PM   17    0.00    0.00    0.00    0.00    0.00    0.00    0.00    0.00    0.00  100.00
01:53:49 PM   18    0.00    0.00    0.00    0.00    0.00    0.00    0.00    0.00    0.00  100.00
01:53:49 PM   19    0.00    0.00    0.00    0.00    0.00    0.00    0.00    0.00    0.00  100.00
01:53:49 PM   20    0.00    0.00    0.00    0.00    0.00    0.00    0.00    0.00    0.00  100.00
01:53:49 PM   21    0.00    0.00    0.00    0.00    0.00    0.00    0.00    0.00    0.00  100.00
01:53:49 PM   22    0.00    0.00    0.00    0.00    0.00    0.00    0.00    0.00    0.00  100.00
01:53:49 PM   23    0.00    0.00    0.00    0.00    0.00    0.00    0.00    0.00    0.00  100.00
01:53:49 PM   24    0.00    0.00    0.00    0.00    0.00    0.00    0.00    0.00    0.00  100.00
01:53:49 PM   25    0.99    0.00    0.00    0.00    0.00    0.00    0.00    0.00    0.00   99.01
01:53:49 PM   26    0.00    0.00    0.00    0.00    0.00    0.00    0.00    0.00    0.00  100.00
01:53:49 PM   27    0.00    0.00    0.00    0.00    0.00    0.00    0.00    0.00    0.00  100.00
01:53:49 PM   28    0.00    0.00    0.00    0.00    0.00    0.00    0.00    0.00    0.00  100.00
01:53:49 PM   29    0.99    0.00    0.00    0.00    0.00    0.00    0.00    0.00    0.00   99.01
01:53:49 PM   30    0.00    0.00    0.00    0.00    0.00    0.00    0.00    0.00    0.00  100.00
01:53:49 PM   31    0.00    0.00    0.00    0.00    0.00    0.00    0.00    0.00    0.00  100.00

01:53:49 PM  CPU    %usr   %nice    %sys %iowait    %irq   %soft  %steal  %guest  %gnice   %idle
01:53:50 PM  all    2.97    0.03    0.47    4.10    0.00    0.00    0.00    0.00    0.00   92.43
01:53:50 PM    0    0.00    0.00    0.00    0.00    0.00    0.00    0.00    0.00    0.00  100.00
01:53:50 PM    1    0.00    0.00    0.00    0.00    0.00    0.00    0.00    0.00    0.00  100.00
01:53:50 PM    2    0.00    0.00    1.00    0.00    0.00    0.00    0.00    0.00    0.00   99.00
01:53:50 PM    3    0.98    0.00    0.98   74.51    0.00    0.00    0.00    0.00    0.00   23.53
01:53:50 PM    4    0.00    0.00    1.01    0.00    0.00    0.00    0.00    0.00    0.00   98.99
01:53:50 PM    5    1.02    0.00    1.02   23.47    0.00    0.00    0.00    0.00    0.00   74.49
01:53:50 PM    6    0.00    0.00    0.00    0.00    0.00    0.00    0.00    0.00    0.00  100.00
01:53:50 PM    7    0.00    0.00    0.00    0.00    0.00    0.00    0.00    0.00    0.00  100.00
01:53:50 PM    8    1.98    0.99    4.95    0.00    0.00    0.00    0.00    0.00    0.00   92.08
01:53:50 PM    9    4.95    0.00    2.97    0.00    0.00    0.00    0.00    0.00    0.00   92.08
01:53:50 PM   10    1.00    0.00    0.00    0.00    0.00    0.00    0.00    0.00    0.00   99.00
01:53:50 PM   11   81.82    0.00    0.00   18.18    0.00    0.00    0.00    0.00    0.00    0.00
01:53:50 PM   12    1.00    0.00    2.00    0.00    0.00    0.00    0.00    0.00    0.00   97.00
01:53:50 PM   13    0.00    0.00    0.00    0.00    0.00    0.00    0.00    0.00    0.00  100.00
01:53:50 PM   14    2.00    0.00    1.00    0.00    0.00    0.00    0.00    0.00    0.00   97.00
01:53:50 PM   15    0.00    0.00    0.00   14.14    0.00    0.00    0.00    0.00    0.00   85.86
01:53:50 PM   16    0.00    0.00    0.00    0.00    0.00    0.00    0.00    0.00    0.00  100.00
01:53:50 PM   17    0.00    0.00    0.00    0.00    0.00    0.00    0.00    0.00    0.00  100.00
01:53:50 PM   18    0.00    0.00    0.00    0.00    0.00    0.00    0.00    0.00    0.00  100.00
01:53:50 PM   19    0.00    0.00    0.00    0.00    0.00    0.00    0.00    0.00    0.00  100.00
01:53:50 PM   20    1.00    0.00    0.00    0.00    0.00    0.00    0.00    0.00    0.00   99.00
01:53:50 PM   21    0.00    0.00    0.00    0.00    0.00    0.00    0.00    0.00    0.00  100.00
01:53:50 PM   22    0.00    0.00    0.00    0.00    0.00    0.00    0.00    0.00    0.00  100.00
01:53:50 PM   23    0.00    0.00    0.00    0.00    0.00    0.00    0.00    0.00    0.00  100.00
01:53:50 PM   24    0.00    0.00    0.00    0.00    0.00    0.00    0.00    0.00    0.00  100.00
01:53:50 PM   25    0.00    0.00    0.00    0.00    0.00    0.00    0.00    0.00    0.00  100.00
01:53:50 PM   26    0.00    0.00    0.00    0.00    0.00    0.00    0.00    0.00    0.00  100.00
01:53:50 PM   27    0.00    0.00    0.00    0.00    0.00    0.00    0.00    0.00    0.00  100.00
01:53:50 PM   28    0.00    0.00    0.00    0.00    0.00    0.00    0.00    0.00    0.00  100.00
01:53:50 PM   29    0.00    0.00    0.00    0.00    0.00    0.00    0.00    0.00    0.00  100.00
01:53:50 PM   30    0.00    0.00    0.00    0.00    0.00    0.00    0.00    0.00    0.00  100.00
01:53:50 PM   31    0.00    0.00    0.00    0.00    0.00    0.00    0.00    0.00    0.00  100.00

01:53:50 PM  CPU    %usr   %nice    %sys %iowait    %irq   %soft  %steal  %guest  %gnice   %idle
01:53:51 PM  all    3.39    0.00    0.53    5.42    0.00    0.00    0.00    0.00    0.00   90.66
01:53:51 PM    0    0.00    0.00    0.00    0.00    0.00    0.00    0.00    0.00    0.00  100.00
01:53:51 PM    1    0.00    0.00    0.00    0.00    0.00    0.00    0.00    0.00    0.00  100.00
01:53:51 PM    2    2.00    0.00    1.00    0.00    0.00    0.00    0.00    0.00    0.00   97.00
01:53:51 PM    3    0.00    0.00    0.00  100.00    0.00    0.00    0.00    0.00    0.00    0.00
01:53:51 PM    4    1.98    0.00    1.98    0.00    0.00    0.00    0.00    0.00    0.00   96.04
01:53:51 PM    5    0.00    0.00    0.00    0.00    0.00    0.00    0.00    0.00    0.00  100.00
01:53:51 PM    6    0.00    0.00    0.00    0.00    0.00    0.00    0.00    0.00    0.00  100.00
01:53:51 PM    7    0.00    0.00    0.00    0.00    0.00    0.00    0.00    0.00    0.00  100.00
01:53:51 PM    8    5.00    0.00    8.00    3.00    0.00    0.00    0.00    0.00    0.00   84.00
01:53:51 PM    9    0.00    0.00    0.00    0.00    0.00    0.00    0.00    0.00    0.00  100.00
01:53:51 PM   10   77.00    0.00    1.00    6.00    0.00    0.00    0.00    0.00    0.00   16.00
01:53:51 PM   11   16.16    0.00    0.00    0.00    0.00    0.00    0.00    0.00    0.00   83.84
01:53:51 PM   12    1.02    0.00    1.02    0.00    0.00    0.00    0.00    0.00    0.00   97.96
01:53:51 PM   13    2.00    0.00    1.00    0.00    0.00    0.00    0.00    0.00    0.00   97.00
01:53:51 PM   14    1.00    0.00    1.00    0.00    0.00    0.00    0.00    0.00    0.00   98.00
01:53:51 PM   15    0.00    0.00    0.00    5.05    0.00    0.00    0.00    0.00    0.00   94.95
01:53:51 PM   16    0.00    0.00    0.00    0.00    0.00    0.00    0.00    0.00    0.00  100.00
01:53:51 PM   17    0.00    0.00    0.00    0.00    0.00    0.00    0.00    0.00    0.00  100.00
01:53:51 PM   18    0.00    0.00    0.00    0.00    0.00    0.00    0.00    0.00    0.00  100.00
01:53:51 PM   19    0.00    0.00    0.99    0.00    0.00    0.00    0.00    0.00    0.00   99.01
01:53:51 PM   20    0.00    0.00    1.00    0.00    0.00    0.00    0.00    0.00    0.00   99.00
01:53:51 PM   21    2.00    0.00    0.00   37.00    0.00    0.00    0.00    0.00    0.00   61.00
01:53:51 PM   22    0.00    0.00    0.00   23.00    0.00    0.00    0.00    0.00    0.00   77.00
01:53:51 PM   23    0.00    0.00    0.00    0.00    0.00    0.00    0.00    0.00    0.00  100.00
01:53:51 PM   24    0.00    0.00    0.00    0.00    0.00    0.00    0.00    0.00    0.00  100.00
01:53:51 PM   25    0.00    0.00    0.00    0.00    0.00    0.00    0.00    0.00    0.00  100.00
01:53:51 PM   26    0.00    0.00    0.00    0.00    0.00    0.00    0.00    0.00    0.00  100.00
01:53:51 PM   27    0.00    0.00    0.00    0.00    0.00    0.00    0.00    0.00    0.00  100.00
01:53:51 PM   28    0.00    0.00    0.00    0.00    0.00    0.00    0.00    0.00    0.00  100.00
01:53:51 PM   29    0.00    0.00    0.00    0.00    0.00    0.00    0.00    0.00    0.00  100.00
01:53:51 PM   30    0.00    0.00    0.00    0.00    0.00    0.00    0.00    0.00    0.00  100.00
01:53:51 PM   31    0.00    0.00    0.00    0.00    0.00    0.00    0.00    0.00    0.00  100.00

01:53:51 PM  CPU    %usr   %nice    %sys %iowait    %irq   %soft  %steal  %guest  %gnice   %idle
01:53:52 PM  all    3.44    0.03    0.47   11.86    0.00    0.00    0.00    0.00    0.00   84.19
01:53:52 PM    0    0.00    0.00    0.00    6.12    0.00    0.00    0.00    0.00    0.00   93.88
01:53:52 PM    1    0.00    0.00    0.00    0.00    0.00    0.00    0.00    0.00    0.00  100.00
01:53:52 PM    2    0.00    0.00    0.00   31.31    0.00    0.00    0.00    0.00    0.00   68.69
01:53:52 PM    3    0.00    0.00    0.00  100.00    0.00    0.00    0.00    0.00    0.00    0.00
01:53:52 PM    4    2.00    0.00    3.00    0.00    0.00    0.00    0.00    0.00    0.00   95.00
01:53:52 PM    5    0.99    0.00    0.00    0.00    0.00    0.00    0.00    0.00    0.00   99.01
01:53:52 PM    6    0.00    1.00    0.00   25.00    0.00    0.00    0.00    0.00    0.00   74.00
01:53:52 PM    7    0.00    0.00    0.00   16.16    0.00    0.00    0.00    0.00    0.00   83.84
01:53:52 PM    8    3.03    0.00    9.09    0.00    0.00    0.00    0.00    0.00    0.00   87.88
01:53:52 PM    9    1.98    0.00    0.99    1.98    0.00    0.00    0.00    0.00    0.00   95.05
01:53:52 PM   10   96.00    0.00    0.00    4.00    0.00    0.00    0.00    0.00    0.00    0.00
01:53:52 PM   11    0.00    0.00    0.00    0.00    0.00    0.00    0.00    0.00    0.00  100.00
01:53:52 PM   12    3.96    0.00    1.98    0.00    0.00    0.00    0.00    0.00    0.00   94.06
01:53:52 PM   13    0.00    0.00    0.00    0.00    0.00    0.00    0.00    0.00    0.00  100.00
01:53:52 PM   14    0.00    0.00    0.00    0.00    0.00    0.00    0.00    0.00    0.00  100.00
01:53:52 PM   15    0.00    0.00    0.00   12.12    0.00    0.00    0.00    0.00    0.00   87.88
01:53:52 PM   16    1.00    0.00    0.00    0.00    0.00    0.00    0.00    0.00    0.00   99.00
01:53:52 PM   17    0.00    0.00    0.00    0.00    0.00    0.00    0.00    0.00    0.00  100.00
01:53:52 PM   18    1.00    0.00    0.00    0.00    0.00    0.00    0.00    0.00    0.00   99.00
01:53:52 PM   19    0.00    0.00    0.00    0.00    0.00    0.00    0.00    0.00    0.00  100.00
01:53:52 PM   20    0.00    0.00    0.00    0.00    0.00    0.00    0.00    0.00    0.00  100.00
01:53:52 PM   21    0.00    0.00    0.00   67.00    0.00    0.00    0.00    0.00    0.00   33.00
01:53:52 PM   22    0.00    0.00    0.00   94.95    0.00    0.00    0.00    0.00    0.00    5.05
01:53:52 PM   23    0.00    0.00    0.00   22.22    0.00    0.00    0.00    0.00    0.00   77.78
01:53:52 PM   24    0.00    0.00    0.00    0.00    0.00    0.00    0.00    0.00    0.00  100.00
01:53:52 PM   25    0.00    0.00    0.00    0.00    0.00    0.00    0.00    0.00    0.00  100.00
01:53:52 PM   26    0.00    0.00    0.00    0.00    0.00    0.00    0.00    0.00    0.00  100.00
01:53:52 PM   27    0.00    0.00    0.00    0.00    0.00    0.00    0.00    0.00    0.00  100.00
01:53:52 PM   28    0.00    0.00    0.00    0.00    0.00    0.00    0.00    0.00    0.00  100.00
01:53:52 PM   29    0.00    0.00    0.00    0.00    0.00    0.00    0.00    0.00    0.00  100.00
01:53:52 PM   30    0.00    0.00    0.00    0.00    0.00    0.00    0.00    0.00    0.00  100.00
01:53:52 PM   31    0.00    0.00    0.00    0.00    0.00    0.00    0.00    0.00    0.00  100.00

01:53:52 PM  CPU    %usr   %nice    %sys %iowait    %irq   %soft  %steal  %guest  %gnice   %idle
01:53:53 PM  all    3.54    0.00    0.38    6.38    0.00    0.00    0.00    0.00    0.00   89.71
01:53:53 PM    0    0.00    0.00    0.00    0.00    0.00    0.00    0.00    0.00    0.00  100.00
01:53:53 PM    1    0.99    0.00    0.00    0.00    0.00    0.00    0.00    0.00    0.00   99.01
01:53:53 PM    2    1.00    0.00    1.00    0.00    0.00    0.00    0.00    0.00    0.00   98.00
01:53:53 PM    3    0.00    0.00    0.00   21.21    0.00    0.00    0.00    0.00    0.00   78.79
01:53:53 PM    4    1.00    0.00    1.00    0.00    0.00    0.00    0.00    0.00    0.00   98.00
01:53:53 PM    5    0.00    0.00    0.00    0.99    0.00    0.00    0.00    0.00    0.00   99.01
01:53:53 PM    6    0.99    0.00    0.00   99.01    0.00    0.00    0.00    0.00    0.00    0.00
01:53:53 PM    7    0.00    0.00    1.00   12.00    0.00    0.00    0.00    0.00    0.00   87.00
01:53:53 PM    8    5.00    0.00    4.00   60.00    0.00    0.00    0.00    0.00    0.00   31.00
01:53:53 PM    9   16.16    0.00    1.01    0.00    0.00    0.00    0.00    0.00    0.00   82.83
01:53:53 PM   10   80.00    0.00    1.00    5.00    0.00    0.00    0.00    0.00    0.00   14.00
01:53:53 PM   11    0.00    0.00    0.00    0.00    0.00    0.00    0.00    0.00    0.00  100.00
01:53:53 PM   12    4.04    0.00    2.02    3.03    0.00    0.00    0.00    0.00    0.00   90.91
01:53:53 PM   13    0.00    0.00    0.00    0.00    0.00    0.00    0.00    0.00    0.00  100.00
01:53:53 PM   14    0.00    0.00    0.00    0.00    0.00    0.00    0.00    0.00    0.00  100.00
01:53:53 PM   15    0.00    0.00    0.99    1.98    0.00    0.00    0.00    0.00    0.00   97.03
01:53:53 PM   16    0.00    0.00    0.00    0.00    0.00    0.00    0.00    0.00    0.00  100.00
01:53:53 PM   17    0.00    0.00    0.00    0.00    0.00    0.00    0.00    0.00    0.00  100.00
01:53:53 PM   18    0.00    0.00    0.00    0.00    0.00    0.00    0.00    0.00    0.00  100.00
01:53:53 PM   19    0.00    0.00    0.00    0.00    0.00    0.00    0.00    0.00    0.00  100.00
01:53:53 PM   20    1.00    0.00    0.00    0.00    0.00    0.00    0.00    0.00    0.00   99.00
01:53:53 PM   21    0.00    0.00    0.00    0.00    0.00    0.00    0.00    0.00    0.00  100.00
01:53:53 PM   22    0.00    0.00    0.00    0.00    0.00    0.00    0.00    0.00    0.00  100.00
01:53:53 PM   23    1.00    0.00    0.00    0.00    0.00    0.00    0.00    0.00    0.00   99.00
01:53:53 PM   24    0.00    0.00    0.00    0.00    0.00    0.00    0.00    0.00    0.00  100.00
01:53:53 PM   25    1.00    0.00    0.00    0.00    0.00    0.00    0.00    0.00    0.00   99.00
01:53:53 PM   26    0.00    0.00    0.00    0.00    0.00    0.00    0.00    0.00    0.00  100.00
01:53:53 PM   27    0.00    0.00    0.00    0.00    0.00    0.00    0.00    0.00    0.00  100.00
01:53:53 PM   28    0.00    0.00    0.00    0.00    0.00    0.00    0.00    0.00    0.00  100.00
01:53:53 PM   29    0.00    0.00    0.00    0.00    0.00    0.00    0.00    0.00    0.00  100.00
01:53:53 PM   30    0.00    0.00    0.00    0.00    0.00    0.00    0.00    0.00    0.00  100.00
01:53:53 PM   31    1.00    0.00    0.00    0.00    0.00    0.00    0.00    0.00    0.00   99.00

01:53:53 PM  CPU    %usr   %nice    %sys %iowait    %irq   %soft  %steal  %guest  %gnice   %idle
01:53:54 PM  all    3.66    0.03    0.53    7.02    0.00    0.00    0.00    0.00    0.00   88.76
01:53:54 PM    0    0.00    0.00    0.00    0.00    0.00    0.00    0.00    0.00    0.00  100.00
01:53:54 PM    1    0.00    0.00    0.00    0.00    0.00    0.00    0.00    0.00    0.00  100.00
01:53:54 PM    2    3.00    0.00    3.00    0.00    0.00    0.00    0.00    0.00    0.00   94.00
01:53:54 PM    3    0.00    0.00    0.00    0.00    0.00    0.00    0.00    0.00    0.00  100.00
01:53:54 PM    4    2.00    0.00    0.00    0.00    0.00    0.00    0.00    0.00    0.00   98.00
01:53:54 PM    5    0.00    0.00    0.00    0.00    0.00    0.00    0.00    0.00    0.00  100.00
01:53:54 PM    6    2.00    0.00    2.00   96.00    0.00    0.00    0.00    0.00    0.00    0.00
01:53:54 PM    7    0.00    0.00    0.00  100.00    0.00    0.00    0.00    0.00    0.00    0.00
01:53:54 PM    8   48.00    1.00    4.00    0.00    0.00    0.00    0.00    0.00    0.00   47.00
01:53:54 PM    9   12.00    0.00    0.00    0.00    0.00    0.00    0.00    0.00    0.00   88.00
01:53:54 PM   10   40.00    0.00    5.00    0.00    0.00    0.00    0.00    0.00    0.00   55.00
01:53:54 PM   11    0.00    0.00    0.00    0.00    0.00    0.00    0.00    0.00    0.00  100.00
01:53:54 PM   12    4.00    0.00    2.00    0.00    0.00    0.00    0.00    0.00    0.00   94.00
01:53:54 PM   13    1.00    0.00    0.00    0.00    0.00    0.00    0.00    0.00    0.00   99.00
01:53:54 PM   14    0.00    0.00    0.00    0.00    0.00    0.00    0.00    0.00    0.00  100.00
01:53:54 PM   15    0.00    0.00    0.00   28.28    0.00    0.00    0.00    0.00    0.00   71.72
01:53:54 PM   16    3.03    0.00    0.00    0.00    0.00    0.00    0.00    0.00    0.00   96.97
01:53:54 PM   17    0.00    0.00    0.99    0.00    0.00    0.00    0.00    0.00    0.00   99.01
01:53:54 PM   18    0.00    0.00    0.00    0.00    0.00    0.00    0.00    0.00    0.00  100.00
01:53:54 PM   19    0.00    0.00    0.00    0.00    0.00    0.00    0.00    0.00    0.00  100.00
01:53:54 PM   20    0.00    0.00    0.00    0.00    0.00    0.00    0.00    0.00    0.00  100.00
01:53:54 PM   21    1.00    0.00    0.00    0.00    0.00    0.00    0.00    0.00    0.00   99.00
01:53:54 PM   22    0.00    0.00    0.00    0.00    0.00    0.00    0.00    0.00    0.00  100.00
01:53:54 PM   23    0.00    0.00    0.00    0.00    0.00    0.00    0.00    0.00    0.00  100.00
01:53:54 PM   24    0.00    0.00    0.00    0.00    0.00    0.00    0.00    0.00    0.00  100.00
01:53:54 PM   25    0.00    0.00    0.00    0.00    0.00    0.00    0.00    0.00    0.00  100.00
01:53:54 PM   26    0.00    0.00    0.00    0.00    0.00    0.00    0.00    0.00    0.00  100.00
01:53:54 PM   27    0.00    0.00    0.00    0.00    0.00    0.00    0.00    0.00    0.00  100.00
01:53:54 PM   28    0.99    0.00    0.00    0.00    0.00    0.00    0.00    0.00    0.00   99.01
01:53:54 PM   29    0.00    0.00    0.00    0.00    0.00    0.00    0.00    0.00    0.00  100.00
01:53:54 PM   30    0.00    0.00    0.00    0.00    0.00    0.00    0.00    0.00    0.00  100.00
01:53:54 PM   31    0.00    0.00    0.00    0.00    0.00    0.00    0.00    0.00    0.00  100.00

01:53:54 PM  CPU    %usr   %nice    %sys %iowait    %irq   %soft  %steal  %guest  %gnice   %idle
01:53:55 PM  all    2.59    0.00    1.25    1.22    0.00    0.00    0.00    0.00    0.00   94.95
01:53:55 PM    0    1.00    0.00    0.00    0.00    0.00    0.00    0.00    0.00    0.00   99.00
01:53:55 PM    1    0.00    0.00    0.00    0.00    0.00    0.00    0.00    0.00    0.00  100.00
01:53:55 PM    2    0.00    0.00    1.00    0.00    0.00    0.00    0.00    0.00    0.00   99.00
01:53:55 PM    3    0.00    0.00    0.00    0.00    0.00    0.00    0.00    0.00    0.00  100.00
01:53:55 PM    4    0.00    0.00    1.00    0.00    0.00    0.00    0.00    0.00    0.00   99.00
01:53:55 PM    5    0.00    0.00    0.00    0.00    0.00    0.00    0.00    0.00    0.00  100.00
01:53:55 PM    6    0.00    0.00    0.00   15.00    0.00    0.00    0.00    0.00    0.00   85.00
01:53:55 PM    7    0.00    0.00    0.00   17.00    0.00    0.00    0.00    0.00    0.00   83.00
01:53:55 PM    8    3.00    0.00    6.00    0.00    0.00    0.00    0.00    0.00    0.00   91.00
01:53:55 PM    9    1.01    0.00    1.01    0.00    0.00    0.00    0.00    0.00    0.00   97.98
01:53:55 PM   10   68.00    0.00   28.00    0.00    0.00    0.00    0.00    0.00    0.00    4.00
01:53:55 PM   11    0.99    0.00    0.00    0.00    0.00    0.00    0.00    0.00    0.00   99.01
01:53:55 PM   12    1.00    0.00    2.00    0.00    0.00    0.00    0.00    0.00    0.00   97.00
01:53:55 PM   13    0.00    0.00    0.00    0.00    0.00    0.00    0.00    0.00    0.00  100.00
01:53:55 PM   14    2.00    0.00    0.00    0.00    0.00    0.00    0.00    0.00    0.00   98.00
01:53:55 PM   15    0.00    0.00    0.00    1.00    0.00    0.00    0.00    0.00    0.00   99.00
01:53:55 PM   16    0.99    0.00    0.00    0.00    0.00    0.00    0.00    0.00    0.00   99.01
01:53:55 PM   17    0.99    0.00    0.00    0.00    0.00    0.00    0.00    0.00    0.00   99.01
01:53:55 PM   18    0.00    0.00    0.00    0.00    0.00    0.00    0.00    0.00    0.00  100.00
01:53:55 PM   19    0.99    0.00    0.00    0.00    0.00    0.00    0.00    0.00    0.00   99.01
01:53:55 PM   20    1.98    0.00    0.00    0.99    0.00    0.00    0.00    0.00    0.00   97.03
01:53:55 PM   21    0.00    0.00    0.00    0.00    0.00    0.00    0.00    0.00    0.00  100.00
01:53:55 PM   22    0.00    0.00    0.99    3.96    0.00    0.00    0.00    0.00    0.00   95.05
01:53:55 PM   23    0.00    0.00    0.00    1.00    0.00    0.00    0.00    0.00    0.00   99.00
01:53:55 PM   24    0.00    0.00    0.00    0.00    0.00    0.00    0.00    0.00    0.00  100.00
01:53:55 PM   25    0.99    0.00    0.00    0.00    0.00    0.00    0.00    0.00    0.00   99.01
01:53:55 PM   26    0.00    0.00    0.00    0.00    0.00    0.00    0.00    0.00    0.00  100.00
01:53:55 PM   27    0.00    0.00    0.00    0.00    0.00    0.00    0.00    0.00    0.00  100.00
01:53:55 PM   28    0.00    0.00    0.00    0.00    0.00    0.00    0.00    0.00    0.00  100.00
01:53:55 PM   29    0.00    0.00    0.00    0.00    0.00    0.00    0.00    0.00    0.00  100.00
01:53:55 PM   30    0.00    0.00    0.00    0.00    0.00    0.00    0.00    0.00    0.00  100.00
01:53:55 PM   31    0.00    0.00    0.00    0.00    0.00    0.00    0.00    0.00    0.00  100.00

01:53:55 PM  CPU    %usr   %nice    %sys %iowait    %irq   %soft  %steal  %guest  %gnice   %idle
01:53:56 PM  all    1.31    0.03    1.87    0.00    0.00    0.00    0.00    0.00    0.00   96.78
01:53:56 PM    0    0.00    0.00    0.00    0.00    0.00    0.00    0.00    0.00    0.00  100.00
01:53:56 PM    1    0.00    0.00    0.00    0.00    0.00    0.00    0.00    0.00    0.00  100.00
01:53:56 PM    2    0.00    0.00    0.00    0.00    0.00    0.00    0.00    0.00    0.00  100.00
01:53:56 PM    3    0.00    0.00    0.00    0.00    0.00    0.00    0.00    0.00    0.00  100.00
01:53:56 PM    4    0.00    0.00    0.00    0.00    0.00    0.00    0.00    0.00    0.00  100.00
01:53:56 PM    5    0.00    0.00    0.00    0.00    0.00    0.00    0.00    0.00    0.00  100.00
01:53:56 PM    6    0.00    0.00    0.00    0.00    0.00    0.00    0.00    0.00    0.00  100.00
01:53:56 PM    7    0.00    0.00    0.00    0.00    0.00    0.00    0.00    0.00    0.00  100.00
01:53:56 PM    8    0.00    0.00    0.00    0.00    0.00    0.00    0.00    0.00    0.00  100.00
01:53:56 PM    9    0.00    0.00    0.00    0.00    0.00    0.00    0.00    0.00    0.00  100.00
01:53:56 PM   10   41.58    0.00   58.42    0.00    0.00    0.00    0.00    0.00    0.00    0.00
01:53:56 PM   11    0.00    0.00    0.00    0.00    0.00    0.00    0.00    0.00    0.00  100.00
01:53:56 PM   12    0.00    0.00    0.00    0.00    0.00    0.00    0.00    0.00    0.00  100.00
01:53:56 PM   13    0.00    0.00    0.00    0.00    0.00    0.00    0.00    0.00    0.00  100.00
01:53:56 PM   14    0.00    0.00    0.00    0.00    0.00    0.00    0.00    0.00    0.00  100.00
01:53:56 PM   15    0.00    0.00    0.00    0.00    0.00    0.00    0.00    0.00    0.00  100.00
01:53:56 PM   16    0.00    0.00    0.00    0.00    0.00    0.00    0.00    0.00    0.00  100.00
01:53:56 PM   17    0.00    0.00    0.00    0.00    0.00    0.00    0.00    0.00    0.00  100.00
01:53:56 PM   18    0.00    0.00    0.00    0.00    0.00    0.00    0.00    0.00    0.00  100.00
01:53:56 PM   19    0.00    0.00    0.00    0.00    0.00    0.00    0.00    0.00    0.00  100.00
01:53:56 PM   20    0.00    0.00    0.00    0.00    0.00    0.00    0.00    0.00    0.00  100.00
01:53:56 PM   21    0.00    0.00    0.00    0.00    0.00    0.00    0.00    0.00    0.00  100.00
01:53:56 PM   22    0.00    0.00    0.00    0.00    0.00    0.00    0.00    0.00    0.00  100.00
01:53:56 PM   23    0.00    0.98    0.98    0.00    0.00    0.00    0.00    0.00    0.00   98.04
01:53:56 PM   24    0.00    0.00    0.00    0.00    0.00    0.00    0.00    0.00    0.00  100.00
01:53:56 PM   25    0.00    0.00    0.00    0.00    0.00    0.00    0.00    0.00    0.00  100.00
01:53:56 PM   26    0.00    0.00    0.00    0.00    0.00    0.00    0.00    0.00    0.00  100.00
01:53:56 PM   27    0.00    0.00    0.00    0.00    0.00    0.00    0.00    0.00    0.00  100.00
01:53:56 PM   28    0.00    0.00    0.00    0.00    0.00    0.00    0.00    0.00    0.00  100.00
01:53:56 PM   29    0.00    0.00    0.00    0.00    0.00    0.00    0.00    0.00    0.00  100.00
01:53:56 PM   30    0.00    0.00    0.00    0.00    0.00    0.00    0.00    0.00    0.00  100.00
01:53:56 PM   31    0.00    0.00    0.00    0.00    0.00    0.00    0.00    0.00    0.00  100.00

01:53:56 PM  CPU    %usr   %nice    %sys %iowait    %irq   %soft  %steal  %guest  %gnice   %idle
01:53:57 PM  all    0.19    0.00    1.10    7.15    0.00    0.00    0.00    0.00    0.00   91.56
01:53:57 PM    0    0.00    0.00    0.00    0.00    0.00    0.00    0.00    0.00    0.00  100.00
01:53:57 PM    1    0.00    0.00    0.00    0.00    0.00    0.00    0.00    0.00    0.00  100.00
01:53:57 PM    2    0.00    0.00    1.00   78.00    0.00    0.00    0.00    0.00    0.00   21.00
01:53:57 PM    3    0.00    0.00    0.00    0.00    0.00    0.00    0.00    0.00    0.00  100.00
01:53:57 PM    4    0.00    0.00    0.00    0.00    0.00    0.00    0.00    0.00    0.00  100.00
01:53:57 PM    5    0.00    0.00    0.00    0.00    0.00    0.00    0.00    0.00    0.00  100.00
01:53:57 PM    6    0.00    0.00    0.00    0.00    0.00    0.00    0.00    0.00    0.00  100.00
01:53:57 PM    7    0.00    0.00    1.00   53.00    0.00    0.00    0.00    0.00    0.00   46.00
01:53:57 PM    8    0.00    0.00    6.06    0.00    0.00    0.00    0.00    0.00    0.00   93.94
01:53:57 PM    9    0.00    0.00    0.00    0.00    0.00    0.00    0.00    0.00    0.00  100.00
01:53:57 PM   10    6.32    0.00   27.37   66.32    0.00    0.00    0.00    0.00    0.00    0.00
01:53:57 PM   11    0.00    0.00    0.00    0.00    0.00    0.00    0.00    0.00    0.00  100.00
01:53:57 PM   12    0.00    0.00    1.01    0.00    0.00    0.00    0.00    0.00    0.00   98.99
01:53:57 PM   13    0.00    0.00    0.00    0.00    0.00    0.00    0.00    0.00    0.00  100.00
01:53:57 PM   14    0.00    0.00    0.00    0.00    0.00    0.00    0.00    0.00    0.00  100.00
01:53:57 PM   15    0.00    0.00    0.00   34.34    0.00    0.00    0.00    0.00    0.00   65.66
01:53:57 PM   16    0.00    0.00    0.00    0.00    0.00    0.00    0.00    0.00    0.00  100.00
01:53:57 PM   17    0.00    0.00    0.00    0.00    0.00    0.00    0.00    0.00    0.00  100.00
01:53:57 PM   18    0.00    0.00    0.00    0.00    0.00    0.00    0.00    0.00    0.00  100.00
01:53:57 PM   19    0.00    0.00    0.00    0.00    0.00    0.00    0.00    0.00    0.00  100.00
01:53:57 PM   20    0.00    0.00    0.00    0.00    0.00    0.00    0.00    0.00    0.00  100.00
01:53:57 PM   21    0.00    0.00    0.00    0.00    0.00    0.00    0.00    0.00    0.00  100.00
01:53:57 PM   22    0.00    0.00    0.00    0.00    0.00    0.00    0.00    0.00    0.00  100.00
01:53:57 PM   23    0.00    0.00    0.00    0.00    0.00    0.00    0.00    0.00    0.00  100.00
01:53:57 PM   24    0.00    0.00    0.00    0.00    0.00    0.00    0.00    0.00    0.00  100.00
01:53:57 PM   25    0.00    0.00    0.00    0.00    0.00    0.00    0.00    0.00    0.00  100.00
01:53:57 PM   26    0.00    0.00    0.00    0.00    0.00    0.00    0.00    0.00    0.00  100.00
01:53:57 PM   27    0.00    0.00    0.00    0.00    0.00    0.00    0.00    0.00    0.00  100.00
01:53:57 PM   28    0.00    0.00    0.00    0.00    0.00    0.00    0.00    0.00    0.00  100.00
01:53:57 PM   29    0.00    0.00    0.00    0.00    0.00    0.00    0.00    0.00    0.00  100.00
01:53:57 PM   30    0.00    0.00    0.00    0.00    0.00    0.00    0.00    0.00    0.00  100.00
01:53:57 PM   31    0.00    0.00    0.00    0.00    0.00    0.00    0.00    0.00    0.00  100.00

01:53:57 PM  CPU    %usr   %nice    %sys %iowait    %irq   %soft  %steal  %guest  %gnice   %idle
01:53:58 PM  all    0.03    0.03    0.38    5.76    0.00    0.00    0.00    0.00    0.00   93.80
01:53:58 PM    0    0.00    0.00    0.00    0.00    0.00    0.00    0.00    0.00    0.00  100.00
01:53:58 PM    1    0.00    0.00    0.00    0.00    0.00    0.00    0.00    0.00    0.00  100.00
01:53:58 PM    2    0.00    0.00    0.00   39.00    0.00    0.00    0.00    0.00    0.00   61.00
01:53:58 PM    3    0.00    0.00    0.00    0.00    0.00    0.00    0.00    0.00    0.00  100.00
01:53:58 PM    4    0.00    0.00    0.00    0.00    0.00    0.00    0.00    0.00    0.00  100.00
01:53:58 PM    5    0.00    0.00    0.00    0.00    0.00    0.00    0.00    0.00    0.00  100.00
01:53:58 PM    6    0.00    0.00    0.00    0.00    0.00    0.00    0.00    0.00    0.00  100.00
01:53:58 PM    7    0.00    0.00    0.00    3.00    0.00    0.00    0.00    0.00    0.00   97.00
01:53:58 PM    8    1.02    0.00    6.12   56.12    0.00    0.00    0.00    0.00    0.00   36.73
01:53:58 PM    9    0.00    0.00    0.00    0.00    0.00    0.00    0.00    0.00    0.00  100.00
01:53:58 PM   10    0.00    1.01    1.01   58.59    0.00    0.00    0.00    0.00    0.00   39.39
01:53:58 PM   11    0.00    0.00    0.00    0.00    0.00    0.00    0.00    0.00    0.00  100.00
01:53:58 PM   12    0.00    0.00    2.00    0.00    0.00    0.00    0.00    0.00    0.00   98.00
01:53:58 PM   13    0.00    0.00    0.00    0.00    0.00    0.00    0.00    0.00    0.00  100.00
01:53:58 PM   14    0.00    0.00    1.00    0.00    0.00    0.00    0.00    0.00    0.00   99.00
01:53:58 PM   15    0.00    0.00    0.00   29.29    0.00    0.00    0.00    0.00    0.00   70.71
01:53:58 PM   16    0.00    0.00    1.00    0.00    0.00    0.00    0.00    0.00    0.00   99.00
01:53:58 PM   17    0.00    0.00    0.00    0.00    0.00    0.00    0.00    0.00    0.00  100.00
01:53:58 PM   18    0.00    0.00    0.00    0.00    0.00    0.00    0.00    0.00    0.00  100.00
01:53:58 PM   19    0.00    0.00    0.00    0.00    0.00    0.00    0.00    0.00    0.00  100.00
01:53:58 PM   20    0.00    0.00    0.00    0.00    0.00    0.00    0.00    0.00    0.00  100.00
01:53:58 PM   21    0.00    0.00    0.99    0.00    0.00    0.00    0.00    0.00    0.00   99.01
01:53:58 PM   22    0.00    0.00    0.00    0.00    0.00    0.00    0.00    0.00    0.00  100.00
01:53:58 PM   23    0.00    0.00    0.00    0.00    0.00    0.00    0.00    0.00    0.00  100.00
01:53:58 PM   24    0.00    0.00    0.00    0.00    0.00    0.00    0.00    0.00    0.00  100.00
01:53:58 PM   25    0.00    0.00    0.00    0.00    0.00    0.00    0.00    0.00    0.00  100.00
01:53:58 PM   26    0.00    0.00    0.00    0.00    0.00    0.00    0.00    0.00    0.00  100.00
01:53:58 PM   27    0.00    0.00    0.00    0.00    0.00    0.00    0.00    0.00    0.00  100.00
01:53:58 PM   28    0.00    0.00    0.00    0.00    0.00    0.00    0.00    0.00    0.00  100.00
01:53:58 PM   29    0.00    0.00    0.00    0.00    0.00    0.00    0.00    0.00    0.00  100.00
01:53:58 PM   30    0.00    0.00    0.00    0.00    0.00    0.00    0.00    0.00    0.00  100.00
01:53:58 PM   31    0.00    0.00    0.00    0.00    0.00    0.00    0.00    0.00    0.00  100.00

01:53:58 PM  CPU    %usr   %nice    %sys %iowait    %irq   %soft  %steal  %guest  %gnice   %idle
01:53:59 PM  all    0.03    0.00    0.13    7.65    0.00    0.00    0.00    0.00    0.00   92.20
01:53:59 PM    0    0.00    0.00    0.00    0.00    0.00    0.00    0.00    0.00    0.00  100.00
01:53:59 PM    1    0.00    0.00    0.00    0.00    0.00    0.00    0.00    0.00    0.00  100.00
01:53:59 PM    2    0.00    0.00    0.00    0.00    0.00    0.00    0.00    0.00    0.00  100.00
01:53:59 PM    3    0.00    0.00    0.00    0.00    0.00    0.00    0.00    0.00    0.00  100.00
01:53:59 PM    4    0.00    0.00    0.00    0.00    0.00    0.00    0.00    0.00    0.00  100.00
01:53:59 PM    5    0.00    0.00    0.00    0.00    0.00    0.00    0.00    0.00    0.00  100.00
01:53:59 PM    6    0.00    0.00    0.00    0.00    0.00    0.00    0.00    0.00    0.00  100.00
01:53:59 PM    7    0.00    0.00    0.00    0.00    0.00    0.00    0.00    0.00    0.00  100.00
01:53:59 PM    8    0.00    0.00    1.01   98.99    0.00    0.00    0.00    0.00    0.00    0.00
01:53:59 PM    9    0.00    0.00    0.00    0.00    0.00    0.00    0.00    0.00    0.00  100.00
01:53:59 PM   10    0.00    0.00    0.00  100.00    0.00    0.00    0.00    0.00    0.00    0.00
01:53:59 PM   11    0.00    0.00    1.00    0.00    0.00    0.00    0.00    0.00    0.00   99.00
01:53:59 PM   12    0.00    0.00    2.00    0.00    0.00    0.00    0.00    0.00    0.00   98.00
01:53:59 PM   13    0.00    0.00    0.00    0.00    0.00    0.00    0.00    0.00    0.00  100.00
01:53:59 PM   14    1.00    0.00    0.00    0.00    0.00    0.00    0.00    0.00    0.00   99.00
01:53:59 PM   15    0.00    0.00    0.00   49.49    0.00    0.00    0.00    0.00    0.00   50.51
01:53:59 PM   16    0.00    0.00    0.00    0.00    0.00    0.00    0.00    0.00    0.00  100.00
01:53:59 PM   17    0.00    0.00    0.00    0.00    0.00    0.00    0.00    0.00    0.00  100.00
01:53:59 PM   18    0.00    0.00    0.00    0.00    0.00    0.00    0.00    0.00    0.00  100.00
01:53:59 PM   19    0.00    0.00    0.00    0.00    0.00    0.00    0.00    0.00    0.00  100.00
01:53:59 PM   20    0.00    0.00    0.00    0.00    0.00    0.00    0.00    0.00    0.00  100.00
01:53:59 PM   21    0.00    0.00    0.00    0.00    0.00    0.00    0.00    0.00    0.00  100.00
01:53:59 PM   22    0.00    0.00    0.00    0.00    0.00    0.00    0.00    0.00    0.00  100.00
01:53:59 PM   23    0.00    0.00    0.00    0.00    0.00    0.00    0.00    0.00    0.00  100.00
01:53:59 PM   24    0.00    0.00    0.00    0.00    0.00    0.00    0.00    0.00    0.00  100.00
01:53:59 PM   25    0.00    0.00    0.00    0.00    0.00    0.00    0.00    0.00    0.00  100.00
01:53:59 PM   26    0.00    0.00    0.00    0.00    0.00    0.00    0.00    0.00    0.00  100.00
01:53:59 PM   27    0.00    0.00    0.00    0.00    0.00    0.00    0.00    0.00    0.00  100.00
01:53:59 PM   28    0.00    0.00    0.00    0.00    0.00    0.00    0.00    0.00    0.00  100.00
01:53:59 PM   29    0.00    0.00    0.00    0.00    0.00    0.00    0.00    0.00    0.00  100.00
01:53:59 PM   30    0.00    0.00    0.00    0.00    0.00    0.00    0.00    0.00    0.00  100.00
01:53:59 PM   31    0.00    0.00    0.00    0.00    0.00    0.00    0.00    0.00    0.00  100.00

01:53:59 PM  CPU    %usr   %nice    %sys %iowait    %irq   %soft  %steal  %guest  %gnice   %idle
01:54:00 PM  all    0.06    0.00    0.16    6.83    0.00    0.00    0.00    0.00    0.00   92.95
01:54:00 PM    0    0.00    0.00    0.00    0.00    0.00    0.00    0.00    0.00    0.00  100.00
01:54:00 PM    1    0.00    0.00    0.00    0.00    0.00    0.00    0.00    0.00    0.00  100.00
01:54:00 PM    2    0.00    0.00    0.00    0.00    0.00    0.00    0.00    0.00    0.00  100.00
01:54:00 PM    3    0.00    0.00    0.00    0.00    0.00    0.00    0.00    0.00    0.00  100.00
01:54:00 PM    4    0.00    0.00    0.00    0.00    0.00    0.00    0.00    0.00    0.00  100.00
01:54:00 PM    5    0.00    0.00    0.00    0.00    0.00    0.00    0.00    0.00    0.00  100.00
01:54:00 PM    6    0.00    0.00    0.00    0.00    0.00    0.00    0.00    0.00    0.00  100.00
01:54:00 PM    7    0.00    0.00    0.00    0.00    0.00    0.00    0.00    0.00    0.00  100.00
01:54:00 PM    8    1.00    0.00    4.00   35.00    0.00    0.00    0.00    0.00    0.00   60.00
01:54:00 PM    9    0.00    0.00    0.00   61.00    0.00    0.00    0.00    0.00    0.00   39.00
01:54:00 PM   10    1.01    0.00    0.00   41.41    0.00    0.00    0.00    0.00    0.00   57.58
01:54:00 PM   11    0.00    0.00    0.00   14.00    0.00    0.00    0.00    0.00    0.00   86.00
01:54:00 PM   12    0.00    0.00    1.02   41.84    0.00    0.00    0.00    0.00    0.00   57.14
01:54:00 PM   13    0.00    0.00    0.00    0.00    0.00    0.00    0.00    0.00    0.00  100.00
01:54:00 PM   14    0.00    0.00    0.00    0.00    0.00    0.00    0.00    0.00    0.00  100.00
01:54:00 PM   15    0.00    0.00    0.00   26.00    0.00    0.00    0.00    0.00    0.00   74.00
01:54:00 PM   16    0.00    0.00    0.00    0.00    0.00    0.00    0.00    0.00    0.00  100.00
01:54:00 PM   17    0.00    0.00    0.00    0.00    0.00    0.00    0.00    0.00    0.00  100.00
01:54:00 PM   18    0.00    0.00    0.00    0.00    0.00    0.00    0.00    0.00    0.00  100.00
01:54:00 PM   19    0.00    0.00    0.00    0.00    0.00    0.00    0.00    0.00    0.00  100.00
01:54:00 PM   20    0.00    0.00    0.00    0.00    0.00    0.00    0.00    0.00    0.00  100.00
01:54:00 PM   21    0.00    0.00    0.00    0.00    0.00    0.00    0.00    0.00    0.00  100.00
01:54:00 PM   22    0.00    0.00    0.00    0.00    0.00    0.00    0.00    0.00    0.00  100.00
01:54:00 PM   23    0.00    0.00    0.00    0.00    0.00    0.00    0.00    0.00    0.00  100.00
01:54:00 PM   24    0.00    0.00    0.00    0.00    0.00    0.00    0.00    0.00    0.00  100.00
01:54:00 PM   25    0.00    0.00    0.00    0.00    0.00    0.00    0.00    0.00    0.00  100.00
01:54:00 PM   26    0.00    0.00    0.00    0.00    0.00    0.00    0.00    0.00    0.00  100.00
01:54:00 PM   27    0.00    0.00    0.00    0.00    0.00    0.00    0.00    0.00    0.00  100.00
01:54:00 PM   28    0.00    0.00    0.00    0.00    0.00    0.00    0.00    0.00    0.00  100.00
01:54:00 PM   29    0.00    0.00    0.00    0.00    0.00    0.00    0.00    0.00    0.00  100.00
01:54:00 PM   30    0.00    0.00    0.00    0.00    0.00    0.00    0.00    0.00    0.00  100.00
01:54:00 PM   31    0.00    0.00    0.00    0.00    0.00    0.00    0.00    0.00    0.00  100.00

01:54:00 PM  CPU    %usr   %nice    %sys %iowait    %irq   %soft  %steal  %guest  %gnice   %idle
01:54:01 PM  all    0.03    0.00    0.22    7.93    0.00    0.00    0.00    0.00    0.00   91.82
01:54:01 PM    0    0.00    0.00    0.00    0.00    0.00    0.00    0.00    0.00    0.00  100.00
01:54:01 PM    1    0.00    0.00    0.00   37.00    0.00    0.00    0.00    0.00    0.00   63.00
01:54:01 PM    2    0.00    0.00    0.00    7.00    0.00    0.00    0.00    0.00    0.00   93.00
01:54:01 PM    3    0.00    0.00    0.00    0.00    0.00    0.00    0.00    0.00    0.00  100.00
01:54:01 PM    4    0.00    0.00    0.00    0.00    0.00    0.00    0.00    0.00    0.00  100.00
01:54:01 PM    5    0.00    0.00    0.00    0.00    0.00    0.00    0.00    0.00    0.00  100.00
01:54:01 PM    6    0.00    0.00    0.00    0.00    0.00    0.00    0.00    0.00    0.00  100.00
01:54:01 PM    7    0.00    0.00    0.00    0.00    0.00    0.00    0.00    0.00    0.00  100.00
01:54:01 PM    8    1.00    0.00    4.00    0.00    0.00    0.00    0.00    0.00    0.00   95.00
01:54:01 PM    9    0.00    0.00    1.00   99.00    0.00    0.00    0.00    0.00    0.00    0.00
01:54:01 PM   10    0.00    0.00    2.04   86.73    0.00    0.00    0.00    0.00    0.00   11.22
01:54:01 PM   11    0.00    0.00    0.00    1.01    0.00    0.00    0.00    0.00    0.00   98.99
01:54:01 PM   12    0.00    0.00    0.00    6.06    0.00    0.00    0.00    0.00    0.00   93.94
01:54:01 PM   13    0.00    0.00    0.00    0.00    0.00    0.00    0.00    0.00    0.00  100.00
01:54:01 PM   14    0.00    0.00    0.00    0.00    0.00    0.00    0.00    0.00    0.00  100.00
01:54:01 PM   15    0.00    0.00    0.00   18.18    0.00    0.00    0.00    0.00    0.00   81.82
01:54:01 PM   16    0.00    0.00    0.00    0.00    0.00    0.00    0.00    0.00    0.00  100.00
01:54:01 PM   17    0.00    0.00    0.00    0.00    0.00    0.00    0.00    0.00    0.00  100.00
01:54:01 PM   18    0.00    0.00    0.00    0.00    0.00    0.00    0.00    0.00    0.00  100.00
01:54:01 PM   19    0.00    0.00    0.00    0.00    0.00    0.00    0.00    0.00    0.00  100.00
01:54:01 PM   20    0.00    0.00    0.00    0.00    0.00    0.00    0.00    0.00    0.00  100.00
01:54:01 PM   21    0.00    0.00    0.00    0.00    0.00    0.00    0.00    0.00    0.00  100.00
01:54:01 PM   22    0.00    0.00    0.00    0.00    0.00    0.00    0.00    0.00    0.00  100.00
01:54:01 PM   23    0.00    0.00    0.00    0.00    0.00    0.00    0.00    0.00    0.00  100.00
01:54:01 PM   24    0.00    0.00    0.00    0.00    0.00    0.00    0.00    0.00    0.00  100.00
01:54:01 PM   25    0.00    0.00    0.00    0.00    0.00    0.00    0.00    0.00    0.00  100.00
01:54:01 PM   26    0.00    0.00    0.00    0.00    0.00    0.00    0.00    0.00    0.00  100.00
01:54:01 PM   27    0.00    0.00    0.00    0.00    0.00    0.00    0.00    0.00    0.00  100.00
01:54:01 PM   28    0.00    0.00    0.00    0.00    0.00    0.00    0.00    0.00    0.00  100.00
01:54:01 PM   29    0.00    0.00    0.00    0.00    0.00    0.00    0.00    0.00    0.00  100.00
01:54:01 PM   30    0.00    0.00    0.00    0.00    0.00    0.00    0.00    0.00    0.00  100.00
01:54:01 PM   31    0.00    0.00    0.00    0.00    0.00    0.00    0.00    0.00    0.00  100.00

01:54:01 PM  CPU    %usr   %nice    %sys %iowait    %irq   %soft  %steal  %guest  %gnice   %idle
01:54:02 PM  all    0.03    0.03    0.13    6.89    0.00    0.00    0.00    0.00    0.00   92.92
01:54:02 PM    0    0.00    0.00    0.00    0.00    0.00    0.00    0.00    0.00    0.00  100.00
01:54:02 PM    1    0.00    0.00    0.00    6.00    0.00    0.00    0.00    0.00    0.00   94.00
01:54:02 PM    2    0.99    0.00    0.00    4.95    0.00    0.00    0.00    0.00    0.00   94.06
01:54:02 PM    3    0.00    0.00    0.00    0.00    0.00    0.00    0.00    0.00    0.00  100.00
01:54:02 PM    4    0.00    0.00    0.00    0.00    0.00    0.00    0.00    0.00    0.00  100.00
01:54:02 PM    5    0.00    0.00    0.00    0.00    0.00    0.00    0.00    0.00    0.00  100.00
01:54:02 PM    6    0.00    0.00    0.00    0.00    0.00    0.00    0.00    0.00    0.00  100.00
01:54:02 PM    7    0.00    0.00    0.00    4.04    0.00    0.00    0.00    0.00    0.00   95.96
01:54:02 PM    8    0.00    1.00    0.00    0.00    0.00    0.00    0.00    0.00    0.00   99.00
01:54:02 PM    9    0.00    0.00    0.00   17.00    0.00    0.00    0.00    0.00    0.00   83.00
01:54:02 PM   10    0.00    0.00    1.02   98.98    0.00    0.00    0.00    0.00    0.00    0.00
01:54:02 PM   11    0.00    0.00    0.00    0.00    0.00    0.00    0.00    0.00    0.00  100.00
01:54:02 PM   12    0.00    0.00    1.00   59.00    0.00    0.00    0.00    0.00    0.00   40.00
01:54:02 PM   13    0.00    0.00    0.00    1.00    0.00    0.00    0.00    0.00    0.00   99.00
01:54:02 PM   14    0.00    0.00    0.00    0.00    0.00    0.00    0.00    0.00    0.00  100.00
01:54:02 PM   15    0.00    0.00    0.00   23.23    0.00    0.00    0.00    0.00    0.00   76.77
01:54:02 PM   16    0.00    0.00    0.00    0.00    0.00    0.00    0.00    0.00    0.00  100.00
01:54:02 PM   17    0.00    0.00    1.00    0.00    0.00    0.00    0.00    0.00    0.00   99.00
01:54:02 PM   18    0.00    0.00    0.00    0.00    0.00    0.00    0.00    0.00    0.00  100.00
01:54:02 PM   19    0.00    0.00    0.00    0.00    0.00    0.00    0.00    0.00    0.00  100.00
01:54:02 PM   20    0.00    0.00    0.00    0.00    0.00    0.00    0.00    0.00    0.00  100.00
01:54:02 PM   21    0.00    0.00    0.00    0.00    0.00    0.00    0.00    0.00    0.00  100.00
01:54:02 PM   22    0.00    0.00    0.00    0.00    0.00    0.00    0.00    0.00    0.00  100.00
01:54:02 PM   23    0.00    0.00    0.00    0.00    0.00    0.00    0.00    0.00    0.00  100.00
01:54:02 PM   24    0.00    0.00    0.00    0.00    0.00    0.00    0.00    0.00    0.00  100.00
01:54:02 PM   25    0.00    0.00    0.00    0.00    0.00    0.00    0.00    0.00    0.00  100.00
01:54:02 PM   26    0.00    0.00    0.00    0.00    0.00    0.00    0.00    0.00    0.00  100.00
01:54:02 PM   27    0.00    0.00    0.00    0.00    0.00    0.00    0.00    0.00    0.00  100.00
01:54:02 PM   28    0.00    0.00    0.00    0.00    0.00    0.00    0.00    0.00    0.00  100.00
01:54:02 PM   29    0.00    0.00    1.00    8.00    0.00    0.00    0.00    0.00    0.00   91.00
01:54:02 PM   30    0.00    0.00    0.00    0.00    0.00    0.00    0.00    0.00    0.00  100.00
01:54:02 PM   31    0.00    0.00    0.00    0.00    0.00    0.00    0.00    0.00    0.00  100.00

01:54:02 PM  CPU    %usr   %nice    %sys %iowait    %irq   %soft  %steal  %guest  %gnice   %idle
01:54:03 PM  all    0.00    0.00    0.22    4.57    0.00    0.00    0.00    0.00    0.00   95.21
01:54:03 PM    0    0.00    0.00    0.00    0.00    0.00    0.00    0.00    0.00    0.00  100.00
01:54:03 PM    1    0.00    0.00    0.00    0.00    0.00    0.00    0.00    0.00    0.00  100.00
01:54:03 PM    2    0.00    0.00    0.00    0.00    0.00    0.00    0.00    0.00    0.00  100.00
01:54:03 PM    3    0.00    0.00    0.00    0.00    0.00    0.00    0.00    0.00    0.00  100.00
01:54:03 PM    4    0.00    0.00    0.00    0.00    0.00    0.00    0.00    0.00    0.00  100.00
01:54:03 PM    5    0.00    0.00    0.00    0.00    0.00    0.00    0.00    0.00    0.00  100.00
01:54:03 PM    6    0.00    0.00    0.00    0.00    0.00    0.00    0.00    0.00    0.00  100.00
01:54:03 PM    7    0.00    0.00    0.00    0.00    0.00    0.00    0.00    0.00    0.00  100.00
01:54:03 PM    8    0.00    0.00    4.04    0.00    0.00    0.00    0.00    0.00    0.00   95.96
01:54:03 PM    9    0.00    0.00    0.00    0.00    0.00    0.00    0.00    0.00    0.00  100.00
01:54:03 PM   10    0.00    0.00    2.04   97.96    0.00    0.00    0.00    0.00    0.00    0.00
01:54:03 PM   11    0.00    0.00    0.00    0.00    0.00    0.00    0.00    0.00    0.00  100.00
01:54:03 PM   12    0.00    0.00    0.00    6.06    0.00    0.00    0.00    0.00    0.00   93.94
01:54:03 PM   13    0.00    0.00    0.00    0.00    0.00    0.00    0.00    0.00    0.00  100.00
01:54:03 PM   14    0.00    0.00    1.00    0.00    0.00    0.00    0.00    0.00    0.00   99.00
01:54:03 PM   15    0.00    0.00    0.00   44.00    0.00    0.00    0.00    0.00    0.00   56.00
01:54:03 PM   16    0.00    0.00    0.00    0.00    0.00    0.00    0.00    0.00    0.00  100.00
01:54:03 PM   17    0.00    0.00    0.00    0.00    0.00    0.00    0.00    0.00    0.00  100.00
01:54:03 PM   18    0.00    0.00    0.00    0.00    0.00    0.00    0.00    0.00    0.00  100.00
01:54:03 PM   19    0.00    0.00    0.00    0.00    0.00    0.00    0.00    0.00    0.00  100.00
01:54:03 PM   20    0.00    0.00    0.00    0.00    0.00    0.00    0.00    0.00    0.00  100.00
01:54:03 PM   21    0.00    0.00    0.00    0.00    0.00    0.00    0.00    0.00    0.00  100.00
01:54:03 PM   22    0.00    0.00    0.00    0.00    0.00    0.00    0.00    0.00    0.00  100.00
01:54:03 PM   23    0.00    0.00    0.00    0.00    0.00    0.00    0.00    0.00    0.00  100.00
01:54:03 PM   24    0.00    0.00    0.00    0.00    0.00    0.00    0.00    0.00    0.00  100.00
01:54:03 PM   25    0.00    0.00    0.00    0.00    0.00    0.00    0.00    0.00    0.00  100.00
01:54:03 PM   26    0.00    0.00    0.00    0.00    0.00    0.00    0.00    0.00    0.00  100.00
01:54:03 PM   27    0.00    0.00    0.00    0.00    0.00    0.00    0.00    0.00    0.00  100.00
01:54:03 PM   28    0.00    0.00    0.00    0.00    0.00    0.00    0.00    0.00    0.00  100.00
01:54:03 PM   29    0.00    0.00    0.00    0.00    0.00    0.00    0.00    0.00    0.00  100.00
01:54:03 PM   30    0.00    0.00    0.00    0.00    0.00    0.00    0.00    0.00    0.00  100.00
01:54:03 PM   31    0.00    0.00    0.00    0.00    0.00    0.00    0.00    0.00    0.00  100.00

01:54:03 PM  CPU    %usr   %nice    %sys %iowait    %irq   %soft  %steal  %guest  %gnice   %idle
01:54:04 PM  all    0.03    0.00    0.19    3.92    0.00    0.00    0.00    0.00    0.00   95.86
01:54:04 PM    0    0.00    0.00    0.00    0.00    0.00    0.00    0.00    0.00    0.00  100.00
01:54:04 PM    1    0.00    0.00    0.00    0.00    0.00    0.00    0.00    0.00    0.00  100.00
01:54:04 PM    2    0.00    0.00    1.00    0.00    0.00    0.00    0.00    0.00    0.00   99.00
01:54:04 PM    3    0.00    0.00    0.00    0.00    0.00    0.00    0.00    0.00    0.00  100.00
01:54:04 PM    4    0.00    0.00    0.00    0.00    0.00    0.00    0.00    0.00    0.00  100.00
01:54:04 PM    5    0.00    0.00    0.00    0.00    0.00    0.00    0.00    0.00    0.00  100.00
01:54:04 PM    6    0.00    0.00    0.00    0.00    0.00    0.00    0.00    0.00    0.00  100.00
01:54:04 PM    7    0.00    0.00    0.00    0.00    0.00    0.00    0.00    0.00    0.00  100.00
01:54:04 PM    8    1.00    0.00    3.00    0.00    0.00    0.00    0.00    0.00    0.00   96.00
01:54:04 PM    9    0.00    0.00    0.00    0.00    0.00    0.00    0.00    0.00    0.00  100.00
01:54:04 PM   10    0.00    0.00    2.04   97.96    0.00    0.00    0.00    0.00    0.00    0.00
01:54:04 PM   11    0.00    0.00    0.00    0.00    0.00    0.00    0.00    0.00    0.00  100.00
01:54:04 PM   12    0.00    0.00    0.00    4.04    0.00    0.00    0.00    0.00    0.00   95.96
01:54:04 PM   13    0.00    0.00    0.00    0.00    0.00    0.00    0.00    0.00    0.00  100.00
01:54:04 PM   14    0.00    0.00    0.00    0.00    0.00    0.00    0.00    0.00    0.00  100.00
01:54:04 PM   15    0.00    0.00    0.00   25.25    0.00    0.00    0.00    0.00    0.00   74.75
01:54:04 PM   16    0.00    0.00    0.00    0.00    0.00    0.00    0.00    0.00    0.00  100.00
01:54:04 PM   17    0.00    0.00    0.00    0.00    0.00    0.00    0.00    0.00    0.00  100.00
01:54:04 PM   18    0.00    0.00    0.00    0.00    0.00    0.00    0.00    0.00    0.00  100.00
01:54:04 PM   19    0.00    0.00    0.00    0.00    0.00    0.00    0.00    0.00    0.00  100.00
01:54:04 PM   20    0.00    0.00    0.00    0.00    0.00    0.00    0.00    0.00    0.00  100.00
01:54:04 PM   21    0.00    0.00    0.00    0.00    0.00    0.00    0.00    0.00    0.00  100.00
01:54:04 PM   22    0.00    0.00    0.00    0.00    0.00    0.00    0.00    0.00    0.00  100.00
01:54:04 PM   23    0.00    0.00    0.00    0.00    0.00    0.00    0.00    0.00    0.00  100.00
01:54:04 PM   24    0.00    0.00    0.00    0.00    0.00    0.00    0.00    0.00    0.00  100.00
01:54:04 PM   25    0.00    0.00    0.00    0.00    0.00    0.00    0.00    0.00    0.00  100.00
01:54:04 PM   26    0.00    0.00    0.00    0.00    0.00    0.00    0.00    0.00    0.00  100.00
01:54:04 PM   27    0.00    0.00    0.00    0.00    0.00    0.00    0.00    0.00    0.00  100.00
01:54:04 PM   28    0.00    0.00    0.00    0.00    0.00    0.00    0.00    0.00    0.00  100.00
01:54:04 PM   29    0.00    0.00    0.00    0.00    0.00    0.00    0.00    0.00    0.00  100.00
01:54:04 PM   30    0.00    0.00    0.00    0.00    0.00    0.00    0.00    0.00    0.00  100.00
01:54:04 PM   31    0.00    0.00    0.00    0.00    0.00    0.00    0.00    0.00    0.00  100.00

01:54:04 PM  CPU    %usr   %nice    %sys %iowait    %irq   %soft  %steal  %guest  %gnice   %idle
01:54:05 PM  all    0.03    0.00    0.13    6.82    0.00    0.00    0.00    0.00    0.00   93.02
01:54:05 PM    0    0.00    0.00    0.00    0.00    0.00    0.00    0.00    0.00    0.00  100.00
01:54:05 PM    1    0.00    0.00    0.00    0.00    0.00    0.00    0.00    0.00    0.00  100.00
01:54:05 PM    2    0.00    0.00    0.00    0.00    0.00    0.00    0.00    0.00    0.00  100.00
01:54:05 PM    3    0.00    0.00    0.99    0.00    0.00    0.00    0.00    0.00    0.00   99.01
01:54:05 PM    4    0.00    0.00    0.00    0.00    0.00    0.00    0.00    0.00    0.00  100.00
01:54:05 PM    5    0.00    0.00    0.00    0.00    0.00    0.00    0.00    0.00    0.00  100.00
01:54:05 PM    6    0.00    0.00    0.00   27.00    0.00    0.00    0.00    0.00    0.00   73.00
01:54:05 PM    7    0.99    0.00    0.00    0.00    0.00    0.00    0.00    0.00    0.00   99.01
01:54:05 PM    8    0.00    0.00    1.00    0.00    0.00    0.00    0.00    0.00    0.00   99.00
01:54:05 PM    9    0.00    0.00    0.00    0.00    0.00    0.00    0.00    0.00    0.00  100.00
01:54:05 PM   10    0.00    0.00    1.01   98.99    0.00    0.00    0.00    0.00    0.00    0.00
01:54:05 PM   11    0.00    0.00    0.00   32.32    0.00    0.00    0.00    0.00    0.00   67.68
01:54:05 PM   12    0.00    0.00    1.00   10.00    0.00    0.00    0.00    0.00    0.00   89.00
01:54:05 PM   13    0.00    0.00    0.00    0.00    0.00    0.00    0.00    0.00    0.00  100.00
01:54:05 PM   14    0.00    0.00    0.00    0.00    0.00    0.00    0.00    0.00    0.00  100.00
01:54:05 PM   15    0.00    0.00    0.00   46.46    0.00    0.00    0.00    0.00    0.00   53.54
01:54:05 PM   16    0.00    0.00    0.00    0.00    0.00    0.00    0.00    0.00    0.00  100.00
01:54:05 PM   17    0.00    0.00    0.00    0.00    0.00    0.00    0.00    0.00    0.00  100.00
01:54:05 PM   18    0.00    0.00    0.00    4.95    0.00    0.00    0.00    0.00    0.00   95.05
01:54:05 PM   19    0.00    0.00    0.00    0.00    0.00    0.00    0.00    0.00    0.00  100.00
01:54:05 PM   20    0.00    0.00    0.00    0.00    0.00    0.00    0.00    0.00    0.00  100.00
01:54:05 PM   21    0.00    0.00    0.00    0.00    0.00    0.00    0.00    0.00    0.00  100.00
01:54:05 PM   22    0.00    0.00    0.00    0.00    0.00    0.00    0.00    0.00    0.00  100.00
01:54:05 PM   23    0.00    0.00    0.00    0.00    0.00    0.00    0.00    0.00    0.00  100.00
01:54:05 PM   24    0.00    0.00    0.00    0.00    0.00    0.00    0.00    0.00    0.00  100.00
01:54:05 PM   25    0.00    0.00    0.00    0.00    0.00    0.00    0.00    0.00    0.00  100.00
01:54:05 PM   26    0.00    0.00    0.00    0.00    0.00    0.00    0.00    0.00    0.00  100.00
01:54:05 PM   27    0.00    0.00    0.00    0.00    0.00    0.00    0.00    0.00    0.00  100.00
01:54:05 PM   28    0.00    0.00    0.00    0.00    0.00    0.00    0.00    0.00    0.00  100.00
01:54:05 PM   29    0.00    0.00    0.00    0.00    0.00    0.00    0.00    0.00    0.00  100.00
01:54:05 PM   30    0.00    0.00    0.00    0.00    0.00    0.00    0.00    0.00    0.00  100.00
01:54:05 PM   31    0.00    0.00    0.00    0.00    0.00    0.00    0.00    0.00    0.00  100.00

01:54:05 PM  CPU    %usr   %nice    %sys %iowait    %irq   %soft  %steal  %guest  %gnice   %idle
01:54:06 PM  all    0.00    0.00    0.34    7.87    0.00    0.00    0.00    0.00    0.00   91.79
01:54:06 PM    0    0.00    0.00    0.00    0.00    0.00    0.00    0.00    0.00    0.00  100.00
01:54:06 PM    1    0.00    0.00    0.00    0.00    0.00    0.00    0.00    0.00    0.00  100.00
01:54:06 PM    2    0.00    0.00    0.00    0.00    0.00    0.00    0.00    0.00    0.00  100.00
01:54:06 PM    3    0.00    0.00    2.97    0.00    0.00    0.00    0.00    0.00    0.00   97.03
01:54:06 PM    4    0.00    0.00    0.00    0.00    0.00    0.00    0.00    0.00    0.00  100.00
01:54:06 PM    5    0.00    0.00    0.00    0.00    0.00    0.00    0.00    0.00    0.00  100.00
01:54:06 PM    6    0.00    0.00    1.00    0.00    0.00    0.00    0.00    0.00    0.00   99.00
01:54:06 PM    7    0.00    0.00    0.00    0.00    0.00    0.00    0.00    0.00    0.00  100.00
01:54:06 PM    8    0.00    0.00    1.01    0.00    0.00    0.00    0.00    0.00    0.00   98.99
01:54:06 PM    9    0.00    0.00    0.00    0.00    0.00    0.00    0.00    0.00    0.00  100.00
01:54:06 PM   10    0.00    0.00    6.12   47.96    0.00    0.00    0.00    0.00    0.00   45.92
01:54:06 PM   11    0.00    0.00    0.00  100.00    0.00    0.00    0.00    0.00    0.00    0.00
01:54:06 PM   12    0.00    0.00    0.00   36.73    0.00    0.00    0.00    0.00    0.00   63.27
01:54:06 PM   13    0.00    0.00    0.00    0.00    0.00    0.00    0.00    0.00    0.00  100.00
01:54:06 PM   14    0.00    0.00    0.00   10.20    0.00    0.00    0.00    0.00    0.00   89.80
01:54:06 PM   15    0.00    0.00    0.00   59.60    0.00    0.00    0.00    0.00    0.00   40.40
01:54:06 PM   16    0.00    0.00    0.00    0.00    0.00    0.00    0.00    0.00    0.00  100.00
01:54:06 PM   17    0.00    0.00    0.00    0.00    0.00    0.00    0.00    0.00    0.00  100.00
01:54:06 PM   18    0.00    0.00    0.00    0.00    0.00    0.00    0.00    0.00    0.00  100.00
01:54:06 PM   19    0.00    0.00    0.00    0.00    0.00    0.00    0.00    0.00    0.00  100.00
01:54:06 PM   20    0.00    0.00    0.00    0.00    0.00    0.00    0.00    0.00    0.00  100.00
01:54:06 PM   21    0.00    0.00    0.00    0.00    0.00    0.00    0.00    0.00    0.00  100.00
01:54:06 PM   22    0.00    0.00    0.00    0.00    0.00    0.00    0.00    0.00    0.00  100.00
01:54:06 PM   23    0.00    0.00    0.00    0.00    0.00    0.00    0.00    0.00    0.00  100.00
01:54:06 PM   24    0.00    0.00    0.00    0.00    0.00    0.00    0.00    0.00    0.00  100.00
01:54:06 PM   25    0.00    0.00    0.00    0.00    0.00    0.00    0.00    0.00    0.00  100.00
01:54:06 PM   26    0.00    0.00    0.00    0.00    0.00    0.00    0.00    0.00    0.00  100.00
01:54:06 PM   27    0.00    0.00    0.00    0.00    0.00    0.00    0.00    0.00    0.00  100.00
01:54:06 PM   28    0.00    0.00    0.00    0.00    0.00    0.00    0.00    0.00    0.00  100.00
01:54:06 PM   29    0.00    0.00    0.00    0.00    0.00    0.00    0.00    0.00    0.00  100.00
01:54:06 PM   30    0.00    0.00    0.00    0.00    0.00    0.00    0.00    0.00    0.00  100.00
01:54:06 PM   31    0.00    0.00    0.00    0.00    0.00    0.00    0.00    0.00    0.00  100.00

01:54:06 PM  CPU    %usr   %nice    %sys %iowait    %irq   %soft  %steal  %guest  %gnice   %idle
01:54:07 PM  all    0.00    0.00    0.19    9.86    0.00    0.00    0.00    0.00    0.00   89.95
01:54:07 PM    0    0.00    0.00    0.00    0.00    0.00    0.00    0.00    0.00    0.00  100.00
01:54:07 PM    1    0.00    0.00    0.00    0.00    0.00    0.00    0.00    0.00    0.00  100.00
01:54:07 PM    2    0.00    0.00    0.00    0.00    0.00    0.00    0.00    0.00    0.00  100.00
01:54:07 PM    3    0.00    0.00    0.00   11.00    0.00    0.00    0.00    0.00    0.00   89.00
01:54:07 PM    4    0.00    0.00    0.00    0.00    0.00    0.00    0.00    0.00    0.00  100.00
01:54:07 PM    5    0.00    0.00    0.00    0.00    0.00    0.00    0.00    0.00    0.00  100.00
01:54:07 PM    6    0.00    0.00    0.00   32.32    0.00    0.00    0.00    0.00    0.00   67.68
01:54:07 PM    7    0.00    0.00    0.00    0.00    0.00    0.00    0.00    0.00    0.00  100.00
01:54:07 PM    8    0.00    0.00    0.00    0.00    0.00    0.00    0.00    0.00    0.00  100.00
01:54:07 PM    9    0.00    0.00    0.00    0.00    0.00    0.00    0.00    0.00    0.00  100.00
01:54:07 PM   10    0.00    0.00    3.03   24.24    0.00    0.00    0.00    0.00    0.00   72.73
01:54:07 PM   11    0.00    0.00    0.99   99.01    0.00    0.00    0.00    0.00    0.00    0.00
01:54:07 PM   12    0.00    0.00    0.00    0.00    0.00    0.00    0.00    0.00    0.00  100.00
01:54:07 PM   13    0.00    0.00    0.00   84.16    0.00    0.00    0.00    0.00    0.00   15.84
01:54:07 PM   14    0.00    0.00    2.00   11.00    0.00    0.00    0.00    0.00    0.00   87.00
01:54:07 PM   15    0.00    0.00    0.00   52.53    0.00    0.00    0.00    0.00    0.00   47.47
01:54:07 PM   16    0.00    0.00    0.00    0.00    0.00    0.00    0.00    0.00    0.00  100.00
01:54:07 PM   17    0.00    0.00    0.00    0.00    0.00    0.00    0.00    0.00    0.00  100.00
01:54:07 PM   18    0.00    0.00    0.00    0.00    0.00    0.00    0.00    0.00    0.00  100.00
01:54:07 PM   19    0.00    0.00    0.00    0.00    0.00    0.00    0.00    0.00    0.00  100.00
01:54:07 PM   20    0.00    0.00    0.00    0.00    0.00    0.00    0.00    0.00    0.00  100.00
01:54:07 PM   21    0.00    0.00    0.00    0.00    0.00    0.00    0.00    0.00    0.00  100.00
01:54:07 PM   22    0.00    0.00    0.00    0.00    0.00    0.00    0.00    0.00    0.00  100.00
01:54:07 PM   23    0.00    0.00    0.00    0.00    0.00    0.00    0.00    0.00    0.00  100.00
01:54:07 PM   24    0.00    0.00    0.00    0.00    0.00    0.00    0.00    0.00    0.00  100.00
01:54:07 PM   25    0.00    0.00    0.00    0.00    0.00    0.00    0.00    0.00    0.00  100.00
01:54:07 PM   26    0.00    0.00    0.00    0.00    0.00    0.00    0.00    0.00    0.00  100.00
01:54:07 PM   27    0.00    0.00    0.00    0.00    0.00    0.00    0.00    0.00    0.00  100.00
01:54:07 PM   28    0.00    0.00    0.00    0.00    0.00    0.00    0.00    0.00    0.00  100.00
01:54:07 PM   29    0.00    0.00    0.00    0.00    0.00    0.00    0.00    0.00    0.00  100.00
01:54:07 PM   30    0.00    0.00    0.00    0.00    0.00    0.00    0.00    0.00    0.00  100.00
01:54:07 PM   31    0.00    0.00    0.00    0.00    0.00    0.00    0.00    0.00    0.00  100.00

01:54:07 PM  CPU    %usr   %nice    %sys %iowait    %irq   %soft  %steal  %guest  %gnice   %idle
01:54:08 PM  all    0.00    0.03    0.34    5.39    0.00    0.00    0.00    0.00    0.00   94.24
01:54:08 PM    0    0.00    0.00    0.00    0.00    0.00    0.00    0.00    0.00    0.00  100.00
01:54:08 PM    1    0.00    0.00    0.00    0.00    0.00    0.00    0.00    0.00    0.00  100.00
01:54:08 PM    2    0.00    0.00    0.00    1.00    0.00    0.00    0.00    0.00    0.00   99.00
01:54:08 PM    3    0.00    0.00    3.00    4.00    0.00    0.00    0.00    0.00    0.00   93.00
01:54:08 PM    4    0.00    0.00    1.00    0.00    0.00    0.00    0.00    0.00    0.00   99.00
01:54:08 PM    5    0.00    0.00    0.00    0.00    0.00    0.00    0.00    0.00    0.00  100.00
01:54:08 PM    6    0.00    0.00    0.00    0.00    0.00    0.00    0.00    0.00    0.00  100.00
01:54:08 PM    7    0.00    0.00    0.00    0.00    0.00    0.00    0.00    0.00    0.00  100.00
01:54:08 PM    8    0.00    0.00    1.00   12.00    0.00    0.00    0.00    0.00    0.00   87.00
01:54:08 PM    9    0.00    0.00    0.00    0.00    0.00    0.00    0.00    0.00    0.00  100.00
01:54:08 PM   10    0.00    1.01    5.05   86.87    0.00    0.00    0.00    0.00    0.00    7.07
01:54:08 PM   11    0.00    0.00    0.00   13.13    0.00    0.00    0.00    0.00    0.00   86.87
01:54:08 PM   12    0.00    0.00    1.01   34.34    0.00    0.00    0.00    0.00    0.00   64.65
01:54:08 PM   13    0.00    0.00    0.00    0.00    0.00    0.00    0.00    0.00    0.00  100.00
01:54:08 PM   14    0.00    0.00    0.00    0.00    0.00    0.00    0.00    0.00    0.00  100.00
01:54:08 PM   15    0.00    0.00    0.00   22.00    0.00    0.00    0.00    0.00    0.00   78.00
01:54:08 PM   16    0.00    0.00    0.00    0.00    0.00    0.00    0.00    0.00    0.00  100.00
01:54:08 PM   17    0.00    0.00    0.00    0.00    0.00    0.00    0.00    0.00    0.00  100.00
01:54:08 PM   18    0.00    0.00    0.00    0.00    0.00    0.00    0.00    0.00    0.00  100.00
01:54:08 PM   19    0.00    0.00    0.00    0.00    0.00    0.00    0.00    0.00    0.00  100.00
01:54:08 PM   20    0.00    0.00    0.00    0.00    0.00    0.00    0.00    0.00    0.00  100.00
01:54:08 PM   21    0.00    0.00    0.00    0.00    0.00    0.00    0.00    0.00    0.00  100.00
01:54:08 PM   22    0.00    0.00    0.00    0.00    0.00    0.00    0.00    0.00    0.00  100.00
01:54:08 PM   23    0.00    0.00    0.00    0.00    0.00    0.00    0.00    0.00    0.00  100.00
01:54:08 PM   24    0.00    0.00    0.00    0.00    0.00    0.00    0.00    0.00    0.00  100.00
01:54:08 PM   25    0.00    0.00    0.00    0.00    0.00    0.00    0.00    0.00    0.00  100.00
01:54:08 PM   26    0.00    0.00    0.00    0.00    0.00    0.00    0.00    0.00    0.00  100.00
01:54:08 PM   27    0.00    0.00    0.00    0.00    0.00    0.00    0.00    0.00    0.00  100.00
01:54:08 PM   28    0.00    0.00    0.00    0.00    0.00    0.00    0.00    0.00    0.00  100.00
01:54:08 PM   29    0.00    0.00    0.00    0.00    0.00    0.00    0.00    0.00    0.00  100.00
01:54:08 PM   30    0.00    0.00    0.00    0.00    0.00    0.00    0.00    0.00    0.00  100.00
01:54:08 PM   31    0.00    0.00    0.00    0.00    0.00    0.00    0.00    0.00    0.00  100.00

01:54:08 PM  CPU    %usr   %nice    %sys %iowait    %irq   %soft  %steal  %guest  %gnice   %idle
01:54:09 PM  all    0.03    0.00    0.22    6.67    0.00    0.00    0.00    0.00    0.00   93.08
01:54:09 PM    0    0.00    0.00    0.00    0.00    0.00    0.00    0.00    0.00    0.00  100.00
01:54:09 PM    1    0.00    0.00    0.00    0.00    0.00    0.00    0.00    0.00    0.00  100.00
01:54:09 PM    2    0.00    0.00    0.00    0.00    0.00    0.00    0.00    0.00    0.00  100.00
01:54:09 PM    3    0.00    0.00    0.00    0.00    0.00    0.00    0.00    0.00    0.00  100.00
01:54:09 PM    4    0.00    0.00    0.00    0.00    0.00    0.00    0.00    0.00    0.00  100.00
01:54:09 PM    5    0.00    0.00    0.99    0.00    0.00    0.00    0.00    0.00    0.00   99.01
01:54:09 PM    6    0.00    0.00    0.00    0.00    0.00    0.00    0.00    0.00    0.00  100.00
01:54:09 PM    7    0.00    0.00    0.00    0.00    0.00    0.00    0.00    0.00    0.00  100.00
01:54:09 PM    8    0.00    0.00    2.06   70.10    0.00    0.00    0.00    0.00    0.00   27.84
01:54:09 PM    9    0.00    0.00    0.00    0.00    0.00    0.00    0.00    0.00    0.00  100.00
01:54:09 PM   10    1.00    0.00    4.00   95.00    0.00    0.00    0.00    0.00    0.00    0.00
01:54:09 PM   11    0.00    0.00    0.00    0.00    0.00    0.00    0.00    0.00    0.00  100.00
01:54:09 PM   12    0.00    0.00    0.00    0.00    0.00    0.00    0.00    0.00    0.00  100.00
01:54:09 PM   13    0.00    0.00    0.00    0.00    0.00    0.00    0.00    0.00    0.00  100.00
01:54:09 PM   14    0.00    0.00    0.00    0.00    0.00    0.00    0.00    0.00    0.00  100.00
01:54:09 PM   15    0.00    0.00    0.00   50.00    0.00    0.00    0.00    0.00    0.00   50.00
01:54:09 PM   16    0.00    0.00    0.00    0.00    0.00    0.00    0.00    0.00    0.00  100.00
01:54:09 PM   17    0.00    0.00    0.00    0.00    0.00    0.00    0.00    0.00    0.00  100.00
01:54:09 PM   18    0.00    0.00    0.00    0.00    0.00    0.00    0.00    0.00    0.00  100.00
01:54:09 PM   19    0.00    0.00    0.00    0.00    0.00    0.00    0.00    0.00    0.00  100.00
01:54:09 PM   20    0.00    0.00    0.00    0.00    0.00    0.00    0.00    0.00    0.00  100.00
01:54:09 PM   21    0.00    0.00    0.00    0.00    0.00    0.00    0.00    0.00    0.00  100.00
01:54:09 PM   22    0.00    0.00    0.00    0.00    0.00    0.00    0.00    0.00    0.00  100.00
01:54:09 PM   23    0.00    0.00    0.00    0.00    0.00    0.00    0.00    0.00    0.00  100.00
01:54:09 PM   24    0.00    0.00    0.00    0.00    0.00    0.00    0.00    0.00    0.00  100.00
01:54:09 PM   25    0.00    0.00    0.00    0.00    0.00    0.00    0.00    0.00    0.00  100.00
01:54:09 PM   26    0.00    0.00    0.00    0.00    0.00    0.00    0.00    0.00    0.00  100.00
01:54:09 PM   27    0.00    0.00    0.00    0.00    0.00    0.00    0.00    0.00    0.00  100.00
01:54:09 PM   28    0.00    0.00    0.00    0.00    0.00    0.00    0.00    0.00    0.00  100.00
01:54:09 PM   29    0.00    0.00    0.00    0.00    0.00    0.00    0.00    0.00    0.00  100.00
01:54:09 PM   30    0.00    0.00    0.00    0.00    0.00    0.00    0.00    0.00    0.00  100.00
01:54:09 PM   31    0.00    0.00    0.00    0.00    0.00    0.00    0.00    0.00    0.00  100.00

01:54:09 PM  CPU    %usr   %nice    %sys %iowait    %irq   %soft  %steal  %guest  %gnice   %idle
01:54:10 PM  all    0.00    0.03    0.09    6.20    0.00    0.00    0.00    0.00    0.00   93.67
01:54:10 PM    0    0.00    0.00    0.00    0.00    0.00    0.00    0.00    0.00    0.00  100.00
01:54:10 PM    1    0.00    0.00    0.00    0.00    0.00    0.00    0.00    0.00    0.00  100.00
01:54:10 PM    2    0.00    0.00    0.00    0.00    0.00    0.00    0.00    0.00    0.00  100.00
01:54:10 PM    3    0.00    0.00    0.00    0.00    0.00    0.00    0.00    0.00    0.00  100.00
01:54:10 PM    4    0.00    0.00    0.00    0.00    0.00    0.00    0.00    0.00    0.00  100.00
01:54:10 PM    5    0.00    0.00    0.00    0.00    0.00    0.00    0.00    0.00    0.00  100.00
01:54:10 PM    6    0.00    0.00    0.00    0.00    0.00    0.00    0.00    0.00    0.00  100.00
01:54:10 PM    7    0.00    0.00    0.00    0.00    0.00    0.00    0.00    0.00    0.00  100.00
01:54:10 PM    8    0.00    0.00    0.99    8.91    0.00    0.00    0.00    0.00    0.00   90.10
01:54:10 PM    9    0.00    0.00    0.00    0.00    0.00    0.00    0.00    0.00    0.00  100.00
01:54:10 PM   10    0.00    0.00    2.08   92.71    0.00    0.00    0.00    0.00    0.00    5.21
01:54:10 PM   11    0.00    0.00    0.00   65.00    0.00    0.00    0.00    0.00    0.00   35.00
01:54:10 PM   12    0.00    0.00    0.00    0.00    0.00    0.00    0.00    0.00    0.00  100.00
01:54:10 PM   13    0.00    0.00    0.00    0.00    0.00    0.00    0.00    0.00    0.00  100.00
01:54:10 PM   14    0.00    1.00    0.00    0.00    0.00    0.00    0.00    0.00    0.00   99.00
01:54:10 PM   15    0.00    0.00    0.00   35.35    0.00    0.00    0.00    0.00    0.00   64.65
01:54:10 PM   16    0.00    0.00    0.00    0.00    0.00    0.00    0.00    0.00    0.00  100.00
01:54:10 PM   17    0.00    0.00    0.00    0.00    0.00    0.00    0.00    0.00    0.00  100.00
01:54:10 PM   18    0.00    0.00    0.00    0.00    0.00    0.00    0.00    0.00    0.00  100.00
01:54:10 PM   19    0.00    0.00    0.00    0.00    0.00    0.00    0.00    0.00    0.00  100.00
01:54:10 PM   20    0.00    0.00    0.00    0.00    0.00    0.00    0.00    0.00    0.00  100.00
01:54:10 PM   21    0.00    0.00    0.00    0.00    0.00    0.00    0.00    0.00    0.00  100.00
01:54:10 PM   22    0.00    0.00    0.00    0.00    0.00    0.00    0.00    0.00    0.00  100.00
01:54:10 PM   23    0.00    0.00    0.00    0.00    0.00    0.00    0.00    0.00    0.00  100.00
01:54:10 PM   24    0.00    0.00    0.00    0.00    0.00    0.00    0.00    0.00    0.00  100.00
01:54:10 PM   25    0.00    0.00    0.00    0.00    0.00    0.00    0.00    0.00    0.00  100.00
01:54:10 PM   26    0.00    0.00    0.00    0.00    0.00    0.00    0.00    0.00    0.00  100.00
01:54:10 PM   27    0.00    0.00    0.00    0.00    0.00    0.00    0.00    0.00    0.00  100.00
01:54:10 PM   28    0.00    0.00    0.00    0.00    0.00    0.00    0.00    0.00    0.00  100.00
01:54:10 PM   29    0.00    0.00    0.00    0.00    0.00    0.00    0.00    0.00    0.00  100.00
01:54:10 PM   30    0.00    0.00    0.00    0.00    0.00    0.00    0.00    0.00    0.00  100.00
01:54:10 PM   31    0.00    0.00    0.00    0.00    0.00    0.00    0.00    0.00    0.00  100.00

01:54:10 PM  CPU    %usr   %nice    %sys %iowait    %irq   %soft  %steal  %guest  %gnice   %idle
01:54:11 PM  all    0.03    0.00    0.22    8.39    0.00    0.00    0.00    0.00    0.00   91.36
01:54:11 PM    0    0.00    0.00    0.00    0.00    0.00    0.00    0.00    0.00    0.00  100.00
01:54:11 PM    1    0.00    0.00    0.00    0.00    0.00    0.00    0.00    0.00    0.00  100.00
01:54:11 PM    2    0.00    0.00    0.00    0.00    0.00    0.00    0.00    0.00    0.00  100.00
01:54:11 PM    3    0.00    0.00    0.00    0.00    0.00    0.00    0.00    0.00    0.00  100.00
01:54:11 PM    4    1.00    0.00    0.00    0.00    0.00    0.00    0.00    0.00    0.00   99.00
01:54:11 PM    5    0.00    0.00    0.00    0.00    0.00    0.00    0.00    0.00    0.00  100.00
01:54:11 PM    6    0.00    0.00    0.00    0.00    0.00    0.00    0.00    0.00    0.00  100.00
01:54:11 PM    7    0.00    0.00    0.00    0.00    0.00    0.00    0.00    0.00    0.00  100.00
01:54:11 PM    8    0.00    0.00    0.00  100.00    0.00    0.00    0.00    0.00    0.00    0.00
01:54:11 PM    9    0.00    0.00    0.00    0.00    0.00    0.00    0.00    0.00    0.00  100.00
01:54:11 PM   10    0.00    0.00    4.00    0.00    0.00    0.00    0.00    0.00    0.00   96.00
01:54:11 PM   11    0.00    0.00    0.00  100.00    0.00    0.00    0.00    0.00    0.00    0.00
01:54:11 PM   12    0.00    0.00    1.00    0.00    0.00    0.00    0.00    0.00    0.00   99.00
01:54:11 PM   13    0.00    0.00    0.00    0.00    0.00    0.00    0.00    0.00    0.00  100.00
01:54:11 PM   14    0.00    0.00    1.00    0.00    0.00    0.00    0.00    0.00    0.00   99.00
01:54:11 PM   15    0.00    0.00    0.00   71.72    0.00    0.00    0.00    0.00    0.00   28.28
01:54:11 PM   16    0.00    0.00    0.00    0.00    0.00    0.00    0.00    0.00    0.00  100.00
01:54:11 PM   17    0.00    0.00    0.00    0.00    0.00    0.00    0.00    0.00    0.00  100.00
01:54:11 PM   18    0.00    0.00    0.00    0.00    0.00    0.00    0.00    0.00    0.00  100.00
01:54:11 PM   19    0.00    0.00    0.00    0.00    0.00    0.00    0.00    0.00    0.00  100.00
01:54:11 PM   20    0.00    0.00    0.00    0.00    0.00    0.00    0.00    0.00    0.00  100.00
01:54:11 PM   21    0.00    0.00    0.00    0.00    0.00    0.00    0.00    0.00    0.00  100.00
01:54:11 PM   22    0.00    0.00    0.00    0.00    0.00    0.00    0.00    0.00    0.00  100.00
01:54:11 PM   23    0.00    0.00    1.00    0.00    0.00    0.00    0.00    0.00    0.00   99.00
01:54:11 PM   24    0.00    0.00    0.00    0.00    0.00    0.00    0.00    0.00    0.00  100.00
01:54:11 PM   25    0.00    0.00    0.00    0.00    0.00    0.00    0.00    0.00    0.00  100.00
01:54:11 PM   26    0.00    0.00    0.00    0.00    0.00    0.00    0.00    0.00    0.00  100.00
01:54:11 PM   27    0.00    0.00    0.00    0.00    0.00    0.00    0.00    0.00    0.00  100.00
01:54:11 PM   28    0.00    0.00    0.00    0.00    0.00    0.00    0.00    0.00    0.00  100.00
01:54:11 PM   29    0.00    0.00    0.00    0.00    0.00    0.00    0.00    0.00    0.00  100.00
01:54:11 PM   30    0.00    0.00    0.00    0.00    0.00    0.00    0.00    0.00    0.00  100.00
01:54:11 PM   31    0.00    0.00    0.00    0.00    0.00    0.00    0.00    0.00    0.00  100.00

01:54:11 PM  CPU    %usr   %nice    %sys %iowait    %irq   %soft  %steal  %guest  %gnice   %idle
01:54:12 PM  all    0.09    0.00    0.28    7.04    0.00    0.00    0.00    0.00    0.00   92.58
01:54:12 PM    0    0.00    0.00    0.00    0.00    0.00    0.00    0.00    0.00    0.00  100.00
01:54:12 PM    1    0.00    0.00    0.00    0.00    0.00    0.00    0.00    0.00    0.00  100.00
01:54:12 PM    2    0.00    0.00    1.00    0.00    0.00    0.00    0.00    0.00    0.00   99.00
01:54:12 PM    3    0.00    0.00    0.00    0.00    0.00    0.00    0.00    0.00    0.00  100.00
01:54:12 PM    4    0.00    0.00    1.00    0.00    0.00    0.00    0.00    0.00    0.00   99.00
01:54:12 PM    5    0.00    0.00    0.00    0.00    0.00    0.00    0.00    0.00    0.00  100.00
01:54:12 PM    6    0.00    0.00    0.00    0.00    0.00    0.00    0.00    0.00    0.00  100.00
01:54:12 PM    7    0.00    0.00    0.00    0.00    0.00    0.00    0.00    0.00    0.00  100.00
01:54:12 PM    8    0.00    0.00    3.03   57.58    0.00    0.00    0.00    0.00    0.00   39.39
01:54:12 PM    9    0.00    0.00    0.00    0.00    0.00    0.00    0.00    0.00    0.00  100.00
01:54:12 PM   10    1.00    0.00    4.00    0.00    0.00    0.00    0.00    0.00    0.00   95.00
01:54:12 PM   11    0.00    0.00    0.00  100.00    0.00    0.00    0.00    0.00    0.00    0.00
01:54:12 PM   12    1.00    0.00    0.00    0.00    0.00    0.00    0.00    0.00    0.00   99.00
01:54:12 PM   13    0.00    0.00    0.00   26.26    0.00    0.00    0.00    0.00    0.00   73.74
01:54:12 PM   14    1.00    0.00    0.00    0.00    0.00    0.00    0.00    0.00    0.00   99.00
01:54:12 PM   15    0.00    0.00    0.00   43.00    0.00    0.00    0.00    0.00    0.00   57.00
01:54:12 PM   16    0.00    0.00    0.00    0.00    0.00    0.00    0.00    0.00    0.00  100.00
01:54:12 PM   17    0.00    0.00    0.00    0.00    0.00    0.00    0.00    0.00    0.00  100.00
01:54:12 PM   18    0.00    0.00    0.00    0.00    0.00    0.00    0.00    0.00    0.00  100.00
01:54:12 PM   19    0.00    0.00    0.00    0.00    0.00    0.00    0.00    0.00    0.00  100.00
01:54:12 PM   20    0.00    0.00    0.00    0.00    0.00    0.00    0.00    0.00    0.00  100.00
01:54:12 PM   21    0.00    0.00    0.00    0.00    0.00    0.00    0.00    0.00    0.00  100.00
01:54:12 PM   22    0.00    0.00    0.00    0.00    0.00    0.00    0.00    0.00    0.00  100.00
01:54:12 PM   23    0.00    0.00    0.00    0.00    0.00    0.00    0.00    0.00    0.00  100.00
01:54:12 PM   24    0.00    0.00    0.00    0.00    0.00    0.00    0.00    0.00    0.00  100.00
01:54:12 PM   25    0.00    0.00    0.00    0.00    0.00    0.00    0.00    0.00    0.00  100.00
01:54:12 PM   26    0.00    0.00    0.00    0.00    0.00    0.00    0.00    0.00    0.00  100.00
01:54:12 PM   27    0.00    0.00    0.00    0.00    0.00    0.00    0.00    0.00    0.00  100.00
01:54:12 PM   28    0.00    0.00    0.00    0.00    0.00    0.00    0.00    0.00    0.00  100.00
01:54:12 PM   29    0.00    0.00    0.00    0.00    0.00    0.00    0.00    0.00    0.00  100.00
01:54:12 PM   30    0.00    0.00    0.00    0.00    0.00    0.00    0.00    0.00    0.00  100.00
01:54:12 PM   31    0.00    0.00    0.00    0.00    0.00    0.00    0.00    0.00    0.00  100.00

01:54:12 PM  CPU    %usr   %nice    %sys %iowait    %irq   %soft  %steal  %guest  %gnice   %idle
01:54:13 PM  all    0.00    0.03    0.06    9.18    0.00    0.00    0.00    0.00    0.00   90.72
01:54:13 PM    0    0.00    0.00    0.00    0.00    0.00    0.00    0.00    0.00    0.00  100.00
01:54:13 PM    1    0.00    0.00    0.00    0.00    0.00    0.00    0.00    0.00    0.00  100.00
01:54:13 PM    2    0.00    0.00    0.00    0.00    0.00    0.00    0.00    0.00    0.00  100.00
01:54:13 PM    3    0.00    0.00    0.00    0.00    0.00    0.00    0.00    0.00    0.00  100.00
01:54:13 PM    4    0.00    0.00    0.00    0.00    0.00    0.00    0.00    0.00    0.00  100.00
01:54:13 PM    5    0.00    0.00    0.00    0.00    0.00    0.00    0.00    0.00    0.00  100.00
01:54:13 PM    6    0.00    0.00    0.00    0.00    0.00    0.00    0.00    0.00    0.00  100.00
01:54:13 PM    7    0.00    0.00    0.00    0.00    0.00    0.00    0.00    0.00    0.00  100.00
01:54:13 PM    8    0.00    0.00    0.00   20.20    0.00    0.00    0.00    0.00    0.00   79.80
01:54:13 PM    9    0.00    0.00    0.00    0.00    0.00    0.00    0.00    0.00    0.00  100.00
01:54:13 PM   10    0.00    1.01    2.02   77.78    0.00    0.00    0.00    0.00    0.00   19.19
01:54:13 PM   11    0.00    0.00    0.00  100.00    0.00    0.00    0.00    0.00    0.00    0.00
01:54:13 PM   12    0.00    0.00    0.00    0.00    0.00    0.00    0.00    0.00    0.00  100.00
01:54:13 PM   13    0.00    0.00    0.00    0.00    0.00    0.00    0.00    0.00    0.00  100.00
01:54:13 PM   14    0.00    0.00    0.00    0.00    0.00    0.00    0.00    0.00    0.00  100.00
01:54:13 PM   15    0.00    0.00    0.00   96.97    0.00    0.00    0.00    0.00    0.00    3.03
01:54:13 PM   16    0.00    0.00    0.00    0.00    0.00    0.00    0.00    0.00    0.00  100.00
01:54:13 PM   17    0.00    0.00    0.00    0.00    0.00    0.00    0.00    0.00    0.00  100.00
01:54:13 PM   18    0.00    0.00    0.00    0.00    0.00    0.00    0.00    0.00    0.00  100.00
01:54:13 PM   19    0.00    0.00    0.00    0.00    0.00    0.00    0.00    0.00    0.00  100.00
01:54:13 PM   20    0.00    0.00    0.00    0.00    0.00    0.00    0.00    0.00    0.00  100.00
01:54:13 PM   21    0.00    0.00    0.00    0.00    0.00    0.00    0.00    0.00    0.00  100.00
01:54:13 PM   22    0.00    0.00    0.00    0.00    0.00    0.00    0.00    0.00    0.00  100.00
01:54:13 PM   23    0.00    0.00    0.00    0.00    0.00    0.00    0.00    0.00    0.00  100.00
01:54:13 PM   24    0.00    0.00    0.00    0.00    0.00    0.00    0.00    0.00    0.00  100.00
01:54:13 PM   25    0.00    0.00    0.00    0.00    0.00    0.00    0.00    0.00    0.00  100.00
01:54:13 PM   26    0.00    0.00    0.00    0.00    0.00    0.00    0.00    0.00    0.00  100.00
01:54:13 PM   27    0.00    0.00    0.00    0.00    0.00    0.00    0.00    0.00    0.00  100.00
01:54:13 PM   28    0.00    0.00    0.00    0.00    0.00    0.00    0.00    0.00    0.00  100.00
01:54:13 PM   29    0.00    0.00    0.00    0.00    0.00    0.00    0.00    0.00    0.00  100.00
01:54:13 PM   30    0.00    0.00    0.00    0.00    0.00    0.00    0.00    0.00    0.00  100.00
01:54:13 PM   31    0.00    0.00    0.00    0.00    0.00    0.00    0.00    0.00    0.00  100.00

01:54:13 PM  CPU    %usr   %nice    %sys %iowait    %irq   %soft  %steal  %guest  %gnice   %idle
01:54:14 PM  all    0.06    0.03    0.22    6.61    0.00    0.00    0.00    0.00    0.00   93.08
01:54:14 PM    0    0.00    0.00    0.00    0.00    0.00    0.00    0.00    0.00    0.00  100.00
01:54:14 PM    1    0.00    0.00    0.00    0.00    0.00    0.00    0.00    0.00    0.00  100.00
01:54:14 PM    2    1.00    0.00    0.00    0.00    0.00    0.00    0.00    0.00    0.00   99.00
01:54:14 PM    3    0.00    0.00    0.00    0.00    0.00    0.00    0.00    0.00    0.00  100.00
01:54:14 PM    4    0.00    0.99    0.00    0.00    0.00    0.00    0.00    0.00    0.00   99.01
01:54:14 PM    5    0.00    0.00    0.00    0.00    0.00    0.00    0.00    0.00    0.00  100.00
01:54:14 PM    6    0.00    0.00    1.00    0.00    0.00    0.00    0.00    0.00    0.00   99.00
01:54:14 PM    7    0.00    0.00    0.00    0.00    0.00    0.00    0.00    0.00    0.00  100.00
01:54:14 PM    8    0.00    0.00    1.01   68.69    0.00    0.00    0.00    0.00    0.00   30.30
01:54:14 PM    9    0.00    0.00    0.00    0.00    0.00    0.00    0.00    0.00    0.00  100.00
01:54:14 PM   10    1.01    0.00    3.03   13.13    0.00    0.00    0.00    0.00    0.00   82.83
01:54:14 PM   11    0.00    0.00    1.01   98.99    0.00    0.00    0.00    0.00    0.00    0.00
01:54:14 PM   12    0.00    0.00    0.00    0.00    0.00    0.00    0.00    0.00    0.00  100.00
01:54:14 PM   13    0.00    0.00    0.00    0.99    0.00    0.00    0.00    0.00    0.00   99.01
01:54:14 PM   14    0.00    0.00    0.00    0.00    0.00    0.00    0.00    0.00    0.00  100.00
01:54:14 PM   15    0.00    0.00    0.00   31.31    0.00    0.00    0.00    0.00    0.00   68.69
01:54:14 PM   16    0.00    0.00    1.00    0.00    0.00    0.00    0.00    0.00    0.00   99.00
01:54:14 PM   17    0.00    0.00    0.00    0.00    0.00    0.00    0.00    0.00    0.00  100.00
01:54:14 PM   18    0.00    0.00    0.00    0.00    0.00    0.00    0.00    0.00    0.00  100.00
01:54:14 PM   19    0.00    0.00    0.00    0.00    0.00    0.00    0.00    0.00    0.00  100.00
01:54:14 PM   20    0.00    0.00    0.00    0.00    0.00    0.00    0.00    0.00    0.00  100.00
01:54:14 PM   21    0.00    0.00    0.00    0.00    0.00    0.00    0.00    0.00    0.00  100.00
01:54:14 PM   22    0.00    0.00    0.00    0.00    0.00    0.00    0.00    0.00    0.00  100.00
01:54:14 PM   23    0.00    0.00    0.00    0.00    0.00    0.00    0.00    0.00    0.00  100.00
01:54:14 PM   24    0.00    0.00    0.00    0.00    0.00    0.00    0.00    0.00    0.00  100.00
01:54:14 PM   25    0.00    0.00    0.00    0.00    0.00    0.00    0.00    0.00    0.00  100.00
01:54:14 PM   26    0.00    0.00    0.00    0.00    0.00    0.00    0.00    0.00    0.00  100.00
01:54:14 PM   27    0.00    0.00    0.00    0.00    0.00    0.00    0.00    0.00    0.00  100.00
01:54:14 PM   28    0.00    0.00    0.00    0.00    0.00    0.00    0.00    0.00    0.00  100.00
01:54:14 PM   29    0.00    0.00    0.00    0.00    0.00    0.00    0.00    0.00    0.00  100.00
01:54:14 PM   30    0.00    0.00    0.00    0.00    0.00    0.00    0.00    0.00    0.00  100.00
01:54:14 PM   31    0.00    0.00    0.00    0.00    0.00    0.00    0.00    0.00    0.00  100.00

01:54:14 PM  CPU    %usr   %nice    %sys %iowait    %irq   %soft  %steal  %guest  %gnice   %idle
01:54:15 PM  all    0.06    0.00    0.38    7.79    0.00    0.00    0.00    0.00    0.00   91.77
01:54:15 PM    0    0.00    0.00    0.00    0.00    0.00    0.00    0.00    0.00    0.00  100.00
01:54:15 PM    1    0.00    0.00    0.00    0.00    0.00    0.00    0.00    0.00    0.00  100.00
01:54:15 PM    2    0.00    0.00    1.01    0.00    0.00    0.00    0.00    0.00    0.00   98.99
01:54:15 PM    3    0.00    0.00    0.00    0.00    0.00    0.00    0.00    0.00    0.00  100.00
01:54:15 PM    4    0.00    0.00    0.00    0.00    0.00    0.00    0.00    0.00    0.00  100.00
01:54:15 PM    5    0.00    0.00    0.00    0.00    0.00    0.00    0.00    0.00    0.00  100.00
01:54:15 PM    6    0.00    0.00    0.00    0.00    0.00    0.00    0.00    0.00    0.00  100.00
01:54:15 PM    7    0.00    0.00    0.00    0.00    0.00    0.00    0.00    0.00    0.00  100.00
01:54:15 PM    8    1.02    0.00    3.06   33.67    0.00    0.00    0.00    0.00    0.00   62.24
01:54:15 PM    9    0.00    0.00    0.00    0.00    0.00    0.00    0.00    0.00    0.00  100.00
01:54:15 PM   10    1.01    0.00    6.06   56.57    0.00    0.00    0.00    0.00    0.00   36.36
01:54:15 PM   11    0.00    0.00    0.00  100.00    0.00    0.00    0.00    0.00    0.00    0.00
01:54:15 PM   12    0.00    0.00    0.00    0.00    0.00    0.00    0.00    0.00    0.00  100.00
01:54:15 PM   13    0.00    0.00    0.00   56.00    0.00    0.00    0.00    0.00    0.00   44.00
01:54:15 PM   14    0.00    0.00    1.00    0.00    0.00    0.00    0.00    0.00    0.00   99.00
01:54:15 PM   15    0.00    0.00    0.00    0.00    0.00    0.00    0.00    0.00    0.00  100.00
01:54:15 PM   16    0.00    0.00    0.00    4.00    0.00    0.00    0.00    0.00    0.00   96.00
01:54:15 PM   17    0.00    0.00    0.00    0.00    0.00    0.00    0.00    0.00    0.00  100.00
01:54:15 PM   18    0.00    0.00    0.00    0.00    0.00    0.00    0.00    0.00    0.00  100.00
01:54:15 PM   19    0.00    0.00    0.00    0.00    0.00    0.00    0.00    0.00    0.00  100.00
01:54:15 PM   20    0.00    0.00    0.00    0.00    0.00    0.00    0.00    0.00    0.00  100.00
01:54:15 PM   21    0.00    0.00    0.00    0.00    0.00    0.00    0.00    0.00    0.00  100.00
01:54:15 PM   22    0.00    0.00    0.00    0.00    0.00    0.00    0.00    0.00    0.00  100.00
01:54:15 PM   23    0.00    0.00    0.99    0.00    0.00    0.00    0.00    0.00    0.00   99.01
01:54:15 PM   24    0.00    0.00    0.00    0.00    0.00    0.00    0.00    0.00    0.00  100.00
01:54:15 PM   25    0.00    0.00    0.00    0.00    0.00    0.00    0.00    0.00    0.00  100.00
01:54:15 PM   26    0.00    0.00    0.00    0.00    0.00    0.00    0.00    0.00    0.00  100.00
01:54:15 PM   27    0.00    0.00    0.00    0.00    0.00    0.00    0.00    0.00    0.00  100.00
01:54:15 PM   28    0.00    0.00    0.00    0.00    0.00    0.00    0.00    0.00    0.00  100.00
01:54:15 PM   29    0.00    0.00    0.00    0.00    0.00    0.00    0.00    0.00    0.00  100.00
01:54:15 PM   30    0.00    0.00    0.00    0.00    0.00    0.00    0.00    0.00    0.00  100.00
01:54:15 PM   31    0.00    0.00    0.00    0.00    0.00    0.00    0.00    0.00    0.00  100.00

01:54:15 PM  CPU    %usr   %nice    %sys %iowait    %irq   %soft  %steal  %guest  %gnice   %idle
01:54:16 PM  all    0.00    0.00    0.13    7.49    0.00    0.00    0.00    0.00    0.00   92.38
01:54:16 PM    0    0.00    0.00    0.00    0.00    0.00    0.00    0.00    0.00    0.00  100.00
01:54:16 PM    1    0.00    0.00    0.00    0.00    0.00    0.00    0.00    0.00    0.00  100.00
01:54:16 PM    2    0.00    0.00    0.00    0.00    0.00    0.00    0.00    0.00    0.00  100.00
01:54:16 PM    3    0.00    0.00    0.00    0.00    0.00    0.00    0.00    0.00    0.00  100.00
01:54:16 PM    4    0.00    0.00    0.00    0.00    0.00    0.00    0.00    0.00    0.00  100.00
01:54:16 PM    5    0.00    0.00    0.00    0.00    0.00    0.00    0.00    0.00    0.00  100.00
01:54:16 PM    6    0.00    0.00    0.00    0.00    0.00    0.00    0.00    0.00    0.00  100.00
01:54:16 PM    7    0.00    0.00    0.00    0.00    0.00    0.00    0.00    0.00    0.00  100.00
01:54:16 PM    8    0.00    0.00    0.00   74.75    0.00    0.00    0.00    0.00    0.00   25.25
01:54:16 PM    9    0.00    0.00    0.00    0.00    0.00    0.00    0.00    0.00    0.00  100.00
01:54:16 PM   10    0.00    0.00    3.03    0.00    0.00    0.00    0.00    0.00    0.00   96.97
01:54:16 PM   11    0.00    0.00    0.00  100.00    0.00    0.00    0.00    0.00    0.00    0.00
01:54:16 PM   12    0.00    0.00    1.01    0.00    0.00    0.00    0.00    0.00    0.00   98.99
01:54:16 PM   13    0.00    0.00    0.00   65.66    0.00    0.00    0.00    0.00    0.00   34.34
01:54:16 PM   14    0.00    0.00    0.00    0.00    0.00    0.00    0.00    0.00    0.00  100.00
01:54:16 PM   15    0.00    0.00    0.00    0.00    0.00    0.00    0.00    0.00    0.00  100.00
01:54:16 PM   16    0.00    0.00    0.00    0.00    0.00    0.00    0.00    0.00    0.00  100.00
01:54:16 PM   17    0.00    0.00    0.00    0.00    0.00    0.00    0.00    0.00    0.00  100.00
01:54:16 PM   18    0.00    0.00    0.00    0.00    0.00    0.00    0.00    0.00    0.00  100.00
01:54:16 PM   19    0.00    0.00    0.00    0.00    0.00    0.00    0.00    0.00    0.00  100.00
01:54:16 PM   20    0.00    0.00    0.00    0.00    0.00    0.00    0.00    0.00    0.00  100.00
01:54:16 PM   21    0.00    0.00    0.00    0.00    0.00    0.00    0.00    0.00    0.00  100.00
01:54:16 PM   22    0.00    0.00    0.00    0.00    0.00    0.00    0.00    0.00    0.00  100.00
01:54:16 PM   23    0.00    0.00    0.00    0.00    0.00    0.00    0.00    0.00    0.00  100.00
01:54:16 PM   24    0.00    0.00    0.00    0.00    0.00    0.00    0.00    0.00    0.00  100.00
01:54:16 PM   25    0.00    0.00    0.00    0.00    0.00    0.00    0.00    0.00    0.00  100.00
01:54:16 PM   26    0.00    0.00    0.00    0.00    0.00    0.00    0.00    0.00    0.00  100.00
01:54:16 PM   27    0.00    0.00    0.00    0.00    0.00    0.00    0.00    0.00    0.00  100.00
01:54:16 PM   28    0.00    0.00    0.00    0.00    0.00    0.00    0.00    0.00    0.00  100.00
01:54:16 PM   29    0.00    0.00    0.00    0.00    0.00    0.00    0.00    0.00    0.00  100.00
01:54:16 PM   30    0.00    0.00    0.00    0.00    0.00    0.00    0.00    0.00    0.00  100.00
01:54:16 PM   31    0.00    0.00    0.00    0.00    0.00    0.00    0.00    0.00    0.00  100.00

01:54:16 PM  CPU    %usr   %nice    %sys %iowait    %irq   %soft  %steal  %guest  %gnice   %idle
01:54:17 PM  all    0.00    0.06    0.22    9.40    0.00    0.00    0.00    0.00    0.00   90.32
01:54:17 PM    0    0.00    0.00    0.00    0.00    0.00    0.00    0.00    0.00    0.00  100.00
01:54:17 PM    1    0.00    0.00    0.00    0.00    0.00    0.00    0.00    0.00    0.00  100.00
01:54:17 PM    2    0.00    0.00    0.00    0.00    0.00    0.00    0.00    0.00    0.00  100.00
01:54:17 PM    3    0.00    0.00    0.00    0.00    0.00    0.00    0.00    0.00    0.00  100.00
01:54:17 PM    4    0.00    0.00    0.00    0.00    0.00    0.00    0.00    0.00    0.00  100.00
01:54:17 PM    5    0.00    0.00    0.00    0.00    0.00    0.00    0.00    0.00    0.00  100.00
01:54:17 PM    6    0.00    0.00    0.00    9.09    0.00    0.00    0.00    0.00    0.00   90.91
01:54:17 PM    7    0.00    0.00    0.00    0.00    0.00    0.00    0.00    0.00    0.00  100.00
01:54:17 PM    8    0.00    0.00    1.02   83.67    0.00    0.00    0.00    0.00    0.00   15.31
01:54:17 PM    9    0.00    0.00    0.00    0.00    0.00    0.00    0.00    0.00    0.00  100.00
01:54:17 PM   10    0.00    1.00    5.00   14.00    0.00    0.00    0.00    0.00    0.00   80.00
01:54:17 PM   11    0.00    0.00    0.00  100.00    0.00    0.00    0.00    0.00    0.00    0.00
01:54:17 PM   12    0.00    0.00    0.99   32.67    0.00    0.00    0.00    0.00    0.00   66.34
01:54:17 PM   13    0.00    0.00    0.00    0.00    0.00    0.00    0.00    0.00    0.00  100.00
01:54:17 PM   14    0.00    0.00    0.00   63.00    0.00    0.00    0.00    0.00    0.00   37.00
01:54:17 PM   15    0.00    0.00    0.00    0.00    0.00    0.00    0.00    0.00    0.00  100.00
01:54:17 PM   16    0.00    0.00    0.00    0.00    0.00    0.00    0.00    0.00    0.00  100.00
01:54:17 PM   17    0.00    0.00    0.00    0.00    0.00    0.00    0.00    0.00    0.00  100.00
01:54:17 PM   18    0.00    0.00    0.00    0.00    0.00    0.00    0.00    0.00    0.00  100.00
01:54:17 PM   19    0.00    0.00    0.00    0.00    0.00    0.00    0.00    0.00    0.00  100.00
01:54:17 PM   20    0.00    0.00    0.00    0.00    0.00    0.00    0.00    0.00    0.00  100.00
01:54:17 PM   21    0.00    0.00    0.00    0.00    0.00    0.00    0.00    0.00    0.00  100.00
01:54:17 PM   22    0.00    0.00    0.00    0.00    0.00    0.00    0.00    0.00    0.00  100.00
01:54:17 PM   23    0.00    1.00    0.00    0.00    0.00    0.00    0.00    0.00    0.00   99.00
01:54:17 PM   24    0.00    0.00    0.00    0.00    0.00    0.00    0.00    0.00    0.00  100.00
01:54:17 PM   25    0.00    0.00    0.00    0.00    0.00    0.00    0.00    0.00    0.00  100.00
01:54:17 PM   26    0.00    0.00    0.00    0.00    0.00    0.00    0.00    0.00    0.00  100.00
01:54:17 PM   27    0.00    0.00    0.00    0.00    0.00    0.00    0.00    0.00    0.00  100.00
01:54:17 PM   28    0.00    0.00    0.00    0.00    0.00    0.00    0.00    0.00    0.00  100.00
01:54:17 PM   29    0.00    0.00    0.00    0.00    0.00    0.00    0.00    0.00    0.00  100.00
01:54:17 PM   30    0.00    0.00    0.00    0.00    0.00    0.00    0.00    0.00    0.00  100.00
01:54:17 PM   31    0.00    0.00    0.00    0.00    0.00    0.00    0.00    0.00    0.00  100.00

01:54:17 PM  CPU    %usr   %nice    %sys %iowait    %irq   %soft  %steal  %guest  %gnice   %idle
01:54:18 PM  all    0.03    0.00    0.22    6.95    0.00    0.00    0.00    0.00    0.00   92.80
01:54:18 PM    0    0.00    0.00    0.00    0.00    0.00    0.00    0.00    0.00    0.00  100.00
01:54:18 PM    1    0.00    0.00    0.00    0.00    0.00    0.00    0.00    0.00    0.00  100.00
01:54:18 PM    2    0.00    0.00    0.00    0.00    0.00    0.00    0.00    0.00    0.00  100.00
01:54:18 PM    3    0.00    0.00    0.00    0.00    0.00    0.00    0.00    0.00    0.00  100.00
01:54:18 PM    4    0.00    0.00    0.00    0.00    0.00    0.00    0.00    0.00    0.00  100.00
01:54:18 PM    5    0.00    0.00    0.00    0.00    0.00    0.00    0.00    0.00    0.00  100.00
01:54:18 PM    6    0.00    0.00    0.00    0.00    0.00    0.00    0.00    0.00    0.00  100.00
01:54:18 PM    7    0.00    0.00    0.00    0.00    0.00    0.00    0.00    0.00    0.00  100.00
01:54:18 PM    8    0.00    0.00    2.04   38.78    0.00    0.00    0.00    0.00    0.00   59.18
01:54:18 PM    9    0.00    0.00    0.00    0.00    0.00    0.00    0.00    0.00    0.00  100.00
01:54:18 PM   10    1.01    0.00    4.04   34.34    0.00    0.00    0.00    0.00    0.00   60.61
01:54:18 PM   11    0.00    0.00    0.99   99.01    0.00    0.00    0.00    0.00    0.00    0.00
01:54:18 PM   12    0.00    0.00    0.00   38.78    0.00    0.00    0.00    0.00    0.00   61.22
01:54:18 PM   13    0.00    0.00    0.00    0.00    0.00    0.00    0.00    0.00    0.00  100.00
01:54:18 PM   14    0.00    0.00    0.00   12.12    0.00    0.00    0.00    0.00    0.00   87.88
01:54:18 PM   15    0.00    0.00    0.00    0.00    0.00    0.00    0.00    0.00    0.00  100.00
01:54:18 PM   16    0.00    0.00    0.00    0.00    0.00    0.00    0.00    0.00    0.00  100.00
01:54:18 PM   17    0.00    0.00    0.00    0.00    0.00    0.00    0.00    0.00    0.00  100.00
01:54:18 PM   18    0.00    0.00    0.00    0.00    0.00    0.00    0.00    0.00    0.00  100.00
01:54:18 PM   19    0.00    0.00    0.00    0.00    0.00    0.00    0.00    0.00    0.00  100.00
01:54:18 PM   20    0.00    0.00    0.00    0.00    0.00    0.00    0.00    0.00    0.00  100.00
01:54:18 PM   21    0.00    0.00    0.00    0.00    0.00    0.00    0.00    0.00    0.00  100.00
01:54:18 PM   22    0.00    0.00    0.00    0.00    0.00    0.00    0.00    0.00    0.00  100.00
01:54:18 PM   23    0.00    0.00    0.00    0.00    0.00    0.00    0.00    0.00    0.00  100.00
01:54:18 PM   24    0.00    0.00    0.00    0.00    0.00    0.00    0.00    0.00    0.00  100.00
01:54:18 PM   25    0.00    0.00    0.00    0.00    0.00    0.00    0.00    0.00    0.00  100.00
01:54:18 PM   26    0.00    0.00    0.00    0.00    0.00    0.00    0.00    0.00    0.00  100.00
01:54:18 PM   27    0.00    0.00    0.00    0.00    0.00    0.00    0.00    0.00    0.00  100.00
01:54:18 PM   28    0.00    0.00    0.00    0.00    0.00    0.00    0.00    0.00    0.00  100.00
01:54:18 PM   29    0.00    0.00    0.00    0.00    0.00    0.00    0.00    0.00    0.00  100.00
01:54:18 PM   30    0.00    0.00    0.00    0.00    0.00    0.00    0.00    0.00    0.00  100.00
01:54:18 PM   31    0.00    0.00    0.00    0.00    0.00    0.00    0.00    0.00    0.00  100.00

01:54:18 PM  CPU    %usr   %nice    %sys %iowait    %irq   %soft  %steal  %guest  %gnice   %idle
01:54:19 PM  all    0.00    0.00    0.19    4.45    0.00    0.00    0.00    0.00    0.00   95.36
01:54:19 PM    0    0.00    0.00    0.00    0.00    0.00    0.00    0.00    0.00    0.00  100.00
01:54:19 PM    1    0.00    0.00    0.00    0.00    0.00    0.00    0.00    0.00    0.00  100.00
01:54:19 PM    2    0.00    0.00    1.00    0.00    0.00    0.00    0.00    0.00    0.00   99.00
01:54:19 PM    3    0.00    0.00    0.00    0.00    0.00    0.00    0.00    0.00    0.00  100.00
01:54:19 PM    4    0.00    0.00    0.00    0.00    0.00    0.00    0.00    0.00    0.00  100.00
01:54:19 PM    5    0.00    0.00    0.00    0.00    0.00    0.00    0.00    0.00    0.00  100.00
01:54:19 PM    6    0.00    0.00    1.00    0.00    0.00    0.00    0.00    0.00    0.00   99.00
01:54:19 PM    7    0.00    0.00    0.00    0.00    0.00    0.00    0.00    0.00    0.00  100.00
01:54:19 PM    8    0.00    0.00    2.00    3.00    0.00    0.00    0.00    0.00    0.00   95.00
01:54:19 PM    9    0.00    0.00    0.00    0.00    0.00    0.00    0.00    0.00    0.00  100.00
01:54:19 PM   10    0.00    0.00    2.00    0.00    0.00    0.00    0.00    0.00    0.00   98.00
01:54:19 PM   11    0.00    0.00    0.00  100.00    0.00    0.00    0.00    0.00    0.00    0.00
01:54:19 PM   12    0.00    0.00    0.00   41.41    0.00    0.00    0.00    0.00    0.00   58.59
01:54:19 PM   13    0.00    0.00    0.00    0.00    0.00    0.00    0.00    0.00    0.00  100.00
01:54:19 PM   14    0.00    0.00    0.00    0.00    0.00    0.00    0.00    0.00    0.00  100.00
01:54:19 PM   15    0.00    0.00    0.00    0.00    0.00    0.00    0.00    0.00    0.00  100.00
01:54:19 PM   16    0.00    0.00    0.00    0.00    0.00    0.00    0.00    0.00    0.00  100.00
01:54:19 PM   17    0.00    0.00    0.00    0.00    0.00    0.00    0.00    0.00    0.00  100.00
01:54:19 PM   18    0.00    0.00    0.00    0.00    0.00    0.00    0.00    0.00    0.00  100.00
01:54:19 PM   19    0.00    0.00    0.00    0.00    0.00    0.00    0.00    0.00    0.00  100.00
01:54:19 PM   20    0.00    0.00    0.00    0.00    0.00    0.00    0.00    0.00    0.00  100.00
01:54:19 PM   21    0.00    0.00    0.00    0.00    0.00    0.00    0.00    0.00    0.00  100.00
01:54:19 PM   22    0.00    0.00    0.00    0.00    0.00    0.00    0.00    0.00    0.00  100.00
01:54:19 PM   23    0.00    0.00    0.00    0.00    0.00    0.00    0.00    0.00    0.00  100.00
01:54:19 PM   24    0.00    0.00    0.00    0.00    0.00    0.00    0.00    0.00    0.00  100.00
01:54:19 PM   25    0.00    0.00    0.00    0.00    0.00    0.00    0.00    0.00    0.00  100.00
01:54:19 PM   26    0.00    0.00    0.00    0.00    0.00    0.00    0.00    0.00    0.00  100.00
01:54:19 PM   27    0.00    0.00    0.00    0.00    0.00    0.00    0.00    0.00    0.00  100.00
01:54:19 PM   28    0.00    0.00    0.00    0.00    0.00    0.00    0.00    0.00    0.00  100.00
01:54:19 PM   29    0.00    0.00    0.00    0.00    0.00    0.00    0.00    0.00    0.00  100.00
01:54:19 PM   30    0.00    0.00    0.00    0.00    0.00    0.00    0.00    0.00    0.00  100.00
01:54:19 PM   31    0.00    0.00    0.00    0.00    0.00    0.00    0.00    0.00    0.00  100.00

01:54:19 PM  CPU    %usr   %nice    %sys %iowait    %irq   %soft  %steal  %guest  %gnice   %idle
01:54:20 PM  all    0.09    0.03    0.16    6.73    0.00    0.00    0.00    0.00    0.00   92.99
01:54:20 PM    0    0.00    0.00    0.00    0.00    0.00    0.00    0.00    0.00    0.00  100.00
01:54:20 PM    1    0.00    0.00    0.00    0.00    0.00    0.00    0.00    0.00    0.00  100.00
01:54:20 PM    2    1.01    0.00    0.00    0.00    0.00    0.00    0.00    0.00    0.00   98.99
01:54:20 PM    3    0.00    0.00    0.00    0.00    0.00    0.00    0.00    0.00    0.00  100.00
01:54:20 PM    4    0.00    0.00    0.00    0.00    0.00    0.00    0.00    0.00    0.00  100.00
01:54:20 PM    5    0.00    0.00    0.00    0.00    0.00    0.00    0.00    0.00    0.00  100.00
01:54:20 PM    6    0.00    0.00    0.00    0.00    0.00    0.00    0.00    0.00    0.00  100.00
01:54:20 PM    7    0.00    0.00    0.00    0.00    0.00    0.00    0.00    0.00    0.00  100.00
01:54:20 PM    8    0.00    0.00    1.00    0.00    0.00    0.00    0.00    0.00    0.00   99.00
01:54:20 PM    9    0.00    0.00    0.00    0.00    0.00    0.00    0.00    0.00    0.00  100.00
01:54:20 PM   10    0.99    0.99    2.97    0.00    0.00    0.00    0.00    0.00    0.00   95.05
01:54:20 PM   11    0.00    0.00    0.00   86.73    0.00    0.00    0.00    0.00    0.00   13.27
01:54:20 PM   12    0.00    0.00    0.99   51.49    0.00    0.00    0.00    0.00    0.00   47.52
01:54:20 PM   13    0.00    0.00    0.00   77.23    0.00    0.00    0.00    0.00    0.00   22.77
01:54:20 PM   14    0.00    0.00    0.00    0.00    0.00    0.00    0.00    0.00    0.00  100.00
01:54:20 PM   15    0.00    0.00    0.00    0.00    0.00    0.00    0.00    0.00    0.00  100.00
01:54:20 PM   16    0.00    0.00    0.00    0.00    0.00    0.00    0.00    0.00    0.00  100.00
01:54:20 PM   17    0.00    0.00    0.00    0.00    0.00    0.00    0.00    0.00    0.00  100.00
01:54:20 PM   18    0.00    0.00    0.00    0.00    0.00    0.00    0.00    0.00    0.00  100.00
01:54:20 PM   19    0.00    0.00    0.00    0.00    0.00    0.00    0.00    0.00    0.00  100.00
01:54:20 PM   20    0.00    0.00    0.00    0.00    0.00    0.00    0.00    0.00    0.00  100.00
01:54:20 PM   21    0.00    0.00    0.00    0.00    0.00    0.00    0.00    0.00    0.00  100.00
01:54:20 PM   22    0.00    0.00    0.00    0.00    0.00    0.00    0.00    0.00    0.00  100.00
01:54:20 PM   23    0.00    0.00    0.00    0.00    0.00    0.00    0.00    0.00    0.00  100.00
01:54:20 PM   24    0.99    0.00    0.00    0.00    0.00    0.00    0.00    0.00    0.00   99.01
01:54:20 PM   25    0.00    0.00    0.00    0.00    0.00    0.00    0.00    0.00    0.00  100.00
01:54:20 PM   26    0.00    0.00    0.00    0.00    0.00    0.00    0.00    0.00    0.00  100.00
01:54:20 PM   27    0.00    0.00    0.00    0.00    0.00    0.00    0.00    0.00    0.00  100.00
01:54:20 PM   28    0.00    0.00    0.00    0.00    0.00    0.00    0.00    0.00    0.00  100.00
01:54:20 PM   29    0.00    0.00    0.00    0.00    0.00    0.00    0.00    0.00    0.00  100.00
01:54:20 PM   30    0.00    0.00    0.00    0.00    0.00    0.00    0.00    0.00    0.00  100.00
01:54:20 PM   31    0.00    0.00    0.00    0.00    0.00    0.00    0.00    0.00    0.00  100.00

01:54:20 PM  CPU    %usr   %nice    %sys %iowait    %irq   %soft  %steal  %guest  %gnice   %idle
01:54:21 PM  all    0.00    0.00    0.19    6.05    0.00    0.00    0.00    0.00    0.00   93.76
01:54:21 PM    0    0.00    0.00    0.00    0.00    0.00    0.00    0.00    0.00    0.00  100.00
01:54:21 PM    1    0.00    0.00    0.00    0.00    0.00    0.00    0.00    0.00    0.00  100.00
01:54:21 PM    2    0.00    0.00    0.00    0.00    0.00    0.00    0.00    0.00    0.00  100.00
01:54:21 PM    3    0.00    0.00    0.00    0.00    0.00    0.00    0.00    0.00    0.00  100.00
01:54:21 PM    4    0.00    0.00    0.00    0.00    0.00    0.00    0.00    0.00    0.00  100.00
01:54:21 PM    5    0.00    0.00    0.00    0.00    0.00    0.00    0.00    0.00    0.00  100.00
01:54:21 PM    6    0.00    0.00    0.00    0.00    0.00    0.00    0.00    0.00    0.00  100.00
01:54:21 PM    7    0.00    0.00    0.00    0.00    0.00    0.00    0.00    0.00    0.00  100.00
01:54:21 PM    8    0.00    0.00    2.00   24.00    0.00    0.00    0.00    0.00    0.00   74.00
01:54:21 PM    9    0.00    0.00    0.00    0.00    0.00    0.00    0.00    0.00    0.00  100.00
01:54:21 PM   10    0.00    0.00    4.04    0.00    0.00    0.00    0.00    0.00    0.00   95.96
01:54:21 PM   11    0.00    0.00    0.00  100.00    0.00    0.00    0.00    0.00    0.00    0.00
01:54:21 PM   12    0.00    0.00    0.00   28.28    0.00    0.00    0.00    0.00    0.00   71.72
01:54:21 PM   13    0.00    0.00    0.00   43.43    0.00    0.00    0.00    0.00    0.00   56.57
01:54:21 PM   14    0.00    0.00    0.00    0.00    0.00    0.00    0.00    0.00    0.00  100.00
01:54:21 PM   15    0.00    0.00    0.00    0.00    0.00    0.00    0.00    0.00    0.00  100.00
01:54:21 PM   16    0.00    0.00    0.00    0.00    0.00    0.00    0.00    0.00    0.00  100.00
01:54:21 PM   17    0.00    0.00    0.00    0.00    0.00    0.00    0.00    0.00    0.00  100.00
01:54:21 PM   18    0.00    0.00    0.00    0.00    0.00    0.00    0.00    0.00    0.00  100.00
01:54:21 PM   19    0.00    0.00    0.00    0.00    0.00    0.00    0.00    0.00    0.00  100.00
01:54:21 PM   20    0.00    0.00    0.00    0.00    0.00    0.00    0.00    0.00    0.00  100.00
01:54:21 PM   21    0.00    0.00    0.00    0.00    0.00    0.00    0.00    0.00    0.00  100.00
01:54:21 PM   22    0.00    0.00    0.00    0.00    0.00    0.00    0.00    0.00    0.00  100.00
01:54:21 PM   23    0.00    0.00    0.00    0.00    0.00    0.00    0.00    0.00    0.00  100.00
01:54:21 PM   24    0.00    0.00    0.00    0.00    0.00    0.00    0.00    0.00    0.00  100.00
01:54:21 PM   25    0.00    0.00    0.00    0.00    0.00    0.00    0.00    0.00    0.00  100.00
01:54:21 PM   26    0.00    0.00    0.00    0.00    0.00    0.00    0.00    0.00    0.00  100.00
01:54:21 PM   27    0.00    0.00    0.00    0.00    0.00    0.00    0.00    0.00    0.00  100.00
01:54:21 PM   28    0.00    0.00    0.00    0.00    0.00    0.00    0.00    0.00    0.00  100.00
01:54:21 PM   29    0.00    0.00    0.00    0.00    0.00    0.00    0.00    0.00    0.00  100.00
01:54:21 PM   30    0.00    0.00    0.00    0.00    0.00    0.00    0.00    0.00    0.00  100.00
01:54:21 PM   31    0.00    0.00    0.00    0.00    0.00    0.00    0.00    0.00    0.00  100.00

01:54:21 PM  CPU    %usr   %nice    %sys %iowait    %irq   %soft  %steal  %guest  %gnice   %idle
01:54:22 PM  all    0.13    0.00    0.13   12.90    0.00    0.00    0.00    0.00    0.00   86.85
01:54:22 PM    0    0.00    0.00    0.00    0.00    0.00    0.00    0.00    0.00    0.00  100.00
01:54:22 PM    1    0.00    0.00    0.00    0.00    0.00    0.00    0.00    0.00    0.00  100.00
01:54:22 PM    2    0.00    0.00    0.99    9.90    0.00    0.00    0.00    0.00    0.00   89.11
01:54:22 PM    3    0.00    0.00    0.00    0.00    0.00    0.00    0.00    0.00    0.00  100.00
01:54:22 PM    4    0.00    0.00    1.00    6.00    0.00    0.00    0.00    0.00    0.00   93.00
01:54:22 PM    5    0.00    0.00    0.00    5.00    0.00    0.00    0.00    0.00    0.00   95.00
01:54:22 PM    6    0.99    0.00    0.00    4.95    0.00    0.00    0.00    0.00    0.00   94.06
01:54:22 PM    7    0.00    0.00    0.00    5.00    0.00    0.00    0.00    0.00    0.00   95.00
01:54:22 PM    8    0.00    0.00    1.01   31.31    0.00    0.00    0.00    0.00    0.00   67.68
01:54:22 PM    9    0.00    0.00    0.00    5.05    0.00    0.00    0.00    0.00    0.00   94.95
01:54:22 PM   10    0.00    0.00    1.00    0.00    0.00    0.00    0.00    0.00    0.00   99.00
01:54:22 PM   11    0.00    0.00    0.00   93.88    0.00    0.00    0.00    0.00    0.00    6.12
01:54:22 PM   12    0.99    0.00    0.00   67.33    0.00    0.00    0.00    0.00    0.00   31.68
01:54:22 PM   13    0.99    0.00    0.00   32.67    0.00    0.00    0.00    0.00    0.00   66.34
01:54:22 PM   14    0.00    0.00    0.00   14.00    0.00    0.00    0.00    0.00    0.00   86.00
01:54:22 PM   15    0.00    0.00    0.00   66.67    0.00    0.00    0.00    0.00    0.00   33.33
01:54:22 PM   16    0.00    0.00    0.00   13.13    0.00    0.00    0.00    0.00    0.00   86.87
01:54:22 PM   17    0.00    0.00    0.00    6.06    0.00    0.00    0.00    0.00    0.00   93.94
01:54:22 PM   18    0.00    0.00    0.00    5.00    0.00    0.00    0.00    0.00    0.00   95.00
01:54:22 PM   19    0.00    0.00    0.00    0.00    0.00    0.00    0.00    0.00    0.00  100.00
01:54:22 PM   20    1.00    0.00    0.00    4.00    0.00    0.00    0.00    0.00    0.00   95.00
01:54:22 PM   21    0.00    0.00    0.00   11.11    0.00    0.00    0.00    0.00    0.00   88.89
01:54:22 PM   22    0.00    0.00    0.00   22.00    0.00    0.00    0.00    0.00    0.00   78.00
01:54:22 PM   23    0.00    0.00    0.00    5.05    0.00    0.00    0.00    0.00    0.00   94.95
01:54:22 PM   24    0.00    0.00    0.00    6.00    0.00    0.00    0.00    0.00    0.00   94.00
01:54:22 PM   25    0.00    0.00    0.00    0.00    0.00    0.00    0.00    0.00    0.00  100.00
01:54:22 PM   26    0.00    0.00    0.00    0.00    0.00    0.00    0.00    0.00    0.00  100.00
01:54:22 PM   27    0.00    0.00    0.00    0.00    0.00    0.00    0.00    0.00    0.00  100.00
01:54:22 PM   28    0.00    0.00    0.00    0.00    0.00    0.00    0.00    0.00    0.00  100.00
01:54:22 PM   29    0.00    0.00    0.00    0.00    0.00    0.00    0.00    0.00    0.00  100.00
01:54:22 PM   30    0.00    0.00    0.00    0.00    0.00    0.00    0.00    0.00    0.00  100.00
01:54:22 PM   31    0.00    0.00    0.00    0.00    0.00    0.00    0.00    0.00    0.00  100.00

01:54:22 PM  CPU    %usr   %nice    %sys %iowait    %irq   %soft  %steal  %guest  %gnice   %idle
01:54:23 PM  all    0.03    0.00    0.47   10.76    0.00    0.00    0.00    0.00    0.00   88.74
01:54:23 PM    0    0.00    0.00    0.00    0.00    0.00    0.00    0.00    0.00    0.00  100.00
01:54:23 PM    1    0.00    0.00    0.00    0.00    0.00    0.00    0.00    0.00    0.00  100.00
01:54:23 PM    2    0.00    0.00    0.00    0.00    0.00    0.00    0.00    0.00    0.00  100.00
01:54:23 PM    3    0.00    0.00    0.00    0.00    0.00    0.00    0.00    0.00    0.00  100.00
01:54:23 PM    4    0.00    0.00    0.00    6.06    0.00    0.00    0.00    0.00    0.00   93.94
01:54:23 PM    5    0.00    0.00    0.00    0.00    0.00    0.00    0.00    0.00    0.00  100.00
01:54:23 PM    6    0.00    0.00    1.01    0.00    0.00    0.00    0.00    0.00    0.00   98.99
01:54:23 PM    7    0.00    0.00    0.00    0.00    0.00    0.00    0.00    0.00    0.00  100.00
01:54:23 PM    8    1.00    0.00    5.00   21.00    0.00    0.00    0.00    0.00    0.00   73.00
01:54:23 PM    9    0.00    0.00    0.00    0.00    0.00    0.00    0.00    0.00    0.00  100.00
01:54:23 PM   10    0.00    0.00    0.00    0.00    0.00    0.00    0.00    0.00    0.00  100.00
01:54:23 PM   11    0.00    0.00    7.14   88.78    0.00    0.00    0.00    0.00    0.00    4.08
01:54:23 PM   12    0.00    0.00    0.00   42.00    0.00    0.00    0.00    0.00    0.00   58.00
01:54:23 PM   13    0.00    0.00    0.00   13.00    0.00    0.00    0.00    0.00    0.00   87.00
01:54:23 PM   14    0.00    0.00    0.00    0.00    0.00    0.00    0.00    0.00    0.00  100.00
01:54:23 PM   15    0.00    0.00    1.01   98.99    0.00    0.00    0.00    0.00    0.00    0.00
01:54:23 PM   16    0.00    0.00    0.00    0.00    0.00    0.00    0.00    0.00    0.00  100.00
01:54:23 PM   17    0.00    0.00    0.00    0.00    0.00    0.00    0.00    0.00    0.00  100.00
01:54:23 PM   18    0.00    0.00    0.00    0.00    0.00    0.00    0.00    0.00    0.00  100.00
01:54:23 PM   19    0.00    0.00    0.00    0.00    0.00    0.00    0.00    0.00    0.00  100.00
01:54:23 PM   20    0.00    0.00    0.00   11.00    0.00    0.00    0.00    0.00    0.00   89.00
01:54:23 PM   21    0.00    0.00    0.00    0.00    0.00    0.00    0.00    0.00    0.00  100.00
01:54:23 PM   22    0.00    0.00    0.00   41.00    0.00    0.00    0.00    0.00    0.00   59.00
01:54:23 PM   23    0.00    0.00    1.01   24.24    0.00    0.00    0.00    0.00    0.00   74.75
01:54:23 PM   24    0.00    0.00    0.00    0.00    0.00    0.00    0.00    0.00    0.00  100.00
01:54:23 PM   25    0.00    0.00    0.00    0.00    0.00    0.00    0.00    0.00    0.00  100.00
01:54:23 PM   26    0.00    0.00    0.00    0.00    0.00    0.00    0.00    0.00    0.00  100.00
01:54:23 PM   27    0.00    0.00    0.00    0.00    0.00    0.00    0.00    0.00    0.00  100.00
01:54:23 PM   28    0.00    0.00    0.00    0.00    0.00    0.00    0.00    0.00    0.00  100.00
01:54:23 PM   29    0.00    0.00    0.00    0.00    0.00    0.00    0.00    0.00    0.00  100.00
01:54:23 PM   30    0.00    0.00    0.00    0.00    0.00    0.00    0.00    0.00    0.00  100.00
01:54:23 PM   31    0.00    0.00    0.00    0.00    0.00    0.00    0.00    0.00    0.00  100.00

01:54:23 PM  CPU    %usr   %nice    %sys %iowait    %irq   %soft  %steal  %guest  %gnice   %idle
01:54:24 PM  all    0.03    0.06    0.25    8.67    0.00    0.00    0.00    0.00    0.00   90.98
01:54:24 PM    0    0.00    0.00    0.00    0.00    0.00    0.00    0.00    0.00    0.00  100.00
01:54:24 PM    1    0.00    0.00    0.00    0.00    0.00    0.00    0.00    0.00    0.00  100.00
01:54:24 PM    2    0.00    0.00    0.00    0.00    0.00    0.00    0.00    0.00    0.00  100.00
01:54:24 PM    3    0.00    0.00    0.00    0.00    0.00    0.00    0.00    0.00    0.00  100.00
01:54:24 PM    4    0.00    0.00    0.00    0.00    0.00    0.00    0.00    0.00    0.00  100.00
01:54:24 PM    5    0.00    0.00    1.00    0.00    0.00    0.00    0.00    0.00    0.00   99.00
01:54:24 PM    6    0.00    0.00    0.99    0.00    0.00    0.00    0.00    0.00    0.00   99.01
01:54:24 PM    7    0.00    0.00    0.00    0.00    0.00    0.00    0.00    0.00    0.00  100.00
01:54:24 PM    8    0.00    1.00    2.00    0.00    0.00    0.00    0.00    0.00    0.00   97.00
01:54:24 PM    9    0.00    0.00    0.00    0.00    0.00    0.00    0.00    0.00    0.00  100.00
01:54:24 PM   10    0.98    0.98    3.92   50.98    0.00    0.00    0.00    0.00    0.00   43.14
01:54:24 PM   11    0.00    0.00    0.00  100.00    0.00    0.00    0.00    0.00    0.00    0.00
01:54:24 PM   12    0.00    0.00    0.00    0.00    0.00    0.00    0.00    0.00    0.00  100.00
01:54:24 PM   13    0.00    0.00    0.00   29.29    0.00    0.00    0.00    0.00    0.00   70.71
01:54:24 PM   14    0.00    0.00    0.00    0.00    0.00    0.00    0.00    0.00    0.00  100.00
01:54:24 PM   15    0.00    0.00    0.00  100.00    0.00    0.00    0.00    0.00    0.00    0.00
01:54:24 PM   16    0.00    0.00    0.00    0.00    0.00    0.00    0.00    0.00    0.00  100.00
01:54:24 PM   17    0.00    0.00    0.00    0.00    0.00    0.00    0.00    0.00    0.00  100.00
01:54:24 PM   18    0.00    0.00    0.00    0.00    0.00    0.00    0.00    0.00    0.00  100.00
01:54:24 PM   19    0.00    0.00    0.00    0.00    0.00    0.00    0.00    0.00    0.00  100.00
01:54:24 PM   20    0.00    0.00    0.00    0.00    0.00    0.00    0.00    0.00    0.00  100.00
01:54:24 PM   21    0.00    0.00    0.00    0.00    0.00    0.00    0.00    0.00    0.00  100.00
01:54:24 PM   22    0.00    0.00    0.00    0.00    0.00    0.00    0.00    0.00    0.00  100.00
01:54:24 PM   23    0.00    0.00    0.00    0.00    0.00    0.00    0.00    0.00    0.00  100.00
01:54:24 PM   24    0.00    0.00    0.00    0.00    0.00    0.00    0.00    0.00    0.00  100.00
01:54:24 PM   25    0.00    0.00    0.00    0.00    0.00    0.00    0.00    0.00    0.00  100.00
01:54:24 PM   26    0.00    0.00    0.00    0.00    0.00    0.00    0.00    0.00    0.00  100.00
01:54:24 PM   27    0.00    0.00    0.00    0.00    0.00    0.00    0.00    0.00    0.00  100.00
01:54:24 PM   28    0.00    0.00    0.00    0.00    0.00    0.00    0.00    0.00    0.00  100.00
01:54:24 PM   29    0.00    0.00    0.00    0.00    0.00    0.00    0.00    0.00    0.00  100.00
01:54:24 PM   30    0.00    0.00    0.00    0.00    0.00    0.00    0.00    0.00    0.00  100.00
01:54:24 PM   31    0.00    0.00    0.00    0.00    0.00    0.00    0.00    0.00    0.00  100.00

01:54:24 PM  CPU    %usr   %nice    %sys %iowait    %irq   %soft  %steal  %guest  %gnice   %idle
01:54:25 PM  all    0.03    0.00    0.16    7.54    0.00    0.00    0.00    0.00    0.00   92.27
01:54:25 PM    0    0.00    0.00    0.00    0.00    0.00    0.00    0.00    0.00    0.00  100.00
01:54:25 PM    1    0.00    0.00    0.00   19.19    0.00    0.00    0.00    0.00    0.00   80.81
01:54:25 PM    2    0.00    0.00    0.00    0.00    0.00    0.00    0.00    0.00    0.00  100.00
01:54:25 PM    3    0.00    0.00    0.00    0.00    0.00    0.00    0.00    0.00    0.00  100.00
01:54:25 PM    4    0.00    0.00    0.00    0.00    0.00    0.00    0.00    0.00    0.00  100.00
01:54:25 PM    5    0.00    0.00    0.00    0.00    0.00    0.00    0.00    0.00    0.00  100.00
01:54:25 PM    6    0.00    0.00    0.00    0.00    0.00    0.00    0.00    0.00    0.00  100.00
01:54:25 PM    7    0.00    0.00    0.00    0.00    0.00    0.00    0.00    0.00    0.00  100.00
01:54:25 PM    8    0.00    0.00    2.97    0.00    0.00    0.00    0.00    0.00    0.00   97.03
01:54:25 PM    9    0.99    0.00    0.00    0.00    0.00    0.00    0.00    0.00    0.00   99.01
01:54:25 PM   10    0.00    0.00    0.00    0.00    0.00    0.00    0.00    0.00    0.00  100.00
01:54:25 PM   11    0.00    0.00    0.00   97.96    0.00    0.00    0.00    0.00    0.00    2.04
01:54:25 PM   12    0.00    0.00    0.00    0.00    0.00    0.00    0.00    0.00    0.00  100.00
01:54:25 PM   13    0.00    0.00    0.00   26.73    0.00    0.00    0.00    0.00    0.00   73.27
01:54:25 PM   14    0.00    0.00    1.00    0.00    0.00    0.00    0.00    0.00    0.00   99.00
01:54:25 PM   15    0.00    0.00    1.00   99.00    0.00    0.00    0.00    0.00    0.00    0.00
01:54:25 PM   16    0.00    0.00    0.00    0.00    0.00    0.00    0.00    0.00    0.00  100.00
01:54:25 PM   17    0.00    0.00    0.00    0.00    0.00    0.00    0.00    0.00    0.00  100.00
01:54:25 PM   18    0.00    0.00    0.00    0.00    0.00    0.00    0.00    0.00    0.00  100.00
01:54:25 PM   19    0.00    0.00    0.00    0.00    0.00    0.00    0.00    0.00    0.00  100.00
01:54:25 PM   20    0.00    0.00    0.00    0.00    0.00    0.00    0.00    0.00    0.00  100.00
01:54:25 PM   21    0.00    0.00    0.00    0.00    0.00    0.00    0.00    0.00    0.00  100.00
01:54:25 PM   22    0.00    0.00    0.00    0.00    0.00    0.00    0.00    0.00    0.00  100.00
01:54:25 PM   23    0.00    0.00    0.00    0.00    0.00    0.00    0.00    0.00    0.00  100.00
01:54:25 PM   24    0.00    0.00    0.00    0.00    0.00    0.00    0.00    0.00    0.00  100.00
01:54:25 PM   25    0.00    0.00    0.00    0.00    0.00    0.00    0.00    0.00    0.00  100.00
01:54:25 PM   26    0.00    0.00    0.00    0.00    0.00    0.00    0.00    0.00    0.00  100.00
01:54:25 PM   27    0.00    0.00    0.00    0.00    0.00    0.00    0.00    0.00    0.00  100.00
01:54:25 PM   28    0.00    0.00    0.00    0.00    0.00    0.00    0.00    0.00    0.00  100.00
01:54:25 PM   29    0.00    0.00    0.00    0.00    0.00    0.00    0.00    0.00    0.00  100.00
01:54:25 PM   30    0.00    0.00    0.00    0.00    0.00    0.00    0.00    0.00    0.00  100.00
01:54:25 PM   31    0.00    0.00    0.00    0.00    0.00    0.00    0.00    0.00    0.00  100.00

01:54:25 PM  CPU    %usr   %nice    %sys %iowait    %irq   %soft  %steal  %guest  %gnice   %idle
01:54:26 PM  all    0.03    0.00    0.19    9.36    0.00    0.00    0.00    0.00    0.00   90.42
01:54:26 PM    0    0.00    0.00    0.00    0.00    0.00    0.00    0.00    0.00    0.00  100.00
01:54:26 PM    1    0.00    0.00    0.00    1.98    0.00    0.00    0.00    0.00    0.00   98.02
01:54:26 PM    2    0.00    0.00    0.00   21.00    0.00    0.00    0.00    0.00    0.00   79.00
01:54:26 PM    3    0.00    0.00    0.00    0.00    0.00    0.00    0.00    0.00    0.00  100.00
01:54:26 PM    4    0.00    0.00    1.00    0.00    0.00    0.00    0.00    0.00    0.00   99.00
01:54:26 PM    5    0.00    0.00    0.00    0.00    0.00    0.00    0.00    0.00    0.00  100.00
01:54:26 PM    6    0.00    0.00    0.00    0.00    0.00    0.00    0.00    0.00    0.00  100.00
01:54:26 PM    7    0.00    0.00    0.00    0.00    0.00    0.00    0.00    0.00    0.00  100.00
01:54:26 PM    8    0.00    0.00    1.02   21.43    0.00    0.00    0.00    0.00    0.00   77.55
01:54:26 PM    9    0.00    0.00    0.00    0.00    0.00    0.00    0.00    0.00    0.00  100.00
01:54:26 PM   10    0.00    0.00    4.00    0.00    0.00    0.00    0.00    0.00    0.00   96.00
01:54:26 PM   11    0.00    0.00    0.00  100.00    0.00    0.00    0.00    0.00    0.00    0.00
01:54:26 PM   12    0.00    0.00    0.00   22.22    0.00    0.00    0.00    0.00    0.00   77.78
01:54:26 PM   13    0.00    0.00    0.00   36.00    0.00    0.00    0.00    0.00    0.00   64.00
01:54:26 PM   14    0.99    0.00    0.00    0.00    0.00    0.00    0.00    0.00    0.00   99.01
01:54:26 PM   15    0.00    0.00    0.00  100.00    0.00    0.00    0.00    0.00    0.00    0.00
01:54:26 PM   16    0.00    0.00    0.00    0.00    0.00    0.00    0.00    0.00    0.00  100.00
01:54:26 PM   17    0.00    0.00    0.00    0.00    0.00    0.00    0.00    0.00    0.00  100.00
01:54:26 PM   18    0.00    0.00    0.00    0.00    0.00    0.00    0.00    0.00    0.00  100.00
01:54:26 PM   19    0.00    0.00    0.00    0.00    0.00    0.00    0.00    0.00    0.00  100.00
01:54:26 PM   20    0.00    0.00    0.00    0.00    0.00    0.00    0.00    0.00    0.00  100.00
01:54:26 PM   21    0.00    0.00    0.00    0.00    0.00    0.00    0.00    0.00    0.00  100.00
01:54:26 PM   22    0.00    0.00    0.00    0.00    0.00    0.00    0.00    0.00    0.00  100.00
01:54:26 PM   23    0.00    0.00    0.00    0.00    0.00    0.00    0.00    0.00    0.00  100.00
01:54:26 PM   24    0.00    0.00    0.00    0.00    0.00    0.00    0.00    0.00    0.00  100.00
01:54:26 PM   25    0.00    0.00    0.00    0.00    0.00    0.00    0.00    0.00    0.00  100.00
01:54:26 PM   26    0.00    0.00    0.00    0.00    0.00    0.00    0.00    0.00    0.00  100.00
01:54:26 PM   27    0.00    0.00    0.00    0.00    0.00    0.00    0.00    0.00    0.00  100.00
01:54:26 PM   28    0.00    0.00    0.00    0.00    0.00    0.00    0.00    0.00    0.00  100.00
01:54:26 PM   29    0.00    0.00    0.00    0.00    0.00    0.00    0.00    0.00    0.00  100.00
01:54:26 PM   30    0.00    0.00    0.00    0.00    0.00    0.00    0.00    0.00    0.00  100.00
01:54:26 PM   31    0.00    0.00    0.00    0.00    0.00    0.00    0.00    0.00    0.00  100.00

01:54:26 PM  CPU    %usr   %nice    %sys %iowait    %irq   %soft  %steal  %guest  %gnice   %idle
01:54:27 PM  all    0.00    0.00    0.22    7.93    0.00    0.00    0.00    0.00    0.00   91.85
01:54:27 PM    0    0.00    0.00    0.00    0.00    0.00    0.00    0.00    0.00    0.00  100.00
01:54:27 PM    1    0.00    0.00    0.00    0.00    0.00    0.00    0.00    0.00    0.00  100.00
01:54:27 PM    2    0.00    0.00    0.00   49.49    0.00    0.00    0.00    0.00    0.00   50.51
01:54:27 PM    3    0.00    0.00    0.00    0.00    0.00    0.00    0.00    0.00    0.00  100.00
01:54:27 PM    4    0.00    0.00    0.00    0.00    0.00    0.00    0.00    0.00    0.00  100.00
01:54:27 PM    5    0.00    0.00    0.00    0.00    0.00    0.00    0.00    0.00    0.00  100.00
01:54:27 PM    6    0.00    0.00    4.90    3.92    0.00    0.00    0.00    0.00    0.00   91.18
01:54:27 PM    7    0.00    0.00    0.00    0.00    0.00    0.00    0.00    0.00    0.00  100.00
01:54:27 PM    8    0.00    0.00    1.00    4.00    0.00    0.00    0.00    0.00    0.00   95.00
01:54:27 PM    9    0.00    0.00    0.00    0.00    0.00    0.00    0.00    0.00    0.00  100.00
01:54:27 PM   10    0.00    0.00    0.00    0.00    0.00    0.00    0.00    0.00    0.00  100.00
01:54:27 PM   11    0.00    0.00    0.00   41.41    0.00    0.00    0.00    0.00    0.00   58.59
01:54:27 PM   12    0.00    0.00    0.00    0.00    0.00    0.00    0.00    0.00    0.00  100.00
01:54:27 PM   13    0.00    0.00    0.00   20.00    0.00    0.00    0.00    0.00    0.00   80.00
01:54:27 PM   14    0.00    0.00    0.00   40.40    0.00    0.00    0.00    0.00    0.00   59.60
01:54:27 PM   15    0.00    0.00    0.00   94.90    0.00    0.00    0.00    0.00    0.00    5.10
01:54:27 PM   16    0.00    0.00    0.00    0.00    0.00    0.00    0.00    0.00    0.00  100.00
01:54:27 PM   17    0.00    0.00    0.00    0.00    0.00    0.00    0.00    0.00    0.00  100.00
01:54:27 PM   18    0.00    0.00    0.00    0.00    0.00    0.00    0.00    0.00    0.00  100.00
01:54:27 PM   19    0.00    0.00    0.00    0.00    0.00    0.00    0.00    0.00    0.00  100.00
01:54:27 PM   20    0.00    0.00    0.00    2.00    0.00    0.00    0.00    0.00    0.00   98.00
01:54:27 PM   21    0.00    0.00    0.00    0.00    0.00    0.00    0.00    0.00    0.00  100.00
01:54:27 PM   22    0.00    0.00    0.00    0.00    0.00    0.00    0.00    0.00    0.00  100.00
01:54:27 PM   23    0.00    0.00    1.00    0.00    0.00    0.00    0.00    0.00    0.00   99.00
01:54:27 PM   24    0.00    0.00    0.00    0.00    0.00    0.00    0.00    0.00    0.00  100.00
01:54:27 PM   25    0.00    0.00    0.00    0.00    0.00    0.00    0.00    0.00    0.00  100.00
01:54:27 PM   26    0.00    0.00    0.00    0.00    0.00    0.00    0.00    0.00    0.00  100.00
01:54:27 PM   27    0.00    0.00    0.00    0.00    0.00    0.00    0.00    0.00    0.00  100.00
01:54:27 PM   28    0.00    0.00    0.00    0.00    0.00    0.00    0.00    0.00    0.00  100.00
01:54:27 PM   29    0.00    0.00    0.00    0.00    0.00    0.00    0.00    0.00    0.00  100.00
01:54:27 PM   30    0.00    0.00    0.00    0.00    0.00    0.00    0.00    0.00    0.00  100.00
01:54:27 PM   31    0.00    0.00    0.00    0.00    0.00    0.00    0.00    0.00    0.00  100.00

01:54:27 PM  CPU    %usr   %nice    %sys %iowait    %irq   %soft  %steal  %guest  %gnice   %idle
01:54:28 PM  all    0.03    0.00    0.22    6.92    0.00    0.00    0.00    0.00    0.00   92.83
01:54:28 PM    0    0.00    0.00    0.00    0.00    0.00    0.00    0.00    0.00    0.00  100.00
01:54:28 PM    1    0.00    0.00    0.00    0.00    0.00    0.00    0.00    0.00    0.00  100.00
01:54:28 PM    2    0.00    0.00    0.00   21.21    0.00    0.00    0.00    0.00    0.00   78.79
01:54:28 PM    3    0.00    0.00    0.00    0.00    0.00    0.00    0.00    0.00    0.00  100.00
01:54:28 PM    4    0.00    0.00    0.00    0.00    0.00    0.00    0.00    0.00    0.00  100.00
01:54:28 PM    5    0.00    0.00    0.99    0.00    0.00    0.00    0.00    0.00    0.00   99.01
01:54:28 PM    6    0.00    0.00    0.00   15.15    0.00    0.00    0.00    0.00    0.00   84.85
01:54:28 PM    7    0.00    0.00    0.00    0.00    0.00    0.00    0.00    0.00    0.00  100.00
01:54:28 PM    8    0.00    0.00    3.03   96.97    0.00    0.00    0.00    0.00    0.00    0.00
01:54:28 PM    9    0.00    0.00    0.00    0.00    0.00    0.00    0.00    0.00    0.00  100.00
01:54:28 PM   10    1.00    0.00    3.00   28.00    0.00    0.00    0.00    0.00    0.00   68.00
01:54:28 PM   11    0.00    0.00    0.00    0.00    0.00    0.00    0.00    0.00    0.00  100.00
01:54:28 PM   12    0.00    0.00    0.00    9.00    0.00    0.00    0.00    0.00    0.00   91.00
01:54:28 PM   13    0.00    0.00    0.00   52.00    0.00    0.00    0.00    0.00    0.00   48.00
01:54:28 PM   14    0.00    0.00    0.00    0.00    0.00    0.00    0.00    0.00    0.00  100.00
01:54:28 PM   15    0.00    0.00    0.00    0.00    0.00    0.00    0.00    0.00    0.00  100.00
01:54:28 PM   16    0.00    0.00    0.00    0.00    0.00    0.00    0.00    0.00    0.00  100.00
01:54:28 PM   17    0.00    0.00    0.00    0.00    0.00    0.00    0.00    0.00    0.00  100.00
01:54:28 PM   18    0.00    0.00    0.00    0.00    0.00    0.00    0.00    0.00    0.00  100.00
01:54:28 PM   19    0.00    0.00    0.00    0.00    0.00    0.00    0.00    0.00    0.00  100.00
01:54:28 PM   20    0.00    0.00    0.00    0.00    0.00    0.00    0.00    0.00    0.00  100.00
01:54:28 PM   21    0.00    0.00    0.00    0.00    0.00    0.00    0.00    0.00    0.00  100.00
01:54:28 PM   22    0.00    0.00    0.00    0.00    0.00    0.00    0.00    0.00    0.00  100.00
01:54:28 PM   23    0.00    0.00    0.00    0.00    0.00    0.00    0.00    0.00    0.00  100.00
01:54:28 PM   24    0.00    0.00    0.00    0.00    0.00    0.00    0.00    0.00    0.00  100.00
01:54:28 PM   25    0.00    0.00    0.00    0.00    0.00    0.00    0.00    0.00    0.00  100.00
01:54:28 PM   26    0.00    0.00    0.00    0.00    0.00    0.00    0.00    0.00    0.00  100.00
01:54:28 PM   27    0.00    0.00    0.00    0.00    0.00    0.00    0.00    0.00    0.00  100.00
01:54:28 PM   28    0.00    0.00    0.00    0.00    0.00    0.00    0.00    0.00    0.00  100.00
01:54:28 PM   29    0.00    0.00    0.00    0.00    0.00    0.00    0.00    0.00    0.00  100.00
01:54:28 PM   30    0.00    0.00    0.00    0.00    0.00    0.00    0.00    0.00    0.00  100.00
01:54:28 PM   31    0.00    0.00    0.00    0.00    0.00    0.00    0.00    0.00    0.00  100.00

01:54:28 PM  CPU    %usr   %nice    %sys %iowait    %irq   %soft  %steal  %guest  %gnice   %idle
01:54:29 PM  all    0.06    0.00    0.66    6.22    0.00    0.00    0.00    0.00    0.00   93.06
01:54:29 PM    0    0.00    0.00    0.00    0.00    0.00    0.00    0.00    0.00    0.00  100.00
01:54:29 PM    1    0.98    0.00    0.98    0.00    0.00    0.00    0.00    0.00    0.00   98.04
01:54:29 PM    2    0.00    0.00    0.00    0.00    0.00    0.00    0.00    0.00    0.00  100.00
01:54:29 PM    3    0.00    0.00    0.00    0.00    0.00    0.00    0.00    0.00    0.00  100.00
01:54:29 PM    4    0.00    0.00    0.00    0.00    0.00    0.00    0.00    0.00    0.00  100.00
01:54:29 PM    5    0.00    0.00    0.00    0.00    0.00    0.00    0.00    0.00    0.00  100.00
01:54:29 PM    6    0.00    0.00    0.00    0.00    0.00    0.00    0.00    0.00    0.00  100.00
01:54:29 PM    7    0.00    0.00    0.00    0.00    0.00    0.00    0.00    0.00    0.00  100.00
01:54:29 PM    8    0.00    0.00   12.12   87.88    0.00    0.00    0.00    0.00    0.00    0.00
01:54:29 PM    9    0.00    0.00    0.00    7.00    0.00    0.00    0.00    0.00    0.00   93.00
01:54:29 PM   10    0.00    0.00    5.10   33.67    0.00    0.00    0.00    0.00    0.00   61.22
01:54:29 PM   11    0.00    0.00    0.00    0.00    0.00    0.00    0.00    0.00    0.00  100.00
01:54:29 PM   12    0.00    0.00    0.99    0.00    0.00    0.00    0.00    0.00    0.00   99.01
01:54:29 PM   13    0.00    0.00    0.00   58.00    0.00    0.00    0.00    0.00    0.00   42.00
01:54:29 PM   14    0.00    0.00    1.01   14.14    0.00    0.00    0.00    0.00    0.00   84.85
01:54:29 PM   15    0.00    0.00    0.00    0.00    0.00    0.00    0.00    0.00    0.00  100.00
01:54:29 PM   16    0.99    0.00    0.99    0.00    0.00    0.00    0.00    0.00    0.00   98.02
01:54:29 PM   17    0.00    0.00    0.00    0.00    0.00    0.00    0.00    0.00    0.00  100.00
01:54:29 PM   18    0.00    0.00    0.00    0.00    0.00    0.00    0.00    0.00    0.00  100.00
01:54:29 PM   19    0.00    0.00    0.00    0.00    0.00    0.00    0.00    0.00    0.00  100.00
01:54:29 PM   20    0.00    0.00    0.00    0.00    0.00    0.00    0.00    0.00    0.00  100.00
01:54:29 PM   21    0.00    0.00    0.00    0.00    0.00    0.00    0.00    0.00    0.00  100.00
01:54:29 PM   22    0.00    0.00    0.00    0.00    0.00    0.00    0.00    0.00    0.00  100.00
01:54:29 PM   23    0.00    0.00    0.00    0.00    0.00    0.00    0.00    0.00    0.00  100.00
01:54:29 PM   24    0.00    0.00    0.00    0.00    0.00    0.00    0.00    0.00    0.00  100.00
01:54:29 PM   25    0.00    0.00    0.00    0.00    0.00    0.00    0.00    0.00    0.00  100.00
01:54:29 PM   26    0.00    0.00    0.00    0.00    0.00    0.00    0.00    0.00    0.00  100.00
01:54:29 PM   27    0.00    0.00    0.00    0.00    0.00    0.00    0.00    0.00    0.00  100.00
01:54:29 PM   28    0.00    0.00    0.00    0.00    0.00    0.00    0.00    0.00    0.00  100.00
01:54:29 PM   29    0.00    0.00    0.00    0.00    0.00    0.00    0.00    0.00    0.00  100.00
01:54:29 PM   30    0.00    0.00    0.00    0.00    0.00    0.00    0.00    0.00    0.00  100.00
01:54:29 PM   31    0.00    0.00    0.00    0.00    0.00    0.00    0.00    0.00    0.00  100.00

01:54:29 PM  CPU    %usr   %nice    %sys %iowait    %irq   %soft  %steal  %guest  %gnice   %idle
01:54:30 PM  all    0.56    0.00    1.53    5.98    0.00    0.00    0.00    0.00    0.00   91.93
01:54:30 PM    0    0.00    0.00    0.00    0.00    0.00    0.00    0.00    0.00    0.00  100.00
01:54:30 PM    1    0.00    0.00    0.00    0.00    0.00    0.00    0.00    0.00    0.00  100.00
01:54:30 PM    2    0.00    0.00    0.00    0.00    0.00    0.00    0.00    0.00    0.00  100.00
01:54:30 PM    3    0.00    0.00    0.00    0.00    0.00    0.00    0.00    0.00    0.00  100.00
01:54:30 PM    4    0.00    0.00    0.00    0.00    0.00    0.00    0.00    0.00    0.00  100.00
01:54:30 PM    5    0.00    0.00    0.00    0.00    0.00    0.00    0.00    0.00    0.00  100.00
01:54:30 PM    6    0.00    0.00    0.00    0.00    0.00    0.00    0.00    0.00    0.00  100.00
01:54:30 PM    7    0.00    0.00    0.00    0.00    0.00    0.00    0.00    0.00    0.00  100.00
01:54:30 PM    8   18.37    0.00   46.94   34.69    0.00    0.00    0.00    0.00    0.00    0.00
01:54:30 PM    9    0.00    0.00    0.00  100.00    0.00    0.00    0.00    0.00    0.00    0.00
01:54:30 PM   10    0.00    0.00    2.00    0.00    0.00    0.00    0.00    0.00    0.00   98.00
01:54:30 PM   11    0.00    0.00    0.00    0.00    0.00    0.00    0.00    0.00    0.00  100.00
01:54:30 PM   12    0.00    0.00    0.00    0.00    0.00    0.00    0.00    0.00    0.00  100.00
01:54:30 PM   13    0.00    0.00    0.00   57.00    0.00    0.00    0.00    0.00    0.00   43.00
01:54:30 PM   14    0.00    0.00    0.00    0.00    0.00    0.00    0.00    0.00    0.00  100.00
01:54:30 PM   15    0.00    0.00    0.00    0.00    0.00    0.00    0.00    0.00    0.00  100.00
01:54:30 PM   16    0.00    0.00    0.00    0.00    0.00    0.00    0.00    0.00    0.00  100.00
01:54:30 PM   17    0.00    0.00    0.00    0.00    0.00    0.00    0.00    0.00    0.00  100.00
01:54:30 PM   18    0.00    0.00    0.99    0.00    0.00    0.00    0.00    0.00    0.00   99.01
01:54:30 PM   19    0.00    0.00    0.00    0.00    0.00    0.00    0.00    0.00    0.00  100.00
01:54:30 PM   20    0.00    0.00    0.00    0.00    0.00    0.00    0.00    0.00    0.00  100.00
01:54:30 PM   21    0.00    0.00    0.00    0.00    0.00    0.00    0.00    0.00    0.00  100.00
01:54:30 PM   22    0.00    0.00    0.00    0.00    0.00    0.00    0.00    0.00    0.00  100.00
01:54:30 PM   23    0.00    0.00    0.00    0.00    0.00    0.00    0.00    0.00    0.00  100.00
01:54:30 PM   24    0.00    0.00    0.00    0.00    0.00    0.00    0.00    0.00    0.00  100.00
01:54:30 PM   25    0.00    0.00    0.00    0.00    0.00    0.00    0.00    0.00    0.00  100.00
01:54:30 PM   26    0.00    0.00    0.00    0.00    0.00    0.00    0.00    0.00    0.00  100.00
01:54:30 PM   27    0.00    0.00    0.00    0.00    0.00    0.00    0.00    0.00    0.00  100.00
01:54:30 PM   28    0.00    0.00    0.00    0.00    0.00    0.00    0.00    0.00    0.00  100.00
01:54:30 PM   29    0.00    0.00    0.00    0.00    0.00    0.00    0.00    0.00    0.00  100.00
01:54:30 PM   30    0.00    0.00    0.00    0.00    0.00    0.00    0.00    0.00    0.00  100.00
01:54:30 PM   31    0.00    0.00    0.00    0.00    0.00    0.00    0.00    0.00    0.00  100.00

01:54:30 PM  CPU    %usr   %nice    %sys %iowait    %irq   %soft  %steal  %guest  %gnice   %idle
01:54:31 PM  all    0.00    0.03    0.19    7.68    0.00    0.00    0.00    0.00    0.00   92.10
01:54:31 PM    0    0.00    0.00    0.00    0.00    0.00    0.00    0.00    0.00    0.00  100.00
01:54:31 PM    1    0.00    0.00    0.00    0.00    0.00    0.00    0.00    0.00    0.00  100.00
01:54:31 PM    2    0.00    0.00    0.00    0.00    0.00    0.00    0.00    0.00    0.00  100.00
01:54:31 PM    3    0.00    0.00    0.00    0.00    0.00    0.00    0.00    0.00    0.00  100.00
01:54:31 PM    4    0.00    0.00    0.00   23.23    0.00    0.00    0.00    0.00    0.00   76.77
01:54:31 PM    5    0.00    0.00    0.00    0.00    0.00    0.00    0.00    0.00    0.00  100.00
01:54:31 PM    6    0.00    0.00    0.00    0.00    0.00    0.00    0.00    0.00    0.00  100.00
01:54:31 PM    7    0.00    0.00    0.00    0.00    0.00    0.00    0.00    0.00    0.00  100.00
01:54:31 PM    8    0.00    0.00    2.06   74.23    0.00    0.00    0.00    0.00    0.00   23.71
01:54:31 PM    9    0.00    0.00    1.00   99.00    0.00    0.00    0.00    0.00    0.00    0.00
01:54:31 PM   10    0.00    1.01    3.03    0.00    0.00    0.00    0.00    0.00    0.00   95.96
01:54:31 PM   11    0.00    0.00    0.00    0.00    0.00    0.00    0.00    0.00    0.00  100.00
01:54:31 PM   12    0.00    0.00    0.00    0.00    0.00    0.00    0.00    0.00    0.00  100.00
01:54:31 PM   13    0.00    0.00    0.00   51.52    0.00    0.00    0.00    0.00    0.00   48.48
01:54:31 PM   14    0.00    0.00    0.00    0.00    0.00    0.00    0.00    0.00    0.00  100.00
01:54:31 PM   15    0.00    0.00    0.00    0.00    0.00    0.00    0.00    0.00    0.00  100.00
01:54:31 PM   16    0.00    0.00    0.00    0.00    0.00    0.00    0.00    0.00    0.00  100.00
01:54:31 PM   17    0.00    0.00    0.00    0.00    0.00    0.00    0.00    0.00    0.00  100.00
01:54:31 PM   18    0.00    0.00    0.00    0.00    0.00    0.00    0.00    0.00    0.00  100.00
01:54:31 PM   19    0.00    0.00    0.00    0.00    0.00    0.00    0.00    0.00    0.00  100.00
01:54:31 PM   20    0.00    0.00    0.00    0.00    0.00    0.00    0.00    0.00    0.00  100.00
01:54:31 PM   21    0.00    0.00    0.00    0.00    0.00    0.00    0.00    0.00    0.00  100.00
01:54:31 PM   22    0.00    0.00    0.00    0.00    0.00    0.00    0.00    0.00    0.00  100.00
01:54:31 PM   23    0.00    0.00    0.00    0.00    0.00    0.00    0.00    0.00    0.00  100.00
01:54:31 PM   24    0.00    0.00    0.00    0.00    0.00    0.00    0.00    0.00    0.00  100.00
01:54:31 PM   25    0.00    0.00    0.00    0.00    0.00    0.00    0.00    0.00    0.00  100.00
01:54:31 PM   26    0.00    0.00    0.00    0.00    0.00    0.00    0.00    0.00    0.00  100.00
01:54:31 PM   27    0.00    0.00    0.00    0.00    0.00    0.00    0.00    0.00    0.00  100.00
01:54:31 PM   28    0.00    0.00    0.00    0.00    0.00    0.00    0.00    0.00    0.00  100.00
01:54:31 PM   29    0.00    0.00    0.00    0.00    0.00    0.00    0.00    0.00    0.00  100.00
01:54:31 PM   30    0.00    0.00    0.00    0.00    0.00    0.00    0.00    0.00    0.00  100.00
01:54:31 PM   31    0.00    0.00    0.00    0.00    0.00    0.00    0.00    0.00    0.00  100.00

01:54:31 PM  CPU    %usr   %nice    %sys %iowait    %irq   %soft  %steal  %guest  %gnice   %idle
01:54:32 PM  all    0.06    0.00    0.50    7.95    0.00    0.00    0.00    0.00    0.00   91.49
01:54:32 PM    0    0.00    0.00    0.00    0.00    0.00    0.00    0.00    0.00    0.00  100.00
01:54:32 PM    1    0.00    0.00    0.00    0.00    0.00    0.00    0.00    0.00    0.00  100.00
01:54:32 PM    2    0.00    0.00    2.02    4.04    0.00    0.00    0.00    0.00    0.00   93.94
01:54:32 PM    3    0.00    0.00    0.00    0.00    0.00    0.00    0.00    0.00    0.00  100.00
01:54:32 PM    4    0.00    0.00    0.00    0.00    0.00    0.00    0.00    0.00    0.00  100.00
01:54:32 PM    5    0.99    0.00    0.00    0.00    0.00    0.00    0.00    0.00    0.00   99.01
01:54:32 PM    6    0.00    0.00    1.00    4.00    0.00    0.00    0.00    0.00    0.00   95.00
01:54:32 PM    7    0.00    0.00    0.00    0.00    0.00    0.00    0.00    0.00    0.00  100.00
01:54:32 PM    8    1.02    0.00    3.06   73.47    0.00    0.00    0.00    0.00    0.00   22.45
01:54:32 PM    9    0.00    0.00    1.00   19.00    0.00    0.00    0.00    0.00    0.00   80.00
01:54:32 PM   10    0.00    0.00    4.00    0.00    0.00    0.00    0.00    0.00    0.00   96.00
01:54:32 PM   11    0.00    0.00    2.00   84.00    0.00    0.00    0.00    0.00    0.00   14.00
01:54:32 PM   12    0.00    0.00    3.00    0.00    0.00    0.00    0.00    0.00    0.00   97.00
01:54:32 PM   13    0.00    0.00    0.00   21.78    0.00    0.00    0.00    0.00    0.00   78.22
01:54:32 PM   14    0.00    0.00    0.00   48.51    0.00    0.00    0.00    0.00    0.00   51.49
01:54:32 PM   15    0.00    0.00    0.00    0.00    0.00    0.00    0.00    0.00    0.00  100.00
01:54:32 PM   16    0.00    0.00    0.00    0.00    0.00    0.00    0.00    0.00    0.00  100.00
01:54:32 PM   17    0.00    0.00    0.00    0.00    0.00    0.00    0.00    0.00    0.00  100.00
01:54:32 PM   18    0.00    0.00    0.00    0.00    0.00    0.00    0.00    0.00    0.00  100.00
01:54:32 PM   19    0.00    0.00    0.00    0.00    0.00    0.00    0.00    0.00    0.00  100.00
01:54:32 PM   20    0.00    0.00    0.00    0.00    0.00    0.00    0.00    0.00    0.00  100.00
01:54:32 PM   21    0.00    0.00    0.00    0.00    0.00    0.00    0.00    0.00    0.00  100.00
01:54:32 PM   22    0.00    0.00    0.00    0.00    0.00    0.00    0.00    0.00    0.00  100.00
01:54:32 PM   23    0.00    0.00    0.00    0.00    0.00    0.00    0.00    0.00    0.00  100.00
01:54:32 PM   24    0.00    0.00    0.00    0.00    0.00    0.00    0.00    0.00    0.00  100.00
01:54:32 PM   25    0.00    0.00    0.00    0.00    0.00    0.00    0.00    0.00    0.00  100.00
01:54:32 PM   26    0.00    0.00    0.00    0.00    0.00    0.00    0.00    0.00    0.00  100.00
01:54:32 PM   27    0.00    0.00    0.00    0.00    0.00    0.00    0.00    0.00    0.00  100.00
01:54:32 PM   28    0.00    0.00    0.00    0.00    0.00    0.00    0.00    0.00    0.00  100.00
01:54:32 PM   29    0.00    0.00    0.00    0.00    0.00    0.00    0.00    0.00    0.00  100.00
01:54:32 PM   30    0.00    0.00    0.00    0.00    0.00    0.00    0.00    0.00    0.00  100.00
01:54:32 PM   31    0.00    0.00    0.00    0.00    0.00    0.00    0.00    0.00    0.00  100.00

01:54:32 PM  CPU    %usr   %nice    %sys %iowait    %irq   %soft  %steal  %guest  %gnice   %idle
01:54:33 PM  all    0.03    0.06    0.13    7.47    0.00    0.00    0.00    0.00    0.00   92.31
01:54:33 PM    0    0.00    0.00    0.00    0.00    0.00    0.00    0.00    0.00    0.00  100.00
01:54:33 PM    1    0.00    0.00    0.00    0.00    0.00    0.00    0.00    0.00    0.00  100.00
01:54:33 PM    2    0.00    0.00    0.00    0.00    0.00    0.00    0.00    0.00    0.00  100.00
01:54:33 PM    3    0.00    0.00    0.00    0.00    0.00    0.00    0.00    0.00    0.00  100.00
01:54:33 PM    4    0.99    0.00    0.00    0.00    0.00    0.00    0.00    0.00    0.00   99.01
01:54:33 PM    5    0.00    0.00    0.00    0.00    0.00    0.00    0.00    0.00    0.00  100.00
01:54:33 PM    6    0.00    1.00    0.00    0.00    0.00    0.00    0.00    0.00    0.00   99.00
01:54:33 PM    7    0.00    0.00    0.00    0.00    0.00    0.00    0.00    0.00    0.00  100.00
01:54:33 PM    8    0.00    0.00    2.02   75.76    0.00    0.00    0.00    0.00    0.00   22.22
01:54:33 PM    9    0.00    0.00    0.00   10.10    0.00    0.00    0.00    0.00    0.00   89.90
01:54:33 PM   10    0.00    0.00    1.01    0.00    0.00    0.00    0.00    0.00    0.00   98.99
01:54:33 PM   11    0.00    0.00    0.00  100.00    0.00    0.00    0.00    0.00    0.00    0.00
01:54:33 PM   12    0.00    0.00    0.00    3.03    0.00    0.00    0.00    0.00    0.00   96.97
01:54:33 PM   13    0.00    0.00    0.00   35.35    0.00    0.00    0.00    0.00    0.00   64.65
01:54:33 PM   14    0.00    0.00    0.00   17.17    0.00    0.00    0.00    0.00    0.00   82.83
01:54:33 PM   15    0.00    0.00    0.00    0.00    0.00    0.00    0.00    0.00    0.00  100.00
01:54:33 PM   16    0.00    0.00    0.00    0.00    0.00    0.00    0.00    0.00    0.00  100.00
01:54:33 PM   17    0.00    0.00    0.00    0.00    0.00    0.00    0.00    0.00    0.00  100.00
01:54:33 PM   18    0.00    0.00    0.99    0.00    0.00    0.00    0.00    0.00    0.00   99.01
01:54:33 PM   19    0.00    0.00    0.00    0.00    0.00    0.00    0.00    0.00    0.00  100.00
01:54:33 PM   20    0.00    0.00    0.00    0.00    0.00    0.00    0.00    0.00    0.00  100.00
01:54:33 PM   21    0.00    0.00    0.00    0.00    0.00    0.00    0.00    0.00    0.00  100.00
01:54:33 PM   22    0.00    0.00    0.00    0.00    0.00    0.00    0.00    0.00    0.00  100.00
01:54:33 PM   23    0.00    1.00    0.00    0.00    0.00    0.00    0.00    0.00    0.00   99.00
01:54:33 PM   24    0.00    0.00    0.00    0.00    0.00    0.00    0.00    0.00    0.00  100.00
01:54:33 PM   25    0.00    0.00    0.00    0.00    0.00    0.00    0.00    0.00    0.00  100.00
01:54:33 PM   26    0.00    0.00    0.00    0.00    0.00    0.00    0.00    0.00    0.00  100.00
01:54:33 PM   27    0.00    0.00    0.00    0.00    0.00    0.00    0.00    0.00    0.00  100.00
01:54:33 PM   28    0.00    0.00    0.00    0.00    0.00    0.00    0.00    0.00    0.00  100.00
01:54:33 PM   29    0.00    0.00    0.00    0.00    0.00    0.00    0.00    0.00    0.00  100.00
01:54:33 PM   30    0.00    0.00    0.00    0.00    0.00    0.00    0.00    0.00    0.00  100.00
01:54:33 PM   31    0.00    0.00    0.00    0.00    0.00    0.00    0.00    0.00    0.00  100.00

01:54:33 PM  CPU    %usr   %nice    %sys %iowait    %irq   %soft  %steal  %guest  %gnice   %idle
01:54:34 PM  all    0.03    0.00    0.16    6.99    0.00    0.00    0.00    0.00    0.00   92.83
01:54:34 PM    0    0.00    0.00    0.00    0.00    0.00    0.00    0.00    0.00    0.00  100.00
01:54:34 PM    1    0.00    0.00    0.00    0.00    0.00    0.00    0.00    0.00    0.00  100.00
01:54:34 PM    2    0.00    0.00    0.00    0.00    0.00    0.00    0.00    0.00    0.00  100.00
01:54:34 PM    3    0.00    0.00    0.00    0.00    0.00    0.00    0.00    0.00    0.00  100.00
01:54:34 PM    4    0.00    0.00    0.00    0.00    0.00    0.00    0.00    0.00    0.00  100.00
01:54:34 PM    5    0.00    0.00    0.00    0.00    0.00    0.00    0.00    0.00    0.00  100.00
01:54:34 PM    6    0.00    0.00    0.00    0.00    0.00    0.00    0.00    0.00    0.00  100.00
01:54:34 PM    7    0.00    0.00    0.00    0.00    0.00    0.00    0.00    0.00    0.00  100.00
01:54:34 PM    8    0.00    0.00    0.00   48.48    0.00    0.00    0.00    0.00    0.00   51.52
01:54:34 PM    9    0.00    0.00    0.00    0.00    0.00    0.00    0.00    0.00    0.00  100.00
01:54:34 PM   10    1.01    0.00    4.04   49.49    0.00    0.00    0.00    0.00    0.00   45.45
01:54:34 PM   11    0.00    0.00    0.00  100.00    0.00    0.00    0.00    0.00    0.00    0.00
01:54:34 PM   12    0.00    0.00    0.00    0.00    0.00    0.00    0.00    0.00    0.00  100.00
01:54:34 PM   13    0.00    0.00    0.00   26.00    0.00    0.00    0.00    0.00    0.00   74.00
01:54:34 PM   14    0.00    0.00    0.00    0.00    0.00    0.00    0.00    0.00    0.00  100.00
01:54:34 PM   15    0.00    0.00    0.00    0.00    0.00    0.00    0.00    0.00    0.00  100.00
01:54:34 PM   16    0.00    0.00    0.00    0.00    0.00    0.00    0.00    0.00    0.00  100.00
01:54:34 PM   17    0.00    0.00    0.00    0.00    0.00    0.00    0.00    0.00    0.00  100.00
01:54:34 PM   18    0.00    0.00    0.00    0.00    0.00    0.00    0.00    0.00    0.00  100.00
01:54:34 PM   19    0.00    0.00    0.00    0.00    0.00    0.00    0.00    0.00    0.00  100.00
01:54:34 PM   20    0.00    0.00    0.00    0.00    0.00    0.00    0.00    0.00    0.00  100.00
01:54:34 PM   21    0.00    0.00    0.00    0.00    0.00    0.00    0.00    0.00    0.00  100.00
01:54:34 PM   22    0.00    0.00    0.00    0.00    0.00    0.00    0.00    0.00    0.00  100.00
01:54:34 PM   23    0.00    0.00    1.00    0.00    0.00    0.00    0.00    0.00    0.00   99.00
01:54:34 PM   24    0.00    0.00    0.00    0.00    0.00    0.00    0.00    0.00    0.00  100.00
01:54:34 PM   25    0.00    0.00    0.00    0.00    0.00    0.00    0.00    0.00    0.00  100.00
01:54:34 PM   26    0.00    0.00    0.00    0.00    0.00    0.00    0.00    0.00    0.00  100.00
01:54:34 PM   27    0.00    0.00    0.00    0.00    0.00    0.00    0.00    0.00    0.00  100.00
01:54:34 PM   28    0.00    0.00    0.00    0.00    0.00    0.00    0.00    0.00    0.00  100.00
01:54:34 PM   29    0.00    0.00    0.00    0.00    0.00    0.00    0.00    0.00    0.00  100.00
01:54:34 PM   30    0.00    0.00    0.00    0.00    0.00    0.00    0.00    0.00    0.00  100.00
01:54:34 PM   31    0.00    0.00    0.00    0.00    0.00    0.00    0.00    0.00    0.00  100.00

01:54:34 PM  CPU    %usr   %nice    %sys %iowait    %irq   %soft  %steal  %guest  %gnice   %idle
01:54:35 PM  all    0.03    0.03    0.22    7.56    0.00    0.00    0.00    0.00    0.00   92.16
01:54:35 PM    0    0.00    0.00    0.00    0.00    0.00    0.00    0.00    0.00    0.00  100.00
01:54:35 PM    1    0.00    0.00    0.00    0.00    0.00    0.00    0.00    0.00    0.00  100.00
01:54:35 PM    2    0.00    0.00    0.00    0.00    0.00    0.00    0.00    0.00    0.00  100.00
01:54:35 PM    3    0.00    0.00    0.00    0.00    0.00    0.00    0.00    0.00    0.00  100.00
01:54:35 PM    4    0.00    0.00    0.00    0.00    0.00    0.00    0.00    0.00    0.00  100.00
01:54:35 PM    5    0.00    0.00    0.00    0.00    0.00    0.00    0.00    0.00    0.00  100.00
01:54:35 PM    6    0.00    0.00    0.00    0.00    0.00    0.00    0.00    0.00    0.00  100.00
01:54:35 PM    7    0.00    0.00    0.00    0.00    0.00    0.00    0.00    0.00    0.00  100.00
01:54:35 PM    8    0.00    0.00    0.00    0.00    0.00    0.00    0.00    0.00    0.00  100.00
01:54:35 PM    9    0.00    0.00    0.00   29.70    0.00    0.00    0.00    0.00    0.00   70.30
01:54:35 PM   10    1.00    1.00    6.00   64.00    0.00    0.00    0.00    0.00    0.00   28.00
01:54:35 PM   11    0.00    0.00    0.00  100.00    0.00    0.00    0.00    0.00    0.00    0.00
01:54:35 PM   12    0.00    0.00    1.00    0.00    0.00    0.00    0.00    0.00    0.00   99.00
01:54:35 PM   13    0.00    0.00    0.00   45.00    0.00    0.00    0.00    0.00    0.00   55.00
01:54:35 PM   14    0.00    0.00    0.00    4.00    0.00    0.00    0.00    0.00    0.00   96.00
01:54:35 PM   15    0.00    0.00    0.00    0.00    0.00    0.00    0.00    0.00    0.00  100.00
01:54:35 PM   16    0.00    0.00    0.00    0.00    0.00    0.00    0.00    0.00    0.00  100.00
01:54:35 PM   17    0.00    0.00    0.00    0.00    0.00    0.00    0.00    0.00    0.00  100.00
01:54:35 PM   18    0.00    0.00    0.00    0.00    0.00    0.00    0.00    0.00    0.00  100.00
01:54:35 PM   19    0.00    0.00    0.00    0.00    0.00    0.00    0.00    0.00    0.00  100.00
01:54:35 PM   20    0.00    0.00    0.00    0.00    0.00    0.00    0.00    0.00    0.00  100.00
01:54:35 PM   21    0.00    0.00    0.00    0.00    0.00    0.00    0.00    0.00    0.00  100.00
01:54:35 PM   22    0.00    0.00    0.00    0.00    0.00    0.00    0.00    0.00    0.00  100.00
01:54:35 PM   23    0.00    0.00    0.00    0.00    0.00    0.00    0.00    0.00    0.00  100.00
01:54:35 PM   24    0.00    0.00    0.00    0.00    0.00    0.00    0.00    0.00    0.00  100.00
01:54:35 PM   25    0.00    0.00    0.00    0.00    0.00    0.00    0.00    0.00    0.00  100.00
01:54:35 PM   26    0.00    0.00    0.00    0.00    0.00    0.00    0.00    0.00    0.00  100.00
01:54:35 PM   27    0.00    0.00    0.00    0.00    0.00    0.00    0.00    0.00    0.00  100.00
01:54:35 PM   28    0.00    0.00    0.00    0.00    0.00    0.00    0.00    0.00    0.00  100.00
01:54:35 PM   29    0.00    0.00    0.00    0.00    0.00    0.00    0.00    0.00    0.00  100.00
01:54:35 PM   30    0.00    0.00    0.00    0.00    0.00    0.00    0.00    0.00    0.00  100.00
01:54:35 PM   31    0.00    0.00    0.00    0.00    0.00    0.00    0.00    0.00    0.00  100.00

01:54:35 PM  CPU    %usr   %nice    %sys %iowait    %irq   %soft  %steal  %guest  %gnice   %idle
01:54:36 PM  all    1.13    0.00    2.04    3.76    0.00    0.00    0.00    0.00    0.00   93.08
01:54:36 PM    0    0.00    0.00    0.00    0.00    0.00    0.00    0.00    0.00    0.00  100.00
01:54:36 PM    1    0.00    0.00    0.00    0.00    0.00    0.00    0.00    0.00    0.00  100.00
01:54:36 PM    2    0.00    0.00    0.00    0.00    0.00    0.00    0.00    0.00    0.00  100.00
01:54:36 PM    3    0.00    0.00    0.00    0.00    0.00    0.00    0.00    0.00    0.00  100.00
01:54:36 PM    4    0.00    0.00    0.00    0.00    0.00    0.00    0.00    0.00    0.00  100.00
01:54:36 PM    5    0.00    0.00    0.00    0.00    0.00    0.00    0.00    0.00    0.00  100.00
01:54:36 PM    6    0.00    0.00    0.00    0.00    0.00    0.00    0.00    0.00    0.00  100.00
01:54:36 PM    7    0.00    0.00    0.00    0.00    0.00    0.00    0.00    0.00    0.00  100.00
01:54:36 PM    8    0.00    0.00    0.00    0.00    0.00    0.00    0.00    0.00    0.00  100.00
01:54:36 PM    9    0.00    0.00    0.00  100.00    0.00    0.00    0.00    0.00    0.00    0.00
01:54:36 PM   10    0.00    0.00    1.00    0.00    0.00    0.00    0.00    0.00    0.00   99.00
01:54:36 PM   11   36.00    0.00   64.00    0.00    0.00    0.00    0.00    0.00    0.00    0.00
01:54:36 PM   12    0.00    0.00    0.00    0.00    0.00    0.00    0.00    0.00    0.00  100.00
01:54:36 PM   13    0.00    0.00    0.00   20.00    0.00    0.00    0.00    0.00    0.00   80.00
01:54:36 PM   14    0.00    0.00    0.00    0.00    0.00    0.00    0.00    0.00    0.00  100.00
01:54:36 PM   15    0.00    0.00    0.00    0.00    0.00    0.00    0.00    0.00    0.00  100.00
01:54:36 PM   16    0.00    0.00    0.00    0.00    0.00    0.00    0.00    0.00    0.00  100.00
01:54:36 PM   17    0.00    0.00    0.00    0.00    0.00    0.00    0.00    0.00    0.00  100.00
01:54:36 PM   18    0.00    0.00    0.00    0.00    0.00    0.00    0.00    0.00    0.00  100.00
01:54:36 PM   19    0.00    0.00    0.00    0.00    0.00    0.00    0.00    0.00    0.00  100.00
01:54:36 PM   20    0.00    0.00    0.00    0.00    0.00    0.00    0.00    0.00    0.00  100.00
01:54:36 PM   21    0.00    0.00    0.00    0.00    0.00    0.00    0.00    0.00    0.00  100.00
01:54:36 PM   22    0.00    0.00    0.00    0.00    0.00    0.00    0.00    0.00    0.00  100.00
01:54:36 PM   23    0.00    0.00    0.00    0.00    0.00    0.00    0.00    0.00    0.00  100.00
01:54:36 PM   24    0.00    0.00    0.00    0.00    0.00    0.00    0.00    0.00    0.00  100.00
01:54:36 PM   25    0.00    0.00    0.00    0.00    0.00    0.00    0.00    0.00    0.00  100.00
01:54:36 PM   26    0.00    0.00    0.00    0.00    0.00    0.00    0.00    0.00    0.00  100.00
01:54:36 PM   27    0.00    0.00    0.00    0.00    0.00    0.00    0.00    0.00    0.00  100.00
01:54:36 PM   28    0.00    0.00    0.00    0.00    0.00    0.00    0.00    0.00    0.00  100.00
01:54:36 PM   29    0.00    0.00    0.00    0.00    0.00    0.00    0.00    0.00    0.00  100.00
01:54:36 PM   30    0.00    0.00    0.00    0.00    0.00    0.00    0.00    0.00    0.00  100.00
01:54:36 PM   31    0.00    0.00    0.00    0.00    0.00    0.00    0.00    0.00    0.00  100.00

01:54:36 PM  CPU    %usr   %nice    %sys %iowait    %irq   %soft  %steal  %guest  %gnice   %idle
01:54:37 PM  all    1.06    0.00    1.28    6.60    0.00    0.00    0.00    0.00    0.00   91.05
01:54:37 PM    0    0.00    0.00    0.00    0.00    0.00    0.00    0.00    0.00    0.00  100.00
01:54:37 PM    1    0.00    0.00    0.00    0.00    0.00    0.00    0.00    0.00    0.00  100.00
01:54:37 PM    2    0.00    0.00    0.00   15.00    0.00    0.00    0.00    0.00    0.00   85.00
01:54:37 PM    3    0.00    0.00    0.00    0.00    0.00    0.00    0.00    0.00    0.00  100.00
01:54:37 PM    4    3.03    0.00    0.00    0.00    0.00    0.00    0.00    0.00    0.00   96.97
01:54:37 PM    5    0.00    0.00    0.00    0.00    0.00    0.00    0.00    0.00    0.00  100.00
01:54:37 PM    6    0.00    0.00    0.00    0.00    0.00    0.00    0.00    0.00    0.00  100.00
01:54:37 PM    7    0.00    0.00    0.00    0.00    0.00    0.00    0.00    0.00    0.00  100.00
01:54:37 PM    8    0.00    0.00    0.00    6.00    0.00    0.00    0.00    0.00    0.00   94.00
01:54:37 PM    9    0.00    0.00    1.00   99.00    0.00    0.00    0.00    0.00    0.00    0.00
01:54:37 PM   10   19.19    0.00   27.27   16.16    0.00    0.00    0.00    0.00    0.00   37.37
01:54:37 PM   11   12.12    0.00   11.11    0.00    0.00    0.00    0.00    0.00    0.00   76.77
01:54:37 PM   12    0.00    0.00    0.00    0.00    0.00    0.00    0.00    0.00    0.00  100.00
01:54:37 PM   13    0.00    0.00    0.00   32.00    0.00    0.00    0.00    0.00    0.00   68.00
01:54:37 PM   14    0.00    0.00    0.00   42.57    0.00    0.00    0.00    0.00    0.00   57.43
01:54:37 PM   15    0.00    0.00    0.00    0.00    0.00    0.00    0.00    0.00    0.00  100.00
01:54:37 PM   16    0.00    0.00    0.00    0.00    0.00    0.00    0.00    0.00    0.00  100.00
01:54:37 PM   17    0.00    0.00    0.00    0.00    0.00    0.00    0.00    0.00    0.00  100.00
01:54:37 PM   18    0.00    0.00    1.98    0.00    0.00    0.00    0.00    0.00    0.00   98.02
01:54:37 PM   19    0.00    0.00    0.00    0.00    0.00    0.00    0.00    0.00    0.00  100.00
01:54:37 PM   20    0.00    0.00    0.00    0.00    0.00    0.00    0.00    0.00    0.00  100.00
01:54:37 PM   21    0.00    0.00    0.00    0.00    0.00    0.00    0.00    0.00    0.00  100.00
01:54:37 PM   22    0.00    0.00    0.00    0.00    0.00    0.00    0.00    0.00    0.00  100.00
01:54:37 PM   23    0.00    0.00    0.00    0.00    0.00    0.00    0.00    0.00    0.00  100.00
01:54:37 PM   24    0.00    0.00    0.00    0.00    0.00    0.00    0.00    0.00    0.00  100.00
01:54:37 PM   25    0.00    0.00    0.00    0.00    0.00    0.00    0.00    0.00    0.00  100.00
01:54:37 PM   26    0.00    0.00    0.00    0.00    0.00    0.00    0.00    0.00    0.00  100.00
01:54:37 PM   27    0.00    0.00    0.00    0.00    0.00    0.00    0.00    0.00    0.00  100.00
01:54:37 PM   28    0.00    0.00    0.00    0.00    0.00    0.00    0.00    0.00    0.00  100.00
01:54:37 PM   29    0.00    0.00    0.00    0.00    0.00    0.00    0.00    0.00    0.00  100.00
01:54:37 PM   30    0.00    0.00    0.00    0.00    0.00    0.00    0.00    0.00    0.00  100.00
01:54:37 PM   31    0.00    0.00    0.00    0.00    0.00    0.00    0.00    0.00    0.00  100.00

01:54:37 PM  CPU    %usr   %nice    %sys %iowait    %irq   %soft  %steal  %guest  %gnice   %idle
01:54:38 PM  all    0.00    0.03    0.19    8.73    0.00    0.00    0.00    0.00    0.00   91.05
01:54:38 PM    0    0.00    0.00    0.00    0.00    0.00    0.00    0.00    0.00    0.00  100.00
01:54:38 PM    1    0.00    0.00    0.00    0.00    0.00    0.00    0.00    0.00    0.00  100.00
01:54:38 PM    2    0.00    0.00    0.00   21.21    0.00    0.00    0.00    0.00    0.00   78.79
01:54:38 PM    3    0.00    0.00    0.00    0.00    0.00    0.00    0.00    0.00    0.00  100.00
01:54:38 PM    4    0.00    0.00    0.00    0.00    0.00    0.00    0.00    0.00    0.00  100.00
01:54:38 PM    5    0.00    0.00    0.00    0.00    0.00    0.00    0.00    0.00    0.00  100.00
01:54:38 PM    6    0.00    0.00    0.00   15.00    0.00    0.00    0.00    0.00    0.00   85.00
01:54:38 PM    7    0.00    0.00    0.00    0.00    0.00    0.00    0.00    0.00    0.00  100.00
01:54:38 PM    8    0.00    1.00    1.00   63.00    0.00    0.00    0.00    0.00    0.00   35.00
01:54:38 PM    9    0.00    0.00    0.00  100.00    0.00    0.00    0.00    0.00    0.00    0.00
01:54:38 PM   10    0.00    0.00    5.00   14.00    0.00    0.00    0.00    0.00    0.00   81.00
01:54:38 PM   11    0.00    0.00    0.00    0.00    0.00    0.00    0.00    0.00    0.00  100.00
01:54:38 PM   12    0.00    0.00    0.00    0.00    0.00    0.00    0.00    0.00    0.00  100.00
01:54:38 PM   13    0.00    0.00    0.00   56.00    0.00    0.00    0.00    0.00    0.00   44.00
01:54:38 PM   14    0.00    0.00    0.00   10.00    0.00    0.00    0.00    0.00    0.00   90.00
01:54:38 PM   15    0.00    0.00    0.00    0.00    0.00    0.00    0.00    0.00    0.00  100.00
01:54:38 PM   16    0.00    0.00    0.00    0.00    0.00    0.00    0.00    0.00    0.00  100.00
01:54:38 PM   17    0.00    0.00    0.00    0.00    0.00    0.00    0.00    0.00    0.00  100.00
01:54:38 PM   18    0.00    0.00    0.00    0.00    0.00    0.00    0.00    0.00    0.00  100.00
01:54:38 PM   19    0.00    0.00    0.00    0.00    0.00    0.00    0.00    0.00    0.00  100.00
01:54:38 PM   20    0.00    0.00    0.00    0.00    0.00    0.00    0.00    0.00    0.00  100.00
01:54:38 PM   21    0.00    0.00    0.00    0.00    0.00    0.00    0.00    0.00    0.00  100.00
01:54:38 PM   22    0.00    0.00    0.00    0.00    0.00    0.00    0.00    0.00    0.00  100.00
01:54:38 PM   23    0.00    0.00    0.00    0.00    0.00    0.00    0.00    0.00    0.00  100.00
01:54:38 PM   24    0.00    0.00    0.00    0.00    0.00    0.00    0.00    0.00    0.00  100.00
01:54:38 PM   25    0.00    0.00    0.00    0.00    0.00    0.00    0.00    0.00    0.00  100.00
01:54:38 PM   26    0.00    0.00    0.00    0.00    0.00    0.00    0.00    0.00    0.00  100.00
01:54:38 PM   27    0.00    0.00    0.00    0.00    0.00    0.00    0.00    0.00    0.00  100.00
01:54:38 PM   28    0.00    0.00    0.00    0.00    0.00    0.00    0.00    0.00    0.00  100.00
01:54:38 PM   29    0.00    0.00    0.00    0.00    0.00    0.00    0.00    0.00    0.00  100.00
01:54:38 PM   30    0.00    0.00    0.00    0.00    0.00    0.00    0.00    0.00    0.00  100.00
01:54:38 PM   31    0.00    0.00    0.00    0.00    0.00    0.00    0.00    0.00    0.00  100.00

01:54:38 PM  CPU    %usr   %nice    %sys %iowait    %irq   %soft  %steal  %guest  %gnice   %idle
01:54:39 PM  all    0.03    0.00    0.09    8.08    0.00    0.00    0.00    0.00    0.00   91.80
01:54:39 PM    0    0.00    0.00    0.00    0.00    0.00    0.00    0.00    0.00    0.00  100.00
01:54:39 PM    1    0.00    0.00    0.00    0.00    0.00    0.00    0.00    0.00    0.00  100.00
01:54:39 PM    2    0.00    0.00    0.00    0.00    0.00    0.00    0.00    0.00    0.00  100.00
01:54:39 PM    3    0.00    0.00    0.00    0.00    0.00    0.00    0.00    0.00    0.00  100.00
01:54:39 PM    4    0.00    0.00    0.00    0.00    0.00    0.00    0.00    0.00    0.00  100.00
01:54:39 PM    5    0.00    0.00    0.00    0.00    0.00    0.00    0.00    0.00    0.00  100.00
01:54:39 PM    6    0.00    0.00    0.00    0.00    0.00    0.00    0.00    0.00    0.00  100.00
01:54:39 PM    7    0.00    0.00    0.00    0.00    0.00    0.00    0.00    0.00    0.00  100.00
01:54:39 PM    8    0.00    0.00    0.00  100.00    0.00    0.00    0.00    0.00    0.00    0.00
01:54:39 PM    9    0.00    0.00    0.00  100.00    0.00    0.00    0.00    0.00    0.00    0.00
01:54:39 PM   10    0.00    0.00    2.00    0.00    0.00    0.00    0.00    0.00    0.00   98.00
01:54:39 PM   11    0.00    0.00    0.00    0.00    0.00    0.00    0.00    0.00    0.00  100.00
01:54:39 PM   12    0.00    0.00    1.00    0.00    0.00    0.00    0.00    0.00    0.00   99.00
01:54:39 PM   13    0.00    0.00    0.00   62.00    0.00    0.00    0.00    0.00    0.00   38.00
01:54:39 PM   14    0.00    0.00    0.00    0.00    0.00    0.00    0.00    0.00    0.00  100.00
01:54:39 PM   15    0.00    0.00    0.00    0.00    0.00    0.00    0.00    0.00    0.00  100.00
01:54:39 PM   16    0.00    0.00    0.00    0.00    0.00    0.00    0.00    0.00    0.00  100.00
01:54:39 PM   17    0.00    0.00    0.00    0.00    0.00    0.00    0.00    0.00    0.00  100.00
01:54:39 PM   18    0.00    0.00    0.00    0.00    0.00    0.00    0.00    0.00    0.00  100.00
01:54:39 PM   19    0.99    0.00    0.00    0.00    0.00    0.00    0.00    0.00    0.00   99.01
01:54:39 PM   20    0.00    0.00    0.00    0.00    0.00    0.00    0.00    0.00    0.00  100.00
01:54:39 PM   21    0.00    0.00    0.00    0.00    0.00    0.00    0.00    0.00    0.00  100.00
01:54:39 PM   22    0.00    0.00    0.00    0.00    0.00    0.00    0.00    0.00    0.00  100.00
01:54:39 PM   23    0.00    0.00    0.00    0.00    0.00    0.00    0.00    0.00    0.00  100.00
01:54:39 PM   24    0.00    0.00    0.00    0.00    0.00    0.00    0.00    0.00    0.00  100.00
01:54:39 PM   25    0.00    0.00    0.00    0.00    0.00    0.00    0.00    0.00    0.00  100.00
01:54:39 PM   26    0.00    0.00    0.00    0.00    0.00    0.00    0.00    0.00    0.00  100.00
01:54:39 PM   27    0.00    0.00    0.00    0.00    0.00    0.00    0.00    0.00    0.00  100.00
01:54:39 PM   28    0.00    0.00    0.00    0.00    0.00    0.00    0.00    0.00    0.00  100.00
01:54:39 PM   29    0.00    0.00    0.00    0.00    0.00    0.00    0.00    0.00    0.00  100.00
01:54:39 PM   30    0.00    0.00    0.00    0.00    0.00    0.00    0.00    0.00    0.00  100.00
01:54:39 PM   31    0.00    0.00    0.00    0.00    0.00    0.00    0.00    0.00    0.00  100.00

01:54:39 PM  CPU    %usr   %nice    %sys %iowait    %irq   %soft  %steal  %guest  %gnice   %idle
01:54:40 PM  all    0.06    0.00    0.28    6.45    0.00    0.00    0.00    0.00    0.00   93.21
01:54:40 PM    0    0.00    0.00    0.00    0.00    0.00    0.00    0.00    0.00    0.00  100.00
01:54:40 PM    1    0.00    0.00    0.00    0.00    0.00    0.00    0.00    0.00    0.00  100.00
01:54:40 PM    2    0.00    0.00    0.99    0.00    0.00    0.00    0.00    0.00    0.00   99.01
01:54:40 PM    3    0.00    0.00    0.00    0.00    0.00    0.00    0.00    0.00    0.00  100.00
01:54:40 PM    4    0.00    0.00    0.00    0.00    0.00    0.00    0.00    0.00    0.00  100.00
01:54:40 PM    5    0.00    0.00    0.00    0.00    0.00    0.00    0.00    0.00    0.00  100.00
01:54:40 PM    6    0.00    0.00    1.01    0.00    0.00    0.00    0.00    0.00    0.00   98.99
01:54:40 PM    7    0.00    0.00    0.00    0.00    0.00    0.00    0.00    0.00    0.00  100.00
01:54:40 PM    8    0.00    0.00    1.01   39.39    0.00    0.00    0.00    0.00    0.00   59.60
01:54:40 PM    9    0.00    0.00    1.00   94.00    0.00    0.00    0.00    0.00    0.00    5.00
01:54:40 PM   10    1.01    0.00    3.03   32.32    0.00    0.00    0.00    0.00    0.00   63.64
01:54:40 PM   11    0.00    0.00    1.96    4.90    0.00    0.00    0.00    0.00    0.00   93.14
01:54:40 PM   12    1.00    0.00    0.00   17.00    0.00    0.00    0.00    0.00    0.00   82.00
01:54:40 PM   13    0.00    0.00    0.00   19.00    0.00    0.00    0.00    0.00    0.00   81.00
01:54:40 PM   14    0.00    0.00    0.00    0.00    0.00    0.00    0.00    0.00    0.00  100.00
01:54:40 PM   15    0.00    0.00    0.00    0.00    0.00    0.00    0.00    0.00    0.00  100.00
01:54:40 PM   16    0.00    0.00    0.00    0.00    0.00    0.00    0.00    0.00    0.00  100.00
01:54:40 PM   17    0.00    0.00    0.00    0.00    0.00    0.00    0.00    0.00    0.00  100.00
01:54:40 PM   18    0.00    0.00    0.00    0.00    0.00    0.00    0.00    0.00    0.00  100.00
01:54:40 PM   19    0.00    0.00    0.00    0.00    0.00    0.00    0.00    0.00    0.00  100.00
01:54:40 PM   20    0.00    0.00    0.00    0.00    0.00    0.00    0.00    0.00    0.00  100.00
01:54:40 PM   21    0.00    0.00    0.00    0.00    0.00    0.00    0.00    0.00    0.00  100.00
01:54:40 PM   22    0.00    0.00    0.00    0.00    0.00    0.00    0.00    0.00    0.00  100.00
01:54:40 PM   23    0.00    0.00    0.00    0.00    0.00    0.00    0.00    0.00    0.00  100.00
01:54:40 PM   24    0.00    0.00    0.00    0.00    0.00    0.00    0.00    0.00    0.00  100.00
01:54:40 PM   25    0.00    0.00    0.00    0.00    0.00    0.00    0.00    0.00    0.00  100.00
01:54:40 PM   26    0.00    0.00    0.00    0.00    0.00    0.00    0.00    0.00    0.00  100.00
01:54:40 PM   27    0.00    0.00    0.00    0.00    0.00    0.00    0.00    0.00    0.00  100.00
01:54:40 PM   28    0.00    0.00    0.00    0.00    0.00    0.00    0.00    0.00    0.00  100.00
01:54:40 PM   29    0.00    0.00    0.00    0.00    0.00    0.00    0.00    0.00    0.00  100.00
01:54:40 PM   30    0.00    0.00    0.00    0.00    0.00    0.00    0.00    0.00    0.00  100.00
01:54:40 PM   31    0.00    0.00    0.00    0.00    0.00    0.00    0.00    0.00    0.00  100.00

01:54:40 PM  CPU    %usr   %nice    %sys %iowait    %irq   %soft  %steal  %guest  %gnice   %idle
01:54:41 PM  all    0.03    0.00    0.16    6.76    0.00    0.00    0.00    0.00    0.00   93.05
01:54:41 PM    0    0.00    0.00    0.00    0.00    0.00    0.00    0.00    0.00    0.00  100.00
01:54:41 PM    1    0.00    0.00    0.00    0.00    0.00    0.00    0.00    0.00    0.00  100.00
01:54:41 PM    2    0.00    0.00    0.00    0.00    0.00    0.00    0.00    0.00    0.00  100.00
01:54:41 PM    3    0.00    0.00    0.00    0.00    0.00    0.00    0.00    0.00    0.00  100.00
01:54:41 PM    4    0.00    0.00    0.00    0.00    0.00    0.00    0.00    0.00    0.00  100.00
01:54:41 PM    5    0.00    0.00    0.00    0.00    0.00    0.00    0.00    0.00    0.00  100.00
01:54:41 PM    6    0.00    0.00    0.00    0.00    0.00    0.00    0.00    0.00    0.00  100.00
01:54:41 PM    7    0.00    0.00    0.00    0.00    0.00    0.00    0.00    0.00    0.00  100.00
01:54:41 PM    8    0.00    0.00    0.00    0.00    0.00    0.00    0.00    0.00    0.00  100.00
01:54:41 PM    9    0.00    0.00    0.00  100.00    0.00    0.00    0.00    0.00    0.00    0.00
01:54:41 PM   10    1.03    0.00    4.12   84.54    0.00    0.00    0.00    0.00    0.00   10.31
01:54:41 PM   11    0.00    0.00    0.00    0.00    0.00    0.00    0.00    0.00    0.00  100.00
01:54:41 PM   12    0.00    0.00    0.00   14.14    0.00    0.00    0.00    0.00    0.00   85.86
01:54:41 PM   13    0.00    0.00    0.00   21.00    0.00    0.00    0.00    0.00    0.00   79.00
01:54:41 PM   14    0.00    0.00    1.00    0.00    0.00    0.00    0.00    0.00    0.00   99.00
01:54:41 PM   15    0.00    0.00    0.00    0.00    0.00    0.00    0.00    0.00    0.00  100.00
01:54:41 PM   16    0.00    0.00    0.00    0.00    0.00    0.00    0.00    0.00    0.00  100.00
01:54:41 PM   17    0.00    0.00    0.00    0.00    0.00    0.00    0.00    0.00    0.00  100.00
01:54:41 PM   18    0.00    0.00    0.00    0.00    0.00    0.00    0.00    0.00    0.00  100.00
01:54:41 PM   19    0.00    0.00    0.00    0.00    0.00    0.00    0.00    0.00    0.00  100.00
01:54:41 PM   20    0.00    0.00    0.00    0.00    0.00    0.00    0.00    0.00    0.00  100.00
01:54:41 PM   21    0.00    0.00    0.00    0.00    0.00    0.00    0.00    0.00    0.00  100.00
01:54:41 PM   22    0.00    0.00    0.00    0.00    0.00    0.00    0.00    0.00    0.00  100.00
01:54:41 PM   23    0.00    0.00    0.00    0.00    0.00    0.00    0.00    0.00    0.00  100.00
01:54:41 PM   24    0.00    0.00    0.00    0.00    0.00    0.00    0.00    0.00    0.00  100.00
01:54:41 PM   25    0.00    0.00    0.00    0.00    0.00    0.00    0.00    0.00    0.00  100.00
01:54:41 PM   26    0.00    0.00    0.00    0.00    0.00    0.00    0.00    0.00    0.00  100.00
01:54:41 PM   27    0.00    0.00    0.00    0.00    0.00    0.00    0.00    0.00    0.00  100.00
01:54:41 PM   28    0.00    0.00    0.00    0.00    0.00    0.00    0.00    0.00    0.00  100.00
01:54:41 PM   29    0.00    0.00    0.00    0.00    0.00    0.00    0.00    0.00    0.00  100.00
01:54:41 PM   30    0.00    0.00    0.00    0.00    0.00    0.00    0.00    0.00    0.00  100.00
01:54:41 PM   31    0.00    0.00    0.00    0.00    0.00    0.00    0.00    0.00    0.00  100.00

01:54:41 PM  CPU    %usr   %nice    %sys %iowait    %irq   %soft  %steal  %guest  %gnice   %idle
01:54:42 PM  all    0.00    0.03    0.13    8.08    0.00    0.00    0.00    0.00    0.00   91.77
01:54:42 PM    0    0.00    0.00    0.00    0.00    0.00    0.00    0.00    0.00    0.00  100.00
01:54:42 PM    1    0.00    0.00    0.00    0.00    0.00    0.00    0.00    0.00    0.00  100.00
01:54:42 PM    2    0.00    0.00    0.00    0.00    0.00    0.00    0.00    0.00    0.00  100.00
01:54:42 PM    3    0.00    0.00    0.00    0.00    0.00    0.00    0.00    0.00    0.00  100.00
01:54:42 PM    4    0.00    0.00    0.00    0.00    0.00    0.00    0.00    0.00    0.00  100.00
01:54:42 PM    5    0.00    0.00    0.00    0.00    0.00    0.00    0.00    0.00    0.00  100.00
01:54:42 PM    6    0.00    0.00    0.99   13.86    0.00    0.00    0.00    0.00    0.00   85.15
01:54:42 PM    7    0.00    0.00    0.00    0.00    0.00    0.00    0.00    0.00    0.00  100.00
01:54:42 PM    8    0.00    1.00    1.00    0.00    0.00    0.00    0.00    0.00    0.00   98.00
01:54:42 PM    9    0.00    0.00    0.00  100.00    0.00    0.00    0.00    0.00    0.00    0.00
01:54:42 PM   10    0.00    0.00    2.04   81.63    0.00    0.00    0.00    0.00    0.00   16.33
01:54:42 PM   11    0.00    0.00    0.00    0.00    0.00    0.00    0.00    0.00    0.00  100.00
01:54:42 PM   12    0.00    0.00    0.00    0.00    0.00    0.00    0.00    0.00    0.00  100.00
01:54:42 PM   13    0.00    0.00    0.00   38.00    0.00    0.00    0.00    0.00    0.00   62.00
01:54:42 PM   14    0.00    0.00    0.00   11.11    0.00    0.00    0.00    0.00    0.00   88.89
01:54:42 PM   15    0.00    0.00    0.00   15.15    0.00    0.00    0.00    0.00    0.00   84.85
01:54:42 PM   16    0.00    0.00    0.00    0.00    0.00    0.00    0.00    0.00    0.00  100.00
01:54:42 PM   17    0.00    0.00    0.00    0.00    0.00    0.00    0.00    0.00    0.00  100.00
01:54:42 PM   18    0.00    0.00    0.00    0.00    0.00    0.00    0.00    0.00    0.00  100.00
01:54:42 PM   19    0.00    0.00    0.00    0.00    0.00    0.00    0.00    0.00    0.00  100.00
01:54:42 PM   20    0.00    0.00    0.00    0.00    0.00    0.00    0.00    0.00    0.00  100.00
01:54:42 PM   21    0.00    0.00    0.00    0.00    0.00    0.00    0.00    0.00    0.00  100.00
01:54:42 PM   22    0.00    0.00    0.00    0.00    0.00    0.00    0.00    0.00    0.00  100.00
01:54:42 PM   23    0.00    0.00    0.00    0.00    0.00    0.00    0.00    0.00    0.00  100.00
01:54:42 PM   24    0.00    0.00    0.00    0.00    0.00    0.00    0.00    0.00    0.00  100.00
01:54:42 PM   25    0.00    0.00    0.00    0.00    0.00    0.00    0.00    0.00    0.00  100.00
01:54:42 PM   26    0.00    0.00    0.00    0.00    0.00    0.00    0.00    0.00    0.00  100.00
01:54:42 PM   27    0.00    0.00    0.00    0.00    0.00    0.00    0.00    0.00    0.00  100.00
01:54:42 PM   28    0.00    0.00    0.00    0.00    0.00    0.00    0.00    0.00    0.00  100.00
01:54:42 PM   29    0.00    0.00    0.00    0.00    0.00    0.00    0.00    0.00    0.00  100.00
01:54:42 PM   30    0.00    0.00    0.00    0.00    0.00    0.00    0.00    0.00    0.00  100.00
01:54:42 PM   31    0.00    0.00    0.00    0.00    0.00    0.00    0.00    0.00    0.00  100.00

01:54:42 PM  CPU    %usr   %nice    %sys %iowait    %irq   %soft  %steal  %guest  %gnice   %idle
01:54:43 PM  all    0.00    0.00    0.19    8.86    0.00    0.00    0.00    0.00    0.00   90.95
01:54:43 PM    0    0.00    0.00    0.00    0.00    0.00    0.00    0.00    0.00    0.00  100.00
01:54:43 PM    1    0.00    0.00    0.00    0.00    0.00    0.00    0.00    0.00    0.00  100.00
01:54:43 PM    2    0.00    0.00    0.00    0.00    0.00    0.00    0.00    0.00    0.00  100.00
01:54:43 PM    3    0.00    0.00    0.00    0.00    0.00    0.00    0.00    0.00    0.00  100.00
01:54:43 PM    4    0.00    0.00    0.99    0.00    0.00    0.00    0.00    0.00    0.00   99.01
01:54:43 PM    5    0.00    0.00    0.00    0.00    0.00    0.00    0.00    0.00    0.00  100.00
01:54:43 PM    6    0.00    0.00    0.00    0.00    0.00    0.00    0.00    0.00    0.00  100.00
01:54:43 PM    7    0.00    0.00    0.00    0.00    0.00    0.00    0.00    0.00    0.00  100.00
01:54:43 PM    8    0.00    0.00    0.00    0.00    0.00    0.00    0.00    0.00    0.00  100.00
01:54:43 PM    9    0.00    0.00    0.00  100.00    0.00    0.00    0.00    0.00    0.00    0.00
01:54:43 PM   10    0.00    0.00    5.10   85.71    0.00    0.00    0.00    0.00    0.00    9.18
01:54:43 PM   11    0.00    0.00    0.00    0.00    0.00    0.00    0.00    0.00    0.00  100.00
01:54:43 PM   12    0.00    0.00    0.00   12.12    0.00    0.00    0.00    0.00    0.00   87.88
01:54:43 PM   13    0.00    0.00    0.00   87.00    0.00    0.00    0.00    0.00    0.00   13.00
01:54:43 PM   14    0.00    0.00    0.00    0.00    0.00    0.00    0.00    0.00    0.00  100.00
01:54:43 PM   15    0.00    0.00    0.00    0.00    0.00    0.00    0.00    0.00    0.00  100.00
01:54:43 PM   16    0.00    0.00    0.00    0.00    0.00    0.00    0.00    0.00    0.00  100.00
01:54:43 PM   17    0.00    0.00    0.00    0.00    0.00    0.00    0.00    0.00    0.00  100.00
01:54:43 PM   18    0.00    0.00    0.00    0.00    0.00    0.00    0.00    0.00    0.00  100.00
01:54:43 PM   19    0.00    0.00    0.00    0.00    0.00    0.00    0.00    0.00    0.00  100.00
01:54:43 PM   20    0.00    0.00    0.00    0.00    0.00    0.00    0.00    0.00    0.00  100.00
01:54:43 PM   21    0.00    0.00    0.00    0.00    0.00    0.00    0.00    0.00    0.00  100.00
01:54:43 PM   22    0.00    0.00    0.00    0.00    0.00    0.00    0.00    0.00    0.00  100.00
01:54:43 PM   23    0.00    0.00    0.00    0.00    0.00    0.00    0.00    0.00    0.00  100.00
01:54:43 PM   24    0.00    0.00    0.00    0.00    0.00    0.00    0.00    0.00    0.00  100.00
01:54:43 PM   25    0.00    0.00    0.00    0.00    0.00    0.00    0.00    0.00    0.00  100.00
01:54:43 PM   26    0.00    0.00    0.00    0.00    0.00    0.00    0.00    0.00    0.00  100.00
01:54:43 PM   27    0.00    0.00    0.00    0.00    0.00    0.00    0.00    0.00    0.00  100.00
01:54:43 PM   28    0.00    0.00    0.00    0.00    0.00    0.00    0.00    0.00    0.00  100.00
01:54:43 PM   29    0.00    0.00    0.00    0.00    0.00    0.00    0.00    0.00    0.00  100.00
01:54:43 PM   30    0.00    0.00    0.00    0.00    0.00    0.00    0.00    0.00    0.00  100.00
01:54:43 PM   31    0.00    0.00    0.00    0.00    0.00    0.00    0.00    0.00    0.00  100.00

01:54:43 PM  CPU    %usr   %nice    %sys %iowait    %irq   %soft  %steal  %guest  %gnice   %idle
01:54:44 PM  all    0.03    0.00    0.22    8.42    0.00    0.00    0.00    0.00    0.00   91.33
01:54:44 PM    0    0.00    0.00    0.00    0.00    0.00    0.00    0.00    0.00    0.00  100.00
01:54:44 PM    1    0.00    0.00    0.00    0.00    0.00    0.00    0.00    0.00    0.00  100.00
01:54:44 PM    2    0.00    0.00    0.00    0.00    0.00    0.00    0.00    0.00    0.00  100.00
01:54:44 PM    3    0.00    0.00    0.00    0.00    0.00    0.00    0.00    0.00    0.00  100.00
01:54:44 PM    4    0.00    0.00    0.00    0.00    0.00    0.00    0.00    0.00    0.00  100.00
01:54:44 PM    5    0.00    0.00    0.00    0.00    0.00    0.00    0.00    0.00    0.00  100.00
01:54:44 PM    6    0.00    0.00    0.00    0.00    0.00    0.00    0.00    0.00    0.00  100.00
01:54:44 PM    7    0.00    0.00    0.00    0.00    0.00    0.00    0.00    0.00    0.00  100.00
01:54:44 PM    8    0.00    0.00    1.00    0.00    0.00    0.00    0.00    0.00    0.00   99.00
01:54:44 PM    9    0.00    0.00    0.00  100.00    0.00    0.00    0.00    0.00    0.00    0.00
01:54:44 PM   10    1.02    0.00    5.10   70.41    0.00    0.00    0.00    0.00    0.00   23.47
01:54:44 PM   11    0.00    0.00    0.00    0.00    0.00    0.00    0.00    0.00    0.00  100.00
01:54:44 PM   12    0.00    0.00    1.00   13.00    0.00    0.00    0.00    0.00    0.00   86.00
01:54:44 PM   13    0.00    0.00    0.00   87.88    0.00    0.00    0.00    0.00    0.00   12.12
01:54:44 PM   14    0.00    0.00    0.00    0.00    0.00    0.00    0.00    0.00    0.00  100.00
01:54:44 PM   15    0.00    0.00    0.00    0.00    0.00    0.00    0.00    0.00    0.00  100.00
01:54:44 PM   16    0.00    0.00    0.00    0.00    0.00    0.00    0.00    0.00    0.00  100.00
01:54:44 PM   17    0.00    0.00    0.00    0.00    0.00    0.00    0.00    0.00    0.00  100.00
01:54:44 PM   18    0.00    0.00    0.00    0.00    0.00    0.00    0.00    0.00    0.00  100.00
01:54:44 PM   19    0.00    0.00    0.00    0.00    0.00    0.00    0.00    0.00    0.00  100.00
01:54:44 PM   20    0.00    0.00    0.00    0.00    0.00    0.00    0.00    0.00    0.00  100.00
01:54:44 PM   21    0.00    0.00    0.00    0.00    0.00    0.00    0.00    0.00    0.00  100.00
01:54:44 PM   22    0.00    0.00    0.00    0.00    0.00    0.00    0.00    0.00    0.00  100.00
01:54:44 PM   23    0.00    0.00    0.00    0.00    0.00    0.00    0.00    0.00    0.00  100.00
01:54:44 PM   24    0.00    0.00    0.00    0.00    0.00    0.00    0.00    0.00    0.00  100.00
01:54:44 PM   25    0.00    0.00    0.00    0.00    0.00    0.00    0.00    0.00    0.00  100.00
01:54:44 PM   26    0.00    0.00    0.00    0.00    0.00    0.00    0.00    0.00    0.00  100.00
01:54:44 PM   27    0.00    0.00    0.00    0.00    0.00    0.00    0.00    0.00    0.00  100.00
01:54:44 PM   28    0.00    0.00    0.00    0.00    0.00    0.00    0.00    0.00    0.00  100.00
01:54:44 PM   29    0.00    0.00    0.00    0.00    0.00    0.00    0.00    0.00    0.00  100.00
01:54:44 PM   30    0.00    0.00    0.00    0.00    0.00    0.00    0.00    0.00    0.00  100.00
01:54:44 PM   31    0.00    0.00    0.00    0.00    0.00    0.00    0.00    0.00    0.00  100.00

01:54:44 PM  CPU    %usr   %nice    %sys %iowait    %irq   %soft  %steal  %guest  %gnice   %idle
01:54:45 PM  all    0.00    0.03    0.13    8.35    0.00    0.00    0.00    0.00    0.00   91.49
01:54:45 PM    0    0.00    0.00    0.00    0.00    0.00    0.00    0.00    0.00    0.00  100.00
01:54:45 PM    1    0.00    0.00    0.00    0.00    0.00    0.00    0.00    0.00    0.00  100.00
01:54:45 PM    2    0.00    0.00    0.00    0.00    0.00    0.00    0.00    0.00    0.00  100.00
01:54:45 PM    3    0.00    0.00    0.00    0.00    0.00    0.00    0.00    0.00    0.00  100.00
01:54:45 PM    4    0.00    0.00    0.00    0.00    0.00    0.00    0.00    0.00    0.00  100.00
01:54:45 PM    5    0.00    0.00    0.00    0.00    0.00    0.00    0.00    0.00    0.00  100.00
01:54:45 PM    6    0.00    0.00    0.00   21.21    0.00    0.00    0.00    0.00    0.00   78.79
01:54:45 PM    7    0.00    0.00    0.00    0.00    0.00    0.00    0.00    0.00    0.00  100.00
01:54:45 PM    8    0.00    0.99    0.99    0.00    0.00    0.00    0.00    0.00    0.00   98.02
01:54:45 PM    9    0.00    0.00    0.00  100.00    0.00    0.00    0.00    0.00    0.00    0.00
01:54:45 PM   10    0.00    0.00    2.02   67.68    0.00    0.00    0.00    0.00    0.00   30.30
01:54:45 PM   11    0.00    0.00    0.00   34.34    0.00    0.00    0.00    0.00    0.00   65.66
01:54:45 PM   12    0.00    0.00    0.00    8.08    0.00    0.00    0.00    0.00    0.00   91.92
01:54:45 PM   13    0.00    0.00    0.00   21.78    0.00    0.00    0.00    0.00    0.00   78.22
01:54:45 PM   14    0.00    0.00    0.00    0.00    0.00    0.00    0.00    0.00    0.00  100.00
01:54:45 PM   15    0.00    0.00    0.00    0.00    0.00    0.00    0.00    0.00    0.00  100.00
01:54:45 PM   16    0.00    0.00    0.00    0.00    0.00    0.00    0.00    0.00    0.00  100.00
01:54:45 PM   17    0.00    0.00    0.00    0.00    0.00    0.00    0.00    0.00    0.00  100.00
01:54:45 PM   18    0.00    0.00    0.00    0.00    0.00    0.00    0.00    0.00    0.00  100.00
01:54:45 PM   19    0.00    0.00    0.00    0.00    0.00    0.00    0.00    0.00    0.00  100.00
01:54:45 PM   20    0.00    0.00    0.99    0.00    0.00    0.00    0.00    0.00    0.00   99.01
01:54:45 PM   21    0.00    0.00    0.00    0.00    0.00    0.00    0.00    0.00    0.00  100.00
01:54:45 PM   22    0.00    0.00    0.00   16.16    0.00    0.00    0.00    0.00    0.00   83.84
01:54:45 PM   23    0.00    0.00    0.00    0.00    0.00    0.00    0.00    0.00    0.00  100.00
01:54:45 PM   24    0.00    0.00    0.00    0.00    0.00    0.00    0.00    0.00    0.00  100.00
01:54:45 PM   25    0.00    0.00    0.00    0.00    0.00    0.00    0.00    0.00    0.00  100.00
01:54:45 PM   26    0.00    0.00    0.00    0.00    0.00    0.00    0.00    0.00    0.00  100.00
01:54:45 PM   27    0.00    0.00    0.00    0.00    0.00    0.00    0.00    0.00    0.00  100.00
01:54:45 PM   28    0.00    0.00    0.00    0.00    0.00    0.00    0.00    0.00    0.00  100.00
01:54:45 PM   29    0.00    0.00    0.00    0.00    0.00    0.00    0.00    0.00    0.00  100.00
01:54:45 PM   30    0.00    0.00    0.00    0.00    0.00    0.00    0.00    0.00    0.00  100.00
01:54:45 PM   31    0.00    0.00    0.00    0.00    0.00    0.00    0.00    0.00    0.00  100.00

01:54:45 PM  CPU    %usr   %nice    %sys %iowait    %irq   %soft  %steal  %guest  %gnice   %idle
01:54:46 PM  all    0.03    0.00    0.22    8.60    0.00    0.00    0.00    0.00    0.00   91.15
01:54:46 PM    0    0.00    0.00    0.00    0.00    0.00    0.00    0.00    0.00    0.00  100.00
01:54:46 PM    1    0.00    0.00    0.00    0.00    0.00    0.00    0.00    0.00    0.00  100.00
01:54:46 PM    2    0.00    0.00    0.00    0.00    0.00    0.00    0.00    0.00    0.00  100.00
01:54:46 PM    3    0.00    0.00    0.00    0.00    0.00    0.00    0.00    0.00    0.00  100.00
01:54:46 PM    4    0.00    0.00    0.00    0.00    0.00    0.00    0.00    0.00    0.00  100.00
01:54:46 PM    5    0.00    0.00    0.00    0.00    0.00    0.00    0.00    0.00    0.00  100.00
01:54:46 PM    6    0.00    0.00    1.00    0.00    0.00    0.00    0.00    0.00    0.00   99.00
01:54:46 PM    7    0.00    0.00    0.00    0.00    0.00    0.00    0.00    0.00    0.00  100.00
01:54:46 PM    8    0.00    0.00    0.00    0.00    0.00    0.00    0.00    0.00    0.00  100.00
01:54:46 PM    9    0.00    0.00    0.00  100.00    0.00    0.00    0.00    0.00    0.00    0.00
01:54:46 PM   10    1.01    0.00    5.05   85.86    0.00    0.00    0.00    0.00    0.00    8.08
01:54:46 PM   11    0.00    0.00    0.00    0.00    0.00    0.00    0.00    0.00    0.00  100.00
01:54:46 PM   12    0.00    0.00    0.00   10.00    0.00    0.00    0.00    0.00    0.00   90.00
01:54:46 PM   13    0.00    0.00    0.00   80.00    0.00    0.00    0.00    0.00    0.00   20.00
01:54:46 PM   14    0.00    0.00    0.99    0.00    0.00    0.00    0.00    0.00    0.00   99.01
01:54:46 PM   15    0.00    0.00    0.00    0.00    0.00    0.00    0.00    0.00    0.00  100.00
01:54:46 PM   16    0.00    0.00    0.00    0.00    0.00    0.00    0.00    0.00    0.00  100.00
01:54:46 PM   17    0.00    0.00    0.00    0.00    0.00    0.00    0.00    0.00    0.00  100.00
01:54:46 PM   18    0.00    0.00    0.00    0.00    0.00    0.00    0.00    0.00    0.00  100.00
01:54:46 PM   19    0.00    0.00    0.00    0.00    0.00    0.00    0.00    0.00    0.00  100.00
01:54:46 PM   20    0.00    0.00    0.00    0.00    0.00    0.00    0.00    0.00    0.00  100.00
01:54:46 PM   21    0.00    0.00    0.00    0.00    0.00    0.00    0.00    0.00    0.00  100.00
01:54:46 PM   22    0.00    0.00    0.00    0.00    0.00    0.00    0.00    0.00    0.00  100.00
01:54:46 PM   23    0.00    0.00    0.00    0.00    0.00    0.00    0.00    0.00    0.00  100.00
01:54:46 PM   24    0.00    0.00    0.00    0.00    0.00    0.00    0.00    0.00    0.00  100.00
01:54:46 PM   25    0.00    0.00    0.00    0.00    0.00    0.00    0.00    0.00    0.00  100.00
01:54:46 PM   26    0.00    0.00    0.00    0.00    0.00    0.00    0.00    0.00    0.00  100.00
01:54:46 PM   27    0.00    0.00    0.00    0.00    0.00    0.00    0.00    0.00    0.00  100.00
01:54:46 PM   28    0.00    0.00    0.00    0.00    0.00    0.00    0.00    0.00    0.00  100.00
01:54:46 PM   29    0.00    0.00    0.00    0.00    0.00    0.00    0.00    0.00    0.00  100.00
01:54:46 PM   30    0.00    0.00    0.00    0.00    0.00    0.00    0.00    0.00    0.00  100.00
01:54:46 PM   31    0.00    0.00    0.00    0.00    0.00    0.00    0.00    0.00    0.00  100.00

01:54:46 PM  CPU    %usr   %nice    %sys %iowait    %irq   %soft  %steal  %guest  %gnice   %idle
01:54:47 PM  all    0.00    0.00    0.13    9.05    0.00    0.00    0.00    0.00    0.00   90.82
01:54:47 PM    0    0.00    0.00    0.00    0.00    0.00    0.00    0.00    0.00    0.00  100.00
01:54:47 PM    1    0.00    0.00    0.00    0.00    0.00    0.00    0.00    0.00    0.00  100.00
01:54:47 PM    2    0.00    0.00    0.00    0.00    0.00    0.00    0.00    0.00    0.00  100.00
01:54:47 PM    3    0.00    0.00    0.00    0.00    0.00    0.00    0.00    0.00    0.00  100.00
01:54:47 PM    4    0.00    0.00    0.00    0.00    0.00    0.00    0.00    0.00    0.00  100.00
01:54:47 PM    5    0.00    0.00    0.00    0.00    0.00    0.00    0.00    0.00    0.00  100.00
01:54:47 PM    6    0.00    0.00    0.00    0.00    0.00    0.00    0.00    0.00    0.00  100.00
01:54:47 PM    7    0.00    0.00    0.00    0.00    0.00    0.00    0.00    0.00    0.00  100.00
01:54:47 PM    8    0.00    0.00    1.01   38.38    0.00    0.00    0.00    0.00    0.00   60.61
01:54:47 PM    9    0.00    0.00    0.99   15.84    0.00    0.00    0.00    0.00    0.00   83.17
01:54:47 PM   10    0.00    0.00    1.03   98.97    0.00    0.00    0.00    0.00    0.00    0.00
01:54:47 PM   11    0.00    0.00    0.99   88.12    0.00    0.00    0.00    0.00    0.00   10.89
01:54:47 PM   12    0.00    0.00    0.00    1.01    0.00    0.00    0.00    0.00    0.00   98.99
01:54:47 PM   13    0.00    0.00    0.00   49.00    0.00    0.00    0.00    0.00    0.00   51.00
01:54:47 PM   14    0.00    0.00    0.00    0.00    0.00    0.00    0.00    0.00    0.00  100.00
01:54:47 PM   15    0.00    0.00    0.00    0.00    0.00    0.00    0.00    0.00    0.00  100.00
01:54:47 PM   16    0.00    0.00    0.00    0.00    0.00    0.00    0.00    0.00    0.00  100.00
01:54:47 PM   17    0.00    0.00    0.00    0.00    0.00    0.00    0.00    0.00    0.00  100.00
01:54:47 PM   18    0.00    0.00    0.00    0.00    0.00    0.00    0.00    0.00    0.00  100.00
01:54:47 PM   19    0.00    0.00    0.00    0.00    0.00    0.00    0.00    0.00    0.00  100.00
01:54:47 PM   20    0.00    0.00    0.00    0.00    0.00    0.00    0.00    0.00    0.00  100.00
01:54:47 PM   21    0.00    0.00    0.00    0.00    0.00    0.00    0.00    0.00    0.00  100.00
01:54:47 PM   22    0.00    0.00    0.00    0.00    0.00    0.00    0.00    0.00    0.00  100.00
01:54:47 PM   23    0.00    0.00    0.00    0.00    0.00    0.00    0.00    0.00    0.00  100.00
01:54:47 PM   24    0.00    0.00    0.00    0.00    0.00    0.00    0.00    0.00    0.00  100.00
01:54:47 PM   25    0.00    0.00    0.00    0.00    0.00    0.00    0.00    0.00    0.00  100.00
01:54:47 PM   26    0.00    0.00    0.00    0.00    0.00    0.00    0.00    0.00    0.00  100.00
01:54:47 PM   27    0.00    0.00    0.00    0.00    0.00    0.00    0.00    0.00    0.00  100.00
01:54:47 PM   28    0.00    0.00    0.00    0.00    0.00    0.00    0.00    0.00    0.00  100.00
01:54:47 PM   29    0.00    0.00    0.00    0.00    0.00    0.00    0.00    0.00    0.00  100.00
01:54:47 PM   30    0.00    0.00    0.00    0.00    0.00    0.00    0.00    0.00    0.00  100.00
01:54:47 PM   31    0.00    0.00    0.00    0.00    0.00    0.00    0.00    0.00    0.00  100.00

01:54:47 PM  CPU    %usr   %nice    %sys %iowait    %irq   %soft  %steal  %guest  %gnice   %idle
01:54:48 PM  all    0.00    0.00    0.16    6.17    0.00    0.00    0.00    0.00    0.00   93.68
01:54:48 PM    0    0.00    0.00    0.00    0.00    0.00    0.00    0.00    0.00    0.00  100.00
01:54:48 PM    1    0.00    0.00    0.00    0.00    0.00    0.00    0.00    0.00    0.00  100.00
01:54:48 PM    2    0.00    0.00    0.00    0.00    0.00    0.00    0.00    0.00    0.00  100.00
01:54:48 PM    3    0.00    0.00    0.00    0.00    0.00    0.00    0.00    0.00    0.00  100.00
01:54:48 PM    4    0.00    0.00    0.00    0.00    0.00    0.00    0.00    0.00    0.00  100.00
01:54:48 PM    5    0.00    0.00    0.00    0.00    0.00    0.00    0.00    0.00    0.00  100.00
01:54:48 PM    6    0.00    0.00    0.00    0.00    0.00    0.00    0.00    0.00    0.00  100.00
01:54:48 PM    7    0.00    0.00    0.00    0.00    0.00    0.00    0.00    0.00    0.00  100.00
01:54:48 PM    8    0.00    0.00    0.00   58.59    0.00    0.00    0.00    0.00    0.00   41.41
01:54:48 PM    9    0.00    0.00    0.00    0.00    0.00    0.00    0.00    0.00    0.00  100.00
01:54:48 PM   10    0.00    0.00    1.01    0.00    0.00    0.00    0.00    0.00    0.00   98.99
01:54:48 PM   11    0.00    0.00    2.02   97.98    0.00    0.00    0.00    0.00    0.00    0.00
01:54:48 PM   12    0.00    0.00    1.01   19.19    0.00    0.00    0.00    0.00    0.00   79.80
01:54:48 PM   13    0.00    0.00    0.00   17.17    0.00    0.00    0.00    0.00    0.00   82.83
01:54:48 PM   14    0.00    0.00    0.00    0.00    0.00    0.00    0.00    0.00    0.00  100.00
01:54:48 PM   15    0.00    0.00    0.99    5.94    0.00    0.00    0.00    0.00    0.00   93.07
01:54:48 PM   16    0.00    0.00    0.00    0.00    0.00    0.00    0.00    0.00    0.00  100.00
01:54:48 PM   17    0.00    0.00    0.00    0.00    0.00    0.00    0.00    0.00    0.00  100.00
01:54:48 PM   18    0.00    0.00    0.00    0.00    0.00    0.00    0.00    0.00    0.00  100.00
01:54:48 PM   19    0.00    0.00    0.00    0.00    0.00    0.00    0.00    0.00    0.00  100.00
01:54:48 PM   20    0.00    0.00    0.00    0.00    0.00    0.00    0.00    0.00    0.00  100.00
01:54:48 PM   21    0.00    0.00    0.00    0.00    0.00    0.00    0.00    0.00    0.00  100.00
01:54:48 PM   22    0.00    0.00    0.00    0.00    0.00    0.00    0.00    0.00    0.00  100.00
01:54:48 PM   23    0.00    0.00    0.00    0.00    0.00    0.00    0.00    0.00    0.00  100.00
01:54:48 PM   24    0.00    0.00    0.00    0.00    0.00    0.00    0.00    0.00    0.00  100.00
01:54:48 PM   25    0.00    0.00    0.00    0.00    0.00    0.00    0.00    0.00    0.00  100.00
01:54:48 PM   26    0.00    0.00    0.00    0.00    0.00    0.00    0.00    0.00    0.00  100.00
01:54:48 PM   27    0.00    0.00    0.00    0.00    0.00    0.00    0.00    0.00    0.00  100.00
01:54:48 PM   28    0.00    0.00    0.00    0.00    0.00    0.00    0.00    0.00    0.00  100.00
01:54:48 PM   29    0.00    0.00    0.00    0.00    0.00    0.00    0.00    0.00    0.00  100.00
01:54:48 PM   30    0.00    0.00    0.00    0.00    0.00    0.00    0.00    0.00    0.00  100.00
01:54:48 PM   31    0.00    0.00    0.00    0.00    0.00    0.00    0.00    0.00    0.00  100.00

01:54:48 PM  CPU    %usr   %nice    %sys %iowait    %irq   %soft  %steal  %guest  %gnice   %idle
01:54:49 PM  all    0.03    0.09    0.16    6.82    0.00    0.00    0.00    0.00    0.00   92.90
01:54:49 PM    0    0.00    0.00    0.00    0.00    0.00    0.00    0.00    0.00    0.00  100.00
01:54:49 PM    1    0.00    0.00    0.00    0.00    0.00    0.00    0.00    0.00    0.00  100.00
01:54:49 PM    2    0.00    0.00    0.00    0.00    0.00    0.00    0.00    0.00    0.00  100.00
01:54:49 PM    3    0.00    0.00    0.00    0.00    0.00    0.00    0.00    0.00    0.00  100.00
01:54:49 PM    4    0.00    0.00    0.00    0.00    0.00    0.00    0.00    0.00    0.00  100.00
01:54:49 PM    5    0.00    0.00    0.00    0.00    0.00    0.00    0.00    0.00    0.00  100.00
01:54:49 PM    6    0.00    0.00    0.00    0.00    0.00    0.00    0.00    0.00    0.00  100.00
01:54:49 PM    7    0.00    0.00    0.00    0.00    0.00    0.00    0.00    0.00    0.00  100.00
01:54:49 PM    8    0.00    1.01    1.01   97.98    0.00    0.00    0.00    0.00    0.00    0.00
01:54:49 PM    9    0.00    0.00    0.00   36.36    0.00    0.00    0.00    0.00    0.00   63.64
01:54:49 PM   10    0.98    0.98    3.92    0.00    0.00    0.00    0.00    0.00    0.00   94.12
01:54:49 PM   11    0.00    1.00    0.00   62.00    0.00    0.00    0.00    0.00    0.00   37.00
01:54:49 PM   12    0.00    0.00    0.00    0.00    0.00    0.00    0.00    0.00    0.00  100.00
01:54:49 PM   13    0.00    0.00    0.00   23.00    0.00    0.00    0.00    0.00    0.00   77.00
01:54:49 PM   14    0.00    0.00    0.00    0.00    0.00    0.00    0.00    0.00    0.00  100.00
01:54:49 PM   15    0.00    0.00    0.00    0.00    0.00    0.00    0.00    0.00    0.00  100.00
01:54:49 PM   16    0.00    0.00    0.00    0.00    0.00    0.00    0.00    0.00    0.00  100.00
01:54:49 PM   17    0.00    0.00    0.00    0.00    0.00    0.00    0.00    0.00    0.00  100.00
01:54:49 PM   18    0.00    0.00    0.00    0.00    0.00    0.00    0.00    0.00    0.00  100.00
01:54:49 PM   19    0.00    0.00    0.00    0.00    0.00    0.00    0.00    0.00    0.00  100.00
01:54:49 PM   20    0.00    0.00    0.00    0.00    0.00    0.00    0.00    0.00    0.00  100.00
01:54:49 PM   21    0.00    0.00    0.00    0.00    0.00    0.00    0.00    0.00    0.00  100.00
01:54:49 PM   22    0.00    0.00    0.00    0.00    0.00    0.00    0.00    0.00    0.00  100.00
01:54:49 PM   23    0.00    0.00    0.00    0.00    0.00    0.00    0.00    0.00    0.00  100.00
01:54:49 PM   24    0.00    0.00    0.00    0.00    0.00    0.00    0.00    0.00    0.00  100.00
01:54:49 PM   25    0.00    0.00    0.00    0.00    0.00    0.00    0.00    0.00    0.00  100.00
01:54:49 PM   26    0.00    0.00    0.00    0.00    0.00    0.00    0.00    0.00    0.00  100.00
01:54:49 PM   27    0.00    0.00    0.00    0.00    0.00    0.00    0.00    0.00    0.00  100.00
01:54:49 PM   28    0.00    0.00    0.00    0.00    0.00    0.00    0.00    0.00    0.00  100.00
01:54:49 PM   29    0.00    0.00    0.00    0.00    0.00    0.00    0.00    0.00    0.00  100.00
01:54:49 PM   30    0.00    0.00    0.00    0.00    0.00    0.00    0.00    0.00    0.00  100.00
01:54:49 PM   31    0.00    0.00    0.00    0.00    0.00    0.00    0.00    0.00    0.00  100.00

01:54:49 PM  CPU    %usr   %nice    %sys %iowait    %irq   %soft  %steal  %guest  %gnice   %idle
01:54:50 PM  all    0.00    0.00    0.25    6.85    0.00    0.00    0.00    0.00    0.00   92.90
01:54:50 PM    0    0.00    0.00    0.00    0.00    0.00    0.00    0.00    0.00    0.00  100.00
01:54:50 PM    1    0.00    0.00    0.00    0.00    0.00    0.00    0.00    0.00    0.00  100.00
01:54:50 PM    2    0.00    0.00    0.00    0.00    0.00    0.00    0.00    0.00    0.00  100.00
01:54:50 PM    3    0.00    0.00    0.00    0.00    0.00    0.00    0.00    0.00    0.00  100.00
01:54:50 PM    4    0.00    0.00    0.00    3.03    0.00    0.00    0.00    0.00    0.00   96.97
01:54:50 PM    5    0.00    0.00    0.00    0.00    0.00    0.00    0.00    0.00    0.00  100.00
01:54:50 PM    6    0.00    0.00    1.00    0.00    0.00    0.00    0.00    0.00    0.00   99.00
01:54:50 PM    7    0.00    0.00    0.00    0.00    0.00    0.00    0.00    0.00    0.00  100.00
01:54:50 PM    8    0.00    0.00    2.00    6.00    0.00    0.00    0.00    0.00    0.00   92.00
01:54:50 PM    9    0.00    0.00    0.00  100.00    0.00    0.00    0.00    0.00    0.00    0.00
01:54:50 PM   10    0.00    0.00    0.00   48.00    0.00    0.00    0.00    0.00    0.00   52.00
01:54:50 PM   11    0.00    0.00    1.01    0.00    0.00    0.00    0.00    0.00    0.00   98.99
01:54:50 PM   12    0.00    0.00    0.00   38.38    0.00    0.00    0.00    0.00    0.00   61.62
01:54:50 PM   13    0.00    0.00    0.00   24.00    0.00    0.00    0.00    0.00    0.00   76.00
01:54:50 PM   14    0.00    0.00    3.96    0.00    0.00    0.00    0.00    0.00    0.00   96.04
01:54:50 PM   15    0.00    0.00    0.00    0.00    0.00    0.00    0.00    0.00    0.00  100.00
01:54:50 PM   16    0.00    0.00    0.00    0.00    0.00    0.00    0.00    0.00    0.00  100.00
01:54:50 PM   17    0.00    0.00    0.00    0.00    0.00    0.00    0.00    0.00    0.00  100.00
01:54:50 PM   18    0.00    0.00    0.00    0.00    0.00    0.00    0.00    0.00    0.00  100.00
01:54:50 PM   19    0.00    0.00    0.00    0.00    0.00    0.00    0.00    0.00    0.00  100.00
01:54:50 PM   20    0.00    0.00    0.00    0.00    0.00    0.00    0.00    0.00    0.00  100.00
01:54:50 PM   21    0.00    0.00    0.00    0.00    0.00    0.00    0.00    0.00    0.00  100.00
01:54:50 PM   22    0.00    0.00    0.00    0.00    0.00    0.00    0.00    0.00    0.00  100.00
01:54:50 PM   23    0.00    0.00    0.00    0.00    0.00    0.00    0.00    0.00    0.00  100.00
01:54:50 PM   24    0.00    0.00    0.00    0.00    0.00    0.00    0.00    0.00    0.00  100.00
01:54:50 PM   25    0.00    0.00    0.00    0.00    0.00    0.00    0.00    0.00    0.00  100.00
01:54:50 PM   26    0.00    0.00    0.00    0.00    0.00    0.00    0.00    0.00    0.00  100.00
01:54:50 PM   27    0.00    0.00    0.00    0.00    0.00    0.00    0.00    0.00    0.00  100.00
01:54:50 PM   28    0.00    0.00    0.00    0.00    0.00    0.00    0.00    0.00    0.00  100.00
01:54:50 PM   29    0.00    0.00    0.00    0.00    0.00    0.00    0.00    0.00    0.00  100.00
01:54:50 PM   30    0.00    0.00    0.00    0.00    0.00    0.00    0.00    0.00    0.00  100.00
01:54:50 PM   31    0.00    0.00    0.00    0.00    0.00    0.00    0.00    0.00    0.00  100.00

01:54:50 PM  CPU    %usr   %nice    %sys %iowait    %irq   %soft  %steal  %guest  %gnice   %idle
01:54:51 PM  all    0.00    0.00    0.19    6.83    0.00    0.00    0.00    0.00    0.00   92.98
01:54:51 PM    0    0.00    0.00    0.00    0.00    0.00    0.00    0.00    0.00    0.00  100.00
01:54:51 PM    1    0.00    0.00    0.00    0.00    0.00    0.00    0.00    0.00    0.00  100.00
01:54:51 PM    2    0.00    0.00    0.00    0.00    0.00    0.00    0.00    0.00    0.00  100.00
01:54:51 PM    3    0.00    0.00    0.00    0.00    0.00    0.00    0.00    0.00    0.00  100.00
01:54:51 PM    4    0.00    0.00    0.00    0.00    0.00    0.00    0.00    0.00    0.00  100.00
01:54:51 PM    5    0.00    0.00    0.00    0.00    0.00    0.00    0.00    0.00    0.00  100.00
01:54:51 PM    6    0.00    0.00    0.00    0.00    0.00    0.00    0.00    0.00    0.00  100.00
01:54:51 PM    7    0.00    0.00    0.00    0.00    0.00    0.00    0.00    0.00    0.00  100.00
01:54:51 PM    8    0.00    0.00    2.06   88.66    0.00    0.00    0.00    0.00    0.00    9.28
01:54:51 PM    9    0.00    0.00    0.00  100.00    0.00    0.00    0.00    0.00    0.00    0.00
01:54:51 PM   10    0.00    0.00    4.04    0.00    0.00    0.00    0.00    0.00    0.00   95.96
01:54:51 PM   11    0.00    0.00    0.00    0.00    0.00    0.00    0.00    0.00    0.00  100.00
01:54:51 PM   12    0.00    0.00    0.00    0.00    0.00    0.00    0.00    0.00    0.00  100.00
01:54:51 PM   13    0.00    0.00    0.00   32.00    0.00    0.00    0.00    0.00    0.00   68.00
01:54:51 PM   14    0.00    0.00    0.00    0.00    0.00    0.00    0.00    0.00    0.00  100.00
01:54:51 PM   15    0.00    0.00    0.00    0.00    0.00    0.00    0.00    0.00    0.00  100.00
01:54:51 PM   16    0.00    0.00    0.00    0.00    0.00    0.00    0.00    0.00    0.00  100.00
01:54:51 PM   17    0.00    0.00    0.00    0.00    0.00    0.00    0.00    0.00    0.00  100.00
01:54:51 PM   18    0.00    0.00    0.00    0.00    0.00    0.00    0.00    0.00    0.00  100.00
01:54:51 PM   19    0.00    0.00    0.00    0.00    0.00    0.00    0.00    0.00    0.00  100.00
01:54:51 PM   20    0.00    0.00    0.00    0.00    0.00    0.00    0.00    0.00    0.00  100.00
01:54:51 PM   21    0.00    0.00    0.00    0.00    0.00    0.00    0.00    0.00    0.00  100.00
01:54:51 PM   22    0.00    0.00    0.00    0.00    0.00    0.00    0.00    0.00    0.00  100.00
01:54:51 PM   23    0.00    0.00    0.00    0.00    0.00    0.00    0.00    0.00    0.00  100.00
01:54:51 PM   24    0.00    0.00    0.00    0.00    0.00    0.00    0.00    0.00    0.00  100.00
01:54:51 PM   25    0.00    0.00    0.00    0.00    0.00    0.00    0.00    0.00    0.00  100.00
01:54:51 PM   26    0.00    0.00    0.00    0.00    0.00    0.00    0.00    0.00    0.00  100.00
01:54:51 PM   27    0.00    0.00    0.00    0.00    0.00    0.00    0.00    0.00    0.00  100.00
01:54:51 PM   28    0.00    0.00    0.00    0.00    0.00    0.00    0.00    0.00    0.00  100.00
01:54:51 PM   29    0.00    0.00    0.00    0.00    0.00    0.00    0.00    0.00    0.00  100.00
01:54:51 PM   30    0.00    0.00    0.00    0.00    0.00    0.00    0.00    0.00    0.00  100.00
01:54:51 PM   31    0.00    0.00    0.00    0.00    0.00    0.00    0.00    0.00    0.00  100.00

01:54:51 PM  CPU    %usr   %nice    %sys %iowait    %irq   %soft  %steal  %guest  %gnice   %idle
01:54:52 PM  all    0.06    0.00    0.09    9.18    0.00    0.00    0.00    0.00    0.00   90.67
01:54:52 PM    0    0.00    0.00    0.00    0.00    0.00    0.00    0.00    0.00    0.00  100.00
01:54:52 PM    1    0.00    0.00    0.00    0.00    0.00    0.00    0.00    0.00    0.00  100.00
01:54:52 PM    2    0.00    0.00    0.00   16.16    0.00    0.00    0.00    0.00    0.00   83.84
01:54:52 PM    3    0.00    0.00    0.00    0.00    0.00    0.00    0.00    0.00    0.00  100.00
01:54:52 PM    4    0.99    0.00    0.00    0.00    0.00    0.00    0.00    0.00    0.00   99.01
01:54:52 PM    5    0.00    0.00    0.00    0.00    0.00    0.00    0.00    0.00    0.00  100.00
01:54:52 PM    6    0.00    0.00    0.00    0.00    0.00    0.00    0.00    0.00    0.00  100.00
01:54:52 PM    7    0.00    0.00    0.00    0.00    0.00    0.00    0.00    0.00    0.00  100.00
01:54:52 PM    8    0.00    0.00    0.00  100.00    0.00    0.00    0.00    0.00    0.00    0.00
01:54:52 PM    9    0.00    0.00    0.00  100.00    0.00    0.00    0.00    0.00    0.00    0.00
01:54:52 PM   10    1.00    0.00    3.00    0.00    0.00    0.00    0.00    0.00    0.00   96.00
01:54:52 PM   11    0.00    0.00    0.00    0.00    0.00    0.00    0.00    0.00    0.00  100.00
01:54:52 PM   12    0.00    0.00    0.00    0.00    0.00    0.00    0.00    0.00    0.00  100.00
01:54:52 PM   13    0.00    0.00    0.00   57.00    0.00    0.00    0.00    0.00    0.00   43.00
01:54:52 PM   14    0.00    0.00    0.00   23.23    0.00    0.00    0.00    0.00    0.00   76.77
01:54:52 PM   15    0.00    0.00    0.00    0.00    0.00    0.00    0.00    0.00    0.00  100.00
01:54:52 PM   16    0.00    0.00    0.00    0.00    0.00    0.00    0.00    0.00    0.00  100.00
01:54:52 PM   17    0.00    0.00    0.00    0.00    0.00    0.00    0.00    0.00    0.00  100.00
01:54:52 PM   18    0.00    0.00    0.00    0.00    0.00    0.00    0.00    0.00    0.00  100.00
01:54:52 PM   19    0.00    0.00    0.00    0.00    0.00    0.00    0.00    0.00    0.00  100.00
01:54:52 PM   20    0.00    0.00    0.00    0.00    0.00    0.00    0.00    0.00    0.00  100.00
01:54:52 PM   21    0.00    0.00    0.00    0.00    0.00    0.00    0.00    0.00    0.00  100.00
01:54:52 PM   22    0.00    0.00    0.00    0.00    0.00    0.00    0.00    0.00    0.00  100.00
01:54:52 PM   23    0.00    0.00    0.00    0.00    0.00    0.00    0.00    0.00    0.00  100.00
01:54:52 PM   24    0.00    0.00    0.00    0.00    0.00    0.00    0.00    0.00    0.00  100.00
01:54:52 PM   25    0.00    0.00    0.00    0.00    0.00    0.00    0.00    0.00    0.00  100.00
01:54:52 PM   26    0.00    0.00    0.00    0.00    0.00    0.00    0.00    0.00    0.00  100.00
01:54:52 PM   27    0.00    0.00    0.00    0.00    0.00    0.00    0.00    0.00    0.00  100.00
01:54:52 PM   28    0.00    0.00    0.00    0.00    0.00    0.00    0.00    0.00    0.00  100.00
01:54:52 PM   29    0.00    0.00    0.00    0.00    0.00    0.00    0.00    0.00    0.00  100.00
01:54:52 PM   30    0.00    0.00    0.00    0.00    0.00    0.00    0.00    0.00    0.00  100.00
01:54:52 PM   31    0.00    0.00    0.00    0.00    0.00    0.00    0.00    0.00    0.00  100.00

01:54:52 PM  CPU    %usr   %nice    %sys %iowait    %irq   %soft  %steal  %guest  %gnice   %idle
01:54:53 PM  all    0.00    0.03    0.09    7.95    0.00    0.00    0.00    0.00    0.00   91.93
01:54:53 PM    0    0.00    0.00    1.00    0.00    0.00    0.00    0.00    0.00    0.00   99.00
01:54:53 PM    1    0.00    0.00    0.00    0.00    0.00    0.00    0.00    0.00    0.00  100.00
01:54:53 PM    2    0.00    0.00    0.00    0.00    0.00    0.00    0.00    0.00    0.00  100.00
01:54:53 PM    3    0.00    0.00    0.00    0.00    0.00    0.00    0.00    0.00    0.00  100.00
01:54:53 PM    4    0.00    0.00    0.00    0.00    0.00    0.00    0.00    0.00    0.00  100.00
01:54:53 PM    5    0.00    0.00    0.00    0.00    0.00    0.00    0.00    0.00    0.00  100.00
01:54:53 PM    6    0.00    0.00    0.00    0.00    0.00    0.00    0.00    0.00    0.00  100.00
01:54:53 PM    7    0.00    0.00    0.00    0.00    0.00    0.00    0.00    0.00    0.00  100.00
01:54:53 PM    8    0.00    0.00    2.00    3.00    0.00    0.00    0.00    0.00    0.00   95.00
01:54:53 PM    9    0.00    0.00    0.00  100.00    0.00    0.00    0.00    0.00    0.00    0.00
01:54:53 PM   10    0.00    1.02    0.00   95.92    0.00    0.00    0.00    0.00    0.00    3.06
01:54:53 PM   11    0.00    0.00    0.00    0.00    0.00    0.00    0.00    0.00    0.00  100.00
01:54:53 PM   12    0.00    0.00    0.00    0.00    0.00    0.00    0.00    0.00    0.00  100.00
01:54:53 PM   13    0.00    0.00    0.00   57.00    0.00    0.00    0.00    0.00    0.00   43.00
01:54:53 PM   14    0.00    0.00    0.00    0.00    0.00    0.00    0.00    0.00    0.00  100.00
01:54:53 PM   15    0.00    0.00    0.00    0.00    0.00    0.00    0.00    0.00    0.00  100.00
01:54:53 PM   16    0.00    0.00    0.00    0.00    0.00    0.00    0.00    0.00    0.00  100.00
01:54:53 PM   17    0.00    0.00    0.00    0.00    0.00    0.00    0.00    0.00    0.00  100.00
01:54:53 PM   18    0.00    0.00    0.00    0.00    0.00    0.00    0.00    0.00    0.00  100.00
01:54:53 PM   19    0.00    0.00    0.00    0.00    0.00    0.00    0.00    0.00    0.00  100.00
01:54:53 PM   20    0.00    0.00    0.00    0.00    0.00    0.00    0.00    0.00    0.00  100.00
01:54:53 PM   21    0.00    0.00    0.00    0.00    0.00    0.00    0.00    0.00    0.00  100.00
01:54:53 PM   22    0.00    0.00    0.00    0.00    0.00    0.00    0.00    0.00    0.00  100.00
01:54:53 PM   23    0.00    0.00    0.00    0.00    0.00    0.00    0.00    0.00    0.00  100.00
01:54:53 PM   24    0.00    0.00    0.00    0.00    0.00    0.00    0.00    0.00    0.00  100.00
01:54:53 PM   25    0.00    0.00    0.00    0.00    0.00    0.00    0.00    0.00    0.00  100.00
01:54:53 PM   26    0.00    0.00    0.00    0.00    0.00    0.00    0.00    0.00    0.00  100.00
01:54:53 PM   27    0.00    0.00    0.00    0.00    0.00    0.00    0.00    0.00    0.00  100.00
01:54:53 PM   28    0.00    0.00    0.00    0.00    0.00    0.00    0.00    0.00    0.00  100.00
01:54:53 PM   29    0.00    0.00    0.00    0.00    0.00    0.00    0.00    0.00    0.00  100.00
01:54:53 PM   30    0.00    0.00    0.00    0.00    0.00    0.00    0.00    0.00    0.00  100.00
01:54:53 PM   31    0.00    0.00    0.00    0.00    0.00    0.00    0.00    0.00    0.00  100.00

01:54:53 PM  CPU    %usr   %nice    %sys %iowait    %irq   %soft  %steal  %guest  %gnice   %idle
01:54:54 PM  all    0.03    0.00    0.31    7.07    0.00    0.00    0.00    0.00    0.00   92.59
01:54:54 PM    0    0.00    0.00    0.00    0.00    0.00    0.00    0.00    0.00    0.00  100.00
01:54:54 PM    1    0.00    0.00    0.00    0.00    0.00    0.00    0.00    0.00    0.00  100.00
01:54:54 PM    2    0.00    0.00    1.00   37.00    0.00    0.00    0.00    0.00    0.00   62.00
01:54:54 PM    3    0.00    0.00    0.00    0.00    0.00    0.00    0.00    0.00    0.00  100.00
01:54:54 PM    4    0.00    0.00    0.00    0.00    0.00    0.00    0.00    0.00    0.00  100.00
01:54:54 PM    5    0.00    0.00    0.00    0.00    0.00    0.00    0.00    0.00    0.00  100.00
01:54:54 PM    6    0.00    0.00    1.00    0.00    0.00    0.00    0.00    0.00    0.00   99.00
01:54:54 PM    7    0.00    0.00    0.00    0.00    0.00    0.00    0.00    0.00    0.00  100.00
01:54:54 PM    8    0.00    0.00    2.02   28.28    0.00    0.00    0.00    0.00    0.00   69.70
01:54:54 PM    9    0.00    0.00    0.00  100.00    0.00    0.00    0.00    0.00    0.00    0.00
01:54:54 PM   10    0.00    0.00    4.04   32.32    0.00    0.00    0.00    0.00    0.00   63.64
01:54:54 PM   11    0.00    0.00    1.00    0.00    0.00    0.00    0.00    0.00    0.00   99.00
01:54:54 PM   12    0.00    0.00    1.00    0.00    0.00    0.00    0.00    0.00    0.00   99.00
01:54:54 PM   13    0.00    0.00    0.00   29.29    0.00    0.00    0.00    0.00    0.00   70.71
01:54:54 PM   14    0.00    0.00    0.00    0.00    0.00    0.00    0.00    0.00    0.00  100.00
01:54:54 PM   15    0.00    0.00    0.00    0.00    0.00    0.00    0.00    0.00    0.00  100.00
01:54:54 PM   16    0.00    0.00    0.00    0.00    0.00    0.00    0.00    0.00    0.00  100.00
01:54:54 PM   17    0.00    0.00    0.00    0.00    0.00    0.00    0.00    0.00    0.00  100.00
01:54:54 PM   18    0.99    0.00    0.00    0.00    0.00    0.00    0.00    0.00    0.00   99.01
01:54:54 PM   19    0.00    0.00    0.00    0.00    0.00    0.00    0.00    0.00    0.00  100.00
01:54:54 PM   20    0.00    0.00    0.00    0.00    0.00    0.00    0.00    0.00    0.00  100.00
01:54:54 PM   21    0.00    0.00    0.00    0.00    0.00    0.00    0.00    0.00    0.00  100.00
01:54:54 PM   22    0.00    0.00    0.00    0.00    0.00    0.00    0.00    0.00    0.00  100.00
01:54:54 PM   23    0.00    0.00    0.00    0.00    0.00    0.00    0.00    0.00    0.00  100.00
01:54:54 PM   24    0.00    0.00    0.00    0.00    0.00    0.00    0.00    0.00    0.00  100.00
01:54:54 PM   25    0.00    0.00    0.00    0.00    0.00    0.00    0.00    0.00    0.00  100.00
01:54:54 PM   26    0.00    0.00    0.00    0.00    0.00    0.00    0.00    0.00    0.00  100.00
01:54:54 PM   27    0.00    0.00    0.00    0.00    0.00    0.00    0.00    0.00    0.00  100.00
01:54:54 PM   28    0.00    0.00    0.00    0.00    0.00    0.00    0.00    0.00    0.00  100.00
01:54:54 PM   29    0.00    0.00    0.00    0.00    0.00    0.00    0.00    0.00    0.00  100.00
01:54:54 PM   30    0.00    0.00    0.00    0.00    0.00    0.00    0.00    0.00    0.00  100.00
01:54:54 PM   31    0.00    0.00    0.00    0.00    0.00    0.00    0.00    0.00    0.00  100.00

01:54:54 PM  CPU    %usr   %nice    %sys %iowait    %irq   %soft  %steal  %guest  %gnice   %idle
01:54:55 PM  all    0.03    0.00    0.19   11.12    0.00    0.00    0.00    0.00    0.00   88.66
01:54:55 PM    0    0.00    0.00    0.00   52.53    0.00    0.00    0.00    0.00    0.00   47.47
01:54:55 PM    1    0.00    0.00    0.00    0.00    0.00    0.00    0.00    0.00    0.00  100.00
01:54:55 PM    2    0.00    0.00    0.00    0.00    0.00    0.00    0.00    0.00    0.00  100.00
01:54:55 PM    3    0.00    0.00    0.00    0.00    0.00    0.00    0.00    0.00    0.00  100.00
01:54:55 PM    4    0.00    0.00    0.00    0.00    0.00    0.00    0.00    0.00    0.00  100.00
01:54:55 PM    5    0.00    0.00    0.00    0.00    0.00    0.00    0.00    0.00    0.00  100.00
01:54:55 PM    6    0.00    0.00    0.00   50.51    0.00    0.00    0.00    0.00    0.00   49.49
01:54:55 PM    7    0.00    0.00    0.00   26.00    0.00    0.00    0.00    0.00    0.00   74.00
01:54:55 PM    8    0.00    0.00    0.99    0.00    0.00    0.00    0.00    0.00    0.00   99.01
01:54:55 PM    9    0.00    0.00    0.00  100.00    0.00    0.00    0.00    0.00    0.00    0.00
01:54:55 PM   10    1.00    0.00    4.00   81.00    0.00    0.00    0.00    0.00    0.00   14.00
01:54:55 PM   11    0.00    0.00    0.00    0.00    0.00    0.00    0.00    0.00    0.00  100.00
01:54:55 PM   12    0.00    0.00    0.00   16.16    0.00    0.00    0.00    0.00    0.00   83.84
01:54:55 PM   13    0.00    0.00    0.00   31.00    0.00    0.00    0.00    0.00    0.00   69.00
01:54:55 PM   14    0.00    0.00    1.00    0.00    0.00    0.00    0.00    0.00    0.00   99.00
01:54:55 PM   15    0.00    0.00    0.00    0.00    0.00    0.00    0.00    0.00    0.00  100.00
01:54:55 PM   16    0.00    0.00    0.00    0.00    0.00    0.00    0.00    0.00    0.00  100.00
01:54:55 PM   17    0.00    0.00    0.00    0.00    0.00    0.00    0.00    0.00    0.00  100.00
01:54:55 PM   18    0.00    0.00    0.00    0.00    0.00    0.00    0.00    0.00    0.00  100.00
01:54:55 PM   19    0.00    0.00    0.00    0.00    0.00    0.00    0.00    0.00    0.00  100.00
01:54:55 PM   20    0.00    0.00    0.00    0.00    0.00    0.00    0.00    0.00    0.00  100.00
01:54:55 PM   21    0.00    0.00    0.00    0.00    0.00    0.00    0.00    0.00    0.00  100.00
01:54:55 PM   22    0.00    0.00    0.00    0.00    0.00    0.00    0.00    0.00    0.00  100.00
01:54:55 PM   23    0.00    0.00    0.00    0.00    0.00    0.00    0.00    0.00    0.00  100.00
01:54:55 PM   24    0.00    0.00    0.00    0.00    0.00    0.00    0.00    0.00    0.00  100.00
01:54:55 PM   25    0.00    0.00    0.00    0.00    0.00    0.00    0.00    0.00    0.00  100.00
01:54:55 PM   26    0.00    0.00    0.00    0.00    0.00    0.00    0.00    0.00    0.00  100.00
01:54:55 PM   27    0.00    0.00    0.00    0.00    0.00    0.00    0.00    0.00    0.00  100.00
01:54:55 PM   28    0.00    0.00    0.00    0.00    0.00    0.00    0.00    0.00    0.00  100.00
01:54:55 PM   29    0.00    0.00    0.00    0.00    0.00    0.00    0.00    0.00    0.00  100.00
01:54:55 PM   30    0.00    0.00    0.00    0.00    0.00    0.00    0.00    0.00    0.00  100.00
01:54:55 PM   31    0.00    0.00    0.00    0.00    0.00    0.00    0.00    0.00    0.00  100.00

01:54:55 PM  CPU    %usr   %nice    %sys %iowait    %irq   %soft  %steal  %guest  %gnice   %idle
01:54:56 PM  all    0.03    0.00    0.06   13.13    0.00    0.00    0.00    0.00    0.00   86.78
01:54:56 PM    0    0.00    0.00    0.00   65.00    0.00    0.00    0.00    0.00    0.00   35.00
01:54:56 PM    1    0.00    0.00    0.00   13.86    0.00    0.00    0.00    0.00    0.00   86.14
01:54:56 PM    2    0.00    0.00    0.00   11.00    0.00    0.00    0.00    0.00    0.00   89.00
01:54:56 PM    3    0.00    0.00    0.00    0.00    0.00    0.00    0.00    0.00    0.00  100.00
01:54:56 PM    4    0.00    0.00    0.00    0.00    0.00    0.00    0.00    0.00    0.00  100.00
01:54:56 PM    5    0.00    0.00    0.00    0.00    0.00    0.00    0.00    0.00    0.00  100.00
01:54:56 PM    6    1.00    0.00    0.00    5.00    0.00    0.00    0.00    0.00    0.00   94.00
01:54:56 PM    7    0.00    0.00    0.00  100.00    0.00    0.00    0.00    0.00    0.00    0.00
01:54:56 PM    8    0.00    0.00    0.00    0.00    0.00    0.00    0.00    0.00    0.00  100.00
01:54:56 PM    9    0.00    0.00    0.00  100.00    0.00    0.00    0.00    0.00    0.00    0.00
01:54:56 PM   10    0.00    0.00    0.00  100.00    0.00    0.00    0.00    0.00    0.00    0.00
01:54:56 PM   11    0.00    0.00    2.00    0.00    0.00    0.00    0.00    0.00    0.00   98.00
01:54:56 PM   12    0.00    0.00    0.00    0.00    0.00    0.00    0.00    0.00    0.00  100.00
01:54:56 PM   13    0.00    0.00    0.00   27.00    0.00    0.00    0.00    0.00    0.00   73.00
01:54:56 PM   14    0.00    0.00    0.00    0.00    0.00    0.00    0.00    0.00    0.00  100.00
01:54:56 PM   15    0.00    0.00    0.00    0.00    0.00    0.00    0.00    0.00    0.00  100.00
01:54:56 PM   16    0.00    0.00    0.00    0.00    0.00    0.00    0.00    0.00    0.00  100.00
01:54:56 PM   17    0.00    0.00    0.00    0.00    0.00    0.00    0.00    0.00    0.00  100.00
01:54:56 PM   18    0.00    0.00    0.00    0.00    0.00    0.00    0.00    0.00    0.00  100.00
01:54:56 PM   19    0.00    0.00    0.00    0.00    0.00    0.00    0.00    0.00    0.00  100.00
01:54:56 PM   20    0.00    0.00    0.00    0.00    0.00    0.00    0.00    0.00    0.00  100.00
01:54:56 PM   21    0.00    0.00    0.00    0.00    0.00    0.00    0.00    0.00    0.00  100.00
01:54:56 PM   22    0.00    0.00    0.00    0.00    0.00    0.00    0.00    0.00    0.00  100.00
01:54:56 PM   23    0.00    0.00    0.00    0.00    0.00    0.00    0.00    0.00    0.00  100.00
01:54:56 PM   24    0.00    0.00    0.00    0.00    0.00    0.00    0.00    0.00    0.00  100.00
01:54:56 PM   25    0.00    0.00    0.00    0.00    0.00    0.00    0.00    0.00    0.00  100.00
01:54:56 PM   26    0.00    0.00    0.00    0.00    0.00    0.00    0.00    0.00    0.00  100.00
01:54:56 PM   27    0.00    0.00    0.00    0.00    0.00    0.00    0.00    0.00    0.00  100.00
01:54:56 PM   28    0.00    0.00    0.00    0.00    0.00    0.00    0.00    0.00    0.00  100.00
01:54:56 PM   29    0.00    0.00    0.00    0.00    0.00    0.00    0.00    0.00    0.00  100.00
01:54:56 PM   30    0.00    0.00    0.00    0.00    0.00    0.00    0.00    0.00    0.00  100.00
01:54:56 PM   31    0.00    0.00    0.00    0.00    0.00    0.00    0.00    0.00    0.00  100.00

01:54:56 PM  CPU    %usr   %nice    %sys %iowait    %irq   %soft  %steal  %guest  %gnice   %idle
01:54:57 PM  all    0.03    0.00    0.19   10.06    0.00    0.00    0.00    0.00    0.00   89.72
01:54:57 PM    0    0.00    0.00    0.00    0.00    0.00    0.00    0.00    0.00    0.00  100.00
01:54:57 PM    1    0.00    0.00    0.00    8.08    0.00    0.00    0.00    0.00    0.00   91.92
01:54:57 PM    2    0.00    0.00    0.00    0.00    0.00    0.00    0.00    0.00    0.00  100.00
01:54:57 PM    3    0.00    0.00    0.00    0.00    0.00    0.00    0.00    0.00    0.00  100.00
01:54:57 PM    4    0.00    0.00    0.00    0.00    0.00    0.00    0.00    0.00    0.00  100.00
01:54:57 PM    5    0.00    0.00    0.00    0.00    0.00    0.00    0.00    0.00    0.00  100.00
01:54:57 PM    6    0.00    0.00    0.00    4.00    0.00    0.00    0.00    0.00    0.00   96.00
01:54:57 PM    7    0.00    0.00    0.00   88.89    0.00    0.00    0.00    0.00    0.00   11.11
01:54:57 PM    8    0.00    0.00    0.00   28.28    0.00    0.00    0.00    0.00    0.00   71.72
01:54:57 PM    9    0.00    0.00    0.00   85.71    0.00    0.00    0.00    0.00    0.00   14.29
01:54:57 PM   10    0.00    0.00    4.04   24.24    0.00    0.00    0.00    0.00    0.00   71.72
01:54:57 PM   11    0.99    0.00    0.99   10.89    0.00    0.00    0.00    0.00    0.00   87.13
01:54:57 PM   12    0.00    0.00    1.00   43.00    0.00    0.00    0.00    0.00    0.00   56.00
01:54:57 PM   13    0.00    0.00    0.00   14.00    0.00    0.00    0.00    0.00    0.00   86.00
01:54:57 PM   14    0.00    0.00    0.00   12.00    0.00    0.00    0.00    0.00    0.00   88.00
01:54:57 PM   15    0.00    0.00    0.00    0.00    0.00    0.00    0.00    0.00    0.00  100.00
01:54:57 PM   16    0.00    0.00    0.00    5.00    0.00    0.00    0.00    0.00    0.00   95.00
01:54:57 PM   17    0.00    0.00    0.00    0.00    0.00    0.00    0.00    0.00    0.00  100.00
01:54:57 PM   18    0.00    0.00    0.00    0.00    0.00    0.00    0.00    0.00    0.00  100.00
01:54:57 PM   19    0.00    0.00    0.00    0.00    0.00    0.00    0.00    0.00    0.00  100.00
01:54:57 PM   20    0.00    0.00    0.00    0.00    0.00    0.00    0.00    0.00    0.00  100.00
01:54:57 PM   21    0.00    0.00    0.00    0.00    0.00    0.00    0.00    0.00    0.00  100.00
01:54:57 PM   22    0.00    0.00    0.00    0.00    0.00    0.00    0.00    0.00    0.00  100.00
01:54:57 PM   23    0.00    0.00    0.00    0.00    0.00    0.00    0.00    0.00    0.00  100.00
01:54:57 PM   24    0.00    0.00    0.00    0.00    0.00    0.00    0.00    0.00    0.00  100.00
01:54:57 PM   25    0.00    0.00    0.00    0.00    0.00    0.00    0.00    0.00    0.00  100.00
01:54:57 PM   26    0.00    0.00    0.00    0.00    0.00    0.00    0.00    0.00    0.00  100.00
01:54:57 PM   27    0.00    0.00    0.00    0.00    0.00    0.00    0.00    0.00    0.00  100.00
01:54:57 PM   28    0.00    0.00    0.00    0.00    0.00    0.00    0.00    0.00    0.00  100.00
01:54:57 PM   29    0.00    0.00    0.00    0.00    0.00    0.00    0.00    0.00    0.00  100.00
01:54:57 PM   30    0.00    0.00    0.00    0.00    0.00    0.00    0.00    0.00    0.00  100.00
01:54:57 PM   31    0.00    0.00    0.00    0.00    0.00    0.00    0.00    0.00    0.00  100.00

01:54:57 PM  CPU    %usr   %nice    %sys %iowait    %irq   %soft  %steal  %guest  %gnice   %idle
01:54:58 PM  all    0.03    0.03    0.44   11.80    0.00    0.00    0.00    0.00    0.00   87.70
01:54:58 PM    0    0.00    0.00    0.00    0.00    0.00    0.00    0.00    0.00    0.00  100.00
01:54:58 PM    1    0.00    0.00    0.00   19.00    0.00    0.00    0.00    0.00    0.00   81.00
01:54:58 PM    2    0.00    0.00    0.00    0.00    0.00    0.00    0.00    0.00    0.00  100.00
01:54:58 PM    3    0.00    0.00    0.00    0.00    0.00    0.00    0.00    0.00    0.00  100.00
01:54:58 PM    4    0.00    0.00    0.00    0.00    0.00    0.00    0.00    0.00    0.00  100.00
01:54:58 PM    5    0.00    0.00    0.99    0.00    0.00    0.00    0.00    0.00    0.00   99.01
01:54:58 PM    6    0.00    0.00    1.01   31.31    0.00    0.00    0.00    0.00    0.00   67.68
01:54:58 PM    7    0.00    0.00    0.00    0.00    0.00    0.00    0.00    0.00    0.00  100.00
01:54:58 PM    8    0.00    0.00    2.02   19.19    0.00    0.00    0.00    0.00    0.00   78.79
01:54:58 PM    9    0.00    0.00    0.99   61.39    0.00    0.00    0.00    0.00    0.00   37.62
01:54:58 PM   10    1.01    1.01    4.04   52.53    0.00    0.00    0.00    0.00    0.00   41.41
01:54:58 PM   11    0.00    0.00    4.04   94.95    0.00    0.00    0.00    0.00    0.00    1.01
01:54:58 PM   12    0.00    0.00    0.00    1.02    0.00    0.00    0.00    0.00    0.00   98.98
01:54:58 PM   13    0.00    0.00    0.00   32.67    0.00    0.00    0.00    0.00    0.00   67.33
01:54:58 PM   14    0.00    0.00    0.00    0.00    0.00    0.00    0.00    0.00    0.00  100.00
01:54:58 PM   15    0.00    0.00    0.00    0.00    0.00    0.00    0.00    0.00    0.00  100.00
01:54:58 PM   16    0.00    0.00    0.98   64.71    0.00    0.00    0.00    0.00    0.00   34.31
01:54:58 PM   17    0.00    0.00    0.00    0.00    0.00    0.00    0.00    0.00    0.00  100.00
01:54:58 PM   18    0.00    0.00    0.00    0.00    0.00    0.00    0.00    0.00    0.00  100.00
01:54:58 PM   19    0.00    0.00    0.00    0.00    0.00    0.00    0.00    0.00    0.00  100.00
01:54:58 PM   20    0.00    0.00    0.00    0.00    0.00    0.00    0.00    0.00    0.00  100.00
01:54:58 PM   21    0.00    0.00    0.00    0.00    0.00    0.00    0.00    0.00    0.00  100.00
01:54:58 PM   22    0.00    0.00    0.00    0.00    0.00    0.00    0.00    0.00    0.00  100.00
01:54:58 PM   23    0.00    0.00    0.00    0.00    0.00    0.00    0.00    0.00    0.00  100.00
01:54:58 PM   24    0.00    0.00    0.00    0.00    0.00    0.00    0.00    0.00    0.00  100.00
01:54:58 PM   25    0.00    0.00    0.00    0.00    0.00    0.00    0.00    0.00    0.00  100.00
01:54:58 PM   26    0.00    0.00    0.00    0.00    0.00    0.00    0.00    0.00    0.00  100.00
01:54:58 PM   27    0.00    0.00    0.00    0.00    0.00    0.00    0.00    0.00    0.00  100.00
01:54:58 PM   28    0.00    0.00    0.00    0.00    0.00    0.00    0.00    0.00    0.00  100.00
01:54:58 PM   29    0.00    0.00    0.00    0.00    0.00    0.00    0.00    0.00    0.00  100.00
01:54:58 PM   30    0.00    0.00    0.00    0.00    0.00    0.00    0.00    0.00    0.00  100.00
01:54:58 PM   31    0.00    0.00    0.00    0.00    0.00    0.00    0.00    0.00    0.00  100.00

01:54:58 PM  CPU    %usr   %nice    %sys %iowait    %irq   %soft  %steal  %guest  %gnice   %idle
01:54:59 PM  all    0.00    0.00    0.16   11.53    0.00    0.00    0.00    0.00    0.00   88.31
01:54:59 PM    0    0.00    0.00    0.00    0.00    0.00    0.00    0.00    0.00    0.00  100.00
01:54:59 PM    1    0.00    0.00    0.00   20.79    0.00    0.00    0.00    0.00    0.00   79.21
01:54:59 PM    2    0.00    0.00    0.00    0.00    0.00    0.00    0.00    0.00    0.00  100.00
01:54:59 PM    3    0.00    0.00    0.00    0.00    0.00    0.00    0.00    0.00    0.00  100.00
01:54:59 PM    4    0.00    0.00    0.00    0.00    0.00    0.00    0.00    0.00    0.00  100.00
01:54:59 PM    5    0.00    0.00    0.00    0.00    0.00    0.00    0.00    0.00    0.00  100.00
01:54:59 PM    6    0.00    0.00    0.00   29.29    0.00    0.00    0.00    0.00    0.00   70.71
01:54:59 PM    7    0.00    0.00    0.00    0.00    0.00    0.00    0.00    0.00    0.00  100.00
01:54:59 PM    8    0.00    0.00    2.02   55.56    0.00    0.00    0.00    0.00    0.00   42.42
01:54:59 PM    9    0.00    0.00    0.00  100.00    0.00    0.00    0.00    0.00    0.00    0.00
01:54:59 PM   10    0.00    0.00    1.00    0.00    0.00    0.00    0.00    0.00    0.00   99.00
01:54:59 PM   11    0.00    0.00    1.02   82.65    0.00    0.00    0.00    0.00    0.00   16.33
01:54:59 PM   12    0.00    0.00    1.00   63.00    0.00    0.00    0.00    0.00    0.00   36.00
01:54:59 PM   13    0.00    0.00    0.00   10.10    0.00    0.00    0.00    0.00    0.00   89.90
01:54:59 PM   14    0.00    0.00    0.00    0.00    0.00    0.00    0.00    0.00    0.00  100.00
01:54:59 PM   15    0.00    0.00    0.00    0.00    0.00    0.00    0.00    0.00    0.00  100.00
01:54:59 PM   16    0.00    0.00    0.00   10.10    0.00    0.00    0.00    0.00    0.00   89.90
01:54:59 PM   17    0.00    0.00    0.00    0.00    0.00    0.00    0.00    0.00    0.00  100.00
01:54:59 PM   18    0.00    0.00    0.00    0.00    0.00    0.00    0.00    0.00    0.00  100.00
01:54:59 PM   19    0.00    0.00    0.00    0.00    0.00    0.00    0.00    0.00    0.00  100.00
01:54:59 PM   20    0.00    0.00    0.00    0.00    0.00    0.00    0.00    0.00    0.00  100.00
01:54:59 PM   21    0.00    0.00    0.00    0.00    0.00    0.00    0.00    0.00    0.00  100.00
01:54:59 PM   22    0.00    0.00    0.00    0.00    0.00    0.00    0.00    0.00    0.00  100.00
01:54:59 PM   23    0.00    0.00    0.00    0.00    0.00    0.00    0.00    0.00    0.00  100.00
01:54:59 PM   24    0.00    0.00    0.00    0.00    0.00    0.00    0.00    0.00    0.00  100.00
01:54:59 PM   25    0.00    0.00    0.00    0.00    0.00    0.00    0.00    0.00    0.00  100.00
01:54:59 PM   26    0.00    0.00    0.00    0.00    0.00    0.00    0.00    0.00    0.00  100.00
01:54:59 PM   27    0.00    0.00    0.00    0.00    0.00    0.00    0.00    0.00    0.00  100.00
01:54:59 PM   28    0.00    0.00    0.00    0.00    0.00    0.00    0.00    0.00    0.00  100.00
01:54:59 PM   29    0.00    0.00    0.00    0.00    0.00    0.00    0.00    0.00    0.00  100.00
01:54:59 PM   30    0.00    0.00    0.00    0.00    0.00    0.00    0.00    0.00    0.00  100.00
01:54:59 PM   31    0.00    0.00    0.00    0.00    0.00    0.00    0.00    0.00    0.00  100.00

01:54:59 PM  CPU    %usr   %nice    %sys %iowait    %irq   %soft  %steal  %guest  %gnice   %idle
01:55:00 PM  all    0.00    0.00    0.25    9.34    0.00    0.00    0.00    0.00    0.00   90.40
01:55:00 PM    0    0.00    0.00    0.00    0.00    0.00    0.00    0.00    0.00    0.00  100.00
01:55:00 PM    1    0.00    0.00    0.00    0.00    0.00    0.00    0.00    0.00    0.00  100.00
01:55:00 PM    2    0.00    0.00    0.00    0.00    0.00    0.00    0.00    0.00    0.00  100.00
01:55:00 PM    3    0.00    0.00    0.00    0.00    0.00    0.00    0.00    0.00    0.00  100.00
01:55:00 PM    4    0.00    0.00    0.00    0.00    0.00    0.00    0.00    0.00    0.00  100.00
01:55:00 PM    5    0.00    0.00    0.00    0.00    0.00    0.00    0.00    0.00    0.00  100.00
01:55:00 PM    6    0.00    0.00    0.00    0.00    0.00    0.00    0.00    0.00    0.00  100.00
01:55:00 PM    7    0.00    0.00    0.00    0.00    0.00    0.00    0.00    0.00    0.00  100.00
01:55:00 PM    8    0.00    0.00    2.04   37.76    0.00    0.00    0.00    0.00    0.00   60.20
01:55:00 PM    9    0.00    0.00    0.00  100.00    0.00    0.00    0.00    0.00    0.00    0.00
01:55:00 PM   10    0.00    0.00    4.04    0.00    0.00    0.00    0.00    0.00    0.00   95.96
01:55:00 PM   11    0.00    0.00    2.04   61.22    0.00    0.00    0.00    0.00    0.00   36.73
01:55:00 PM   12    0.00    0.00    0.00  100.00    0.00    0.00    0.00    0.00    0.00    0.00
01:55:00 PM   13    0.00    0.00    0.00    2.00    0.00    0.00    0.00    0.00    0.00   98.00
01:55:00 PM   14    0.00    0.00    0.00    0.00    0.00    0.00    0.00    0.00    0.00  100.00
01:55:00 PM   15    0.00    0.00    0.00    0.00    0.00    0.00    0.00    0.00    0.00  100.00
01:55:00 PM   16    0.00    0.00    0.00    0.00    0.00    0.00    0.00    0.00    0.00  100.00
01:55:00 PM   17    0.00    0.00    0.00    0.00    0.00    0.00    0.00    0.00    0.00  100.00
01:55:00 PM   18    0.00    0.00    0.00    0.00    0.00    0.00    0.00    0.00    0.00  100.00
01:55:00 PM   19    0.00    0.00    0.00    0.00    0.00    0.00    0.00    0.00    0.00  100.00
01:55:00 PM   20    0.00    0.00    0.00    0.00    0.00    0.00    0.00    0.00    0.00  100.00
01:55:00 PM   21    0.00    0.00    0.00    0.00    0.00    0.00    0.00    0.00    0.00  100.00
01:55:00 PM   22    0.00    0.00    0.00    0.00    0.00    0.00    0.00    0.00    0.00  100.00
01:55:00 PM   23    0.00    0.00    0.00    0.00    0.00    0.00    0.00    0.00    0.00  100.00
01:55:00 PM   24    0.00    0.00    0.00    0.00    0.00    0.00    0.00    0.00    0.00  100.00
01:55:00 PM   25    0.00    0.00    0.00    0.00    0.00    0.00    0.00    0.00    0.00  100.00
01:55:00 PM   26    0.00    0.00    0.00    0.00    0.00    0.00    0.00    0.00    0.00  100.00
01:55:00 PM   27    0.00    0.00    0.00    0.00    0.00    0.00    0.00    0.00    0.00  100.00
01:55:00 PM   28    0.00    0.00    0.00    0.00    0.00    0.00    0.00    0.00    0.00  100.00
01:55:00 PM   29    0.00    0.00    0.00    0.00    0.00    0.00    0.00    0.00    0.00  100.00
01:55:00 PM   30    0.00    0.00    0.00    0.00    0.00    0.00    0.00    0.00    0.00  100.00
01:55:00 PM   31    0.00    0.00    0.00    0.00    0.00    0.00    0.00    0.00    0.00  100.00

01:55:00 PM  CPU    %usr   %nice    %sys %iowait    %irq   %soft  %steal  %guest  %gnice   %idle
01:55:01 PM  all    0.06    0.00    0.31    9.79    0.00    0.00    0.00    0.00    0.00   89.83
01:55:01 PM    0    0.00    0.00    0.00    0.00    0.00    0.00    0.00    0.00    0.00  100.00
01:55:01 PM    1    0.00    0.00    0.00    0.00    0.00    0.00    0.00    0.00    0.00  100.00
01:55:01 PM    2    0.00    0.00    0.00    0.00    0.00    0.00    0.00    0.00    0.00  100.00
01:55:01 PM    3    0.00    0.00    0.00    0.00    0.00    0.00    0.00    0.00    0.00  100.00
01:55:01 PM    4    0.00    0.00    0.00    0.00    0.00    0.00    0.00    0.00    0.00  100.00
01:55:01 PM    5    0.00    0.00    0.00    0.00    0.00    0.00    0.00    0.00    0.00  100.00
01:55:01 PM    6    0.00    0.00    1.00    0.00    0.00    0.00    0.00    0.00    0.00   99.00
01:55:01 PM    7    0.00    0.00    0.00    0.00    0.00    0.00    0.00    0.00    0.00  100.00
01:55:01 PM    8    0.00    0.00    2.00   33.00    0.00    0.00    0.00    0.00    0.00   65.00
01:55:01 PM    9    0.00    0.00    0.00  100.00    0.00    0.00    0.00    0.00    0.00    0.00
01:55:01 PM   10    0.00    0.00    4.04    0.00    0.00    0.00    0.00    0.00    0.00   95.96
01:55:01 PM   11    0.00    0.00    0.00   64.29    0.00    0.00    0.00    0.00    0.00   35.71
01:55:01 PM   12    0.99    0.00    0.99   23.76    0.00    0.00    0.00    0.00    0.00   74.26
01:55:01 PM   13    0.00    0.00    0.00   15.00    0.00    0.00    0.00    0.00    0.00   85.00
01:55:01 PM   14    0.00    0.00    0.99    0.00    0.00    0.00    0.00    0.00    0.00   99.01
01:55:01 PM   15    0.00    0.00    1.01   75.76    0.00    0.00    0.00    0.00    0.00   23.23
01:55:01 PM   16    0.00    0.00    0.00    0.00    0.00    0.00    0.00    0.00    0.00  100.00
01:55:01 PM   17    0.99    0.00    0.00    0.00    0.00    0.00    0.00    0.00    0.00   99.01
01:55:01 PM   18    0.00    0.00    0.00    0.00    0.00    0.00    0.00    0.00    0.00  100.00
01:55:01 PM   19    0.00    0.00    0.00    0.00    0.00    0.00    0.00    0.00    0.00  100.00
01:55:01 PM   20    0.00    0.00    0.00    0.00    0.00    0.00    0.00    0.00    0.00  100.00
01:55:01 PM   21    0.00    0.00    0.00    0.00    0.00    0.00    0.00    0.00    0.00  100.00
01:55:01 PM   22    0.00    0.00    0.00    0.00    0.00    0.00    0.00    0.00    0.00  100.00
01:55:01 PM   23    0.00    0.00    0.00    3.00    0.00    0.00    0.00    0.00    0.00   97.00
01:55:01 PM   24    0.00    0.00    0.00    0.00    0.00    0.00    0.00    0.00    0.00  100.00
01:55:01 PM   25    0.00    0.00    0.00    0.00    0.00    0.00    0.00    0.00    0.00  100.00
01:55:01 PM   26    0.00    0.00    0.00    0.00    0.00    0.00    0.00    0.00    0.00  100.00
01:55:01 PM   27    0.00    0.00    0.00    0.00    0.00    0.00    0.00    0.00    0.00  100.00
01:55:01 PM   28    0.00    0.00    0.00    0.00    0.00    0.00    0.00    0.00    0.00  100.00
01:55:01 PM   29    0.00    0.00    0.00    0.00    0.00    0.00    0.00    0.00    0.00  100.00
01:55:01 PM   30    0.00    0.00    0.00    0.00    0.00    0.00    0.00    0.00    0.00  100.00
01:55:01 PM   31    0.00    0.00    0.00    0.00    0.00    0.00    0.00    0.00    0.00  100.00

01:55:01 PM  CPU    %usr   %nice    %sys %iowait    %irq   %soft  %steal  %guest  %gnice   %idle
01:55:02 PM  all    0.03    0.03    0.25   16.58    0.00    0.00    0.00    0.00    0.00   83.10
01:55:02 PM    0    0.00    0.00    0.00    0.00    0.00    0.00    0.00    0.00    0.00  100.00
01:55:02 PM    1    0.00    0.00    0.00   20.41    0.00    0.00    0.00    0.00    0.00   79.59
01:55:02 PM    2    0.00    0.00    0.00    7.00    0.00    0.00    0.00    0.00    0.00   93.00
01:55:02 PM    3    0.00    0.00    0.00   14.85    0.00    0.00    0.00    0.00    0.00   85.15
01:55:02 PM    4    0.00    0.00    0.00    1.00    0.00    0.00    0.00    0.00    0.00   99.00
01:55:02 PM    5    0.00    0.00    0.00    0.00    0.00    0.00    0.00    0.00    0.00  100.00
01:55:02 PM    6    0.00    0.00    0.00    0.00    0.00    0.00    0.00    0.00    0.00  100.00
01:55:02 PM    7    0.00    0.00    0.00    0.00    0.00    0.00    0.00    0.00    0.00  100.00
01:55:02 PM    8    0.00    0.00    2.02   26.26    0.00    0.00    0.00    0.00    0.00   71.72
01:55:02 PM    9    0.00    0.00    0.00   98.99    0.00    0.00    0.00    0.00    0.00    1.01
01:55:02 PM   10    0.00    0.98    0.98    0.00    0.00    0.00    0.00    0.00    0.00   98.04
01:55:02 PM   11    0.00    0.00    2.04   92.86    0.00    0.00    0.00    0.00    0.00    5.10
01:55:02 PM   12    0.00    0.00    1.00   56.00    0.00    0.00    0.00    0.00    0.00   43.00
01:55:02 PM   13    0.98    0.00    0.98   59.80    0.00    0.00    0.00    0.00    0.00   38.24
01:55:02 PM   14    0.00    0.00    0.00    1.01    0.00    0.00    0.00    0.00    0.00   98.99
01:55:02 PM   15    0.00    0.00    0.00    0.00    0.00    0.00    0.00    0.00    0.00  100.00
01:55:02 PM   16    0.00    0.00    0.00    0.00    0.00    0.00    0.00    0.00    0.00  100.00
01:55:02 PM   17    0.00    0.00    1.00   75.00    0.00    0.00    0.00    0.00    0.00   24.00
01:55:02 PM   18    0.00    0.00    0.00    0.00    0.00    0.00    0.00    0.00    0.00  100.00
01:55:02 PM   19    0.00    0.00    0.00    0.00    0.00    0.00    0.00    0.00    0.00  100.00
01:55:02 PM   20    0.00    0.00    0.00    0.00    0.00    0.00    0.00    0.00    0.00  100.00
01:55:02 PM   21    0.00    0.00    0.00    0.00    0.00    0.00    0.00    0.00    0.00  100.00
01:55:02 PM   22    0.00    0.00    0.00    0.00    0.00    0.00    0.00    0.00    0.00  100.00
01:55:02 PM   23    0.00    0.00    0.00   79.00    0.00    0.00    0.00    0.00    0.00   21.00
01:55:02 PM   24    0.00    0.00    0.00    0.00    0.00    0.00    0.00    0.00    0.00  100.00
01:55:02 PM   25    0.00    0.00    0.00    0.00    0.00    0.00    0.00    0.00    0.00  100.00
01:55:02 PM   26    0.00    0.00    0.00    0.00    0.00    0.00    0.00    0.00    0.00  100.00
01:55:02 PM   27    0.00    0.00    0.00    0.00    0.00    0.00    0.00    0.00    0.00  100.00
01:55:02 PM   28    0.00    0.00    0.00    0.00    0.00    0.00    0.00    0.00    0.00  100.00
01:55:02 PM   29    0.00    0.00    0.00    0.00    0.00    0.00    0.00    0.00    0.00  100.00
01:55:02 PM   30    0.00    0.00    0.00    0.00    0.00    0.00    0.00    0.00    0.00  100.00
01:55:02 PM   31    0.00    0.00    0.00    0.00    0.00    0.00    0.00    0.00    0.00  100.00

01:55:02 PM  CPU    %usr   %nice    %sys %iowait    %irq   %soft  %steal  %guest  %gnice   %idle
01:55:03 PM  all    0.13    0.00    0.25   15.03    0.00    0.00    0.00    0.00    0.00   84.59
01:55:03 PM    0    0.00    0.00    0.00    0.00    0.00    0.00    0.00    0.00    0.00  100.00
01:55:03 PM    1    0.00    0.00    0.00    0.00    0.00    0.00    0.00    0.00    0.00  100.00
01:55:03 PM    2    0.00    0.00    1.00    0.00    0.00    0.00    0.00    0.00    0.00   99.00
01:55:03 PM    3    0.00    0.00    0.00  100.00    0.00    0.00    0.00    0.00    0.00    0.00
01:55:03 PM    4    0.00    0.00    0.00    5.00    0.00    0.00    0.00    0.00    0.00   95.00
01:55:03 PM    5    0.00    0.00    0.00    0.00    0.00    0.00    0.00    0.00    0.00  100.00
01:55:03 PM    6    1.01    0.00    0.00    8.08    0.00    0.00    0.00    0.00    0.00   90.91
01:55:03 PM    7    0.00    0.00    0.00    1.00    0.00    0.00    0.00    0.00    0.00   99.00
01:55:03 PM    8    1.00    0.00    2.00   63.00    0.00    0.00    0.00    0.00    0.00   34.00
01:55:03 PM    9    0.00    0.00    0.00   37.00    0.00    0.00    0.00    0.00    0.00   63.00
01:55:03 PM   10    1.00    0.00    3.00    0.00    0.00    0.00    0.00    0.00    0.00   96.00
01:55:03 PM   11    0.00    0.00    1.00   99.00    0.00    0.00    0.00    0.00    0.00    0.00
01:55:03 PM   12    0.00    0.00    1.02    3.06    0.00    0.00    0.00    0.00    0.00   95.92
01:55:03 PM   13    0.00    0.00    0.00   51.52    0.00    0.00    0.00    0.00    0.00   48.48
01:55:03 PM   14    0.00    0.00    0.00   59.00    0.00    0.00    0.00    0.00    0.00   41.00
01:55:03 PM   15    1.00    0.00    0.00   54.00    0.00    0.00    0.00    0.00    0.00   45.00
01:55:03 PM   16    0.00    0.00    0.00    0.00    0.00    0.00    0.00    0.00    0.00  100.00
01:55:03 PM   17    0.00    0.00    0.00    1.00    0.00    0.00    0.00    0.00    0.00   99.00
01:55:03 PM   18    0.00    0.00    0.00    0.00    0.00    0.00    0.00    0.00    0.00  100.00
01:55:03 PM   19    0.00    0.00    0.00    0.00    0.00    0.00    0.00    0.00    0.00  100.00
01:55:03 PM   20    0.00    0.00    0.00    0.00    0.00    0.00    0.00    0.00    0.00  100.00
01:55:03 PM   21    0.00    0.00    0.00    0.00    0.00    0.00    0.00    0.00    0.00  100.00
01:55:03 PM   22    0.00    0.00    0.00    0.00    0.00    0.00    0.00    0.00    0.00  100.00
01:55:03 PM   23    0.00    0.00    0.00    0.00    0.00    0.00    0.00    0.00    0.00  100.00
01:55:03 PM   24    0.00    0.00    0.00    0.00    0.00    0.00    0.00    0.00    0.00  100.00
01:55:03 PM   25    0.00    0.00    0.00    0.00    0.00    0.00    0.00    0.00    0.00  100.00
01:55:03 PM   26    0.00    0.00    0.00    0.00    0.00    0.00    0.00    0.00    0.00  100.00
01:55:03 PM   27    0.00    0.00    0.00    0.00    0.00    0.00    0.00    0.00    0.00  100.00
01:55:03 PM   28    0.00    0.00    0.00    0.00    0.00    0.00    0.00    0.00    0.00  100.00
01:55:03 PM   29    0.00    0.00    0.00    0.00    0.00    0.00    0.00    0.00    0.00  100.00
01:55:03 PM   30    0.00    0.00    0.00    0.00    0.00    0.00    0.00    0.00    0.00  100.00
01:55:03 PM   31    0.00    0.00    0.00    0.00    0.00    0.00    0.00    0.00    0.00  100.00

01:55:03 PM  CPU    %usr   %nice    %sys %iowait    %irq   %soft  %steal  %guest  %gnice   %idle
01:55:04 PM  all    0.06    0.00    0.16   13.54    0.00    0.00    0.00    0.00    0.00   86.24
01:55:04 PM    0    0.00    0.00    0.00    0.00    0.00    0.00    0.00    0.00    0.00  100.00
01:55:04 PM    1    0.00    0.00    0.00    0.00    0.00    0.00    0.00    0.00    0.00  100.00
01:55:04 PM    2    0.00    0.00    0.00    0.00    0.00    0.00    0.00    0.00    0.00  100.00
01:55:04 PM    3    0.00    0.00    0.00   47.00    0.00    0.00    0.00    0.00    0.00   53.00
01:55:04 PM    4    0.00    0.00    0.00    0.00    0.00    0.00    0.00    0.00    0.00  100.00
01:55:04 PM    5    0.00    0.00    0.00    0.00    0.00    0.00    0.00    0.00    0.00  100.00
01:55:04 PM    6    0.00    0.00    0.99   20.79    0.00    0.00    0.00    0.00    0.00   78.22
01:55:04 PM    7    0.00    0.00    0.00   18.00    0.00    0.00    0.00    0.00    0.00   82.00
01:55:04 PM    8    0.00    0.00    0.00  100.00    0.00    0.00    0.00    0.00    0.00    0.00
01:55:04 PM    9    0.00    0.00    0.00    0.00    0.00    0.00    0.00    0.00    0.00  100.00
01:55:04 PM   10    1.00    0.00    4.00    0.00    0.00    0.00    0.00    0.00    0.00   95.00
01:55:04 PM   11    0.00    0.00    0.00  100.00    0.00    0.00    0.00    0.00    0.00    0.00
01:55:04 PM   12    0.00    0.00    0.00    6.00    0.00    0.00    0.00    0.00    0.00   94.00
01:55:04 PM   13    0.00    0.00    0.00   19.00    0.00    0.00    0.00    0.00    0.00   81.00
01:55:04 PM   14    0.99    0.00    0.00   99.01    0.00    0.00    0.00    0.00    0.00    0.00
01:55:04 PM   15    0.00    0.00    0.00   25.51    0.00    0.00    0.00    0.00    0.00   74.49
01:55:04 PM   16    0.00    0.00    0.00    0.00    0.00    0.00    0.00    0.00    0.00  100.00
01:55:04 PM   17    0.00    0.00    0.00    0.00    0.00    0.00    0.00    0.00    0.00  100.00
01:55:04 PM   18    0.00    0.00    0.00    0.00    0.00    0.00    0.00    0.00    0.00  100.00
01:55:04 PM   19    0.00    0.00    0.00    0.00    0.00    0.00    0.00    0.00    0.00  100.00
01:55:04 PM   20    0.00    0.00    0.00    0.00    0.00    0.00    0.00    0.00    0.00  100.00
01:55:04 PM   21    0.00    0.00    0.00    0.00    0.00    0.00    0.00    0.00    0.00  100.00
01:55:04 PM   22    0.00    0.00    0.00    0.00    0.00    0.00    0.00    0.00    0.00  100.00
01:55:04 PM   23    0.00    0.00    0.00    0.00    0.00    0.00    0.00    0.00    0.00  100.00
01:55:04 PM   24    0.00    0.00    0.00    0.00    0.00    0.00    0.00    0.00    0.00  100.00
01:55:04 PM   25    0.00    0.00    0.00    0.00    0.00    0.00    0.00    0.00    0.00  100.00
01:55:04 PM   26    0.00    0.00    0.00    0.00    0.00    0.00    0.00    0.00    0.00  100.00
01:55:04 PM   27    0.00    0.00    0.00    0.00    0.00    0.00    0.00    0.00    0.00  100.00
01:55:04 PM   28    0.00    0.00    0.00    0.00    0.00    0.00    0.00    0.00    0.00  100.00
01:55:04 PM   29    0.00    0.00    0.00    0.00    0.00    0.00    0.00    0.00    0.00  100.00
01:55:04 PM   30    0.00    0.00    0.00    0.00    0.00    0.00    0.00    0.00    0.00  100.00
01:55:04 PM   31    0.00    0.00    0.00    0.00    0.00    0.00    0.00    0.00    0.00  100.00

01:55:04 PM  CPU    %usr   %nice    %sys %iowait    %irq   %soft  %steal  %guest  %gnice   %idle
01:55:05 PM  all    0.03    0.00    0.16   19.37    0.00    0.00    0.00    0.00    0.00   80.45
01:55:05 PM    0    0.00    0.00    0.00   10.10    0.00    0.00    0.00    0.00    0.00   89.90
01:55:05 PM    1    0.00    0.00    0.00    0.00    0.00    0.00    0.00    0.00    0.00  100.00
01:55:05 PM    2    0.99    0.00    0.00   15.84    0.00    0.00    0.00    0.00    0.00   83.17
01:55:05 PM    3    0.00    0.00    0.00    0.00    0.00    0.00    0.00    0.00    0.00  100.00
01:55:05 PM    4    0.00    0.00    0.99    0.00    0.00    0.00    0.00    0.00    0.00   99.01
01:55:05 PM    5    0.00    0.00    0.00    0.00    0.00    0.00    0.00    0.00    0.00  100.00
01:55:05 PM    6    0.00    0.00    0.00   29.59    0.00    0.00    0.00    0.00    0.00   70.41
01:55:05 PM    7    0.00    0.00    0.00   49.00    0.00    0.00    0.00    0.00    0.00   51.00
01:55:05 PM    8    0.00    0.00    2.02   97.98    0.00    0.00    0.00    0.00    0.00    0.00
01:55:05 PM    9    0.00    0.00    0.00   92.93    0.00    0.00    0.00    0.00    0.00    7.07
01:55:05 PM   10    0.00    0.00    1.01    9.09    0.00    0.00    0.00    0.00    0.00   89.90
01:55:05 PM   11    0.00    0.00    0.00   18.00    0.00    0.00    0.00    0.00    0.00   82.00
01:55:05 PM   12    0.00    0.00    0.00   21.21    0.00    0.00    0.00    0.00    0.00   78.79
01:55:05 PM   13    0.00    0.00    0.00   18.81    0.00    0.00    0.00    0.00    0.00   81.19
01:55:05 PM   14    0.00    0.00    0.00   36.36    0.00    0.00    0.00    0.00    0.00   63.64
01:55:05 PM   15    0.00    0.00    0.00   87.76    0.00    0.00    0.00    0.00    0.00   12.24
01:55:05 PM   16    0.00    0.00    0.99   60.40    0.00    0.00    0.00    0.00    0.00   38.61
01:55:05 PM   17    0.00    0.00    0.00    0.00    0.00    0.00    0.00    0.00    0.00  100.00
01:55:05 PM   18    0.00    0.00    0.00    0.00    0.00    0.00    0.00    0.00    0.00  100.00
01:55:05 PM   19    0.00    0.00    0.00   10.10    0.00    0.00    0.00    0.00    0.00   89.90
01:55:05 PM   20    0.00    0.00    0.00   56.00    0.00    0.00    0.00    0.00    0.00   44.00
01:55:05 PM   21    0.00    0.00    0.00    0.00    0.00    0.00    0.00    0.00    0.00  100.00
01:55:05 PM   22    0.00    0.00    0.00    0.00    0.00    0.00    0.00    0.00    0.00  100.00
01:55:05 PM   23    0.00    0.00    0.00    0.00    0.00    0.00    0.00    0.00    0.00  100.00
01:55:05 PM   24    0.00    0.00    0.00    0.00    0.00    0.00    0.00    0.00    0.00  100.00
01:55:05 PM   25    0.00    0.00    0.00    9.09    0.00    0.00    0.00    0.00    0.00   90.91
01:55:05 PM   26    0.00    0.00    0.00    0.00    0.00    0.00    0.00    0.00    0.00  100.00
01:55:05 PM   27    0.00    0.00    0.00    0.00    0.00    0.00    0.00    0.00    0.00  100.00
01:55:05 PM   28    0.00    0.00    0.00    0.00    0.00    0.00    0.00    0.00    0.00  100.00
01:55:05 PM   29    0.00    0.00    0.00    0.00    0.00    0.00    0.00    0.00    0.00  100.00
01:55:05 PM   30    0.00    0.00    0.00    0.00    0.00    0.00    0.00    0.00    0.00  100.00
01:55:05 PM   31    0.00    0.00    0.00    0.00    0.00    0.00    0.00    0.00    0.00  100.00

01:55:05 PM  CPU    %usr   %nice    %sys %iowait    %irq   %soft  %steal  %guest  %gnice   %idle
01:55:06 PM  all    0.03    0.03    0.34   12.91    0.00    0.00    0.00    0.00    0.00   86.68
01:55:06 PM    0    0.00    0.00    0.00    1.01    0.00    0.00    0.00    0.00    0.00   98.99
01:55:06 PM    1    0.00    0.00    0.00    0.00    0.00    0.00    0.00    0.00    0.00  100.00
01:55:06 PM    2    0.00    0.00    0.00   14.14    0.00    0.00    0.00    0.00    0.00   85.86
01:55:06 PM    3    0.00    0.00    0.00    0.00    0.00    0.00    0.00    0.00    0.00  100.00
01:55:06 PM    4    0.00    0.00    0.00    0.00    0.00    0.00    0.00    0.00    0.00  100.00
01:55:06 PM    5    0.00    0.00    0.00    0.00    0.00    0.00    0.00    0.00    0.00  100.00
01:55:06 PM    6    0.00    0.00    0.00    2.02    0.00    0.00    0.00    0.00    0.00   97.98
01:55:06 PM    7    0.00    0.00    0.99   19.80    0.00    0.00    0.00    0.00    0.00   79.21
01:55:06 PM    8    0.00    0.00    5.05   38.38    0.00    0.00    0.00    0.00    0.00   56.57
01:55:06 PM    9    0.00    0.00    0.00   14.00    0.00    0.00    0.00    0.00    0.00   86.00
01:55:06 PM   10    0.00    0.99    1.98   49.50    0.00    0.00    0.00    0.00    0.00   47.52
01:55:06 PM   11    1.02    0.00    1.02   96.94    0.00    0.00    0.00    0.00    0.00    1.02
01:55:06 PM   12    0.00    0.00    1.01   50.51    0.00    0.00    0.00    0.00    0.00   48.48
01:55:06 PM   13    0.00    0.00    0.00   43.43    0.00    0.00    0.00    0.00    0.00   56.57
01:55:06 PM   14    0.00    0.00    0.00    1.00    0.00    0.00    0.00    0.00    0.00   99.00
01:55:06 PM   15    0.00    0.00    0.00   47.47    0.00    0.00    0.00    0.00    0.00   52.53
01:55:06 PM   16    0.00    0.00    0.00   19.19    0.00    0.00    0.00    0.00    0.00   80.81
01:55:06 PM   17    0.00    0.00    0.00    0.00    0.00    0.00    0.00    0.00    0.00  100.00
01:55:06 PM   18    0.00    0.00    0.99    0.00    0.00    0.00    0.00    0.00    0.00   99.01
01:55:06 PM   19    0.00    0.00    0.00    0.00    0.00    0.00    0.00    0.00    0.00  100.00
01:55:06 PM   20    0.00    0.00    0.00   18.00    0.00    0.00    0.00    0.00    0.00   82.00
01:55:06 PM   21    0.00    0.00    0.00    0.00    0.00    0.00    0.00    0.00    0.00  100.00
01:55:06 PM   22    0.00    0.00    0.00    0.00    0.00    0.00    0.00    0.00    0.00  100.00
01:55:06 PM   23    0.00    0.00    0.00    0.00    0.00    0.00    0.00    0.00    0.00  100.00
01:55:06 PM   24    0.00    0.00    0.00    0.00    0.00    0.00    0.00    0.00    0.00  100.00
01:55:06 PM   25    0.00    0.00    0.00    0.00    0.00    0.00    0.00    0.00    0.00  100.00
01:55:06 PM   26    0.00    0.00    0.00    0.00    0.00    0.00    0.00    0.00    0.00  100.00
01:55:06 PM   27    0.00    0.00    0.00    0.00    0.00    0.00    0.00    0.00    0.00  100.00
01:55:06 PM   28    0.00    0.00    0.00    0.00    0.00    0.00    0.00    0.00    0.00  100.00
01:55:06 PM   29    0.00    0.00    0.00    0.00    0.00    0.00    0.00    0.00    0.00  100.00
01:55:06 PM   30    0.00    0.00    0.00    0.00    0.00    0.00    0.00    0.00    0.00  100.00
01:55:06 PM   31    0.00    0.00    0.00    0.00    0.00    0.00    0.00    0.00    0.00  100.00

01:55:06 PM  CPU    %usr   %nice    %sys %iowait    %irq   %soft  %steal  %guest  %gnice   %idle
01:55:07 PM  all    0.13    0.00    0.59   13.55    0.00    0.00    0.00    0.00    0.00   85.73
01:55:07 PM    0    0.00    0.00    0.00   35.35    0.00    0.00    0.00    0.00    0.00   64.65
01:55:07 PM    1    0.00    0.00    0.00    0.00    0.00    0.00    0.00    0.00    0.00  100.00
01:55:07 PM    2    0.00    0.00    1.00   15.00    0.00    0.00    0.00    0.00    0.00   84.00
01:55:07 PM    3    0.00    0.00    0.00   15.00    0.00    0.00    0.00    0.00    0.00   85.00
01:55:07 PM    4    0.00    0.00    0.00    0.00    0.00    0.00    0.00    0.00    0.00  100.00
01:55:07 PM    5    0.00    0.00    0.00    0.00    0.00    0.00    0.00    0.00    0.00  100.00
01:55:07 PM    6    0.00    0.00    0.00    0.00    0.00    0.00    0.00    0.00    0.00  100.00
01:55:07 PM    7    0.00    0.00    0.00   35.00    0.00    0.00    0.00    0.00    0.00   65.00
01:55:07 PM    8    1.96    0.00    0.98   35.29    0.00    0.00    0.00    0.00    0.00   61.76
01:55:07 PM    9    0.00    0.00    1.00   45.00    0.00    0.00    0.00    0.00    0.00   54.00
01:55:07 PM   10    1.02    0.00    2.04   91.84    0.00    0.00    0.00    0.00    0.00    5.10
01:55:07 PM   11    0.00    0.00   13.13   84.85    0.00    0.00    0.00    0.00    0.00    2.02
01:55:07 PM   12    0.00    0.00    0.00   30.30    0.00    0.00    0.00    0.00    0.00   69.70
01:55:07 PM   13    0.00    0.00    0.00   11.00    0.00    0.00    0.00    0.00    0.00   89.00
01:55:07 PM   14    0.00    0.00    1.00   35.00    0.00    0.00    0.00    0.00    0.00   64.00
01:55:07 PM   15    0.00    0.00    0.00    0.00    0.00    0.00    0.00    0.00    0.00  100.00
01:55:07 PM   16    0.00    0.00    0.00    2.00    0.00    0.00    0.00    0.00    0.00   98.00
01:55:07 PM   17    0.00    0.00    0.00    0.00    0.00    0.00    0.00    0.00    0.00  100.00
01:55:07 PM   18    0.00    0.00    0.00    0.00    0.00    0.00    0.00    0.00    0.00  100.00
01:55:07 PM   19    0.00    0.00    0.00    0.00    0.00    0.00    0.00    0.00    0.00  100.00
01:55:07 PM   20    0.00    0.00    0.00    0.00    0.00    0.00    0.00    0.00    0.00  100.00
01:55:07 PM   21    0.00    0.00    0.00    0.00    0.00    0.00    0.00    0.00    0.00  100.00
01:55:07 PM   22    0.00    0.00    0.00    0.00    0.00    0.00    0.00    0.00    0.00  100.00
01:55:07 PM   23    0.00    0.00    0.00    0.00    0.00    0.00    0.00    0.00    0.00  100.00
01:55:07 PM   24    0.00    0.00    0.00    0.00    0.00    0.00    0.00    0.00    0.00  100.00
01:55:07 PM   25    0.00    0.00    0.00    0.00    0.00    0.00    0.00    0.00    0.00  100.00
01:55:07 PM   26    0.00    0.00    0.00    0.00    0.00    0.00    0.00    0.00    0.00  100.00
01:55:07 PM   27    0.00    0.00    0.00    0.00    0.00    0.00    0.00    0.00    0.00  100.00
01:55:07 PM   28    0.00    0.00    0.00    0.00    0.00    0.00    0.00    0.00    0.00  100.00
01:55:07 PM   29    0.00    0.00    0.00    0.00    0.00    0.00    0.00    0.00    0.00  100.00
01:55:07 PM   30    1.00    0.00    0.00    0.00    0.00    0.00    0.00    0.00    0.00   99.00
01:55:07 PM   31    0.00    0.00    0.00    0.00    0.00    0.00    0.00    0.00    0.00  100.00

01:55:07 PM  CPU    %usr   %nice    %sys %iowait    %irq   %soft  %steal  %guest  %gnice   %idle
01:55:08 PM  all    0.03    0.00    0.13   19.77    0.00    0.00    0.00    0.00    0.00   80.07
01:55:08 PM    0    0.00    0.00    0.00   54.00    0.00    0.00    0.00    0.00    0.00   46.00
01:55:08 PM    1    0.00    0.00    0.00    0.00    0.00    0.00    0.00    0.00    0.00  100.00
01:55:08 PM    2    0.00    0.00    0.00    0.00    0.00    0.00    0.00    0.00    0.00  100.00
01:55:08 PM    3    0.00    0.00    0.00    0.00    0.00    0.00    0.00    0.00    0.00  100.00
01:55:08 PM    4    0.00    0.00    0.00    0.00    0.00    0.00    0.00    0.00    0.00  100.00
01:55:08 PM    5    0.99    0.00    0.00    0.00    0.00    0.00    0.00    0.00    0.00   99.01
01:55:08 PM    6    0.00    0.00    1.00    0.00    0.00    0.00    0.00    0.00    0.00   99.00
01:55:08 PM    7    0.00    0.00    0.00    7.00    0.00    0.00    0.00    0.00    0.00   93.00
01:55:08 PM    8    0.00    0.00    2.02   23.23    0.00    0.00    0.00    0.00    0.00   74.75
01:55:08 PM    9    0.00    0.00    0.00  100.00    0.00    0.00    0.00    0.00    0.00    0.00
01:55:08 PM   10    0.00    0.00    0.00  100.00    0.00    0.00    0.00    0.00    0.00    0.00
01:55:08 PM   11    0.00    0.00    1.02   83.67    0.00    0.00    0.00    0.00    0.00   15.31
01:55:08 PM   12    0.00    0.00    0.00  100.00    0.00    0.00    0.00    0.00    0.00    0.00
01:55:08 PM   13    0.00    0.00    0.00  100.00    0.00    0.00    0.00    0.00    0.00    0.00
01:55:08 PM   14    0.00    0.00    0.00   31.31    0.00    0.00    0.00    0.00    0.00   68.69
01:55:08 PM   15    0.00    0.00    0.00    0.00    0.00    0.00    0.00    0.00    0.00  100.00
01:55:08 PM   16    0.00    0.00    0.00    0.00    0.00    0.00    0.00    0.00    0.00  100.00
01:55:08 PM   17    0.00    0.00    0.00    0.00    0.00    0.00    0.00    0.00    0.00  100.00
01:55:08 PM   18    0.00    0.00    0.00    0.00    0.00    0.00    0.00    0.00    0.00  100.00
01:55:08 PM   19    0.00    0.00    0.00    0.00    0.00    0.00    0.00    0.00    0.00  100.00
01:55:08 PM   20    0.00    0.00    0.00    0.00    0.00    0.00    0.00    0.00    0.00  100.00
01:55:08 PM   21    0.00    0.00    0.00    0.00    0.00    0.00    0.00    0.00    0.00  100.00
01:55:08 PM   22    0.00    0.00    0.00    0.00    0.00    0.00    0.00    0.00    0.00  100.00
01:55:08 PM   23    0.00    0.00    0.00    0.00    0.00    0.00    0.00    0.00    0.00  100.00
01:55:08 PM   24    0.00    0.00    0.00   36.36    0.00    0.00    0.00    0.00    0.00   63.64
01:55:08 PM   25    0.00    0.00    0.00    0.00    0.00    0.00    0.00    0.00    0.00  100.00
01:55:08 PM   26    0.00    0.00    0.00    0.00    0.00    0.00    0.00    0.00    0.00  100.00
01:55:08 PM   27    0.00    0.00    0.00    0.00    0.00    0.00    0.00    0.00    0.00  100.00
01:55:08 PM   28    0.00    0.00    0.00    0.00    0.00    0.00    0.00    0.00    0.00  100.00
01:55:08 PM   29    0.00    0.00    0.00    0.00    0.00    0.00    0.00    0.00    0.00  100.00
01:55:08 PM   30    0.00    0.00    0.00    0.00    0.00    0.00    0.00    0.00    0.00  100.00
01:55:08 PM   31    0.00    0.00    0.00    0.00    0.00    0.00    0.00    0.00    0.00  100.00

01:55:08 PM  CPU    %usr   %nice    %sys %iowait    %irq   %soft  %steal  %guest  %gnice   %idle
01:55:09 PM  all    0.16    0.00    0.66   25.92    0.00    0.00    0.00    0.00    0.00   73.26
01:55:09 PM    0    0.00    0.00    1.00    5.00    0.00    0.00    0.00    0.00    0.00   94.00
01:55:09 PM    1    0.98    0.00    2.94   25.49    0.00    0.00    0.00    0.00    0.00   70.59
01:55:09 PM    2    0.00    0.00    0.00    8.00    0.00    0.00    0.00    0.00    0.00   92.00
01:55:09 PM    3    0.00    0.00    0.00    0.00    0.00    0.00    0.00    0.00    0.00  100.00
01:55:09 PM    4    1.00    0.00    0.00    6.00    0.00    0.00    0.00    0.00    0.00   93.00
01:55:09 PM    5    0.00    0.00    0.00   25.25    0.00    0.00    0.00    0.00    0.00   74.75
01:55:09 PM    6    0.00    0.00    0.00   22.22    0.00    0.00    0.00    0.00    0.00   77.78
01:55:09 PM    7    0.00    0.00    0.00    0.00    0.00    0.00    0.00    0.00    0.00  100.00
01:55:09 PM    8    0.00    0.00    2.06   96.91    0.00    0.00    0.00    0.00    0.00    1.03
01:55:09 PM    9    0.00    0.00    1.00   92.00    0.00    0.00    0.00    0.00    0.00    7.00
01:55:09 PM   10    0.00    0.00    1.00   64.00    0.00    0.00    0.00    0.00    0.00   35.00
01:55:09 PM   11    1.00    0.00   10.00   84.00    0.00    0.00    0.00    0.00    0.00    5.00
01:55:09 PM   12    0.00    0.00    0.99   81.19    0.00    0.00    0.00    0.00    0.00   17.82
01:55:09 PM   13    0.00    0.00    0.00   78.00    0.00    0.00    0.00    0.00    0.00   22.00
01:55:09 PM   14    0.00    0.00    0.00   32.67    0.00    0.00    0.00    0.00    0.00   67.33
01:55:09 PM   15    0.00    0.00    0.00   28.00    0.00    0.00    0.00    0.00    0.00   72.00
01:55:09 PM   16    0.00    0.00    0.00   15.15    0.00    0.00    0.00    0.00    0.00   84.85
01:55:09 PM   17    0.00    0.00    0.00   26.00    0.00    0.00    0.00    0.00    0.00   74.00
01:55:09 PM   18    0.00    0.00    0.00   16.00    0.00    0.00    0.00    0.00    0.00   84.00
01:55:09 PM   19    0.00    0.00    0.00   26.00    0.00    0.00    0.00    0.00    0.00   74.00
01:55:09 PM   20    0.00    0.00    0.00   31.00    0.00    0.00    0.00    0.00    0.00   69.00
01:55:09 PM   21    0.00    0.00    0.00   27.00    0.00    0.00    0.00    0.00    0.00   73.00
01:55:09 PM   22    0.00    0.00    0.00    0.00    0.00    0.00    0.00    0.00    0.00  100.00
01:55:09 PM   23    0.99    0.00    0.00    0.00    0.00    0.00    0.00    0.00    0.00   99.01
01:55:09 PM   24    0.00    0.00    0.99    6.93    0.00    0.00    0.00    0.00    0.00   92.08
01:55:09 PM   25    0.00    0.00    0.00    0.00    0.00    0.00    0.00    0.00    0.00  100.00
01:55:09 PM   26    0.00    0.00    0.00    0.00    0.00    0.00    0.00    0.00    0.00  100.00
01:55:09 PM   27    0.00    0.00    0.00    0.00    0.00    0.00    0.00    0.00    0.00  100.00
01:55:09 PM   28    0.00    0.00    0.00    5.00    0.00    0.00    0.00    0.00    0.00   95.00
01:55:09 PM   29    0.99    0.00    0.00    0.00    0.00    0.00    0.00    0.00    0.00   99.01
01:55:09 PM   30    0.00    0.00    1.00   29.00    0.00    0.00    0.00    0.00    0.00   70.00
01:55:09 PM   31    0.00    0.00    0.00    0.00    0.00    0.00    0.00    0.00    0.00  100.00

01:55:09 PM  CPU    %usr   %nice    %sys %iowait    %irq   %soft  %steal  %guest  %gnice   %idle
01:55:10 PM  all    0.06    0.06    0.22   39.89    0.00    0.00    0.00    0.00    0.00   59.77
01:55:10 PM    0    0.00    0.00    0.00    0.00    0.00    0.00    0.00    0.00    0.00  100.00
01:55:10 PM    1    0.00    0.00    0.00   18.00    0.00    0.00    0.00    0.00    0.00   82.00
01:55:10 PM    2    0.00    0.00    0.00   73.00    0.00    0.00    0.00    0.00    0.00   27.00
01:55:10 PM    3    0.00    0.00    0.99   14.85    0.00    0.00    0.00    0.00    0.00   84.16
01:55:10 PM    4    0.00    0.00    0.00   63.00    0.00    0.00    0.00    0.00    0.00   37.00
01:55:10 PM    5    0.00    0.00    0.99   63.37    0.00    0.00    0.00    0.00    0.00   35.64
01:55:10 PM    6    0.99    0.00    0.00   57.43    0.00    0.00    0.00    0.00    0.00   41.58
01:55:10 PM    7    0.00    0.00    0.00    0.00    0.00    0.00    0.00    0.00    0.00  100.00
01:55:10 PM    8    0.00    1.02    3.06   65.31    0.00    0.00    0.00    0.00    0.00   30.61
01:55:10 PM    9    0.00    0.00    0.00   47.47    0.00    0.00    0.00    0.00    0.00   52.53
01:55:10 PM   10    0.00    0.00    0.00   29.29    0.00    0.00    0.00    0.00    0.00   70.71
01:55:10 PM   11    0.00    0.00    0.00  100.00    0.00    0.00    0.00    0.00    0.00    0.00
01:55:10 PM   12    0.99    0.99    0.99   97.03    0.00    0.00    0.00    0.00    0.00    0.00
01:55:10 PM   13    0.00    0.00    0.00   54.00    0.00    0.00    0.00    0.00    0.00   46.00
01:55:10 PM   14    0.00    0.00    0.00   79.80    0.00    0.00    0.00    0.00    0.00   20.20
01:55:10 PM   15    0.00    0.00    0.99   50.50    0.00    0.00    0.00    0.00    0.00   48.51
01:55:10 PM   16    0.00    0.00    0.00   10.00    0.00    0.00    0.00    0.00    0.00   90.00
01:55:10 PM   17    0.00    0.00    0.00   41.41    0.00    0.00    0.00    0.00    0.00   58.59
01:55:10 PM   18    0.00    0.00    0.00   83.00    0.00    0.00    0.00    0.00    0.00   17.00
01:55:10 PM   19    0.00    0.00    0.00  100.00    0.00    0.00    0.00    0.00    0.00    0.00
01:55:10 PM   20    0.00    0.00    0.00   79.00    0.00    0.00    0.00    0.00    0.00   21.00
01:55:10 PM   21    0.00    0.00    0.00   83.00    0.00    0.00    0.00    0.00    0.00   17.00
01:55:10 PM   22    0.00    0.00    0.00    0.00    0.00    0.00    0.00    0.00    0.00  100.00
01:55:10 PM   23    0.00    0.00    0.00    0.00    0.00    0.00    0.00    0.00    0.00  100.00
01:55:10 PM   24    0.00    0.00    0.00   26.00    0.00    0.00    0.00    0.00    0.00   74.00
01:55:10 PM   25    0.00    0.00    0.00    0.00    0.00    0.00    0.00    0.00    0.00  100.00
01:55:10 PM   26    0.00    0.00    0.00    0.00    0.00    0.00    0.00    0.00    0.00  100.00
01:55:10 PM   27    0.00    0.00    0.00   17.00    0.00    0.00    0.00    0.00    0.00   83.00
01:55:10 PM   28    0.00    0.00    0.00    0.00    0.00    0.00    0.00    0.00    0.00  100.00
01:55:10 PM   29    0.00    0.00    0.00    0.00    0.00    0.00    0.00    0.00    0.00  100.00
01:55:10 PM   30    0.00    0.00    0.00    0.00    0.00    0.00    0.00    0.00    0.00  100.00
01:55:10 PM   31    0.00    0.00    0.00   26.00    0.00    0.00    0.00    0.00    0.00   74.00

01:55:10 PM  CPU    %usr   %nice    %sys %iowait    %irq   %soft  %steal  %guest  %gnice   %idle
01:55:11 PM  all    0.13    0.00    0.38   11.17    0.00    0.00    0.00    0.00    0.00   88.33
01:55:11 PM    0    1.00    0.00    0.00    0.00    0.00    0.00    0.00    0.00    0.00   99.00
01:55:11 PM    1    0.00    0.00    0.00    0.00    0.00    0.00    0.00    0.00    0.00  100.00
01:55:11 PM    2    0.00    0.00    0.00    3.03    0.00    0.00    0.00    0.00    0.00   96.97
01:55:11 PM    3    0.00    0.00    0.00    5.94    0.00    0.00    0.00    0.00    0.00   94.06
01:55:11 PM    4    0.00    0.00    0.00    8.00    0.00    0.00    0.00    0.00    0.00   92.00
01:55:11 PM    5    0.00    0.00    0.00    9.00    0.00    0.00    0.00    0.00    0.00   91.00
01:55:11 PM    6    0.00    0.00    0.00    3.03    0.00    0.00    0.00    0.00    0.00   96.97
01:55:11 PM    7    0.00    0.00    0.00    5.94    0.00    0.00    0.00    0.00    0.00   94.06
01:55:11 PM    8    1.01    0.00    4.04   13.13    0.00    0.00    0.00    0.00    0.00   81.82
01:55:11 PM    9    0.98    0.00    0.98   11.76    0.00    0.00    0.00    0.00    0.00   86.27
01:55:11 PM   10    0.00    0.00    1.00   10.00    0.00    0.00    0.00    0.00    0.00   89.00
01:55:11 PM   11    1.01    0.00    3.03   81.82    0.00    0.00    0.00    0.00    0.00   14.14
01:55:11 PM   12    0.00    0.00    0.00  100.00    0.00    0.00    0.00    0.00    0.00    0.00
01:55:11 PM   13    0.00    0.00    0.00   31.31    0.00    0.00    0.00    0.00    0.00   68.69
01:55:11 PM   14    0.00    0.00    0.00    0.00    0.00    0.00    0.00    0.00    0.00  100.00
01:55:11 PM   15    0.00    0.00    0.00    5.00    0.00    0.00    0.00    0.00    0.00   95.00
01:55:11 PM   16    0.00    0.00    1.02   53.06    0.00    0.00    0.00    0.00    0.00   45.92
01:55:11 PM   17    0.00    0.00    0.00    2.00    0.00    0.00    0.00    0.00    0.00   98.00
01:55:11 PM   18    0.00    0.00    0.00    0.00    0.00    0.00    0.00    0.00    0.00  100.00
01:55:11 PM   19    0.00    0.00    0.99    3.96    0.00    0.00    0.00    0.00    0.00   95.05
01:55:11 PM   20    0.00    0.00    0.00    0.00    0.00    0.00    0.00    0.00    0.00  100.00
01:55:11 PM   21    0.00    0.00    0.00    0.00    0.00    0.00    0.00    0.00    0.00  100.00
01:55:11 PM   22    0.00    0.00    0.00    0.00    0.00    0.00    0.00    0.00    0.00  100.00
01:55:11 PM   23    0.00    0.00    1.00    4.00    0.00    0.00    0.00    0.00    0.00   95.00
01:55:11 PM   24    0.00    0.00    0.00    0.00    0.00    0.00    0.00    0.00    0.00  100.00
01:55:11 PM   25    0.00    0.00    0.00    0.00    0.00    0.00    0.00    0.00    0.00  100.00
01:55:11 PM   26    0.00    0.00    0.00    0.00    0.00    0.00    0.00    0.00    0.00  100.00
01:55:11 PM   27    0.00    0.00    0.00    9.00    0.00    0.00    0.00    0.00    0.00   91.00
01:55:11 PM   28    0.00    0.00    0.00    0.00    0.00    0.00    0.00    0.00    0.00  100.00
01:55:11 PM   29    0.00    0.00    0.00    0.00    0.00    0.00    0.00    0.00    0.00  100.00
01:55:11 PM   30    0.00    0.00    0.00    0.00    0.00    0.00    0.00    0.00    0.00  100.00
01:55:11 PM   31    0.00    0.00    0.00    0.00    0.00    0.00    0.00    0.00    0.00  100.00

01:55:11 PM  CPU    %usr   %nice    %sys %iowait    %irq   %soft  %steal  %guest  %gnice   %idle
01:55:12 PM  all    0.03    0.03    0.16    9.24    0.00    0.00    0.00    0.00    0.00   90.54
01:55:12 PM    0    0.00    0.00    0.00    0.00    0.00    0.00    0.00    0.00    0.00  100.00
01:55:12 PM    1    0.00    0.00    0.00    0.00    0.00    0.00    0.00    0.00    0.00  100.00
01:55:12 PM    2    0.00    0.00    0.00    0.00    0.00    0.00    0.00    0.00    0.00  100.00
01:55:12 PM    3    0.00    0.00    0.00    0.00    0.00    0.00    0.00    0.00    0.00  100.00
01:55:12 PM    4    0.00    0.00    0.00    0.00    0.00    0.00    0.00    0.00    0.00  100.00
01:55:12 PM    5    0.00    0.00    0.00    0.00    0.00    0.00    0.00    0.00    0.00  100.00
01:55:12 PM    6    0.00    0.00    0.00    0.00    0.00    0.00    0.00    0.00    0.00  100.00
01:55:12 PM    7    0.00    0.00    0.00    0.00    0.00    0.00    0.00    0.00    0.00  100.00
01:55:12 PM    8    0.00    0.00    1.98    6.93    0.00    0.00    0.00    0.00    0.00   91.09
01:55:12 PM    9    0.00    0.00    0.00    0.00    0.00    0.00    0.00    0.00    0.00  100.00
01:55:12 PM   10    1.01    0.00    3.03   50.51    0.00    0.00    0.00    0.00    0.00   45.45
01:55:12 PM   11    0.00    0.00    0.00  100.00    0.00    0.00    0.00    0.00    0.00    0.00
01:55:12 PM   12    0.00    0.00    0.00  100.00    0.00    0.00    0.00    0.00    0.00    0.00
01:55:12 PM   13    0.00    0.00    0.00   38.00    0.00    0.00    0.00    0.00    0.00   62.00
01:55:12 PM   14    0.00    0.00    0.00    0.00    0.00    0.00    0.00    0.00    0.00  100.00
01:55:12 PM   15    0.00    0.00    0.00    0.00    0.00    0.00    0.00    0.00    0.00  100.00
01:55:12 PM   16    0.00    0.00    0.00    0.00    0.00    0.00    0.00    0.00    0.00  100.00
01:55:12 PM   17    0.00    1.00    0.00    3.00    0.00    0.00    0.00    0.00    0.00   96.00
01:55:12 PM   18    0.00    0.00    0.00    0.00    0.00    0.00    0.00    0.00    0.00  100.00
01:55:12 PM   19    0.00    0.00    0.00    0.00    0.00    0.00    0.00    0.00    0.00  100.00
01:55:12 PM   20    0.00    0.00    0.00    0.00    0.00    0.00    0.00    0.00    0.00  100.00
01:55:12 PM   21    0.00    0.00    0.00    0.00    0.00    0.00    0.00    0.00    0.00  100.00
01:55:12 PM   22    0.00    0.00    0.00    0.00    0.00    0.00    0.00    0.00    0.00  100.00
01:55:12 PM   23    0.00    0.00    0.00    0.00    0.00    0.00    0.00    0.00    0.00  100.00
01:55:12 PM   24    0.00    0.00    0.00    0.00    0.00    0.00    0.00    0.00    0.00  100.00
01:55:12 PM   25    0.00    0.00    0.00    0.00    0.00    0.00    0.00    0.00    0.00  100.00
01:55:12 PM   26    0.00    0.00    0.00    0.00    0.00    0.00    0.00    0.00    0.00  100.00
01:55:12 PM   27    0.00    0.00    0.00    0.00    0.00    0.00    0.00    0.00    0.00  100.00
01:55:12 PM   28    0.00    0.00    0.00    0.00    0.00    0.00    0.00    0.00    0.00  100.00
01:55:12 PM   29    0.00    0.00    0.00    0.00    0.00    0.00    0.00    0.00    0.00  100.00
01:55:12 PM   30    0.00    0.00    0.00    0.00    0.00    0.00    0.00    0.00    0.00  100.00
01:55:12 PM   31    0.00    0.00    0.00    0.00    0.00    0.00    0.00    0.00    0.00  100.00

01:55:12 PM  CPU    %usr   %nice    %sys %iowait    %irq   %soft  %steal  %guest  %gnice   %idle
01:55:13 PM  all    0.00    0.00    0.13    9.73    0.00    0.00    0.00    0.00    0.00   90.15
01:55:13 PM    0    0.00    0.00    0.00    0.00    0.00    0.00    0.00    0.00    0.00  100.00
01:55:13 PM    1    0.00    0.00    0.00    0.00    0.00    0.00    0.00    0.00    0.00  100.00
01:55:13 PM    2    0.00    0.00    0.00    0.00    0.00    0.00    0.00    0.00    0.00  100.00
01:55:13 PM    3    0.00    0.00    0.00    0.00    0.00    0.00    0.00    0.00    0.00  100.00
01:55:13 PM    4    0.00    0.00    0.00    0.00    0.00    0.00    0.00    0.00    0.00  100.00
01:55:13 PM    5    0.00    0.00    0.00    0.00    0.00    0.00    0.00    0.00    0.00  100.00
01:55:13 PM    6    0.00    0.00    0.00    0.00    0.00    0.00    0.00    0.00    0.00  100.00
01:55:13 PM    7    0.00    0.00    0.00    0.00    0.00    0.00    0.00    0.00    0.00  100.00
01:55:13 PM    8    0.00    0.00    3.03    0.00    0.00    0.00    0.00    0.00    0.00   96.97
01:55:13 PM    9    0.00    0.00    0.00    0.00    0.00    0.00    0.00    0.00    0.00  100.00
01:55:13 PM   10    0.00    0.00    0.00  100.00    0.00    0.00    0.00    0.00    0.00    0.00
01:55:13 PM   11    0.00    0.00    0.00  100.00    0.00    0.00    0.00    0.00    0.00    0.00
01:55:13 PM   12    0.00    0.00    1.00   99.00    0.00    0.00    0.00    0.00    0.00    0.00
01:55:13 PM   13    0.00    0.00    0.00   13.86    0.00    0.00    0.00    0.00    0.00   86.14
01:55:13 PM   14    0.00    0.00    0.00    0.00    0.00    0.00    0.00    0.00    0.00  100.00
01:55:13 PM   15    0.00    0.00    0.00    0.00    0.00    0.00    0.00    0.00    0.00  100.00
01:55:13 PM   16    0.00    0.00    0.00    0.00    0.00    0.00    0.00    0.00    0.00  100.00
01:55:13 PM   17    0.00    0.00    0.00    0.00    0.00    0.00    0.00    0.00    0.00  100.00
01:55:13 PM   18    0.00    0.00    0.00    0.00    0.00    0.00    0.00    0.00    0.00  100.00
01:55:13 PM   19    0.00    0.00    0.00    0.00    0.00    0.00    0.00    0.00    0.00  100.00
01:55:13 PM   20    0.00    0.00    0.00    0.00    0.00    0.00    0.00    0.00    0.00  100.00
01:55:13 PM   21    0.00    0.00    0.00    0.00    0.00    0.00    0.00    0.00    0.00  100.00
01:55:13 PM   22    0.00    0.00    0.00    0.00    0.00    0.00    0.00    0.00    0.00  100.00
01:55:13 PM   23    0.00    0.00    0.00    0.00    0.00    0.00    0.00    0.00    0.00  100.00
01:55:13 PM   24    0.00    0.00    0.00    0.00    0.00    0.00    0.00    0.00    0.00  100.00
01:55:13 PM   25    0.00    0.00    0.00    0.00    0.00    0.00    0.00    0.00    0.00  100.00
01:55:13 PM   26    0.00    0.00    0.00    0.00    0.00    0.00    0.00    0.00    0.00  100.00
01:55:13 PM   27    0.00    0.00    0.00    0.00    0.00    0.00    0.00    0.00    0.00  100.00
01:55:13 PM   28    0.00    0.00    0.00    0.00    0.00    0.00    0.00    0.00    0.00  100.00
01:55:13 PM   29    0.00    0.00    0.00    0.00    0.00    0.00    0.00    0.00    0.00  100.00
01:55:13 PM   30    0.00    0.00    0.00    0.00    0.00    0.00    0.00    0.00    0.00  100.00
01:55:13 PM   31    0.00    0.00    0.00    0.00    0.00    0.00    0.00    0.00    0.00  100.00

01:55:13 PM  CPU    %usr   %nice    %sys %iowait    %irq   %soft  %steal  %guest  %gnice   %idle
01:55:14 PM  all    0.00    0.03    0.22    9.83    0.00    0.00    0.00    0.00    0.00   89.92
01:55:14 PM    0    0.00    0.00    0.00    0.00    0.00    0.00    0.00    0.00    0.00  100.00
01:55:14 PM    1    0.00    0.00    0.00    0.00    0.00    0.00    0.00    0.00    0.00  100.00
01:55:14 PM    2    0.00    0.00    0.00    0.00    0.00    0.00    0.00    0.00    0.00  100.00
01:55:14 PM    3    0.00    0.00    0.00    0.00    0.00    0.00    0.00    0.00    0.00  100.00
01:55:14 PM    4    0.00    0.00    0.00    0.00    0.00    0.00    0.00    0.00    0.00  100.00
01:55:14 PM    5    0.00    0.00    0.00    0.00    0.00    0.00    0.00    0.00    0.00  100.00
01:55:14 PM    6    0.00    0.00    0.00    0.00    0.00    0.00    0.00    0.00    0.00  100.00
01:55:14 PM    7    0.00    0.00    0.00    0.00    0.00    0.00    0.00    0.00    0.00  100.00
01:55:14 PM    8    0.00    1.02    2.04   87.76    0.00    0.00    0.00    0.00    0.00    9.18
01:55:14 PM    9    0.00    0.00    0.00   72.73    0.00    0.00    0.00    0.00    0.00   27.27
01:55:14 PM   10    0.00    0.00    1.00   33.00    0.00    0.00    0.00    0.00    0.00   66.00
01:55:14 PM   11    0.00    0.00    3.00   76.00    0.00    0.00    0.00    0.00    0.00   21.00
01:55:14 PM   12    0.00    0.00    0.00   27.27    0.00    0.00    0.00    0.00    0.00   72.73
01:55:14 PM   13    0.00    0.00    0.00   20.20    0.00    0.00    0.00    0.00    0.00   79.80
01:55:14 PM   14    0.00    0.00    0.00    0.00    0.00    0.00    0.00    0.00    0.00  100.00
01:55:14 PM   15    0.00    0.00    0.00    0.00    0.00    0.00    0.00    0.00    0.00  100.00
01:55:14 PM   16    0.00    0.00    0.00    0.00    0.00    0.00    0.00    0.00    0.00  100.00
01:55:14 PM   17    0.00    0.00    0.99    0.00    0.00    0.00    0.00    0.00    0.00   99.01
01:55:14 PM   18    0.00    0.00    0.00    0.00    0.00    0.00    0.00    0.00    0.00  100.00
01:55:14 PM   19    0.00    0.00    0.00    0.00    0.00    0.00    0.00    0.00    0.00  100.00
01:55:14 PM   20    0.00    0.00    0.00    0.00    0.00    0.00    0.00    0.00    0.00  100.00
01:55:14 PM   21    0.00    0.00    0.00    0.00    0.00    0.00    0.00    0.00    0.00  100.00
01:55:14 PM   22    0.00    0.00    0.00    0.00    0.00    0.00    0.00    0.00    0.00  100.00
01:55:14 PM   23    0.00    0.00    0.00    0.00    0.00    0.00    0.00    0.00    0.00  100.00
01:55:14 PM   24    0.00    0.00    0.00    0.00    0.00    0.00    0.00    0.00    0.00  100.00
01:55:14 PM   25    0.00    0.00    0.00    0.00    0.00    0.00    0.00    0.00    0.00  100.00
01:55:14 PM   26    0.00    0.00    0.00    0.00    0.00    0.00    0.00    0.00    0.00  100.00
01:55:14 PM   27    0.00    0.00    0.00    0.00    0.00    0.00    0.00    0.00    0.00  100.00
01:55:14 PM   28    0.00    0.00    0.00    0.00    0.00    0.00    0.00    0.00    0.00  100.00
01:55:14 PM   29    0.00    0.00    0.00    0.00    0.00    0.00    0.00    0.00    0.00  100.00
01:55:14 PM   30    0.00    0.00    0.00    0.00    0.00    0.00    0.00    0.00    0.00  100.00
01:55:14 PM   31    0.00    0.00    0.00    0.00    0.00    0.00    0.00    0.00    0.00  100.00

01:55:14 PM  CPU    %usr   %nice    %sys %iowait    %irq   %soft  %steal  %guest  %gnice   %idle
01:55:15 PM  all    0.06    0.00    0.16   10.27    0.00    0.00    0.00    0.00    0.00   89.51
01:55:15 PM    0    0.00    0.00    1.00    0.00    0.00    0.00    0.00    0.00    0.00   99.00
01:55:15 PM    1    0.00    0.00    0.00    0.00    0.00    0.00    0.00    0.00    0.00  100.00
01:55:15 PM    2    0.00    0.00    0.00    0.00    0.00    0.00    0.00    0.00    0.00  100.00
01:55:15 PM    3    0.00    0.00    0.00    0.00    0.00    0.00    0.00    0.00    0.00  100.00
01:55:15 PM    4    0.00    0.00    0.00    4.04    0.00    0.00    0.00    0.00    0.00   95.96
01:55:15 PM    5    0.00    0.00    0.00    0.00    0.00    0.00    0.00    0.00    0.00  100.00
01:55:15 PM    6    0.00    0.00    0.00    0.00    0.00    0.00    0.00    0.00    0.00  100.00
01:55:15 PM    7    0.00    0.00    0.00    0.00    0.00    0.00    0.00    0.00    0.00  100.00
01:55:15 PM    8    0.00    0.00    0.00   94.90    0.00    0.00    0.00    0.00    0.00    5.10
01:55:15 PM    9    0.00    0.00    1.00   99.00    0.00    0.00    0.00    0.00    0.00    0.00
01:55:15 PM   10    0.00    0.00    0.00    0.00    0.00    0.00    0.00    0.00    0.00  100.00
01:55:15 PM   11    1.00    0.00    3.00   73.00    0.00    0.00    0.00    0.00    0.00   23.00
01:55:15 PM   12    1.00    0.00    0.00   35.00    0.00    0.00    0.00    0.00    0.00   64.00
01:55:15 PM   13    0.00    0.00    0.00   20.00    0.00    0.00    0.00    0.00    0.00   80.00
01:55:15 PM   14    0.00    0.00    0.00    4.00    0.00    0.00    0.00    0.00    0.00   96.00
01:55:15 PM   15    0.00    0.00    0.00    0.00    0.00    0.00    0.00    0.00    0.00  100.00
01:55:15 PM   16    0.00    0.00    0.00    0.00    0.00    0.00    0.00    0.00    0.00  100.00
01:55:15 PM   17    0.00    0.00    0.00    0.00    0.00    0.00    0.00    0.00    0.00  100.00
01:55:15 PM   18    0.00    0.00    0.00    0.00    0.00    0.00    0.00    0.00    0.00  100.00
01:55:15 PM   19    0.00    0.00    0.00    0.00    0.00    0.00    0.00    0.00    0.00  100.00
01:55:15 PM   20    0.00    0.00    0.00    0.00    0.00    0.00    0.00    0.00    0.00  100.00
01:55:15 PM   21    0.00    0.00    0.00    0.00    0.00    0.00    0.00    0.00    0.00  100.00
01:55:15 PM   22    0.00    0.00    0.00    0.00    0.00    0.00    0.00    0.00    0.00  100.00
01:55:15 PM   23    0.00    0.00    0.00    0.00    0.00    0.00    0.00    0.00    0.00  100.00
01:55:15 PM   24    0.00    0.00    0.00    0.00    0.00    0.00    0.00    0.00    0.00  100.00
01:55:15 PM   25    0.00    0.00    0.00    0.00    0.00    0.00    0.00    0.00    0.00  100.00
01:55:15 PM   26    0.00    0.00    0.00    0.00    0.00    0.00    0.00    0.00    0.00  100.00
01:55:15 PM   27    0.00    0.00    0.00    0.00    0.00    0.00    0.00    0.00    0.00  100.00
01:55:15 PM   28    0.00    0.00    0.00    0.00    0.00    0.00    0.00    0.00    0.00  100.00
01:55:15 PM   29    0.00    0.00    0.00    0.00    0.00    0.00    0.00    0.00    0.00  100.00
01:55:15 PM   30    0.00    0.00    0.00    0.00    0.00    0.00    0.00    0.00    0.00  100.00
01:55:15 PM   31    0.00    0.00    0.00    0.00    0.00    0.00    0.00    0.00    0.00  100.00

01:55:15 PM  CPU    %usr   %nice    %sys %iowait    %irq   %soft  %steal  %guest  %gnice   %idle
01:55:16 PM  all    0.00    0.00    0.16    9.92    0.00    0.00    0.00    0.00    0.00   89.93
01:55:16 PM    0    0.00    0.00    0.00    0.00    0.00    0.00    0.00    0.00    0.00  100.00
01:55:16 PM    1    0.00    0.00    0.00    0.00    0.00    0.00    0.00    0.00    0.00  100.00
01:55:16 PM    2    0.00    0.00    0.00    0.00    0.00    0.00    0.00    0.00    0.00  100.00
01:55:16 PM    3    0.00    0.00    0.00    0.00    0.00    0.00    0.00    0.00    0.00  100.00
01:55:16 PM    4    0.00    0.00    0.00   12.00    0.00    0.00    0.00    0.00    0.00   88.00
01:55:16 PM    5    0.00    0.00    0.00    0.00    0.00    0.00    0.00    0.00    0.00  100.00
01:55:16 PM    6    0.00    0.00    0.00    0.00    0.00    0.00    0.00    0.00    0.00  100.00
01:55:16 PM    7    0.00    0.00    0.00    0.00    0.00    0.00    0.00    0.00    0.00  100.00
01:55:16 PM    8    0.00    0.00    3.03   33.33    0.00    0.00    0.00    0.00    0.00   63.64
01:55:16 PM    9    0.00    0.00    0.00  100.00    0.00    0.00    0.00    0.00    0.00    0.00
01:55:16 PM   10    0.00    0.00    1.00    0.00    0.00    0.00    0.00    0.00    0.00   99.00
01:55:16 PM   11    0.00    0.00    0.00   73.74    0.00    0.00    0.00    0.00    0.00   26.26
01:55:16 PM   12    0.00    0.00    1.00   99.00    0.00    0.00    0.00    0.00    0.00    0.00
01:55:16 PM   13    0.00    0.00    0.00    0.00    0.00    0.00    0.00    0.00    0.00  100.00
01:55:16 PM   14    0.00    0.00    0.00    0.00    0.00    0.00    0.00    0.00    0.00  100.00
01:55:16 PM   15    0.00    0.00    0.00    0.00    0.00    0.00    0.00    0.00    0.00  100.00
01:55:16 PM   16    0.00    0.00    0.00    0.00    0.00    0.00    0.00    0.00    0.00  100.00
01:55:16 PM   17    0.00    0.00    0.00    0.00    0.00    0.00    0.00    0.00    0.00  100.00
01:55:16 PM   18    0.00    0.00    0.00    0.00    0.00    0.00    0.00    0.00    0.00  100.00
01:55:16 PM   19    0.00    0.00    0.00    0.00    0.00    0.00    0.00    0.00    0.00  100.00
01:55:16 PM   20    0.00    0.00    0.00    0.00    0.00    0.00    0.00    0.00    0.00  100.00
01:55:16 PM   21    0.00    0.00    0.00    0.00    0.00    0.00    0.00    0.00    0.00  100.00
01:55:16 PM   22    0.00    0.00    0.00    0.00    0.00    0.00    0.00    0.00    0.00  100.00
01:55:16 PM   23    0.00    0.00    0.00    0.00    0.00    0.00    0.00    0.00    0.00  100.00
01:55:16 PM   24    0.00    0.00    0.00    0.00    0.00    0.00    0.00    0.00    0.00  100.00
01:55:16 PM   25    0.00    0.00    0.00    0.00    0.00    0.00    0.00    0.00    0.00  100.00
01:55:16 PM   26    0.00    0.00    0.00    0.00    0.00    0.00    0.00    0.00    0.00  100.00
01:55:16 PM   27    0.00    0.00    0.00    0.00    0.00    0.00    0.00    0.00    0.00  100.00
01:55:16 PM   28    0.00    0.00    0.00    0.00    0.00    0.00    0.00    0.00    0.00  100.00
01:55:16 PM   29    0.00    0.00    0.00    0.00    0.00    0.00    0.00    0.00    0.00  100.00
01:55:16 PM   30    0.00    0.00    0.00    0.00    0.00    0.00    0.00    0.00    0.00  100.00
01:55:16 PM   31    0.00    0.00    0.00    0.00    0.00    0.00    0.00    0.00    0.00  100.00

01:55:16 PM  CPU    %usr   %nice    %sys %iowait    %irq   %soft  %steal  %guest  %gnice   %idle
01:55:17 PM  all    0.06    0.00    0.25    9.89    0.00    0.00    0.00    0.00    0.00   89.80
01:55:17 PM    0    0.00    0.00    0.00    0.00    0.00    0.00    0.00    0.00    0.00  100.00
01:55:17 PM    1    0.00    0.00    0.00    0.00    0.00    0.00    0.00    0.00    0.00  100.00
01:55:17 PM    2    0.00    0.00    0.00   48.48    0.00    0.00    0.00    0.00    0.00   51.52
01:55:17 PM    3    0.00    0.00    0.00    0.00    0.00    0.00    0.00    0.00    0.00  100.00
01:55:17 PM    4    0.00    0.00    0.00    0.00    0.00    0.00    0.00    0.00    0.00  100.00
01:55:17 PM    5    0.00    0.00    0.00    0.00    0.00    0.00    0.00    0.00    0.00  100.00
01:55:17 PM    6    0.00    0.00    0.00    4.00    0.00    0.00    0.00    0.00    0.00   96.00
01:55:17 PM    7    0.00    0.00    0.00    0.00    0.00    0.00    0.00    0.00    0.00  100.00
01:55:17 PM    8    0.00    0.00    2.00   32.00    0.00    0.00    0.00    0.00    0.00   66.00
01:55:17 PM    9    0.00    0.00    1.01   98.99    0.00    0.00    0.00    0.00    0.00    0.00
01:55:17 PM   10    0.00    0.00    1.00    0.00    0.00    0.00    0.00    0.00    0.00   99.00
01:55:17 PM   11    1.00    0.00    3.00   23.00    0.00    0.00    0.00    0.00    0.00   73.00
01:55:17 PM   12    0.00    0.00    0.00  100.00    0.00    0.00    0.00    0.00    0.00    0.00
01:55:17 PM   13    0.00    0.00    0.00    7.07    0.00    0.00    0.00    0.00    0.00   92.93
01:55:17 PM   14    0.00    0.00    0.00    5.00    0.00    0.00    0.00    0.00    0.00   95.00
01:55:17 PM   15    0.00    0.00    0.00    0.00    0.00    0.00    0.00    0.00    0.00  100.00
01:55:17 PM   16    0.00    0.00    0.00    0.00    0.00    0.00    0.00    0.00    0.00  100.00
01:55:17 PM   17    0.00    0.00    0.00    0.00    0.00    0.00    0.00    0.00    0.00  100.00
01:55:17 PM   18    0.00    0.00    0.00    0.00    0.00    0.00    0.00    0.00    0.00  100.00
01:55:17 PM   19    0.00    0.00    0.00    0.00    0.00    0.00    0.00    0.00    0.00  100.00
01:55:17 PM   20    0.00    0.00    0.00    0.00    0.00    0.00    0.00    0.00    0.00  100.00
01:55:17 PM   21    0.00    0.00    0.00    0.00    0.00    0.00    0.00    0.00    0.00  100.00
01:55:17 PM   22    0.00    0.00    0.00    0.00    0.00    0.00    0.00    0.00    0.00  100.00
01:55:17 PM   23    0.00    0.00    0.00    0.00    0.00    0.00    0.00    0.00    0.00  100.00
01:55:17 PM   24    0.00    0.00    0.00    0.00    0.00    0.00    0.00    0.00    0.00  100.00
01:55:17 PM   25    0.00    0.00    0.00    0.00    0.00    0.00    0.00    0.00    0.00  100.00
01:55:17 PM   26    0.00    0.00    0.00    0.00    0.00    0.00    0.00    0.00    0.00  100.00
01:55:17 PM   27    0.98    0.00    0.98    0.00    0.00    0.00    0.00    0.00    0.00   98.04
01:55:17 PM   28    0.00    0.00    0.00    0.00    0.00    0.00    0.00    0.00    0.00  100.00
01:55:17 PM   29    0.00    0.00    0.00    0.00    0.00    0.00    0.00    0.00    0.00  100.00
01:55:17 PM   30    0.00    0.00    0.00    0.00    0.00    0.00    0.00    0.00    0.00  100.00
01:55:17 PM   31    0.00    0.00    0.00    0.00    0.00    0.00    0.00    0.00    0.00  100.00

01:55:17 PM  CPU    %usr   %nice    %sys %iowait    %irq   %soft  %steal  %guest  %gnice   %idle
01:55:18 PM  all    0.00    0.06    0.06    9.79    0.00    0.00    0.00    0.00    0.00   90.08
01:55:18 PM    0    0.00    1.00    0.00    0.00    0.00    0.00    0.00    0.00    0.00   99.00
01:55:18 PM    1    0.00    0.00    0.00    0.00    0.00    0.00    0.00    0.00    0.00  100.00
01:55:18 PM    2    0.00    0.00    0.00   13.13    0.00    0.00    0.00    0.00    0.00   86.87
01:55:18 PM    3    0.00    0.00    0.00    0.00    0.00    0.00    0.00    0.00    0.00  100.00
01:55:18 PM    4    0.00    0.00    0.00    4.00    0.00    0.00    0.00    0.00    0.00   96.00
01:55:18 PM    5    0.00    0.00    0.00    0.00    0.00    0.00    0.00    0.00    0.00  100.00
01:55:18 PM    6    0.00    0.00    0.00    0.00    0.00    0.00    0.00    0.00    0.00  100.00
01:55:18 PM    7    0.00    0.00    0.00    0.00    0.00    0.00    0.00    0.00    0.00  100.00
01:55:18 PM    8    0.00    1.01    2.02   85.86    0.00    0.00    0.00    0.00    0.00   11.11
01:55:18 PM    9    0.00    0.00    0.00  100.00    0.00    0.00    0.00    0.00    0.00    0.00
01:55:18 PM   10    0.00    0.00    0.00    0.00    0.00    0.00    0.00    0.00    0.00  100.00
01:55:18 PM   11    0.00    0.00    0.00    7.07    0.00    0.00    0.00    0.00    0.00   92.93
01:55:18 PM   12    0.00    0.00    0.00   43.00    0.00    0.00    0.00    0.00    0.00   57.00
01:55:18 PM   13    0.00    0.00    0.00   57.43    0.00    0.00    0.00    0.00    0.00   42.57
01:55:18 PM   14    0.00    0.00    0.00    0.00    0.00    0.00    0.00    0.00    0.00  100.00
01:55:18 PM   15    0.00    0.00    0.00    0.00    0.00    0.00    0.00    0.00    0.00  100.00
01:55:18 PM   16    0.00    0.00    0.00    0.00    0.00    0.00    0.00    0.00    0.00  100.00
01:55:18 PM   17    0.00    0.00    0.00    0.00    0.00    0.00    0.00    0.00    0.00  100.00
01:55:18 PM   18    0.00    0.00    0.00    3.00    0.00    0.00    0.00    0.00    0.00   97.00
01:55:18 PM   19    0.00    0.00    0.00    0.00    0.00    0.00    0.00    0.00    0.00  100.00
01:55:18 PM   20    0.00    0.00    0.00    0.00    0.00    0.00    0.00    0.00    0.00  100.00
01:55:18 PM   21    0.00    0.00    0.00    0.00    0.00    0.00    0.00    0.00    0.00  100.00
01:55:18 PM   22    0.00    0.00    0.00    0.00    0.00    0.00    0.00    0.00    0.00  100.00
01:55:18 PM   23    0.00    0.00    0.00    0.00    0.00    0.00    0.00    0.00    0.00  100.00
01:55:18 PM   24    0.00    0.00    0.00    0.00    0.00    0.00    0.00    0.00    0.00  100.00
01:55:18 PM   25    0.00    0.00    0.00    0.00    0.00    0.00    0.00    0.00    0.00  100.00
01:55:18 PM   26    0.00    0.00    0.00    0.00    0.00    0.00    0.00    0.00    0.00  100.00
01:55:18 PM   27    0.00    0.00    0.00    0.00    0.00    0.00    0.00    0.00    0.00  100.00
01:55:18 PM   28    0.00    0.00    0.00    0.00    0.00    0.00    0.00    0.00    0.00  100.00
01:55:18 PM   29    0.00    0.00    0.00    0.00    0.00    0.00    0.00    0.00    0.00  100.00
01:55:18 PM   30    0.00    0.00    0.00    0.00    0.00    0.00    0.00    0.00    0.00  100.00
01:55:18 PM   31    0.00    0.00    0.00    0.00    0.00    0.00    0.00    0.00    0.00  100.00

01:55:18 PM  CPU    %usr   %nice    %sys %iowait    %irq   %soft  %steal  %guest  %gnice   %idle
01:55:19 PM  all    0.03    0.00    0.16   12.00    0.00    0.00    0.00    0.00    0.00   87.81
01:55:19 PM    0    0.00    0.00    0.00   21.00    0.00    0.00    0.00    0.00    0.00   79.00
01:55:19 PM    1    0.00    0.00    0.00    0.00    0.00    0.00    0.00    0.00    0.00  100.00
01:55:19 PM    2    0.00    0.00    0.99    0.00    0.00    0.00    0.00    0.00    0.00   99.01
01:55:19 PM    3    0.00    0.00    0.00    0.00    0.00    0.00    0.00    0.00    0.00  100.00
01:55:19 PM    4    0.00    0.00    0.00    0.00    0.00    0.00    0.00    0.00    0.00  100.00
01:55:19 PM    5    0.00    0.00    0.00    0.00    0.00    0.00    0.00    0.00    0.00  100.00
01:55:19 PM    6    0.00    0.00    0.00    0.00    0.00    0.00    0.00    0.00    0.00  100.00
01:55:19 PM    7    0.00    0.00    0.00    0.00    0.00    0.00    0.00    0.00    0.00  100.00
01:55:19 PM    8    0.00    0.00    3.03    3.03    0.00    0.00    0.00    0.00    0.00   93.94
01:55:19 PM    9    0.00    0.00    0.00   85.00    0.00    0.00    0.00    0.00    0.00   15.00
01:55:19 PM   10    0.00    0.00    0.00    0.00    0.00    0.00    0.00    0.00    0.00  100.00
01:55:19 PM   11    0.00    0.00    0.00   93.88    0.00    0.00    0.00    0.00    0.00    6.12
01:55:19 PM   12    0.00    0.00    0.00    9.09    0.00    0.00    0.00    0.00    0.00   90.91
01:55:19 PM   13    0.00    0.00    0.00  100.00    0.00    0.00    0.00    0.00    0.00    0.00
01:55:19 PM   14    0.00    0.00    0.00   11.11    0.00    0.00    0.00    0.00    0.00   88.89
01:55:19 PM   15    0.00    0.00    0.00    0.00    0.00    0.00    0.00    0.00    0.00  100.00
01:55:19 PM   16    0.00    0.00    0.00    0.00    0.00    0.00    0.00    0.00    0.00  100.00
01:55:19 PM   17    0.00    0.00    0.00    0.00    0.00    0.00    0.00    0.00    0.00  100.00
01:55:19 PM   18    0.00    0.00    0.00   32.32    0.00    0.00    0.00    0.00    0.00   67.68
01:55:19 PM   19    1.00    0.00    0.00   16.00    0.00    0.00    0.00    0.00    0.00   83.00
01:55:19 PM   20    0.00    0.00    0.99   14.85    0.00    0.00    0.00    0.00    0.00   84.16
01:55:19 PM   21    0.00    0.00    0.00    0.00    0.00    0.00    0.00    0.00    0.00  100.00
01:55:19 PM   22    0.00    0.00    0.00    0.00    0.00    0.00    0.00    0.00    0.00  100.00
01:55:19 PM   23    0.00    0.00    0.00    0.00    0.00    0.00    0.00    0.00    0.00  100.00
01:55:19 PM   24    0.00    0.00    0.00    0.00    0.00    0.00    0.00    0.00    0.00  100.00
01:55:19 PM   25    0.00    0.00    0.00    0.00    0.00    0.00    0.00    0.00    0.00  100.00
01:55:19 PM   26    0.00    0.00    0.00    0.00    0.00    0.00    0.00    0.00    0.00  100.00
01:55:19 PM   27    0.00    0.00    0.00    0.00    0.00    0.00    0.00    0.00    0.00  100.00
01:55:19 PM   28    0.00    0.00    0.00    0.00    0.00    0.00    0.00    0.00    0.00  100.00
01:55:19 PM   29    0.00    0.00    0.00    0.00    0.00    0.00    0.00    0.00    0.00  100.00
01:55:19 PM   30    0.00    0.00    0.00    0.00    0.00    0.00    0.00    0.00    0.00  100.00
01:55:19 PM   31    0.00    0.00    0.00    0.00    0.00    0.00    0.00    0.00    0.00  100.00

01:55:19 PM  CPU    %usr   %nice    %sys %iowait    %irq   %soft  %steal  %guest  %gnice   %idle
01:55:20 PM  all    0.16    0.00    1.66   12.66    0.00    0.00    0.00    0.00    0.00   85.53
01:55:20 PM    0    0.00    0.00    0.00    0.00    0.00    0.00    0.00    0.00    0.00  100.00
01:55:20 PM    1    0.00    0.00    0.00    0.00    0.00    0.00    0.00    0.00    0.00  100.00
01:55:20 PM    2    0.00    0.00    0.00    9.90    0.00    0.00    0.00    0.00    0.00   90.10
01:55:20 PM    3    0.00    0.00    0.00    0.00    0.00    0.00    0.00    0.00    0.00  100.00
01:55:20 PM    4    0.00    0.00   48.48    0.00    0.00    0.00    0.00    0.00    0.00   51.52
01:55:20 PM    5    0.00    0.00    0.00    0.00    0.00    0.00    0.00    0.00    0.00  100.00
01:55:20 PM    6    0.00    0.00    0.99   10.89    0.00    0.00    0.00    0.00    0.00   88.12
01:55:20 PM    7    0.00    0.00    0.00    0.00    0.00    0.00    0.00    0.00    0.00  100.00
01:55:20 PM    8    0.00    0.00    0.00   61.62    0.00    0.00    0.00    0.00    0.00   38.38
01:55:20 PM    9    0.00    0.00    1.00   37.00    0.00    0.00    0.00    0.00    0.00   62.00
01:55:20 PM   10    1.00    0.00    0.00    0.00    0.00    0.00    0.00    0.00    0.00   99.00
01:55:20 PM   11    1.00    0.00    1.00   98.00    0.00    0.00    0.00    0.00    0.00    0.00
01:55:20 PM   12    0.00    0.00    0.00    0.00    0.00    0.00    0.00    0.00    0.00  100.00
01:55:20 PM   13    0.00    0.00    0.00  100.00    0.00    0.00    0.00    0.00    0.00    0.00
01:55:20 PM   14    0.99    0.00    0.99    0.00    0.00    0.00    0.00    0.00    0.00   98.02
01:55:20 PM   15    0.00    0.00    0.00    0.00    0.00    0.00    0.00    0.00    0.00  100.00
01:55:20 PM   16    0.98    0.00    0.98   19.61    0.00    0.00    0.00    0.00    0.00   78.43
01:55:20 PM   17    0.00    0.00    0.00   12.00    0.00    0.00    0.00    0.00    0.00   88.00
01:55:20 PM   18    0.00    0.00    0.00   10.10    0.00    0.00    0.00    0.00    0.00   89.90
01:55:20 PM   19    0.00    0.00    0.00    5.00    0.00    0.00    0.00    0.00    0.00   95.00
01:55:20 PM   20    0.00    0.00    0.00   30.30    0.00    0.00    0.00    0.00    0.00   69.70
01:55:20 PM   21    0.00    0.00    0.00    0.00    0.00    0.00    0.00    0.00    0.00  100.00
01:55:20 PM   22    0.99    0.00    0.00   10.89    0.00    0.00    0.00    0.00    0.00   88.12
01:55:20 PM   23    0.00    0.00    0.00    0.00    0.00    0.00    0.00    0.00    0.00  100.00
01:55:20 PM   24    0.00    0.00    0.00    0.00    0.00    0.00    0.00    0.00    0.00  100.00
01:55:20 PM   25    0.00    0.00    0.00    0.00    0.00    0.00    0.00    0.00    0.00  100.00
01:55:20 PM   26    0.00    0.00    0.00    0.00    0.00    0.00    0.00    0.00    0.00  100.00
01:55:20 PM   27    0.00    0.00    0.00    0.00    0.00    0.00    0.00    0.00    0.00  100.00
01:55:20 PM   28    0.00    0.00    0.00    0.00    0.00    0.00    0.00    0.00    0.00  100.00
01:55:20 PM   29    0.00    0.00    0.00    0.00    0.00    0.00    0.00    0.00    0.00  100.00
01:55:20 PM   30    0.00    0.00    0.00    0.00    0.00    0.00    0.00    0.00    0.00  100.00
01:55:20 PM   31    0.00    0.00    0.00    0.00    0.00    0.00    0.00    0.00    0.00  100.00

01:55:20 PM  CPU    %usr   %nice    %sys %iowait    %irq   %soft  %steal  %guest  %gnice   %idle
01:55:21 PM  all    0.00    0.03    0.16   10.98    0.00    0.00    0.00    0.00    0.00   88.84
01:55:21 PM    0    0.00    0.00    0.00    0.00    0.00    0.00    0.00    0.00    0.00  100.00
01:55:21 PM    1    0.00    0.00    0.00    0.00    0.00    0.00    0.00    0.00    0.00  100.00
01:55:21 PM    2    0.00    0.00    0.00    0.00    0.00    0.00    0.00    0.00    0.00  100.00
01:55:21 PM    3    0.00    0.00    0.00    0.00    0.00    0.00    0.00    0.00    0.00  100.00
01:55:21 PM    4    0.00    0.00    0.99    0.00    0.00    0.00    0.00    0.00    0.00   99.01
01:55:21 PM    5    0.00    0.00    0.00    0.00    0.00    0.00    0.00    0.00    0.00  100.00
01:55:21 PM    6    0.00    0.00    0.00    0.00    0.00    0.00    0.00    0.00    0.00  100.00
01:55:21 PM    7    0.00    0.00    0.00    0.00    0.00    0.00    0.00    0.00    0.00  100.00
01:55:21 PM    8    0.00    1.00    1.00    1.00    0.00    0.00    0.00    0.00    0.00   97.00
01:55:21 PM    9    0.00    0.00    0.00  100.00    0.00    0.00    0.00    0.00    0.00    0.00
01:55:21 PM   10    0.00    0.00    1.00    0.00    0.00    0.00    0.00    0.00    0.00   99.00
01:55:21 PM   11    0.00    0.00    1.03   75.26    0.00    0.00    0.00    0.00    0.00   23.71
01:55:21 PM   12    0.00    0.00    1.00    0.00    0.00    0.00    0.00    0.00    0.00   99.00
01:55:21 PM   13    0.00    0.00    0.00  100.00    0.00    0.00    0.00    0.00    0.00    0.00
01:55:21 PM   14    0.00    0.00    0.00    9.09    0.00    0.00    0.00    0.00    0.00   90.91
01:55:21 PM   15    0.00    0.00    0.00   42.42    0.00    0.00    0.00    0.00    0.00   57.58
01:55:21 PM   16    0.00    0.00    0.00    0.00    0.00    0.00    0.00    0.00    0.00  100.00
01:55:21 PM   17    0.00    0.00    0.00    0.00    0.00    0.00    0.00    0.00    0.00  100.00
01:55:21 PM   18    0.00    0.00    0.00    0.00    0.00    0.00    0.00    0.00    0.00  100.00
01:55:21 PM   19    0.00    0.00    0.00    0.00    0.00    0.00    0.00    0.00    0.00  100.00
01:55:21 PM   20    0.00    0.00    0.00   18.00    0.00    0.00    0.00    0.00    0.00   82.00
01:55:21 PM   21    0.00    0.00    0.00    0.00    0.00    0.00    0.00    0.00    0.00  100.00
01:55:21 PM   22    0.00    0.00    0.00    0.00    0.00    0.00    0.00    0.00    0.00  100.00
01:55:21 PM   23    0.00    0.00    0.00    0.00    0.00    0.00    0.00    0.00    0.00  100.00
01:55:21 PM   24    0.00    0.00    0.00    8.00    0.00    0.00    0.00    0.00    0.00   92.00
01:55:21 PM   25    0.00    0.00    0.00    0.00    0.00    0.00    0.00    0.00    0.00  100.00
01:55:21 PM   26    0.00    0.00    0.00    0.00    0.00    0.00    0.00    0.00    0.00  100.00
01:55:21 PM   27    0.00    0.00    0.00    0.00    0.00    0.00    0.00    0.00    0.00  100.00
01:55:21 PM   28    0.00    0.00    0.00    0.00    0.00    0.00    0.00    0.00    0.00  100.00
01:55:21 PM   29    0.00    0.00    0.00    0.00    0.00    0.00    0.00    0.00    0.00  100.00
01:55:21 PM   30    0.00    0.00    0.00    0.00    0.00    0.00    0.00    0.00    0.00  100.00
01:55:21 PM   31    0.00    0.00    0.00    0.00    0.00    0.00    0.00    0.00    0.00  100.00

01:55:21 PM  CPU    %usr   %nice    %sys %iowait    %irq   %soft  %steal  %guest  %gnice   %idle
01:55:22 PM  all    0.03    0.00    0.09   13.24    0.00    0.00    0.00    0.00    0.00   86.63
01:55:22 PM    0    0.00    0.00    0.00    0.00    0.00    0.00    0.00    0.00    0.00  100.00
01:55:22 PM    1    0.00    0.00    0.00    0.00    0.00    0.00    0.00    0.00    0.00  100.00
01:55:22 PM    2    0.00    0.00    0.00    0.00    0.00    0.00    0.00    0.00    0.00  100.00
01:55:22 PM    3    0.00    0.00    0.00    0.00    0.00    0.00    0.00    0.00    0.00  100.00
01:55:22 PM    4    0.00    0.00    0.00    0.00    0.00    0.00    0.00    0.00    0.00  100.00
01:55:22 PM    5    0.00    0.00    0.00    0.00    0.00    0.00    0.00    0.00    0.00  100.00
01:55:22 PM    6    0.00    0.00    0.00    0.00    0.00    0.00    0.00    0.00    0.00  100.00
01:55:22 PM    7    0.00    0.00    0.00    0.00    0.00    0.00    0.00    0.00    0.00  100.00
01:55:22 PM    8    0.00    0.00    2.00   61.00    0.00    0.00    0.00    0.00    0.00   37.00
01:55:22 PM    9    0.00    0.00    0.00  100.00    0.00    0.00    0.00    0.00    0.00    0.00
01:55:22 PM   10    0.00    0.00    0.00   33.67    0.00    0.00    0.00    0.00    0.00   66.33
01:55:22 PM   11    0.00    0.00    0.00   32.67    0.00    0.00    0.00    0.00    0.00   67.33
01:55:22 PM   12    0.00    0.00    0.00    0.00    0.00    0.00    0.00    0.00    0.00  100.00
01:55:22 PM   13    0.00    0.00    0.99   99.01    0.00    0.00    0.00    0.00    0.00    0.00
01:55:22 PM   14    0.00    0.00    0.00    0.00    0.00    0.00    0.00    0.00    0.00  100.00
01:55:22 PM   15    0.00    0.00    0.00   37.37    0.00    0.00    0.00    0.00    0.00   62.63
01:55:22 PM   16    0.00    0.00    0.00    0.00    0.00    0.00    0.00    0.00    0.00  100.00
01:55:22 PM   17    0.00    0.00    0.00    0.00    0.00    0.00    0.00    0.00    0.00  100.00
01:55:22 PM   18    0.99    0.00    0.00    0.00    0.00    0.00    0.00    0.00    0.00   99.01
01:55:22 PM   19    0.00    0.00    0.00    0.00    0.00    0.00    0.00    0.00    0.00  100.00
01:55:22 PM   20    0.00    0.00    0.00   59.00    0.00    0.00    0.00    0.00    0.00   41.00
01:55:22 PM   21    0.00    0.00    0.00    0.00    0.00    0.00    0.00    0.00    0.00  100.00
01:55:22 PM   22    0.00    0.00    0.00    0.00    0.00    0.00    0.00    0.00    0.00  100.00
01:55:22 PM   23    0.00    0.00    0.00    0.00    0.00    0.00    0.00    0.00    0.00  100.00
01:55:22 PM   24    0.00    0.00    0.00    0.00    0.00    0.00    0.00    0.00    0.00  100.00
01:55:22 PM   25    0.00    0.00    0.00    0.00    0.00    0.00    0.00    0.00    0.00  100.00
01:55:22 PM   26    0.00    0.00    0.00    0.00    0.00    0.00    0.00    0.00    0.00  100.00
01:55:22 PM   27    0.00    0.00    0.00    0.00    0.00    0.00    0.00    0.00    0.00  100.00
01:55:22 PM   28    0.00    0.00    0.00    0.00    0.00    0.00    0.00    0.00    0.00  100.00
01:55:22 PM   29    0.00    0.00    0.00    0.00    0.00    0.00    0.00    0.00    0.00  100.00
01:55:22 PM   30    0.00    0.00    0.00    0.00    0.00    0.00    0.00    0.00    0.00  100.00
01:55:22 PM   31    0.00    0.00    0.00    0.00    0.00    0.00    0.00    0.00    0.00  100.00

01:55:22 PM  CPU    %usr   %nice    %sys %iowait    %irq   %soft  %steal  %guest  %gnice   %idle
01:55:23 PM  all    0.03    0.00    0.13   10.87    0.00    0.00    0.00    0.00    0.00   88.98
01:55:23 PM    0    0.00    0.00    1.01   14.14    0.00    0.00    0.00    0.00    0.00   84.85
01:55:23 PM    1    0.00    0.00    0.00    0.00    0.00    0.00    0.00    0.00    0.00  100.00
01:55:23 PM    2    0.00    0.00    0.00    0.00    0.00    0.00    0.00    0.00    0.00  100.00
01:55:23 PM    3    0.00    0.00    0.00    0.00    0.00    0.00    0.00    0.00    0.00  100.00
01:55:23 PM    4    0.00    0.00    0.00    0.00    0.00    0.00    0.00    0.00    0.00  100.00
01:55:23 PM    5    0.00    0.00    0.00    0.00    0.00    0.00    0.00    0.00    0.00  100.00
01:55:23 PM    6    0.00    0.00    0.00    0.00    0.00    0.00    0.00    0.00    0.00  100.00
01:55:23 PM    7    0.00    0.00    0.00    0.00    0.00    0.00    0.00    0.00    0.00  100.00
01:55:23 PM    8    1.01    0.00    3.03   50.51    0.00    0.00    0.00    0.00    0.00   45.45
01:55:23 PM    9    0.00    0.00    0.00  100.00    0.00    0.00    0.00    0.00    0.00    0.00
01:55:23 PM   10    0.00    0.00    0.00   66.33    0.00    0.00    0.00    0.00    0.00   33.67
01:55:23 PM   11    0.00    0.00    0.00   18.00    0.00    0.00    0.00    0.00    0.00   82.00
01:55:23 PM   12    0.00    0.00    0.00    0.00    0.00    0.00    0.00    0.00    0.00  100.00
01:55:23 PM   13    0.00    0.00    0.00  100.00    0.00    0.00    0.00    0.00    0.00    0.00
01:55:23 PM   14    0.00    0.00    0.00    0.00    0.00    0.00    0.00    0.00    0.00  100.00
01:55:23 PM   15    0.00    0.00    0.00    0.00    0.00    0.00    0.00    0.00    0.00  100.00
01:55:23 PM   16    0.00    0.00    0.00    0.00    0.00    0.00    0.00    0.00    0.00  100.00
01:55:23 PM   17    0.00    0.00    0.00    0.00    0.00    0.00    0.00    0.00    0.00  100.00
01:55:23 PM   18    0.00    0.00    0.00    0.00    0.00    0.00    0.00    0.00    0.00  100.00
01:55:23 PM   19    0.00    0.00    0.00    0.00    0.00    0.00    0.00    0.00    0.00  100.00
01:55:23 PM   20    0.00    0.00    0.00    0.00    0.00    0.00    0.00    0.00    0.00  100.00
01:55:23 PM   21    0.00    0.00    0.00    0.00    0.00    0.00    0.00    0.00    0.00  100.00
01:55:23 PM   22    0.00    0.00    0.00    0.00    0.00    0.00    0.00    0.00    0.00  100.00
01:55:23 PM   23    0.00    0.00    0.00    0.00    0.00    0.00    0.00    0.00    0.00  100.00
01:55:23 PM   24    0.00    0.00    0.00    0.00    0.00    0.00    0.00    0.00    0.00  100.00
01:55:23 PM   25    0.00    0.00    0.00    0.00    0.00    0.00    0.00    0.00    0.00  100.00
01:55:23 PM   26    0.00    0.00    0.00    0.00    0.00    0.00    0.00    0.00    0.00  100.00
01:55:23 PM   27    0.00    0.00    0.00    0.00    0.00    0.00    0.00    0.00    0.00  100.00
01:55:23 PM   28    0.00    0.00    0.00    0.00    0.00    0.00    0.00    0.00    0.00  100.00
01:55:23 PM   29    0.00    0.00    0.00    0.00    0.00    0.00    0.00    0.00    0.00  100.00
01:55:23 PM   30    0.00    0.00    0.00    0.00    0.00    0.00    0.00    0.00    0.00  100.00
01:55:23 PM   31    0.00    0.00    0.00    0.00    0.00    0.00    0.00    0.00    0.00  100.00

01:55:23 PM  CPU    %usr   %nice    %sys %iowait    %irq   %soft  %steal  %guest  %gnice   %idle
01:55:24 PM  all    0.00    0.03    1.69    9.15    0.00    0.00    0.00    0.00    0.00   89.12
01:55:24 PM    0    0.00    0.00    0.00    0.00    0.00    0.00    0.00    0.00    0.00  100.00
01:55:24 PM    1    0.00    0.00    0.00    0.00    0.00    0.00    0.00    0.00    0.00  100.00
01:55:24 PM    2    0.00    0.00    0.00   26.26    0.00    0.00    0.00    0.00    0.00   73.74
01:55:24 PM    3    0.00    0.00    0.00    0.00    0.00    0.00    0.00    0.00    0.00  100.00
01:55:24 PM    4    0.00    0.00    0.00    0.00    0.00    0.00    0.00    0.00    0.00  100.00
01:55:24 PM    5    0.00    0.00    0.00    0.00    0.00    0.00    0.00    0.00    0.00  100.00
01:55:24 PM    6    0.00    0.00    0.00    0.00    0.00    0.00    0.00    0.00    0.00  100.00
01:55:24 PM    7    0.00    0.00    0.00    0.00    0.00    0.00    0.00    0.00    0.00  100.00
01:55:24 PM    8    0.00    1.00    4.00    5.00    0.00    0.00    0.00    0.00    0.00   90.00
01:55:24 PM    9    0.00    0.00   29.29   70.71    0.00    0.00    0.00    0.00    0.00    0.00
01:55:24 PM   10    0.00    0.00   14.14   85.86    0.00    0.00    0.00    0.00    0.00    0.00
01:55:24 PM   11    0.00    0.00    2.02   55.56    0.00    0.00    0.00    0.00    0.00   42.42
01:55:24 PM   12    0.00    0.00    1.00   26.00    0.00    0.00    0.00    0.00    0.00   73.00
01:55:24 PM   13    0.00    0.00    4.08   25.51    0.00    0.00    0.00    0.00    0.00   70.41
01:55:24 PM   14    0.00    0.00    0.00    0.00    0.00    0.00    0.00    0.00    0.00  100.00
01:55:24 PM   15    0.00    0.00    0.00    0.00    0.00    0.00    0.00    0.00    0.00  100.00
01:55:24 PM   16    0.00    0.00    0.00    0.00    0.00    0.00    0.00    0.00    0.00  100.00
01:55:24 PM   17    0.00    0.00    0.00    0.00    0.00    0.00    0.00    0.00    0.00  100.00
01:55:24 PM   18    0.00    0.00    0.00    0.00    0.00    0.00    0.00    0.00    0.00  100.00
01:55:24 PM   19    0.00    0.00    0.00    0.00    0.00    0.00    0.00    0.00    0.00  100.00
01:55:24 PM   20    0.00    0.00    0.00    0.00    0.00    0.00    0.00    0.00    0.00  100.00
01:55:24 PM   21    0.00    0.00    0.00    0.00    0.00    0.00    0.00    0.00    0.00  100.00
01:55:24 PM   22    0.00    0.00    0.00    0.00    0.00    0.00    0.00    0.00    0.00  100.00
01:55:24 PM   23    0.00    0.00    0.00    0.00    0.00    0.00    0.00    0.00    0.00  100.00
01:55:24 PM   24    0.00    0.00    0.00    0.00    0.00    0.00    0.00    0.00    0.00  100.00
01:55:24 PM   25    0.00    0.00    0.00    0.00    0.00    0.00    0.00    0.00    0.00  100.00
01:55:24 PM   26    0.00    0.00    0.00    0.00    0.00    0.00    0.00    0.00    0.00  100.00
01:55:24 PM   27    0.00    0.00    0.00    0.00    0.00    0.00    0.00    0.00    0.00  100.00
01:55:24 PM   28    0.00    0.00    0.00    0.00    0.00    0.00    0.00    0.00    0.00  100.00
01:55:24 PM   29    0.00    0.00    0.00    0.00    0.00    0.00    0.00    0.00    0.00  100.00
01:55:24 PM   30    0.00    0.00    0.00    0.00    0.00    0.00    0.00    0.00    0.00  100.00
01:55:24 PM   31    0.00    0.00    0.00    0.00    0.00    0.00    0.00    0.00    0.00  100.00

01:55:24 PM  CPU    %usr   %nice    %sys %iowait    %irq   %soft  %steal  %guest  %gnice   %idle
01:55:25 PM  all    0.94    0.00    2.38    7.82    0.00    0.00    0.00    0.00    0.00   88.87
01:55:25 PM    0    1.01    0.00    0.00    5.05    0.00    0.00    0.00    0.00    0.00   93.94
01:55:25 PM    1    0.00    0.00    0.00    0.00    0.00    0.00    0.00    0.00    0.00  100.00
01:55:25 PM    2    0.99    0.00    0.00    0.00    0.00    0.00    0.00    0.00    0.00   99.01
01:55:25 PM    3    0.00    0.00    0.00    0.00    0.00    0.00    0.00    0.00    0.00  100.00
01:55:25 PM    4    1.00    0.00    0.00    0.00    0.00    0.00    0.00    0.00    0.00   99.00
01:55:25 PM    5    0.00    0.00    0.00    0.00    0.00    0.00    0.00    0.00    0.00  100.00
01:55:25 PM    6    0.00    0.00    0.00    0.00    0.00    0.00    0.00    0.00    0.00  100.00
01:55:25 PM    7    0.00    0.00    0.00    0.00    0.00    0.00    0.00    0.00    0.00  100.00
01:55:25 PM    8    0.00    0.00    1.01    0.00    0.00    0.00    0.00    0.00    0.00   98.99
01:55:25 PM    9    8.91    0.00   28.71   59.41    0.00    0.00    0.00    0.00    0.00    2.97
01:55:25 PM   10   12.00    0.00   35.00   38.00    0.00    0.00    0.00    0.00    0.00   15.00
01:55:25 PM   11    0.00    0.00    4.00    8.00    0.00    0.00    0.00    0.00    0.00   88.00
01:55:25 PM   12    0.99    0.00    3.96   36.63    0.00    0.00    0.00    0.00    0.00   58.42
01:55:25 PM   13    0.00    0.00    0.00   15.84    0.00    0.00    0.00    0.00    0.00   84.16
01:55:25 PM   14    0.00    0.00    0.00   28.28    0.00    0.00    0.00    0.00    0.00   71.72
01:55:25 PM   15    0.00    0.00    0.00    0.00    0.00    0.00    0.00    0.00    0.00  100.00
01:55:25 PM   16    0.00    0.00    0.00    0.00    0.00    0.00    0.00    0.00    0.00  100.00
01:55:25 PM   17    0.99    0.00    0.00    0.00    0.00    0.00    0.00    0.00    0.00   99.01
01:55:25 PM   18    0.00    0.00    0.00    0.00    0.00    0.00    0.00    0.00    0.00  100.00
01:55:25 PM   19    0.00    0.00    0.00    0.00    0.00    0.00    0.00    0.00    0.00  100.00
01:55:25 PM   20    0.99    0.00    0.99    0.00    0.00    0.00    0.00    0.00    0.00   98.02
01:55:25 PM   21    2.00    0.00    1.00   28.00    0.00    0.00    0.00    0.00    0.00   69.00
01:55:25 PM   22    1.01    0.00    0.00    0.00    0.00    0.00    0.00    0.00    0.00   98.99
01:55:25 PM   23    0.00    0.00    0.00   30.30    0.00    0.00    0.00    0.00    0.00   69.70
01:55:25 PM   24    0.00    0.00    0.00    0.00    0.00    0.00    0.00    0.00    0.00  100.00
01:55:25 PM   25    0.00    0.00    0.00    0.00    0.00    0.00    0.00    0.00    0.00  100.00
01:55:25 PM   26    0.00    0.00    0.99    0.00    0.00    0.00    0.00    0.00    0.00   99.01
01:55:25 PM   27    0.00    0.00    0.00    0.00    0.00    0.00    0.00    0.00    0.00  100.00
01:55:25 PM   28    0.00    0.00    0.00    0.00    0.00    0.00    0.00    0.00    0.00  100.00
01:55:25 PM   29    0.00    0.00    0.00    0.00    0.00    0.00    0.00    0.00    0.00  100.00
01:55:25 PM   30    0.00    0.00    0.00    0.00    0.00    0.00    0.00    0.00    0.00  100.00
01:55:25 PM   31    0.00    0.00    0.00    0.00    0.00    0.00    0.00    0.00    0.00  100.00

01:55:25 PM  CPU    %usr   %nice    %sys %iowait    %irq   %soft  %steal  %guest  %gnice   %idle
01:55:26 PM  all    0.00    0.00    0.35   11.37    0.00    0.00    0.00    0.00    0.00   88.28
01:55:26 PM    0    0.00    0.00    1.00   15.00    0.00    0.00    0.00    0.00    0.00   84.00
01:55:26 PM    1    0.00    0.00    0.00    0.00    0.00    0.00    0.00    0.00    0.00  100.00
01:55:26 PM    2    0.00    0.00    0.00    0.00    0.00    0.00    0.00    0.00    0.00  100.00
01:55:26 PM    3    0.00    0.00    0.00    0.00    0.00    0.00    0.00    0.00    0.00  100.00
01:55:26 PM    4    0.00    0.00    0.00    0.00    0.00    0.00    0.00    0.00    0.00  100.00
01:55:26 PM    5    0.00    0.00    0.00    0.00    0.00    0.00    0.00    0.00    0.00  100.00
01:55:26 PM    6    0.00    0.00    1.00   36.00    0.00    0.00    0.00    0.00    0.00   63.00
01:55:26 PM    7    0.00    0.00    0.00    0.00    0.00    0.00    0.00    0.00    0.00  100.00
01:55:26 PM    8    0.00    0.00    1.00    0.00    0.00    0.00    0.00    0.00    0.00   99.00
01:55:26 PM    9    0.00    0.00    1.03   98.97    0.00    0.00    0.00    0.00    0.00    0.00
01:55:26 PM   10    0.00    0.00    5.32   28.72    0.00    0.00    0.00    0.00    0.00   65.96
01:55:26 PM   11    0.00    0.00    1.01    8.08    0.00    0.00    0.00    0.00    0.00   90.91
01:55:26 PM   12    0.00    0.00    0.00   19.19    0.00    0.00    0.00    0.00    0.00   80.81
01:55:26 PM   13    0.00    0.00    1.00   80.00    0.00    0.00    0.00    0.00    0.00   19.00
01:55:26 PM   14    0.00    0.00    0.00   19.00    0.00    0.00    0.00    0.00    0.00   81.00
01:55:26 PM   15    0.00    0.00    0.00    9.18    0.00    0.00    0.00    0.00    0.00   90.82
01:55:26 PM   16    0.00    0.00    0.00   35.35    0.00    0.00    0.00    0.00    0.00   64.65
01:55:26 PM   17    0.00    0.00    0.00    8.08    0.00    0.00    0.00    0.00    0.00   91.92
01:55:26 PM   18    0.00    0.00    0.00    0.00    0.00    0.00    0.00    0.00    0.00  100.00
01:55:26 PM   19    0.00    0.00    0.00    0.00    0.00    0.00    0.00    0.00    0.00  100.00
01:55:26 PM   20    0.00    0.00    0.00    0.00    0.00    0.00    0.00    0.00    0.00  100.00
01:55:26 PM   21    0.00    0.00    0.00    0.00    0.00    0.00    0.00    0.00    0.00  100.00
01:55:26 PM   22    0.00    0.00    0.00    0.00    0.00    0.00    0.00    0.00    0.00  100.00
01:55:26 PM   23    0.00    0.00    0.00    0.00    0.00    0.00    0.00    0.00    0.00  100.00
01:55:26 PM   24    0.00    0.00    0.00   10.00    0.00    0.00    0.00    0.00    0.00   90.00
01:55:26 PM   25    0.00    0.00    0.00    0.00    0.00    0.00    0.00    0.00    0.00  100.00
01:55:26 PM   26    0.00    0.00    0.00    0.00    0.00    0.00    0.00    0.00    0.00  100.00
01:55:26 PM   27    0.00    0.00    0.00    0.00    0.00    0.00    0.00    0.00    0.00  100.00
01:55:26 PM   28    0.00    0.00    0.00    0.00    0.00    0.00    0.00    0.00    0.00  100.00
01:55:26 PM   29    0.00    0.00    0.00    0.00    0.00    0.00    0.00    0.00    0.00  100.00
01:55:26 PM   30    0.00    0.00    0.00    0.00    0.00    0.00    0.00    0.00    0.00  100.00
01:55:26 PM   31    0.00    0.00    0.00    0.00    0.00    0.00    0.00    0.00    0.00  100.00

01:55:26 PM  CPU    %usr   %nice    %sys %iowait    %irq   %soft  %steal  %guest  %gnice   %idle
01:55:27 PM  all    0.00    0.00    0.25    9.32    0.00    0.00    0.00    0.00    0.00   90.43
01:55:27 PM    0    0.00    0.00    0.00    0.00    0.00    0.00    0.00    0.00    0.00  100.00
01:55:27 PM    1    0.00    0.00    0.00    0.00    0.00    0.00    0.00    0.00    0.00  100.00
01:55:27 PM    2    0.00    0.00    0.00    0.00    0.00    0.00    0.00    0.00    0.00  100.00
01:55:27 PM    3    0.00    0.00    0.00    0.00    0.00    0.00    0.00    0.00    0.00  100.00
01:55:27 PM    4    0.00    0.00    1.00    0.00    0.00    0.00    0.00    0.00    0.00   99.00
01:55:27 PM    5    0.00    0.00    0.00    0.00    0.00    0.00    0.00    0.00    0.00  100.00
01:55:27 PM    6    0.00    0.00    0.00    0.00    0.00    0.00    0.00    0.00    0.00  100.00
01:55:27 PM    7    0.00    0.00    0.00    0.00    0.00    0.00    0.00    0.00    0.00  100.00
01:55:27 PM    8    0.00    0.00    1.00    0.00    0.00    0.00    0.00    0.00    0.00   99.00
01:55:27 PM    9    0.00    0.00    0.00  100.00    0.00    0.00    0.00    0.00    0.00    0.00
01:55:27 PM   10    0.00    0.00    1.00   63.00    0.00    0.00    0.00    0.00    0.00   36.00
01:55:27 PM   11    0.00    0.00    2.00   27.00    0.00    0.00    0.00    0.00    0.00   71.00
01:55:27 PM   12    0.00    0.00    0.00    0.00    0.00    0.00    0.00    0.00    0.00  100.00
01:55:27 PM   13    0.00    0.00    0.00   53.00    0.00    0.00    0.00    0.00    0.00   47.00
01:55:27 PM   14    0.00    0.00    0.00    0.00    0.00    0.00    0.00    0.00    0.00  100.00
01:55:27 PM   15    0.00    0.00    0.00    0.00    0.00    0.00    0.00    0.00    0.00  100.00
01:55:27 PM   16    0.00    0.00    0.00    0.00    0.00    0.00    0.00    0.00    0.00  100.00
01:55:27 PM   17    0.00    0.00    0.99   21.78    0.00    0.00    0.00    0.00    0.00   77.23
01:55:27 PM   18    0.00    0.00    0.00    0.00    0.00    0.00    0.00    0.00    0.00  100.00
01:55:27 PM   19    0.00    0.00    0.99   35.64    0.00    0.00    0.00    0.00    0.00   63.37
01:55:27 PM   20    0.00    0.00    0.00    0.00    0.00    0.00    0.00    0.00    0.00  100.00
01:55:27 PM   21    0.00    0.00    0.00    0.00    0.00    0.00    0.00    0.00    0.00  100.00
01:55:27 PM   22    0.00    0.00    0.00    0.00    0.00    0.00    0.00    0.00    0.00  100.00
01:55:27 PM   23    0.00    0.00    0.00    0.00    0.00    0.00    0.00    0.00    0.00  100.00
01:55:27 PM   24    0.00    0.00    0.00    0.00    0.00    0.00    0.00    0.00    0.00  100.00
01:55:27 PM   25    0.00    0.00    0.00    0.00    0.00    0.00    0.00    0.00    0.00  100.00
01:55:27 PM   26    0.00    0.00    0.00    0.00    0.00    0.00    0.00    0.00    0.00  100.00
01:55:27 PM   27    0.00    0.00    0.00    0.00    0.00    0.00    0.00    0.00    0.00  100.00
01:55:27 PM   28    0.00    0.00    0.99    0.00    0.00    0.00    0.00    0.00    0.00   99.01
01:55:27 PM   29    0.00    0.00    0.00    0.00    0.00    0.00    0.00    0.00    0.00  100.00
01:55:27 PM   30    0.00    0.00    0.00    0.00    0.00    0.00    0.00    0.00    0.00  100.00
01:55:27 PM   31    0.00    0.00    0.00    0.00    0.00    0.00    0.00    0.00    0.00  100.00

01:55:27 PM  CPU    %usr   %nice    %sys %iowait    %irq   %soft  %steal  %guest  %gnice   %idle
01:55:28 PM  all    0.00    0.00    0.09    9.17    0.00    0.00    0.00    0.00    0.00   90.74
01:55:28 PM    0    0.00    0.00    0.00    0.00    0.00    0.00    0.00    0.00    0.00  100.00
01:55:28 PM    1    0.00    0.00    0.00    0.00    0.00    0.00    0.00    0.00    0.00  100.00
01:55:28 PM    2    0.00    0.00    0.00    0.00    0.00    0.00    0.00    0.00    0.00  100.00
01:55:28 PM    3    0.00    0.00    0.00    0.00    0.00    0.00    0.00    0.00    0.00  100.00
01:55:28 PM    4    0.00    0.00    0.00    0.00    0.00    0.00    0.00    0.00    0.00  100.00
01:55:28 PM    5    0.00    0.00    0.00    0.00    0.00    0.00    0.00    0.00    0.00  100.00
01:55:28 PM    6    0.00    0.00    0.00    0.00    0.00    0.00    0.00    0.00    0.00  100.00
01:55:28 PM    7    0.00    0.00    0.00    0.00    0.00    0.00    0.00    0.00    0.00  100.00
01:55:28 PM    8    0.00    0.00    0.00    0.00    0.00    0.00    0.00    0.00    0.00  100.00
01:55:28 PM    9    0.00    0.00    0.00  100.00    0.00    0.00    0.00    0.00    0.00    0.00
01:55:28 PM   10    0.00    0.00    1.00    0.00    0.00    0.00    0.00    0.00    0.00   99.00
01:55:28 PM   11    0.00    0.00    1.98   66.34    0.00    0.00    0.00    0.00    0.00   31.68
01:55:28 PM   12    0.00    0.00    0.00    0.00    0.00    0.00    0.00    0.00    0.00  100.00
01:55:28 PM   13    0.00    0.00    0.00  100.00    0.00    0.00    0.00    0.00    0.00    0.00
01:55:28 PM   14    0.00    0.00    0.00    0.00    0.00    0.00    0.00    0.00    0.00  100.00
01:55:28 PM   15    0.00    0.00    0.00    0.00    0.00    0.00    0.00    0.00    0.00  100.00
01:55:28 PM   16    0.00    0.00    0.00    0.00    0.00    0.00    0.00    0.00    0.00  100.00
01:55:28 PM   17    0.00    0.00    0.00    0.00    0.00    0.00    0.00    0.00    0.00  100.00
01:55:28 PM   18    0.00    0.00    0.00    0.00    0.00    0.00    0.00    0.00    0.00  100.00
01:55:28 PM   19    0.00    0.00    0.00   28.71    0.00    0.00    0.00    0.00    0.00   71.29
01:55:28 PM   20    0.00    0.00    0.00    0.00    0.00    0.00    0.00    0.00    0.00  100.00
01:55:28 PM   21    0.00    0.00    0.00    0.00    0.00    0.00    0.00    0.00    0.00  100.00
01:55:28 PM   22    0.00    0.00    0.00    0.00    0.00    0.00    0.00    0.00    0.00  100.00
01:55:28 PM   23    0.00    0.00    0.00    0.00    0.00    0.00    0.00    0.00    0.00  100.00
01:55:28 PM   24    0.00    0.00    0.00    0.00    0.00    0.00    0.00    0.00    0.00  100.00
01:55:28 PM   25    0.00    0.00    0.00    0.00    0.00    0.00    0.00    0.00    0.00  100.00
01:55:28 PM   26    0.00    0.00    0.00    0.00    0.00    0.00    0.00    0.00    0.00  100.00
01:55:28 PM   27    0.00    0.00    0.00    0.00    0.00    0.00    0.00    0.00    0.00  100.00
01:55:28 PM   28    0.00    0.00    0.00    0.00    0.00    0.00    0.00    0.00    0.00  100.00
01:55:28 PM   29    0.00    0.00    0.00    0.00    0.00    0.00    0.00    0.00    0.00  100.00
01:55:28 PM   30    0.00    0.00    0.00    0.00    0.00    0.00    0.00    0.00    0.00  100.00
01:55:28 PM   31    0.00    0.00    0.00    0.00    0.00    0.00    0.00    0.00    0.00  100.00

01:55:28 PM  CPU    %usr   %nice    %sys %iowait    %irq   %soft  %steal  %guest  %gnice   %idle
01:55:29 PM  all    0.00    0.03    0.03    9.93    0.00    0.00    0.00    0.00    0.00   90.00
01:55:29 PM    0    0.00    0.00    0.00    0.00    0.00    0.00    0.00    0.00    0.00  100.00
01:55:29 PM    1    0.00    0.00    0.00    0.00    0.00    0.00    0.00    0.00    0.00  100.00
01:55:29 PM    2    0.00    0.00    0.00    0.00    0.00    0.00    0.00    0.00    0.00  100.00
01:55:29 PM    3    0.00    0.00    0.00    0.00    0.00    0.00    0.00    0.00    0.00  100.00
01:55:29 PM    4    0.00    0.00    0.00    0.00    0.00    0.00    0.00    0.00    0.00  100.00
01:55:29 PM    5    0.00    0.00    0.00    0.00    0.00    0.00    0.00    0.00    0.00  100.00
01:55:29 PM    6    0.00    0.00    0.00    0.00    0.00    0.00    0.00    0.00    0.00  100.00
01:55:29 PM    7    0.00    0.00    0.00    0.00    0.00    0.00    0.00    0.00    0.00  100.00
01:55:29 PM    8    0.00    0.00    1.00    0.00    0.00    0.00    0.00    0.00    0.00   99.00
01:55:29 PM    9    0.00    0.00    0.00  100.00    0.00    0.00    0.00    0.00    0.00    0.00
01:55:29 PM   10    0.00    1.00    0.00    0.00    0.00    0.00    0.00    0.00    0.00   99.00
01:55:29 PM   11    0.00    0.00    0.00  100.00    0.00    0.00    0.00    0.00    0.00    0.00
01:55:29 PM   12    0.00    0.00    0.00    3.03    0.00    0.00    0.00    0.00    0.00   96.97
01:55:29 PM   13    0.00    0.00    0.00  100.00    0.00    0.00    0.00    0.00    0.00    0.00
01:55:29 PM   14    0.00    0.00    0.00    0.00    0.00    0.00    0.00    0.00    0.00  100.00
01:55:29 PM   15    0.00    0.00    0.00   18.00    0.00    0.00    0.00    0.00    0.00   82.00
01:55:29 PM   16    0.00    0.00    0.00    0.00    0.00    0.00    0.00    0.00    0.00  100.00
01:55:29 PM   17    0.00    0.00    0.00    0.00    0.00    0.00    0.00    0.00    0.00  100.00
01:55:29 PM   18    0.00    0.00    0.00    0.00    0.00    0.00    0.00    0.00    0.00  100.00
01:55:29 PM   19    0.00    0.00    0.00    0.00    0.00    0.00    0.00    0.00    0.00  100.00
01:55:29 PM   20    0.00    0.00    0.00    0.00    0.00    0.00    0.00    0.00    0.00  100.00
01:55:29 PM   21    0.00    0.00    0.00    0.00    0.00    0.00    0.00    0.00    0.00  100.00
01:55:29 PM   22    0.00    0.00    0.00    0.00    0.00    0.00    0.00    0.00    0.00  100.00
01:55:29 PM   23    0.00    0.00    0.00    0.00    0.00    0.00    0.00    0.00    0.00  100.00
01:55:29 PM   24    0.00    0.00    0.00    0.00    0.00    0.00    0.00    0.00    0.00  100.00
01:55:29 PM   25    0.00    0.00    0.00    0.00    0.00    0.00    0.00    0.00    0.00  100.00
01:55:29 PM   26    0.00    0.00    0.00    0.00    0.00    0.00    0.00    0.00    0.00  100.00
01:55:29 PM   27    0.00    0.00    0.00    0.00    0.00    0.00    0.00    0.00    0.00  100.00
01:55:29 PM   28    0.00    0.00    0.00    0.00    0.00    0.00    0.00    0.00    0.00  100.00
01:55:29 PM   29    0.00    0.00    0.00    0.00    0.00    0.00    0.00    0.00    0.00  100.00
01:55:29 PM   30    0.00    0.00    0.00    0.00    0.00    0.00    0.00    0.00    0.00  100.00
01:55:29 PM   31    0.00    0.00    0.00    0.00    0.00    0.00    0.00    0.00    0.00  100.00

01:55:29 PM  CPU    %usr   %nice    %sys %iowait    %irq   %soft  %steal  %guest  %gnice   %idle
01:55:30 PM  all    0.00    0.00    0.09    9.24    0.00    0.00    0.00    0.00    0.00   90.66
01:55:30 PM    0    0.00    0.00    0.00    0.00    0.00    0.00    0.00    0.00    0.00  100.00
01:55:30 PM    1    0.00    0.00    0.00    0.00    0.00    0.00    0.00    0.00    0.00  100.00
01:55:30 PM    2    0.00    0.00    0.00    0.00    0.00    0.00    0.00    0.00    0.00  100.00
01:55:30 PM    3    0.00    0.00    0.00    0.00    0.00    0.00    0.00    0.00    0.00  100.00
01:55:30 PM    4    0.00    0.00    0.00    0.00    0.00    0.00    0.00    0.00    0.00  100.00
01:55:30 PM    5    0.00    0.00    0.00    0.00    0.00    0.00    0.00    0.00    0.00  100.00
01:55:30 PM    6    0.00    0.00    0.00    0.00    0.00    0.00    0.00    0.00    0.00  100.00
01:55:30 PM    7    0.00    0.00    0.00    0.00    0.00    0.00    0.00    0.00    0.00  100.00
01:55:30 PM    8    0.00    0.00    0.00    0.00    0.00    0.00    0.00    0.00    0.00  100.00
01:55:30 PM    9    0.00    0.00    0.00  100.00    0.00    0.00    0.00    0.00    0.00    0.00
01:55:30 PM   10    0.00    0.00    1.00    0.00    0.00    0.00    0.00    0.00    0.00   99.00
01:55:30 PM   11    0.00    0.00    2.00   89.00    0.00    0.00    0.00    0.00    0.00    9.00
01:55:30 PM   12    0.00    0.00    0.00    0.00    0.00    0.00    0.00    0.00    0.00  100.00
01:55:30 PM   13    0.00    0.00    0.00  100.00    0.00    0.00    0.00    0.00    0.00    0.00
01:55:30 PM   14    0.00    0.00    0.00    9.09    0.00    0.00    0.00    0.00    0.00   90.91
01:55:30 PM   15    0.00    0.00    0.00    0.00    0.00    0.00    0.00    0.00    0.00  100.00
01:55:30 PM   16    0.00    0.00    0.00    0.00    0.00    0.00    0.00    0.00    0.00  100.00
01:55:30 PM   17    0.00    0.00    0.00    0.00    0.00    0.00    0.00    0.00    0.00  100.00
01:55:30 PM   18    0.00    0.00    0.00    0.00    0.00    0.00    0.00    0.00    0.00  100.00
01:55:30 PM   19    0.00    0.00    0.00    0.00    0.00    0.00    0.00    0.00    0.00  100.00
01:55:30 PM   20    0.00    0.00    0.00    0.00    0.00    0.00    0.00    0.00    0.00  100.00
01:55:30 PM   21    0.00    0.00    0.00    0.00    0.00    0.00    0.00    0.00    0.00  100.00
01:55:30 PM   22    0.00    0.00    0.00    0.00    0.00    0.00    0.00    0.00    0.00  100.00
01:55:30 PM   23    0.00    0.00    0.00    0.00    0.00    0.00    0.00    0.00    0.00  100.00
01:55:30 PM   24    0.00    0.00    0.00    0.00    0.00    0.00    0.00    0.00    0.00  100.00
01:55:30 PM   25    0.00    0.00    0.00    0.00    0.00    0.00    0.00    0.00    0.00  100.00
01:55:30 PM   26    0.00    0.00    0.00    0.00    0.00    0.00    0.00    0.00    0.00  100.00
01:55:30 PM   27    0.00    0.00    0.00    0.00    0.00    0.00    0.00    0.00    0.00  100.00
01:55:30 PM   28    0.00    0.00    0.00    0.00    0.00    0.00    0.00    0.00    0.00  100.00
01:55:30 PM   29    0.00    0.00    0.00    0.00    0.00    0.00    0.00    0.00    0.00  100.00
01:55:30 PM   30    0.00    0.00    0.00    0.00    0.00    0.00    0.00    0.00    0.00  100.00
01:55:30 PM   31    0.00    0.00    0.00    0.00    0.00    0.00    0.00    0.00    0.00  100.00

01:55:30 PM  CPU    %usr   %nice    %sys %iowait    %irq   %soft  %steal  %guest  %gnice   %idle
01:55:31 PM  all    0.06    0.00    0.16   12.21    0.00    0.00    0.00    0.00    0.00   87.57
01:55:31 PM    0    0.00    0.00    0.00    0.00    0.00    0.00    0.00    0.00    0.00  100.00
01:55:31 PM    1    0.00    0.00    0.00    0.00    0.00    0.00    0.00    0.00    0.00  100.00
01:55:31 PM    2    0.00    0.00    1.00    0.00    0.00    0.00    0.00    0.00    0.00   99.00
01:55:31 PM    3    0.00    0.00    0.00    0.00    0.00    0.00    0.00    0.00    0.00  100.00
01:55:31 PM    4    0.00    0.00    0.00    0.00    0.00    0.00    0.00    0.00    0.00  100.00
01:55:31 PM    5    0.00    0.00    0.00    0.00    0.00    0.00    0.00    0.00    0.00  100.00
01:55:31 PM    6    0.00    0.00    0.00   31.00    0.00    0.00    0.00    0.00    0.00   69.00
01:55:31 PM    7    0.00    0.00    0.00    0.00    0.00    0.00    0.00    0.00    0.00  100.00
01:55:31 PM    8    0.00    0.00    0.00    0.00    0.00    0.00    0.00    0.00    0.00  100.00
01:55:31 PM    9    0.00    0.00    0.00  100.00    0.00    0.00    0.00    0.00    0.00    0.00
01:55:31 PM   10    0.00    0.00    1.00   26.00    0.00    0.00    0.00    0.00    0.00   73.00
01:55:31 PM   11    0.00    0.00    2.00   23.00    0.00    0.00    0.00    0.00    0.00   75.00
01:55:31 PM   12    1.00    0.00    0.00    0.00    0.00    0.00    0.00    0.00    0.00   99.00
01:55:31 PM   13    0.98    0.00    0.98   63.73    0.00    0.00    0.00    0.00    0.00   34.31
01:55:31 PM   14    0.00    0.00    0.00   98.99    0.00    0.00    0.00    0.00    0.00    1.01
01:55:31 PM   15    0.00    0.00    0.00    2.00    0.00    0.00    0.00    0.00    0.00   98.00
01:55:31 PM   16    0.00    0.00    0.00   35.00    0.00    0.00    0.00    0.00    0.00   65.00
01:55:31 PM   17    0.00    0.00    0.00    0.00    0.00    0.00    0.00    0.00    0.00  100.00
01:55:31 PM   18    0.00    0.00    0.00    0.00    0.00    0.00    0.00    0.00    0.00  100.00
01:55:31 PM   19    0.00    0.00    0.00    0.00    0.00    0.00    0.00    0.00    0.00  100.00
01:55:31 PM   20    0.00    0.00    0.00    0.00    0.00    0.00    0.00    0.00    0.00  100.00
01:55:31 PM   21    0.00    0.00    0.00    0.00    0.00    0.00    0.00    0.00    0.00  100.00
01:55:31 PM   22    0.00    0.00    0.00    0.00    0.00    0.00    0.00    0.00    0.00  100.00
01:55:31 PM   23    0.00    0.00    0.00    6.00    0.00    0.00    0.00    0.00    0.00   94.00
01:55:31 PM   24    0.00    0.00    0.00    0.00    0.00    0.00    0.00    0.00    0.00  100.00
01:55:31 PM   25    0.00    0.00    0.00    0.00    0.00    0.00    0.00    0.00    0.00  100.00
01:55:31 PM   26    0.00    0.00    0.00    5.05    0.00    0.00    0.00    0.00    0.00   94.95
01:55:31 PM   27    0.00    0.00    0.00    0.00    0.00    0.00    0.00    0.00    0.00  100.00
01:55:31 PM   28    0.00    0.00    0.00    0.00    0.00    0.00    0.00    0.00    0.00  100.00
01:55:31 PM   29    0.00    0.00    0.00    0.00    0.00    0.00    0.00    0.00    0.00  100.00
01:55:31 PM   30    0.00    0.00    0.00    0.00    0.00    0.00    0.00    0.00    0.00  100.00
01:55:31 PM   31    0.00    0.00    0.00    0.00    0.00    0.00    0.00    0.00    0.00  100.00

01:55:31 PM  CPU    %usr   %nice    %sys %iowait    %irq   %soft  %steal  %guest  %gnice   %idle
01:55:32 PM  all    0.09    0.03    0.06   10.21    0.00    0.00    0.00    0.00    0.00   89.60
01:55:32 PM    0    0.00    0.00    0.00    0.00    0.00    0.00    0.00    0.00    0.00  100.00
01:55:32 PM    1    0.00    0.00    0.00    0.00    0.00    0.00    0.00    0.00    0.00  100.00
01:55:32 PM    2    0.00    0.00    0.00    0.00    0.00    0.00    0.00    0.00    0.00  100.00
01:55:32 PM    3    0.00    0.00    0.00    0.00    0.00    0.00    0.00    0.00    0.00  100.00
01:55:32 PM    4    0.00    0.00    0.00    0.00    0.00    0.00    0.00    0.00    0.00  100.00
01:55:32 PM    5    0.00    0.00    0.00    0.00    0.00    0.00    0.00    0.00    0.00  100.00
01:55:32 PM    6    0.99    0.00    0.00   38.61    0.00    0.00    0.00    0.00    0.00   60.40
01:55:32 PM    7    0.00    0.00    0.00    0.00    0.00    0.00    0.00    0.00    0.00  100.00
01:55:32 PM    8    0.99    0.00    0.99    8.91    0.00    0.00    0.00    0.00    0.00   89.11
01:55:32 PM    9    0.00    0.00    0.00  100.00    0.00    0.00    0.00    0.00    0.00    0.00
01:55:32 PM   10    0.00    1.01    0.00    6.06    0.00    0.00    0.00    0.00    0.00   92.93
01:55:32 PM   11    0.00    0.00    0.00    0.00    0.00    0.00    0.00    0.00    0.00  100.00
01:55:32 PM   12    0.00    0.00    0.00    5.00    0.00    0.00    0.00    0.00    0.00   95.00
01:55:32 PM   13    0.00    0.00    0.00    7.00    0.00    0.00    0.00    0.00    0.00   93.00
01:55:32 PM   14    0.00    0.00    0.00    0.00    0.00    0.00    0.00    0.00    0.00  100.00
01:55:32 PM   15    0.00    0.00    0.00  100.00    0.00    0.00    0.00    0.00    0.00    0.00
01:55:32 PM   16    0.00    0.00    1.00   43.00    0.00    0.00    0.00    0.00    0.00   56.00
01:55:32 PM   17    0.00    0.00    0.00    0.00    0.00    0.00    0.00    0.00    0.00  100.00
01:55:32 PM   18    0.00    0.00    0.00    0.00    0.00    0.00    0.00    0.00    0.00  100.00
01:55:32 PM   19    0.00    0.00    0.00    0.00    0.00    0.00    0.00    0.00    0.00  100.00
01:55:32 PM   20    0.00    0.00    0.00    5.05    0.00    0.00    0.00    0.00    0.00   94.95
01:55:32 PM   21    0.00    0.00    0.00    0.00    0.00    0.00    0.00    0.00    0.00  100.00
01:55:32 PM   22    0.00    0.00    0.00    0.00    0.00    0.00    0.00    0.00    0.00  100.00
01:55:32 PM   23    1.00    0.00    0.00    0.00    0.00    0.00    0.00    0.00    0.00   99.00
01:55:32 PM   24    0.00    0.00    0.00    0.00    0.00    0.00    0.00    0.00    0.00  100.00
01:55:32 PM   25    0.00    0.00    0.00    0.00    0.00    0.00    0.00    0.00    0.00  100.00
01:55:32 PM   26    0.00    0.00    0.00    0.00    0.00    0.00    0.00    0.00    0.00  100.00
01:55:32 PM   27    0.00    0.00    0.00   15.15    0.00    0.00    0.00    0.00    0.00   84.85
01:55:32 PM   28    0.00    0.00    0.00    0.00    0.00    0.00    0.00    0.00    0.00  100.00
01:55:32 PM   29    0.00    0.00    0.00    0.00    0.00    0.00    0.00    0.00    0.00  100.00
01:55:32 PM   30    0.00    0.00    0.00    0.00    0.00    0.00    0.00    0.00    0.00  100.00
01:55:32 PM   31    0.00    0.00    0.00    0.00    0.00    0.00    0.00    0.00    0.00  100.00

01:55:32 PM  CPU    %usr   %nice    %sys %iowait    %irq   %soft  %steal  %guest  %gnice   %idle
01:55:33 PM  all    0.09    0.00    0.66    8.96    0.00    0.00    0.00    0.00    0.00   90.29
01:55:33 PM    0    0.00    0.00    2.02   18.18    0.00    0.00    0.00    0.00    0.00   79.80
01:55:33 PM    1    0.00    0.00    0.00    0.00    0.00    0.00    0.00    0.00    0.00  100.00
01:55:33 PM    2    0.00    0.00    0.00    0.00    0.00    0.00    0.00    0.00    0.00  100.00
01:55:33 PM    3    0.00    0.00    0.00    0.00    0.00    0.00    0.00    0.00    0.00  100.00
01:55:33 PM    4    0.00    0.00    1.00    0.00    0.00    0.00    0.00    0.00    0.00   99.00
01:55:33 PM    5    0.00    0.00    0.00    0.00    0.00    0.00    0.00    0.00    0.00  100.00
01:55:33 PM    6    0.00    0.00    1.00    0.00    0.00    0.00    0.00    0.00    0.00   99.00
01:55:33 PM    7    0.00    0.00    0.00    0.00    0.00    0.00    0.00    0.00    0.00  100.00
01:55:33 PM    8    0.00    0.00    2.00   20.00    0.00    0.00    0.00    0.00    0.00   78.00
01:55:33 PM    9    0.00    0.00    4.08   95.92    0.00    0.00    0.00    0.00    0.00    0.00
01:55:33 PM   10    0.99    0.00    0.99   18.81    0.00    0.00    0.00    0.00    0.00   79.21
01:55:33 PM   11    0.00    0.00    2.04   61.22    0.00    0.00    0.00    0.00    0.00   36.73
01:55:33 PM   12    0.00    0.00    1.00    5.00    0.00    0.00    0.00    0.00    0.00   94.00
01:55:33 PM   13    0.00    0.00    0.00    5.00    0.00    0.00    0.00    0.00    0.00   95.00
01:55:33 PM   14    0.00    0.00    0.00    0.00    0.00    0.00    0.00    0.00    0.00  100.00
01:55:33 PM   15    0.00    0.00    2.00   37.00    0.00    0.00    0.00    0.00    0.00   61.00
01:55:33 PM   16    0.99    0.00    0.00   16.83    0.00    0.00    0.00    0.00    0.00   82.18
01:55:33 PM   17    0.00    0.00    1.00    2.00    0.00    0.00    0.00    0.00    0.00   97.00
01:55:33 PM   18    0.00    0.00    1.00    0.00    0.00    0.00    0.00    0.00    0.00   99.00
01:55:33 PM   19    0.00    0.00    0.00    0.00    0.00    0.00    0.00    0.00    0.00  100.00
01:55:33 PM   20    0.00    0.00    0.00    3.00    0.00    0.00    0.00    0.00    0.00   97.00
01:55:33 PM   21    0.00    0.00    0.00    0.00    0.00    0.00    0.00    0.00    0.00  100.00
01:55:33 PM   22    0.00    0.00    0.00    1.00    0.00    0.00    0.00    0.00    0.00   99.00
01:55:33 PM   23    0.00    0.00    0.00    0.00    0.00    0.00    0.00    0.00    0.00  100.00
01:55:33 PM   24    1.00    0.00    1.00    0.00    0.00    0.00    0.00    0.00    0.00   98.00
01:55:33 PM   25    0.00    0.00    1.00    1.00    0.00    0.00    0.00    0.00    0.00   98.00
01:55:33 PM   26    0.00    0.00    0.00    0.00    0.00    0.00    0.00    0.00    0.00  100.00
01:55:33 PM   27    0.00    0.00    0.00    0.00    0.00    0.00    0.00    0.00    0.00  100.00
01:55:33 PM   28    0.00    0.00    0.00    1.00    0.00    0.00    0.00    0.00    0.00   99.00
01:55:33 PM   29    0.00    0.00    0.99    0.99    0.00    0.00    0.00    0.00    0.00   98.02
01:55:33 PM   30    0.00    0.00    0.00    1.00    0.00    0.00    0.00    0.00    0.00   99.00
01:55:33 PM   31    0.00    0.00    0.00    1.00    0.00    0.00    0.00    0.00    0.00   99.00

01:55:33 PM  CPU    %usr   %nice    %sys %iowait    %irq   %soft  %steal  %guest  %gnice   %idle
01:55:34 PM  all    0.09    0.00    2.47   17.73    0.00    0.00    0.00    0.00    0.00   79.70
01:55:34 PM    0    0.00    0.00    7.00    0.00    0.00    0.00    0.00    0.00    0.00   93.00
01:55:34 PM    1    0.00    0.00    0.00    0.00    0.00    0.00    0.00    0.00    0.00  100.00
01:55:34 PM    2    0.00    0.00    7.00   11.00    0.00    0.00    0.00    0.00    0.00   82.00
01:55:34 PM    3    0.00    0.00    0.00    0.00    0.00    0.00    0.00    0.00    0.00  100.00
01:55:34 PM    4    0.00    0.00    7.00    0.00    0.00    0.00    0.00    0.00    0.00   93.00
01:55:34 PM    5    0.00    0.00    5.00    0.00    0.00    0.00    0.00    0.00    0.00   95.00
01:55:34 PM    6    0.00    0.00    0.00   10.20    0.00    0.00    0.00    0.00    0.00   89.80
01:55:34 PM    7    0.00    0.00    6.00    0.00    0.00    0.00    0.00    0.00    0.00   94.00
01:55:34 PM    8    0.00    0.00    0.00   19.39    0.00    0.00    0.00    0.00    0.00   80.61
01:55:34 PM    9    0.00    0.00    0.00   52.53    0.00    0.00    0.00    0.00    0.00   47.47
01:55:34 PM   10    0.00    0.00   13.00   75.00    0.00    0.00    0.00    0.00    0.00   12.00
01:55:34 PM   11    0.99    0.00    5.94   83.17    0.00    0.00    0.00    0.00    0.00    9.90
01:55:34 PM   12    0.00    0.00    7.07   21.21    0.00    0.00    0.00    0.00    0.00   71.72
01:55:34 PM   13    0.00    0.00    4.04   24.24    0.00    0.00    0.00    0.00    0.00   71.72
01:55:34 PM   14    0.00    0.00    0.98   21.57    0.00    0.00    0.00    0.00    0.00   77.45
01:55:34 PM   15    0.00    0.00    0.00   14.14    0.00    0.00    0.00    0.00    0.00   85.86
01:55:34 PM   16    0.00    0.00    1.00   21.00    0.00    0.00    0.00    0.00    0.00   78.00
01:55:34 PM   17    0.00    0.00    1.00   42.00    0.00    0.00    0.00    0.00    0.00   57.00
01:55:34 PM   18    0.00    0.00    0.00   15.15    0.00    0.00    0.00    0.00    0.00   84.85
01:55:34 PM   19    0.00    0.00    0.00   26.00    0.00    0.00    0.00    0.00    0.00   74.00
01:55:34 PM   20    0.99    0.00    0.00   15.84    0.00    0.00    0.00    0.00    0.00   83.17
01:55:34 PM   21    0.00    0.00    0.99   10.89    0.00    0.00    0.00    0.00    0.00   88.12
01:55:34 PM   22    0.00    0.00    1.00   10.00    0.00    0.00    0.00    0.00    0.00   89.00
01:55:34 PM   23    0.00    0.00    1.00   15.00    0.00    0.00    0.00    0.00    0.00   84.00
01:55:34 PM   24    0.00    0.00    0.00    0.00    0.00    0.00    0.00    0.00    0.00  100.00
01:55:34 PM   25    1.00    0.00    0.00   10.00    0.00    0.00    0.00    0.00    0.00   89.00
01:55:34 PM   26    0.00    0.00    3.00   28.00    0.00    0.00    0.00    0.00    0.00   69.00
01:55:34 PM   27    0.00    0.00    1.00   15.00    0.00    0.00    0.00    0.00    0.00   84.00
01:55:34 PM   28    0.00    0.00    0.00   15.15    0.00    0.00    0.00    0.00    0.00   84.85
01:55:34 PM   29    0.00    0.00    0.00    0.00    0.00    0.00    0.00    0.00    0.00  100.00
01:55:34 PM   30    0.00    0.00    6.00    0.00    0.00    0.00    0.00    0.00    0.00   94.00
01:55:34 PM   31    0.00    0.00    1.01   10.10    0.00    0.00    0.00    0.00    0.00   88.89

01:55:34 PM  CPU    %usr   %nice    %sys %iowait    %irq   %soft  %steal  %guest  %gnice   %idle
01:55:35 PM  all    4.02    0.00    4.08    5.49    0.00    0.00    0.00    0.00    0.00   86.41
01:55:35 PM    0    2.04    0.00    1.02    5.10    0.00    0.00    0.00    0.00    0.00   91.84
01:55:35 PM    1    0.00    0.00    1.00    2.00    0.00    0.00    0.00    0.00    0.00   97.00
01:55:35 PM    2    4.00    0.00    4.00    1.00    0.00    0.00    0.00    0.00    0.00   91.00
01:55:35 PM    3    2.00    0.00    1.00    3.00    0.00    0.00    0.00    0.00    0.00   94.00
01:55:35 PM    4    4.00    0.00    9.00    5.00    0.00    0.00    0.00    0.00    0.00   82.00
01:55:35 PM    5    0.00    0.00    1.00    0.00    0.00    0.00    0.00    0.00    0.00   99.00
01:55:35 PM    6    1.00    0.00    7.00    2.00    0.00    0.00    0.00    0.00    0.00   90.00
01:55:35 PM    7    4.00    0.00    1.00    8.00    0.00    0.00    0.00    0.00    0.00   87.00
01:55:35 PM    8    5.00    0.00   12.00    4.00    0.00    0.00    0.00    0.00    0.00   79.00
01:55:35 PM    9   23.76    0.00    7.92   16.83    0.00    0.00    0.00    0.00    0.00   51.49
01:55:35 PM   10    5.05    0.00    4.04    8.08    0.00    0.00    0.00    0.00    0.00   82.83
01:55:35 PM   11   24.49    0.00    3.06   27.55    0.00    0.00    0.00    0.00    0.00   44.90
01:55:35 PM   12    3.03    0.00   12.12   27.27    0.00    0.00    0.00    0.00    0.00   57.58
01:55:35 PM   13    1.01    0.00    2.02    8.08    0.00    0.00    0.00    0.00    0.00   88.89
01:55:35 PM   14    4.04    0.00    9.09    4.04    0.00    0.00    0.00    0.00    0.00   82.83
01:55:35 PM   15    0.00    0.00    0.00    1.01    0.00    0.00    0.00    0.00    0.00   98.99
01:55:35 PM   16    3.00    0.00    3.00    1.00    0.00    0.00    0.00    0.00    0.00   93.00
01:55:35 PM   17    2.04    0.00    2.04    1.02    0.00    0.00    0.00    0.00    0.00   94.90
01:55:35 PM   18    1.98    0.00    2.97    1.98    0.00    0.00    0.00    0.00    0.00   93.07
01:55:35 PM   19    2.02    0.00    2.02    4.04    0.00    0.00    0.00    0.00    0.00   91.92
01:55:35 PM   20    3.03    0.00    4.04    6.06    0.00    0.00    0.00    0.00    0.00   86.87
01:55:35 PM   21    4.00    0.00    5.00    6.00    0.00    0.00    0.00    0.00    0.00   85.00
01:55:35 PM   22    3.00    0.00    4.00    3.00    0.00    0.00    0.00    0.00    0.00   90.00
01:55:35 PM   23    4.00    0.00    5.00    1.00    0.00    0.00    0.00    0.00    0.00   90.00
01:55:35 PM   24    3.03    0.00    2.02    4.04    0.00    0.00    0.00    0.00    0.00   90.91
01:55:35 PM   25    1.98    0.00    1.98    5.94    0.00    0.00    0.00    0.00    0.00   90.10
01:55:35 PM   26    2.02    0.00    3.03    0.00    0.00    0.00    0.00    0.00    0.00   94.95
01:55:35 PM   27    1.98    0.00    2.97    2.97    0.00    0.00    0.00    0.00    0.00   92.08
01:55:35 PM   28    2.02    0.00    5.05    5.05    0.00    0.00    0.00    0.00    0.00   87.88
01:55:35 PM   29    6.00    0.00    3.00    1.00    0.00    0.00    0.00    0.00    0.00   90.00
01:55:35 PM   30    3.03    0.00    7.07    5.05    0.00    0.00    0.00    0.00    0.00   84.85
01:55:35 PM   31    2.02    0.00    2.02    5.05    0.00    0.00    0.00    0.00    0.00   90.91

01:55:35 PM  CPU    %usr   %nice    %sys %iowait    %irq   %soft  %steal  %guest  %gnice   %idle
01:55:36 PM  all   11.77    0.19    2.35    7.06    0.00    0.03    0.00    0.00    0.00   78.59
01:55:36 PM    0   17.17    0.00    3.03   11.11    0.00    0.00    0.00    0.00    0.00   68.69
01:55:36 PM    1   39.39    0.00    2.02    2.02    0.00    0.00    0.00    0.00    0.00   56.57
01:55:36 PM    2    8.16    0.00    2.04    5.10    0.00    0.00    0.00    0.00    0.00   84.69
01:55:36 PM    3   21.21    1.01    1.01    9.09    0.00    0.00    0.00    0.00    0.00   67.68
01:55:36 PM    4    9.09    0.00    2.02    5.05    0.00    0.00    0.00    0.00    0.00   83.84
01:55:36 PM    5    2.02    2.02    0.00    8.08    0.00    0.00    0.00    0.00    0.00   87.88
01:55:36 PM    6   12.12    0.00    3.03    3.03    0.00    0.00    0.00    0.00    0.00   81.82
01:55:36 PM    7    0.00    0.00    0.00    7.07    0.00    0.00    0.00    0.00    0.00   92.93
01:55:36 PM    8   40.00    0.00    3.00    2.00    0.00    0.00    0.00    0.00    0.00   55.00
01:55:36 PM    9   25.25    0.00    3.03   14.14    0.00    0.00    0.00    0.00    0.00   57.58
01:55:36 PM   10   30.00    0.00    1.00    3.00    0.00    0.00    0.00    0.00    0.00   66.00
01:55:36 PM   11   28.28    0.00    5.05   11.11    0.00    0.00    0.00    0.00    0.00   55.56
01:55:36 PM   12   25.49    0.00    2.94    4.90    0.00    0.00    0.00    0.00    0.00   66.67
01:55:36 PM   13    8.08    0.00    1.01   17.17    0.00    0.00    0.00    0.00    0.00   73.74
01:55:36 PM   14    7.14    0.00    4.08   15.31    0.00    0.00    0.00    0.00    0.00   73.47
01:55:36 PM   15    7.00    0.00    4.00   22.00    0.00    0.00    0.00    0.00    0.00   67.00
01:55:36 PM   16    4.04    1.01    2.02    2.02    0.00    0.00    0.00    0.00    0.00   90.91
01:55:36 PM   17    7.07    0.00    3.03   11.11    0.00    0.00    0.00    0.00    0.00   78.79
01:55:36 PM   18    4.08    0.00    1.02    9.18    0.00    0.00    0.00    0.00    0.00   85.71
01:55:36 PM   19    3.00    0.00    2.00   14.00    0.00    0.00    0.00    0.00    0.00   81.00
01:55:36 PM   20    5.00    1.00    3.00    4.00    0.00    0.00    0.00    0.00    0.00   87.00
01:55:36 PM   21    4.04    0.00    3.03    3.03    0.00    0.00    0.00    0.00    0.00   89.90
01:55:36 PM   22    4.95    0.00    1.98    3.96    0.00    0.00    0.00    0.00    0.00   89.11
01:55:36 PM   23    8.00    0.00    1.00    2.00    0.00    1.00    0.00    0.00    0.00   88.00
01:55:36 PM   24    4.00    0.00    3.00    4.00    0.00    0.00    0.00    0.00    0.00   89.00
01:55:36 PM   25   10.10    0.00    4.04    8.08    0.00    0.00    0.00    0.00    0.00   77.78
01:55:36 PM   26   10.78    0.00    2.94    1.96    0.00    0.00    0.00    0.00    0.00   84.31
01:55:36 PM   27    8.08    0.00    1.01    2.02    0.00    0.00    0.00    0.00    0.00   88.89
01:55:36 PM   28    1.98    0.00    1.98    2.97    0.00    0.00    0.00    0.00    0.00   93.07
01:55:36 PM   29    3.06    0.00    3.06    5.10    0.00    0.00    0.00    0.00    0.00   88.78
01:55:36 PM   30   12.00    0.00    2.00    9.00    0.00    0.00    0.00    0.00    0.00   77.00
01:55:36 PM   31    5.88    0.98    2.94    3.92    0.00    0.00    0.00    0.00    0.00   86.27

01:55:36 PM  CPU    %usr   %nice    %sys %iowait    %irq   %soft  %steal  %guest  %gnice   %idle
01:55:37 PM  all    8.83    0.03    1.92    4.68    0.00    0.00    0.00    0.00    0.00   84.55
01:55:37 PM    0   14.43    0.00    2.06    1.03    0.00    0.00    0.00    0.00    0.00   82.47
01:55:37 PM    1    2.06    0.00    3.09   23.71    0.00    0.00    0.00    0.00    0.00   71.13
01:55:37 PM    2   21.78    0.00    2.97   17.82    0.00    0.00    0.00    0.00    0.00   57.43
01:55:37 PM    3    5.00    0.00    1.00   22.00    0.00    0.00    0.00    0.00    0.00   72.00
01:55:37 PM    4    7.07    0.00    2.02    0.00    0.00    0.00    0.00    0.00    0.00   90.91
01:55:37 PM    5    0.99    0.00    0.99    0.00    0.00    0.00    0.00    0.00    0.00   98.02
01:55:37 PM    6    6.00    0.00    3.00   10.00    0.00    0.00    0.00    0.00    0.00   81.00
01:55:37 PM    7   18.81    0.00    1.98    1.98    0.00    0.00    0.00    0.00    0.00   77.23
01:55:37 PM    8   76.00    0.00    3.00    9.00    0.00    0.00    0.00    0.00    0.00   12.00
01:55:37 PM    9    8.91    0.00    0.00    2.97    0.00    0.00    0.00    0.00    0.00   88.12
01:55:37 PM   10   21.21    0.00    2.02    1.01    0.00    0.00    0.00    0.00    0.00   75.76
01:55:37 PM   11   27.72    0.00    4.95    6.93    0.00    0.00    0.00    0.00    0.00   60.40
01:55:37 PM   12    8.16    0.00    0.00    1.02    0.00    0.00    0.00    0.00    0.00   90.82
01:55:37 PM   13    0.00    0.00    0.00    2.00    0.00    0.00    0.00    0.00    0.00   98.00
01:55:37 PM   14   17.82    0.00    1.98    2.97    0.00    0.00    0.00    0.00    0.00   77.23
01:55:37 PM   15   12.00    1.00    0.00    2.00    0.00    0.00    0.00    0.00    0.00   85.00
01:55:37 PM   16    2.02    0.00    3.03    1.01    0.00    0.00    0.00    0.00    0.00   93.94
01:55:37 PM   17    3.00    0.00    2.00    1.00    0.00    0.00    0.00    0.00    0.00   94.00
01:55:37 PM   18    2.02    0.00    3.03    9.09    0.00    0.00    0.00    0.00    0.00   85.86
01:55:37 PM   19    3.03    0.00    2.02    2.02    0.00    0.00    0.00    0.00    0.00   92.93
01:55:37 PM   20    3.03    0.00    2.02    2.02    0.00    0.00    0.00    0.00    0.00   92.93
01:55:37 PM   21    2.02    0.00    3.03    1.01    0.00    0.00    0.00    0.00    0.00   93.94
01:55:37 PM   22    2.02    0.00    1.01    6.06    0.00    0.00    0.00    0.00    0.00   90.91
01:55:37 PM   23    1.01    0.00    2.02    1.01    0.00    0.00    0.00    0.00    0.00   95.96
01:55:37 PM   24    1.98    0.00    1.98    0.00    0.00    0.00    0.00    0.00    0.00   96.04
01:55:37 PM   25    1.01    0.00    1.01    1.01    0.00    0.00    0.00    0.00    0.00   96.97
01:55:37 PM   26    2.02    0.00    3.03   12.12    0.00    0.00    0.00    0.00    0.00   82.83
01:55:37 PM   27    1.01    0.00    1.01    0.00    0.00    0.00    0.00    0.00    0.00   97.98
01:55:37 PM   28    3.06    0.00    1.02    2.04    0.00    0.00    0.00    0.00    0.00   93.88
01:55:37 PM   29    2.97    0.00    2.97    1.98    0.00    0.00    0.00    0.00    0.00   92.08
01:55:37 PM   30    1.01    0.00    2.02    3.03    0.00    0.00    0.00    0.00    0.00   93.94
01:55:37 PM   31    2.02    0.00    1.01    2.02    0.00    0.00    0.00    0.00    0.00   94.95
