Linux 7.0.0-31-generic (HELIOS) 	09/13/2026 	_x86_64_	(32 CPU)

# Time        UID       PID    %usr %system  %guest   %wait    %CPU   CPU  minflt/s  majflt/s     VSZ     RSS   %MEM   kB_rd/s   kB_wr/s kB_ccwr/s iodelay  Command
01:51:00 PM     0     24154    0.00    0.99    0.00    0.00    0.99     6      0.00      0.00       0       0   0.00     -1.00     -1.00     -1.00       0  kworker/6:0-events
01:51:00 PM   120    179843    0.00    0.00    0.00    0.00    0.00     2      0.99      0.00 4031472  249936   0.77     -1.00     -1.00     -1.00       0  gnome-shell
01:51:00 PM  1000    180331    0.00    2.97    0.00    0.00    2.97     8     39.60      0.99  336828   21156   0.06      7.92      3.96      0.00       0  nvidia-smi
01:51:00 PM  1000    180332    0.00    0.00    0.00    0.00    0.00    30      0.99      0.00    8916    2200   0.01      0.00      0.00      0.00       0  mpstat
01:51:00 PM  1000    180333    0.00    0.99    0.00    0.00    0.99     8      7.92      0.00   13228    6556   0.02      0.00      0.00      0.00       0  pidstat
01:51:00 PM  1000    180336   14.85   10.89    0.00    0.00   25.74    11  43775.25   5504.95 4224676  347012   1.07 233188.12      0.00      0.00       0  python

# Time        UID       PID    %usr %system  %guest   %wait    %CPU   CPU  minflt/s  majflt/s     VSZ     RSS   %MEM   kB_rd/s   kB_wr/s kB_ccwr/s iodelay  Command
01:51:01 PM   990       942    0.00    1.00    0.00    0.00    1.00     2      0.00      0.00   17752    4496   0.01     -1.00     -1.00     -1.00       0  systemd-oomd
01:51:01 PM  1000    125786    1.00    1.00    0.00    0.00    2.00    10      0.00      0.00   17752   10528   0.03      0.00      0.00      0.00       0  htop
01:51:01 PM  1000    180331    0.00    1.00    0.00    0.00    1.00     8      0.00      0.00  336828   21156   0.06      0.00      0.00      0.00       0  nvidia-smi
01:51:01 PM  1000    180332    0.00    0.00    0.00    0.00    0.00     6      0.00      0.00    8916    2200   0.01      0.00      4.00      0.00       0  mpstat
01:51:01 PM  1000    180336   47.00   19.00    0.00    0.00   66.00     9  26802.00    317.00 17124788  475600   1.46  60300.00      4.00      4.00       0  python

# Time        UID       PID    %usr %system  %guest   %wait    %CPU   CPU  minflt/s  majflt/s     VSZ     RSS   %MEM   kB_rd/s   kB_wr/s kB_ccwr/s iodelay  Command
01:51:02 PM  1000    180331    0.00    1.00    0.00    0.00    1.00    12      0.00      0.00  336828   21156   0.06      0.00      0.00      0.00       0  nvidia-smi
01:51:02 PM  1000    180332    0.00    0.00    0.00    0.00    0.00     6      0.00      0.00    8916    2200   0.01      0.00      4.00      0.00       0  mpstat
01:51:02 PM  1000    180333    0.00    1.00    0.00    0.00    1.00     2      6.00      0.00   13228    6556   0.02      0.00      0.00      0.00       0  pidstat
01:51:02 PM  1000    180336   46.00    6.00    0.00    0.00   52.00     9  11534.00     92.00 17187436  525204   1.61  77452.00      0.00      0.00       0  python

# Time        UID       PID    %usr %system  %guest   %wait    %CPU   CPU  minflt/s  majflt/s     VSZ     RSS   %MEM   kB_rd/s   kB_wr/s kB_ccwr/s iodelay  Command
01:51:03 PM     0        15    0.00    1.00    0.00    0.00    1.00    14      0.00      0.00       0       0   0.00     -1.00     -1.00     -1.00       0  rcu_preempt
01:51:03 PM     0      1483    0.00    0.00    0.00    0.00    0.00    12      0.00      2.00 1360300   29784   0.09     -1.00     -1.00     -1.00       0  tailscaled
01:51:03 PM  1000    125786    0.00    1.00    0.00    0.00    1.00    10      0.00      0.00   17752   10528   0.03      0.00      0.00      0.00       0  htop
01:51:03 PM  1000    180331    1.00    1.00    0.00    0.00    2.00    12      0.00      0.00  336828   21156   0.06      0.00      0.00      0.00       0  nvidia-smi
01:51:03 PM  1000    180332    0.00    0.00    0.00    0.00    0.00     6      0.00      0.00    8916    2200   0.01      0.00      4.00      0.00       0  mpstat
01:51:03 PM  1000    180333    1.00    0.00    0.00    0.00    1.00     8      0.00      0.00   13228    6556   0.02      0.00      0.00      0.00       0  pidstat
01:51:03 PM  1000    180336   44.00    8.00    0.00    0.00   52.00    10  21057.00   1044.00 19028428  684440   2.10 154804.00      8.00      0.00       0  python

# Time        UID       PID    %usr %system  %guest   %wait    %CPU   CPU  minflt/s  majflt/s     VSZ     RSS   %MEM   kB_rd/s   kB_wr/s kB_ccwr/s iodelay  Command
01:51:04 PM  1000    180331    0.00    1.00    0.00    0.00    1.00    12      0.00      0.00  336828   21156   0.06      0.00      0.00      0.00       0  nvidia-smi
01:51:04 PM  1000    180332    0.00    0.00    0.00    0.00    0.00     6      0.00      0.00    8916    2200   0.01      0.00      4.00      0.00       0  mpstat
01:51:04 PM  1000    180333    0.00    1.00    0.00    0.00    1.00     8      0.00      0.00   13228    6556   0.02      0.00      4.00      0.00       0  pidstat
01:51:04 PM  1000    180336   47.00    6.00    0.00    0.00   53.00    11  19600.00    535.00 20473164  804008   2.47  83852.00      0.00      0.00       0  python

# Time        UID       PID    %usr %system  %guest   %wait    %CPU   CPU  minflt/s  majflt/s     VSZ     RSS   %MEM   kB_rd/s   kB_wr/s kB_ccwr/s iodelay  Command
01:51:05 PM  1000    180328    0.00    0.00    0.00    0.00    0.00     8     12.00      0.00   15344    6636   0.02     -1.00     -1.00     -1.00       0  sshd
01:51:05 PM  1000    180331    0.00    2.00    0.00    0.00    2.00    12      0.00      0.00  336828   21156   0.06      0.00      0.00      0.00       0  nvidia-smi
01:51:05 PM  1000    180335    0.00    0.00    0.00    0.00    0.00    14      0.00      0.00    8632    1748   0.01      0.00      4.00      0.00       0  tee
01:51:05 PM  1000    180336   35.00   13.00    0.00    0.00   48.00    11 123171.00    342.00 21102516  880544   2.70  80540.00     20.00      0.00       0  python

# Time        UID       PID    %usr %system  %guest   %wait    %CPU   CPU  minflt/s  majflt/s     VSZ     RSS   %MEM   kB_rd/s   kB_wr/s kB_ccwr/s iodelay  Command
01:51:06 PM  1000    125786    0.00    1.00    0.00    0.00    1.00     4      0.00      0.00   17752   10528   0.03      0.00      0.00      0.00       0  htop
01:51:06 PM  1000    180331    0.00    1.00    0.00    0.00    1.00    12      0.00      0.00  336828   21156   0.06      0.00      0.00      0.00       0  nvidia-smi
01:51:06 PM  1000    180332    0.00    0.00    0.00    0.00    0.00     6      0.00      0.00    8916    2200   0.01      0.00      4.00      0.00       0  mpstat
01:51:06 PM  1000    180333    0.00    1.00    0.00    0.00    1.00     8      0.00      0.00   13228    6556   0.02      0.00      0.00      0.00       0  pidstat
01:51:06 PM  1000    180336   59.00   41.00    0.00    0.00  100.00    10 499538.00      0.00 20774840 1089904   3.35      0.00      0.00      0.00       0  python

# Time        UID       PID    %usr %system  %guest   %wait    %CPU   CPU  minflt/s  majflt/s     VSZ     RSS   %MEM   kB_rd/s   kB_wr/s kB_ccwr/s iodelay  Command
01:51:07 PM     0         1    0.00    0.00    0.00    0.00    0.00     2    252.00      0.00   23212    9680   0.03     -1.00     -1.00     -1.00       0  systemd
01:51:07 PM     0       526    0.00    0.00    0.00    0.00    0.00    19     14.00      0.00   67880   18724   0.06     -1.00     -1.00     -1.00       0  systemd-journal
01:51:07 PM   108      1011    1.00    0.00    0.00    0.00    1.00    21      0.00      0.00    8768    3784   0.01     -1.00     -1.00     -1.00       0  avahi-daemon
01:51:07 PM  1000    125786    0.00    1.00    0.00    0.00    1.00     8      0.00      0.00   17752   10528   0.03      0.00      0.00      0.00       0  htop
01:51:07 PM   120    179843    0.00    0.00    0.00    0.00    0.00     4      3.00      0.00 4031472  249936   0.77     -1.00     -1.00     -1.00       0  gnome-shell
01:51:07 PM  1000    180331    0.00    1.00    0.00    0.00    1.00    12      0.00      0.00  336828   21156   0.06      0.00      0.00      0.00       0  nvidia-smi
01:51:07 PM  1000    180332    0.00    0.00    0.00    0.00    0.00     6      0.00      0.00    8916    2200   0.01      0.00      4.00      0.00       0  mpstat
01:51:07 PM  1000    180336   35.00   16.00    0.00    0.00   51.00    11 189806.00     59.00 26220788 1943216   5.97 349320.00      0.00      0.00       0  python

# Time        UID       PID    %usr %system  %guest   %wait    %CPU   CPU  minflt/s  majflt/s     VSZ     RSS   %MEM   kB_rd/s   kB_wr/s kB_ccwr/s iodelay  Command
01:51:08 PM  1000    180331    0.00    2.00    0.00    0.00    2.00     8      0.00      0.00  336828   21156   0.06      0.00      0.00      0.00       0  nvidia-smi
01:51:08 PM  1000    180332    0.00    0.00    0.00    0.00    0.00     6      0.00      0.00    8916    2200   0.01      0.00      4.00      0.00       0  mpstat
01:51:08 PM  1000    180333    1.00    1.00    0.00    0.00    2.00    14      3.00      0.00   13228    6556   0.02      0.00      4.00      0.00       0  pidstat
01:51:08 PM  1000    180336   11.00   50.00    0.00    0.00   61.00    20 603881.00    220.00 30754460 5554076  17.06 1255172.00      0.00      0.00       0  python

# Time        UID       PID    %usr %system  %guest   %wait    %CPU   CPU  minflt/s  majflt/s     VSZ     RSS   %MEM   kB_rd/s   kB_wr/s kB_ccwr/s iodelay  Command
01:51:09 PM     0       974    0.00    1.00    0.00    0.00    1.00    15      0.00      0.00       0       0   0.00     -1.00     -1.00     -1.00       0  nvidia-modeset/kthread_q
01:51:09 PM  1000      6390    0.00    0.00    0.00    0.00    0.00     7      6.00      0.00   16396    8080   0.02      0.00      0.00      0.00       0  zsh
01:51:09 PM  1000      9066    0.00    1.00    0.00    0.00    1.00     2      0.00      0.00  958328    8840   0.03      0.00      0.00      0.00       0  Omniverse Hub
01:51:09 PM  1000    180331    0.00    2.00    0.00    0.00    2.00    12      0.00      0.00  336828   21156   0.06      0.00      0.00      0.00       0  nvidia-smi
01:51:09 PM  1000    180332    0.00    0.00    0.00    0.00    0.00     6      0.00      0.00    8916    2200   0.01      0.00      4.00      0.00       0  mpstat
01:51:09 PM  1000    180336    9.00   56.00    0.00    0.00   65.00     8 675006.00      0.00 33169688 9579164  29.42 1346304.00      0.00      0.00       0  python

# Time        UID       PID    %usr %system  %guest   %wait    %CPU   CPU  minflt/s  majflt/s     VSZ     RSS   %MEM   kB_rd/s   kB_wr/s kB_ccwr/s iodelay  Command
01:51:10 PM     0      1483    1.00    1.00    0.00    0.00    2.00    12      0.00      0.00 1360300   29784   0.09     -1.00     -1.00     -1.00       0  tailscaled
01:51:10 PM  1000    125786    1.00    1.00    0.00    0.00    2.00    10      0.00      0.00   17752   10528   0.03      0.00      0.00      0.00       0  htop
01:51:10 PM   120    179783    0.00    0.00    0.00    0.00    0.00     0      1.00      0.00 25994904  166196   0.51     -1.00     -1.00     -1.00       0  Xorg
01:51:10 PM   120    179843    0.00    0.00    0.00    0.00    0.00    10     95.00      0.00 4031472  249936   0.77     -1.00     -1.00     -1.00       0  gnome-shell
01:51:10 PM  1000    180331    0.00    3.00    0.00    0.00    3.00    12      0.00      0.00  336828   21156   0.06      0.00      0.00      0.00       0  nvidia-smi
01:51:10 PM  1000    180333    0.00    1.00    0.00    0.00    1.00    10      0.00      0.00   13228    6556   0.02      0.00      0.00      0.00       0  pidstat
01:51:10 PM  1000    180336   49.00   43.00    0.00    0.00   92.00     8 461036.00      0.00 28966908 5663116  17.39 285096.00      8.00      0.00       0  python

# Time        UID       PID    %usr %system  %guest   %wait    %CPU   CPU  minflt/s  majflt/s     VSZ     RSS   %MEM   kB_rd/s   kB_wr/s kB_ccwr/s iodelay  Command
01:51:11 PM     0      1483    0.00    0.00    0.00    0.00    0.00    12      0.00      2.00 1360300   29784   0.09     -1.00     -1.00     -1.00       0  tailscaled
01:51:11 PM  1000    180331    1.00    2.00    0.00    0.00    3.00    14      0.00      0.00  336828   21156   0.06      0.00      0.00      0.00       0  nvidia-smi
01:51:11 PM  1000    180332    0.00    0.00    0.00    0.00    0.00     6      0.00      0.00    8916    2200   0.01      0.00      4.00      0.00       0  mpstat
01:51:11 PM  1000    180336   37.00    0.00    0.00    0.00   37.00     8   2120.00      2.00 28975356 5671564  17.42     36.00      0.00      0.00       0  python

# Time        UID       PID    %usr %system  %guest   %wait    %CPU   CPU  minflt/s  majflt/s     VSZ     RSS   %MEM   kB_rd/s   kB_wr/s kB_ccwr/s iodelay  Command
01:51:12 PM  1000    180331    0.00    2.00    0.00    0.00    2.00    14      0.00      0.00  336828   21156   0.06      0.00      0.00      0.00       0  nvidia-smi
01:51:12 PM  1000    180332    0.00    0.00    0.00    0.00    0.00     6      0.00      0.00    8916    2200   0.01      0.00      4.00      0.00       0  mpstat
01:51:12 PM  1000    180333    1.00    0.00    0.00    0.00    1.00    11      0.00      0.00   13228    6556   0.02      0.00      4.00      0.00       0  pidstat
01:51:12 PM  1000    180336   73.00   11.00    0.00    0.00   84.00     8  10120.00     88.00 66015912 5960076  18.31 190568.00   6760.00      0.00       0  python

# Time        UID       PID    %usr %system  %guest   %wait    %CPU   CPU  minflt/s  majflt/s     VSZ     RSS   %MEM   kB_rd/s   kB_wr/s kB_ccwr/s iodelay  Command
01:51:13 PM     0        15    0.00    1.00    0.00    0.00    1.00    12      0.00      0.00       0       0   0.00     -1.00     -1.00     -1.00       0  rcu_preempt
01:51:13 PM  1000    125786    0.00    1.00    0.00    0.00    1.00    10      0.00      0.00   17752   10528   0.03      0.00      0.00      0.00       0  htop
01:51:13 PM  1000    180331    0.00    1.00    0.00    0.00    1.00    12      0.00      0.00  336828   21156   0.06      0.00      0.00      0.00       0  nvidia-smi
01:51:13 PM  1000    180332    0.00    0.00    0.00    0.00    0.00     6      0.00      0.00    8916    2200   0.01      0.00      4.00      0.00       0  mpstat
01:51:13 PM  1000    180333    0.00    1.00    0.00    0.00    1.00    11      0.00      0.00   13228    6556   0.02      0.00      0.00      0.00       0  pidstat
01:51:13 PM  1000    180336   12.00   13.00    0.00    0.00   25.00     9   7909.00     13.00 66015912 7741748  23.78 1758924.00      0.00      0.00       0  python

# Time        UID       PID    %usr %system  %guest   %wait    %CPU   CPU  minflt/s  majflt/s     VSZ     RSS   %MEM   kB_rd/s   kB_wr/s kB_ccwr/s iodelay  Command
01:51:14 PM     0      1483    0.00    0.00    0.00    0.00    0.00    12      0.00      2.00 1360300   29784   0.09     -1.00     -1.00     -1.00       0  tailscaled
01:51:14 PM   120    179974    0.00    0.00    0.00    0.00    0.00    15      4.00      0.00  459308    6576   0.02     -1.00     -1.00     -1.00       0  gsd-housekeepin
01:51:14 PM  1000    180331    0.00    1.00    0.00    0.00    1.00    12      0.00      0.00  336828   21156   0.06      0.00      0.00      0.00       0  nvidia-smi
01:51:14 PM  1000    180332    0.00    0.00    0.00    0.00    0.00     8      0.00      0.00    8916    2200   0.01      0.00      4.00      0.00       0  mpstat
01:51:14 PM  1000    180336   34.00   11.00    0.00    0.00   45.00     8   5535.00     62.00 60310896 3648204  11.20 999176.00      8.00      0.00       0  python
01:51:14 PM  1000    180360    0.00    0.00    0.00    0.00    0.00     6     98.00     12.00    9732    2656   0.01   1108.00      0.00      0.00       0  cc
01:51:14 PM  1000    180361    0.00    0.00    0.00    0.00    0.00    20    494.00     40.00   47832    7124   0.02   5104.00      0.00      0.00       0  cc1

# Time        UID       PID    %usr %system  %guest   %wait    %CPU   CPU  minflt/s  majflt/s     VSZ     RSS   %MEM   kB_rd/s   kB_wr/s kB_ccwr/s iodelay  Command
01:51:15 PM     0      1483    0.00    0.00    0.00    0.00    0.00    12      0.00      5.00 1360300   29784   0.09     -1.00     -1.00     -1.00       0  tailscaled
01:51:15 PM  1000    125786    0.00    1.00    0.00    0.00    1.00    10      0.00      0.00   17752   10528   0.03      0.00      0.00      0.00       0  htop
01:51:15 PM  1000    180331    0.00    1.00    0.00    0.00    1.00    14      0.00      0.00  336828   21156   0.06      0.00      0.00      0.00       0  nvidia-smi
01:51:15 PM  1000    180333    0.00    1.00    0.00    0.00    1.00    11      2.00      0.00   13228    6556   0.02      0.00      0.00      0.00       0  pidstat
01:51:15 PM  1000    180336   64.00   12.00    0.00    0.00   76.00     0  10587.00      2.00 60423792 3687116  11.32  33192.00     84.00     68.00       0  python
01:51:15 PM  1000    180385   26.00    4.00    0.00    0.00   30.00     8  57410.00      5.00 4315768  417816   1.28    128.00      4.00      4.00       0  python
01:51:15 PM  1000    180387    0.00    0.00    0.00    0.00    0.00    19   1509.00      1.00 60421720 3329852  10.23    252.00      0.00      0.00       0  pt_data_worker
01:51:15 PM  1000    180388    0.00    0.00    0.00    0.00    0.00     0   1516.00      0.00 60421732 3329840  10.23      0.00      0.00      0.00       0  pt_data_worker

# Time        UID       PID    %usr %system  %guest   %wait    %CPU   CPU  minflt/s  majflt/s     VSZ     RSS   %MEM   kB_rd/s   kB_wr/s kB_ccwr/s iodelay  Command
01:51:16 PM     0       526    0.00    0.00    0.00    0.00    0.00    15     15.00      0.00   67880   18724   0.06     -1.00     -1.00     -1.00       0  systemd-journal
01:51:16 PM     0     17532    0.00    1.00    0.00    0.00    1.00     5      0.00      0.00       0       0   0.00     -1.00     -1.00     -1.00       0  kworker/5:0-events
01:51:16 PM  1000    125786    1.00    2.00    0.00    0.00    3.00    18      0.00      0.00   17752   10528   0.03      0.00      0.00      0.00       0  htop
01:51:16 PM  1000    180331    0.00    1.00    0.00    0.00    1.00     0      0.00      0.00  336828   21156   0.06      0.00      0.00      0.00       0  nvidia-smi
01:51:16 PM  1000    180332    0.00    0.00    0.00    0.00    0.00     6      0.00      0.00    8916    2200   0.01      0.00      4.00      0.00       0  mpstat
01:51:16 PM  1000    180333    0.00    1.00    0.00    0.00    1.00    30      6.00      0.00   13228    6556   0.02      0.00      4.00      0.00       0  pidstat
01:51:16 PM  1000    180336    1.00   44.00    0.00    0.00   45.00    21   6554.00      0.00 61677392 3687628  11.33      0.00      0.00      0.00       0  python
01:51:16 PM  1000    180385   80.00   14.00    0.00    1.00   94.00     9  31678.00      0.00 17307508  589528   1.81  69664.00      4.00      0.00       0  python
01:51:16 PM  1000    180387   52.00   19.00    0.00    0.00   71.00    27 103620.00    167.00 61731596 3629968  11.15    140.00      0.00      0.00       0  pt_data_worker
01:51:16 PM  1000    180388   43.00   18.00    0.00    0.00   61.00     0  73782.00    177.00 61835360 3633340  11.16    100.00      0.00      0.00       0  pt_data_worker
01:51:16 PM  1000    180389   51.00   18.00    0.00    0.00   69.00     0 105004.00    194.00 61952376 3751240  11.52    560.00      0.00      0.00       0  pt_data_worker
01:51:16 PM  1000    180390   53.00   17.00    0.00    0.00   70.00    31 115909.00    263.00 61723532 3620864  11.12   5584.00      0.00      0.00       0  pt_data_worker
01:51:16 PM  1000    180391   47.00   14.00    0.00    0.00   61.00    10  73422.00    177.00 61733444 3626188  11.14    636.00      0.00      0.00       0  pt_data_worker
01:51:16 PM  1000    180392   49.00   17.00    0.00    0.00   66.00    15  97545.00    226.00 61966812 3720536  11.43   3412.00      0.00      0.00       0  pt_data_worker
01:51:16 PM  1000    180393   49.00   14.00    0.00    0.00   63.00    27  74893.00    198.00 61952424 3633064  11.16     72.00      0.00      0.00       0  pt_data_worker
01:51:16 PM  1000    180394   49.00   16.00    0.00    0.00   65.00    17  90479.00    213.00 61952436 3693860  11.35   1636.00      0.00      0.00       0  pt_data_worker
01:51:16 PM  1000    180395   45.00   16.00    0.00    0.00   61.00    28  73354.00    175.00 61733492 3625968  11.14      8.00      0.00      0.00       0  pt_data_worker
01:51:16 PM  1000    180396   50.00   15.00    0.00    0.00   65.00    17 103156.00    243.00 61723604 3620416  11.12   6924.00      0.00      0.00       0  pt_data_worker
01:51:16 PM  1000    180397   51.00   14.00    0.00    0.00   65.00    23  86331.00    162.00 61944372 3677636  11.30     28.00      0.00      0.00       0  pt_data_worker
01:51:16 PM  1000    180398   50.00   17.00    0.00    0.00   67.00    13  99074.00    206.00 61966884 3728040  11.45   3296.00      0.00      0.00       0  pt_data_worker
01:51:16 PM  1000    180399   43.00   15.00    0.00    0.00   58.00     4  74326.00    220.00 61737140 3628796  11.15   3492.00      0.00      0.00       0  pt_data_worker
01:51:16 PM  1000    180400   44.00   16.00    0.00    0.00   60.00    15  74218.00    195.00 61737152 3629612  11.15   2476.00      0.00      0.00       0  pt_data_worker
01:51:16 PM  1000    180401   46.00   14.00    0.00    0.00   60.00    16  73367.00    184.00 61733564 3625700  11.14    128.00      0.00      0.00       0  pt_data_worker
01:51:16 PM  1000    180402   43.00   16.00    0.00    0.00   59.00     4  77653.00    282.00 61841828 3642556  11.19   7156.00      0.00      0.00       0  pt_data_worker

# Time        UID       PID    %usr %system  %guest   %wait    %CPU   CPU  minflt/s  majflt/s     VSZ     RSS   %MEM   kB_rd/s   kB_wr/s kB_ccwr/s iodelay  Command
01:51:17 PM     0        14    0.00    1.00    0.00    0.00    1.00     0      0.00      0.00       0       0   0.00     -1.00     -1.00     -1.00       0  ksoftirqd/0
01:51:17 PM     0        15    0.00    1.00    0.00    1.00    1.00    19      0.00      0.00       0       0   0.00     -1.00     -1.00     -1.00       0  rcu_preempt
01:51:17 PM     0       448    0.00    1.00    0.00    0.00    1.00    26      0.00      0.00       0       0   0.00     -1.00     -1.00     -1.00       0  kworker/26:2-events
01:51:17 PM     0      7432    0.00    1.00    0.00    0.00    1.00    27      0.00      0.00       0       0   0.00     -1.00     -1.00     -1.00       0  kworker/27:0-events
01:51:17 PM  1000      9066    0.00    0.00    0.00    0.00    0.00     2      1.00      0.00  958328    8840   0.03      0.00      0.00      0.00       0  Omniverse Hub
01:51:17 PM  1000    180331    1.00    0.00    0.00    0.00    1.00    16      0.00      0.00  336828   21156   0.06      0.00      0.00      0.00       0  nvidia-smi
01:51:17 PM  1000    180332    0.00    0.00    0.00    0.00    0.00     6      0.00      0.00    8916    2200   0.01      0.00      4.00      0.00       0  mpstat
01:51:17 PM  1000    180333    1.00    1.00    0.00    0.00    2.00     1     27.00      0.00   13368    6556   0.02      0.00      4.00      0.00       0  pidstat
01:51:17 PM  1000    180336    0.00    0.00    0.00    0.00    0.00    21    120.00      0.00 61677392 3687628  11.33      0.00      0.00      0.00       0  python
01:51:17 PM  1000    180385   11.00   43.00    0.00    0.00   54.00     3   7384.00      0.00 17529748  589784   1.81 196640.00      0.00      0.00       0  python
01:51:17 PM  1000    180387  120.00   26.00    0.00    0.00  146.00    27 173223.00      0.00 61731596 3653416  11.22   1296.00      0.00      0.00       0  pt_data_worker
01:51:17 PM  1000    180388  115.00   29.00    0.00    0.00  144.00     0 162835.00      0.00 62781984 3678344  11.30      0.00      0.00      0.00       0  pt_data_worker
01:51:17 PM  1000    180389  122.00   25.00    0.00    0.00  147.00     0 169942.00      0.00 62013576 3805584  11.69      0.00      0.00      0.00       0  pt_data_worker
01:51:17 PM  1000    180390  125.00   25.00    0.00    0.00  150.00    31 188763.00      0.00 61699232 3619432  11.12   1924.00      0.00      0.00       0  pt_data_worker
01:51:17 PM  1000    180391  118.00   24.00    0.00    0.00  142.00    10 159845.00      0.00 61733444 3647816  11.20      0.00      0.00      0.00       0  pt_data_worker
01:51:17 PM  1000    180392  128.00   25.00    0.00    0.00  153.00    15 194150.00      0.00 61972212 3747088  11.51    816.00      0.00      0.00       0  pt_data_worker
01:51:17 PM  1000    180393  119.00   23.00    0.00    0.00  142.00    27 158664.00      0.00 61733468 3647044  11.20      0.00      0.00      0.00       0  pt_data_worker
01:51:17 PM  1000    180394  120.00   20.00    0.00    0.00  140.00    17 148283.00      0.00 62015436 3680064  11.30    432.00      0.00      0.00       0  pt_data_worker
01:51:17 PM  1000    180395  123.00   27.00    0.00    0.00  150.00    28 180118.00      0.00 61938048 3696124  11.35      0.00      0.00      0.00       0  pt_data_worker
01:51:17 PM  1000    180396  123.00   23.00    0.00    0.00  146.00    17 164891.00      0.00 61686704 3603304  11.07   1648.00      0.00      0.00       0  pt_data_worker
01:51:17 PM  1000    180397  124.00   28.00    0.00    0.00  152.00    23 189118.00      0.00 61731716 3653496  11.22   1760.00      0.00      0.00       0  pt_data_worker
01:51:17 PM  1000    180398  125.00   20.00    0.00    0.00  145.00    13 173663.00      0.00 61686728 3607020  11.08      0.00      0.00      0.00       0  pt_data_worker
01:51:17 PM  1000    180399  130.00   23.00    0.00    0.00  153.00     4 191774.00      0.00 61959696 3753836  11.53      0.00      0.00      0.00       0  pt_data_worker
01:51:17 PM  1000    180400  120.00   30.00    0.00    0.00  150.00    15 184958.00      0.00 61700252 3617560  11.11    368.00      0.00      0.00       0  pt_data_worker
01:51:17 PM  1000    180401  119.00   24.00    0.00    0.00  143.00    16 155961.00      0.00 61924620 3620220  11.12    396.00      0.00      0.00       0  pt_data_worker
01:51:17 PM  1000    180402  116.00   26.00    0.00    0.00  142.00     4 157571.00      0.00 62793852 3681736  11.31      0.00      0.00      0.00       0  pt_data_worker
01:51:17 PM  1000    181249    0.00    0.00    0.00    0.00    0.00    18    934.00      0.00 17381260  348492   1.07      0.00      0.00      0.00       0  python
01:51:17 PM  1000    181258    0.00    0.00    0.00    0.00    0.00     9    684.00      0.00 17381260  348492   1.07      0.00      0.00      0.00       0  python
01:51:17 PM  1000    181283    0.00    0.00    0.00    0.00    0.00    14    666.00      0.00 17381260  348492   1.07      0.00      0.00      0.00       0  python
01:51:17 PM  1000    181308    0.00    0.00    0.00    0.00    0.00     2    667.00      0.00 17381260  348492   1.07      0.00      0.00      0.00       0  python
01:51:17 PM  1000    181326    0.00    0.00    0.00    0.00    0.00     1    789.00      0.00 17381260  348496   1.07      0.00      0.00      0.00       0  python
01:51:17 PM  1000    181328    0.00    0.00    0.00    0.00    0.00    10    788.00      0.00 17381260  348496   1.07      0.00      0.00      0.00       0  python
01:51:17 PM  1000    181330    0.00    0.00    0.00    0.00    0.00    12    788.00      0.00 17381260  348500   1.07      0.00      0.00      0.00       0  python
01:51:17 PM  1000    181332    0.00    0.00    0.00    0.00    0.00    27    786.00      0.00 17381260  348436   1.07      0.00      0.00      0.00       0  python
01:51:17 PM  1000    181334    0.00    0.00    0.00    0.00    0.00    24    787.00      0.00 17381260  348440   1.07      0.00      0.00      0.00       0  python
01:51:17 PM  1000    181352    0.00    0.00    0.00    0.00    0.00    10    675.00      0.00 17381260  348504   1.07      0.00      0.00      0.00       0  python
01:51:17 PM  1000    181381    0.00    0.00    0.00    0.00    0.00     9    677.00      0.00 17381260  348504   1.07      0.00      0.00      0.00       0  python
01:51:17 PM  1000    181404    0.00    0.00    0.00    0.00    0.00    11    680.00      0.00 17381260  348452   1.07      0.00      0.00      0.00       0  python
01:51:17 PM  1000    181406    0.00    0.00    0.00    0.00    0.00    15    677.00      0.00 17381260  348504   1.07      0.00      0.00      0.00       0  python
01:51:17 PM  1000    181408    0.00    0.00    0.00    0.00    0.00    15    674.00      0.00 17381260  348508   1.07      0.00      0.00      0.00       0  python
01:51:17 PM  1000    181411    0.00    0.00    0.00    0.00    0.00    14    670.00      0.00 17381260  348508   1.07      0.00      0.00      0.00       0  python
01:51:17 PM  1000    181444    0.00    0.00    0.00    0.00    0.00    17    668.00      0.00 17381260  348508   1.07      0.00      0.00      0.00       0  python
01:51:17 PM  1000    181446    0.00    0.00    0.00    0.00    0.00     2    670.00      0.00 17381260  348508   1.07      0.00      0.00      0.00       0  python
01:51:17 PM  1000    181464    0.00    0.00    0.00    0.00    0.00     8    673.00      0.00 17381260  348444   1.07      0.00      0.00      0.00       0  python
01:51:17 PM  1000    181482    0.00    0.00    0.00    0.00    0.00    23    683.00      0.00 17381260  348444   1.07      0.00      0.00      0.00       0  python
01:51:17 PM  1000    181484    0.00    0.00    0.00    0.00    0.00     2    685.00      0.00 17381260  348508   1.07      0.00      0.00      0.00       0  python
01:51:17 PM  1000    181505    0.00    0.00    0.00    0.00    0.00     0    684.00      0.00 17381260  348508   1.07      0.00      0.00      0.00       0  python
01:51:17 PM  1000    181536    0.00    0.00    0.00    0.00    0.00     2    685.00      0.00 17381260  348520   1.07      0.00      0.00      0.00       0  python
01:51:17 PM  1000    181579    0.00    0.00    0.00    0.00    0.00    14    683.00      0.00 17381260  348520   1.07      0.00      0.00      0.00       0  python
01:51:17 PM  1000    181588    0.00    0.00    0.00    0.00    0.00     5    683.00      0.00 17381260  348520   1.07      0.00      0.00      0.00       0  python
01:51:17 PM  1000    181612    0.00    0.00    0.00    0.00    0.00    26    675.00      0.00 17381260  348520   1.07      0.00      0.00      0.00       0  python
01:51:17 PM  1000    181624    0.00    0.00    0.00    0.00    0.00    29    675.00      0.00 17381260  348520   1.07      0.00      0.00      0.00       0  python
01:51:17 PM  1000    181626    0.00    0.00    0.00    0.00    0.00     4    678.00      0.00 17381260  348520   1.07      0.00      0.00      0.00       0  python
01:51:17 PM  1000    181628    0.00    0.00    0.00    0.00    0.00     8    679.00      0.00 17382284  348520   1.07      0.00      0.00      0.00       0  python
01:51:17 PM  1000    181630    0.00    0.00    0.00    0.00    0.00     2    679.00      0.00 17382284  348524   1.07      0.00      0.00      0.00       0  python
01:51:17 PM  1000    181632    0.00    0.00    0.00    0.00    0.00     6    679.00      0.00 17382284  348528   1.07      0.00      0.00      0.00       0  python
01:51:17 PM  1000    181666    0.00    0.00    0.00    0.00    0.00    18    677.00      0.00 17382284  348532   1.07      0.00      0.00      0.00       0  python
01:51:17 PM  1000    181668    0.00    0.00    0.00    0.00    0.00    16    676.00      0.00 17382284  348532   1.07      0.00      0.00      0.00       0  python

# Time        UID       PID    %usr %system  %guest   %wait    %CPU   CPU  minflt/s  majflt/s     VSZ     RSS   %MEM   kB_rd/s   kB_wr/s kB_ccwr/s iodelay  Command
01:51:18 PM     0      1483    1.00    0.00    0.00    0.00    1.00    17      0.00      1.00 1360300   29784   0.09     -1.00     -1.00     -1.00       0  tailscaled
01:51:18 PM     0     16649    0.00    1.00    0.00    1.00    1.00    17      0.00      0.00       0       0   0.00     -1.00     -1.00     -1.00       0  kworker/17:0-events
01:51:18 PM  1000    125786    0.00    2.00    0.00    0.00    2.00    11      0.00      0.00   17752   10528   0.03      0.00      0.00      0.00       0  htop
01:51:18 PM  1000    180332    0.00    0.00    0.00    0.00    0.00     8      0.00      0.00    8916    2200   0.01      0.00      4.00      0.00       0  mpstat
01:51:18 PM  1000    180333    1.00    1.00    0.00    0.00    2.00    14     65.00      0.00   13648    6812   0.02      0.00      8.00      0.00       0  pidstat
01:51:18 PM  1000    180385    0.00    0.00    0.00    0.00    0.00     3      2.00      0.00 17529748  589784   1.81      0.00      0.00      0.00       0  python
01:51:18 PM  1000    180387  122.00   22.00    0.00    0.00  144.00    27 155844.00      0.00 61709996 3647828  11.20    828.00      0.00      0.00       0  pt_data_worker
01:51:18 PM  1000    180388  123.00   24.00    0.00    0.00  147.00     0 170290.00      0.00 62765784 3676840  11.29      0.00      0.00      0.00       0  pt_data_worker
01:51:18 PM  1000    180389  117.00   29.00    0.00    0.00  146.00     0 167260.00      0.00 61728020 3662532  11.25    804.00      0.00      0.00       0  pt_data_worker
01:51:18 PM  1000    180390  116.00   27.00    0.00    0.00  143.00    31 155340.00      0.00 61726232 3659864  11.24   1588.00      0.00      0.00       0  pt_data_worker
01:51:18 PM  1000    180391  122.00   27.00    0.00    0.00  149.00    10 182954.00      0.00 61954200 3696964  11.35    424.00      0.00      0.00       0  pt_data_worker
01:51:18 PM  1000    180392  125.00   19.00    0.00    0.00  144.00    15 165009.00      0.00 61701056 3636820  11.17   1552.00      0.00      0.00       0  pt_data_worker
01:51:18 PM  1000    180393  127.00   26.00    0.00    0.00  153.00    27 187532.00      0.00 61952424 3755412  11.53      0.00      0.00      0.00       0  pt_data_worker
01:51:18 PM  1000    180394  119.00   30.00    0.00    0.00  149.00    17 186414.00      0.00 61954236 3731396  11.46      0.00      0.00      0.00       0  pt_data_worker
01:51:18 PM  1000    180395  130.00   25.00    0.00    0.00  155.00    28 206541.00      0.00 61726292 3662412  11.25      0.00      0.00      0.00       0  pt_data_worker
01:51:18 PM  1000    180396  125.00   27.00    0.00    0.00  152.00    17 204651.00      0.00 61740704 3682936  11.31   1244.00      0.00      0.00       0  pt_data_worker
01:51:18 PM  1000    180397  122.00   22.00    0.00    0.00  144.00    23 155966.00      0.00 61710116 3647896  11.20      0.00      0.00      0.00       0  pt_data_worker
01:51:18 PM  1000    180398  119.00   24.00    0.00    0.00  143.00    13 150952.00      0.00 61979484 3657620  11.23      0.00      0.00      0.00       0  pt_data_worker
01:51:18 PM  1000    180399  114.00   28.00    0.00    0.00  142.00     4 155264.00      0.00 61716440 3648060  11.20      0.00      0.00      0.00       0  pt_data_worker
01:51:18 PM  1000    180400  127.00   27.00    0.00    0.00  154.00    15 197162.00      0.00 61728152 3663192  11.25    848.00      0.00      0.00       0  pt_data_worker
01:51:18 PM  1000    180401  121.00   31.00    0.00    0.00  152.00    16 196264.00      0.00 61891068 3785608  11.63      0.00      0.00      0.00       0  pt_data_worker
01:51:18 PM  1000    180402  125.00   31.00    0.00    0.00  156.00     4 192978.00      0.00 62765052 3667176  11.26      0.00      0.00      0.00       0  pt_data_worker
01:51:18 PM  1000    181536    0.00    0.00    0.00    0.00    0.00     2      1.00      0.00 17381260  348520   1.07      0.00      0.00      0.00       0  python

# Time        UID       PID    %usr %system  %guest   %wait    %CPU   CPU  minflt/s  majflt/s     VSZ     RSS   %MEM   kB_rd/s   kB_wr/s kB_ccwr/s iodelay  Command
01:51:19 PM     0        24    0.00    1.00    0.00    0.00    1.00     2      0.00      0.00       0       0   0.00     -1.00     -1.00     -1.00       0  migration/2
01:51:19 PM     0        37    0.00    1.00    0.00    0.00    1.00     6      0.00      0.00       0       0   0.00     -1.00     -1.00     -1.00       0  ksoftirqd/6
01:51:19 PM     0        66    0.00    1.00    0.00    0.00    1.00    16      0.00      0.00       0       0   0.00     -1.00     -1.00     -1.00       0  migration/16
01:51:19 PM     0        91    0.00    1.00    0.00    0.00    1.00    20      0.00      0.00       0       0   0.00     -1.00     -1.00     -1.00       0  migration/20
01:51:19 PM     0       171    0.00    1.00    0.00    0.00    1.00     3      0.00      0.00       0       0   0.00     -1.00     -1.00     -1.00       0  kworker/3:0-events
01:51:19 PM  1000      6390    0.00    0.00    0.00    0.00    0.00    17      6.00      0.00   16396    8080   0.02      0.00      0.00      0.00       0  zsh
01:51:19 PM  1000    125786    0.00    2.00    0.00    0.00    2.00    16      0.00      0.00   17752   10528   0.03      0.00      0.00      0.00       0  htop
01:51:19 PM     0    179756    0.00    1.00    0.00    0.00    1.00    14      0.00      0.00       0       0   0.00     -1.00     -1.00     -1.00       0  kworker/14:1-events
01:51:19 PM  1000    180331    0.00    1.00    0.00    0.00    1.00    24      0.00      0.00  336828   21156   0.06      0.00      0.00      0.00       0  nvidia-smi
01:51:19 PM  1000    180332    0.00    0.00    0.00    0.00    0.00    18      0.00      0.00    8916    2200   0.01      0.00      4.00      0.00       0  mpstat
01:51:19 PM  1000    180333    0.00    1.00    0.00    0.00    1.00    15      0.00      0.00   13648    6812   0.02      0.00      4.00      0.00       0  pidstat
01:51:19 PM  1000    180387  122.00   24.00    0.00    0.00  146.00    27 164796.00      0.00 62082688 3813952  11.71      0.00      0.00      0.00       0  pt_data_worker
01:51:19 PM  1000    180388  121.00   32.00    0.00    0.00  153.00     0 195553.00      0.00 62781984 3700224  11.36      0.00      0.00      0.00       0  pt_data_worker
01:51:19 PM  1000    180389  117.00   25.00    0.00    0.00  142.00     0 147132.00      0.00 61801824 3631620  11.15      0.00      0.00      0.00       0  pt_data_worker
01:51:19 PM  1000    180390  115.00   25.00    0.00    0.00  140.00    31 153386.00      0.00 61733432 3675580  11.29    812.00      0.00      0.00       0  pt_data_worker
01:51:19 PM  1000    180391  125.00   25.00    0.00    0.00  150.00    10 189579.00      0.00 61712744 3657368  11.23    404.00      0.00      0.00       0  pt_data_worker
01:51:19 PM  1000    180392  127.00   24.00    0.00    0.00  151.00    15 187030.00      0.00 62045848 3689948  11.33   1472.00      0.00      0.00       0  pt_data_worker
01:51:19 PM  1000    180393  121.00   26.00    0.00    0.00  147.00    27 174270.00      0.00 62082760 3834940  11.78      0.00      0.00      0.00       0  pt_data_worker
01:51:19 PM  1000    180394  122.00   26.00    0.00    0.00  148.00    17 171059.00      0.00 62070172 3789984  11.64      0.00      0.00      0.00       0  pt_data_worker
01:51:19 PM  1000    180395  116.00   25.00    0.00    0.00  141.00    28 153288.00      0.00 61733492 3678824  11.30    340.00      0.00      0.00       0  pt_data_worker
01:51:19 PM  1000    180396  122.00   22.00    0.00    0.00  144.00    17 166603.00      0.00 61766640 3669680  11.27   1844.00      0.00      0.00       0  pt_data_worker
01:51:19 PM  1000    180397  132.00   28.00    0.00    0.00  160.00    23 215470.00      0.00 62072008 3826252  11.75    424.00      0.00      0.00       0  pt_data_worker
01:51:19 PM  1000    180398  130.00   24.00    0.00    0.00  154.00    13 202543.00      0.00 62014420 3725844  11.44    816.00      0.00      0.00       0  pt_data_worker
01:51:19 PM  1000    180399  124.00   28.00    0.00    0.00  152.00     4 172484.00      0.00 61900296 3717172  11.42      0.00      0.00      0.00       0  pt_data_worker
01:51:19 PM  1000    180400  131.00   25.00    0.00    0.00  156.00    15 206525.00      0.00 62045944 3817600  11.73   2036.00      0.00      0.00       0  pt_data_worker
01:51:19 PM  1000    180401  123.00   29.00    0.00    0.00  152.00    16 195076.00      0.00 61953904 3731796  11.46      0.00      0.00      0.00       0  pt_data_worker
01:51:19 PM  1000    180402  121.00   25.00    0.00    0.00  146.00     4 165940.00      0.00 63111644 3740584  11.49      0.00      0.00      0.00       0  pt_data_worker

# Time        UID       PID    %usr %system  %guest   %wait    %CPU   CPU  minflt/s  majflt/s     VSZ     RSS   %MEM   kB_rd/s   kB_wr/s kB_ccwr/s iodelay  Command
01:51:20 PM     0        18    0.00    1.00    0.00    0.00    1.00     0      0.00      0.00       0       0   0.00     -1.00     -1.00     -1.00       0  migration/0
01:51:20 PM     0     27819    0.00    1.00    0.00    0.00    1.00     2      0.00      0.00       0       0   0.00     -1.00     -1.00     -1.00       0  kworker/2:0-events
01:51:20 PM  1000    125786    1.00    1.00    0.00    0.00    2.00     5      0.00      0.00   17752   10528   0.03      0.00      0.00      0.00       0  htop
01:51:20 PM     0    130120    0.00    1.00    0.00    0.00    1.00    16      0.00      0.00       0       0   0.00     -1.00     -1.00     -1.00       0  kworker/16:1-events
01:51:20 PM  1000    180333    0.00    1.00    0.00    0.00    1.00    15      0.00      0.00   13648    6812   0.02      0.00      4.00      0.00       0  pidstat
01:51:20 PM  1000    180387  117.00   28.00    0.00    0.00  145.00    27 178246.00      0.00 61798032 3702176  11.37      0.00      0.00      0.00       0  pt_data_worker
01:51:20 PM  1000    180388  112.00   22.00    0.00    0.00  134.00     0 134101.00      0.00 63105300 3717856  11.42      0.00      0.00      0.00       0  pt_data_worker
01:51:20 PM  1000    180389  120.00   26.00    0.00    0.00  146.00     0 169796.00      0.00 61784556 3688000  11.33      0.00      0.00      0.00       0  pt_data_worker
01:51:20 PM  1000    180390  118.00   26.00    0.00    0.00  144.00    31 177430.00      0.00 61795368 3693404  11.34      0.00      0.00      0.00       0  pt_data_worker
01:51:20 PM  1000    180391  113.00   28.00    0.00    0.00  141.00    10 164737.00      0.00 61795380 3696744  11.35    792.00      0.00      0.00       0  pt_data_worker
01:51:20 PM  1000    180392  118.00   25.00    0.00    0.00  143.00    15 159537.00      0.00 62029772 3669512  11.27      0.00      0.00      0.00       0  pt_data_worker
01:51:20 PM  1000    180393  125.00   25.00    0.00    0.00  150.00    27 195424.00      0.00 61782804 3691876  11.34    700.00      0.00      0.00       0  pt_data_worker
01:51:20 PM  1000    180394  111.00   24.00    0.00    0.00  135.00    17 141411.00      0.00 61789116 3684824  11.32      0.00      0.00      0.00       0  pt_data_worker
01:51:20 PM  1000    180395  126.00   30.00    0.00    0.00  156.00    28 217034.00      0.00 61779352 3693904  11.35   1232.00      0.00      0.00       0  pt_data_worker
01:51:20 PM  1000    180396  113.00   29.00    0.00    0.00  142.00    17 153506.00      0.00 61737840 3654720  11.22   1440.00      0.00      0.00       0  pt_data_worker
01:51:20 PM  1000    180397  115.00   28.00    0.00    0.00  143.00    23 156506.00      0.00 62000008 3772488  11.59    468.00      0.00      0.00       0  pt_data_worker
01:51:20 PM  1000    180398  115.00   27.00    0.00    0.00  142.00    13 149818.00      0.00 61799188 3701976  11.37    432.00      0.00      0.00       0  pt_data_worker
01:51:20 PM  1000    180399  121.00   25.00    0.00    0.00  146.00     4 177435.00      0.00 61784676 3687124  11.32    424.00      0.00      0.00       0  pt_data_worker
01:51:20 PM  1000    180400  128.00   27.00    0.00    0.00  155.00    15 204611.00      0.00 61750612 3672352  11.28   2180.00      0.00      0.00       0  pt_data_worker
01:51:20 PM  1000    180401  118.00   20.00    0.00    0.00  138.00    16 150598.00      0.00 61741500 3649580  11.21      0.00      0.00      0.00       0  pt_data_worker
01:51:20 PM  1000    180402  122.00   29.00    0.00    0.00  151.00     4 194064.00      0.00 62864204 3720988  11.43      0.00      0.00      0.00       0  pt_data_worker

# Time        UID       PID    %usr %system  %guest   %wait    %CPU   CPU  minflt/s  majflt/s     VSZ     RSS   %MEM   kB_rd/s   kB_wr/s kB_ccwr/s iodelay  Command
01:51:21 PM     0        15    0.00    1.00    0.00    0.00    1.00    23      0.00      0.00       0       0   0.00     -1.00     -1.00     -1.00       0  rcu_preempt
01:51:21 PM     0        42    0.00    1.00    0.00    0.00    1.00     8      0.00      0.00       0       0   0.00     -1.00     -1.00     -1.00       0  migration/8
01:51:21 PM     0        48    0.00    1.00    0.00    0.00    1.00    10      0.00      0.00       0       0   0.00     -1.00     -1.00     -1.00       0  migration/10
01:51:21 PM     0     14274    0.00    1.00    0.00    0.00    1.00    10      0.00      0.00       0       0   0.00     -1.00     -1.00     -1.00       0  kworker/10:0-events
01:51:21 PM  1000    125786    0.00    2.00    0.00    0.00    2.00    11      0.00      0.00   17752   10528   0.03      0.00      0.00      0.00       0  htop
01:51:21 PM     0    142215    0.00    2.00    0.00    0.00    2.00    10      0.00      0.00       0       0   0.00     -1.00     -1.00     -1.00       0  kworker/10:2-events
01:51:21 PM  1000    180331    1.00    0.00    0.00    0.00    1.00     8      0.00      0.00  336828   21156   0.06      0.00      0.00      0.00       0  nvidia-smi
01:51:21 PM  1000    180332    0.00    0.00    0.00    0.00    0.00    18      0.00      0.00    8916    2200   0.01      0.00      4.00      0.00       0  mpstat
01:51:21 PM  1000    180333    0.00    1.00    0.00    0.00    1.00    15      0.00      0.00   13648    6812   0.02      0.00      4.00      0.00       0  pidstat
01:51:21 PM  1000    180336    0.00    0.00    0.00    0.00    0.00    30      7.00      0.00 61677392 3687628  11.33      0.00      0.00      0.00       0  python
01:51:21 PM  1000    180387  135.00   27.00    0.00    0.00  162.00    27 214878.00      0.00 62022512 3728548  11.45      0.00      0.00      0.00       0  pt_data_worker
01:51:21 PM  1000    180388  125.00   29.00    0.00    0.00  154.00     0 194929.00      0.00 62835044 3730728  11.46      0.00      0.00      0.00       0  pt_data_worker
01:51:21 PM  1000    180389  122.00   26.00    0.00    0.00  148.00     0 165488.00      0.00 61770156 3695152  11.35      0.00      0.00      0.00       0  pt_data_worker
01:51:21 PM  1000    180390  114.00   31.00    0.00    0.00  145.00    31 157032.00      0.00 62046848 3779032  11.61    292.00      0.00      0.00       0  pt_data_worker
01:51:21 PM  1000    180391  116.00   22.00    0.00    0.00  138.00    10 137301.00      0.00 62082860 3769348  11.58      0.00      0.00      0.00       0  pt_data_worker
01:51:21 PM  1000    180392  128.00   29.00    0.00    0.00  157.00    15 199916.00      0.00 61793716 3736264  11.48    472.00      0.00      0.00       0  pt_data_worker
01:51:21 PM  1000    180393  125.00   26.00    0.00    0.00  151.00    27 181617.00      0.00 61784728 3711708  11.40   1528.00      0.00      0.00       0  pt_data_worker
01:51:21 PM  1000    180394  126.00   27.00    0.00    0.00  153.00    17 191252.00      0.00 61778440 3705684  11.38      0.00      0.00      0.00       0  pt_data_worker
01:51:21 PM  1000    180395  121.00   24.00    0.00    0.00  145.00    28 166361.00      0.00 61765852 3710308  11.40    796.00      0.00      0.00       0  pt_data_worker
01:51:21 PM  1000    180396  129.00   27.00    0.00    0.00  156.00    17 193924.00      0.00 61949468 3806200  11.69   1104.00      0.00      0.00       0  pt_data_worker
01:51:21 PM  1000    180397  119.00   23.00    0.00    0.00  142.00    23 157729.00      0.00 61797376 3721176  11.43   1168.00      0.00      0.00       0  pt_data_worker
01:51:21 PM  1000    180398  123.00   23.00    0.00    0.00  146.00    13 161627.00      0.00 62028044 3786752  11.63      0.00      0.00      0.00       0  pt_data_worker
01:51:21 PM  1000    180399  123.00   28.00    0.00    0.00  151.00     4 179504.00      0.00 62033456 3843152  11.80    344.00      0.00      0.00       0  pt_data_worker
01:51:21 PM  1000    180400  132.00   26.00    0.00    0.00  158.00    15 204821.00      0.00 61853948 3734180  11.47   1520.00      0.00      0.00       0  pt_data_worker
01:51:21 PM  1000    180401  123.00   32.00    0.00    0.00  155.00    16 190378.00      0.00 61811824 3734288  11.47    356.00      0.00      0.00       0  pt_data_worker
01:51:21 PM  1000    180402  122.00   30.00    0.00    0.00  152.00     4 184777.00      0.00 63106368 3818268  11.73      0.00      0.00      0.00       0  pt_data_worker

# Time        UID       PID    %usr %system  %guest   %wait    %CPU   CPU  minflt/s  majflt/s     VSZ     RSS   %MEM   kB_rd/s   kB_wr/s kB_ccwr/s iodelay  Command
01:51:22 PM     0         1    0.00    0.00    0.00    0.00    0.00    30    391.00      0.00   23212    9680   0.03     -1.00     -1.00     -1.00       0  systemd
01:51:22 PM     0        85    0.00    1.00    0.00    0.00    1.00    19      0.00      0.00       0       0   0.00     -1.00     -1.00     -1.00       0  migration/19
01:51:22 PM     0       264    0.00    1.00    0.00    1.00    1.00    23      0.00      0.00       0       0   0.00     -1.00     -1.00     -1.00       0  kworker/23:1-events
01:51:22 PM     0       526    0.00    1.00    0.00    0.00    1.00     2     33.00      0.00   67880   18724   0.06     -1.00     -1.00     -1.00       0  systemd-journal
01:51:22 PM   101      1013    1.00    0.00    0.00    0.00    1.00     7      0.00      0.00   12716    4656   0.01     -1.00     -1.00     -1.00       0  dbus-daemon
01:51:22 PM     0      1055    0.00    1.00    0.00    0.00    1.00    10      0.00      0.00  425216    5540   0.02     -1.00     -1.00     -1.00       0  thermald
01:51:22 PM   102      1105    0.00    1.00    0.00    0.00    1.00    11      0.00      0.00  222580    3888   0.01     -1.00     -1.00     -1.00       0  rsyslogd
01:51:22 PM     0      1544    0.00    0.00    0.00    0.00    0.00    30    145.00      0.00  315268    8232   0.03     -1.00     -1.00     -1.00       0  gdm3
01:51:22 PM     0      3082    1.00    0.00    0.00    0.00    1.00    12     55.00    382.00  405836    9844   0.03     -1.00     -1.00     -1.00       0  fwupd
01:51:22 PM   120    179783    6.00    0.00    0.00    0.00    6.00    18      9.00      0.00 25994904  166196   0.51     -1.00     -1.00     -1.00       0  Xorg
01:51:22 PM   120    179843    9.00    1.00    0.00    0.00   10.00    10    249.00      0.00 4031472  249936   0.77     -1.00     -1.00     -1.00       0  gnome-shell
01:51:22 PM   120    179918    0.00    0.00    0.00    0.00    0.00     9      1.00      0.00  409888   15832   0.05     -1.00     -1.00     -1.00       0  gsd-color
01:51:22 PM   120    179921    0.00    0.00    0.00    0.00    0.00     0      3.00      0.00  408232   14480   0.04     -1.00     -1.00     -1.00       0  gsd-keyboard
01:51:22 PM   120    180004    1.00    0.00    0.00    0.00    1.00     8     15.00      0.00  389028   11044   0.03     -1.00     -1.00     -1.00       0  ibus-daemon
01:51:22 PM   120    180102    0.00    0.00    0.00    0.00    0.00    16      3.00      0.00  236972    6836   0.02     -1.00     -1.00     -1.00       0  ibus-engine-sim
01:51:22 PM  1000    180331    0.00    1.00    0.00    0.00    1.00    31      0.00      0.00  336828   21156   0.06      0.00      4.00      0.00       0  nvidia-smi
01:51:22 PM  1000    180332    0.00    0.00    0.00    0.00    0.00    18      0.00      0.00    8916    2200   0.01      0.00      4.00      0.00       0  mpstat
01:51:22 PM  1000    180333    1.00    1.00    0.00    0.00    2.00    14      0.00      0.00   13648    6812   0.02      0.00      4.00      0.00       0  pidstat
01:51:22 PM  1000    180336    0.00    0.00    0.00    0.00    0.00    30     29.00      0.00 61677392 3687628  11.33      0.00      0.00      0.00       0  python
01:51:22 PM  1000    180387  123.00   31.00    0.00    0.00  154.00    27 196552.00      0.00 61796356 3741928  11.49      0.00      0.00      0.00       0  pt_data_worker
01:51:22 PM  1000    180388  120.00   26.00    0.00    0.00  146.00     0 164825.00      0.00 62812544 3725888  11.44      0.00      0.00      0.00       0  pt_data_worker
01:51:22 PM  1000    180389  119.00   29.00    0.00    0.00  148.00     0 175456.00      0.00 61930316 3810968  11.70    288.00      0.00      0.00       0  pt_data_worker
01:51:22 PM  1000    180390  120.00   29.00    0.00    0.00  149.00    31 175737.00      0.00 61846628 3733404  11.47      0.00      0.00      0.00       0  pt_data_worker
01:51:22 PM  1000    180391  126.00   24.00    0.00    0.00  150.00    10 184055.00      0.00 62059460 3812696  11.71      0.00      0.00      0.00       0  pt_data_worker
01:51:22 PM  1000    180392  118.00   30.00    0.00    0.00  148.00    15 175850.00      0.00 62132944 3763180  11.56      0.00      0.00      0.00       0  pt_data_worker
01:51:22 PM  1000    180393  129.00   28.00    0.00    0.00  157.00    27 200712.00      0.00 61766728 3711868  11.40      0.00      0.00      0.00       0  pt_data_worker
01:51:22 PM  1000    180394  122.00   24.00    0.00    0.00  146.00    17 165015.00      0.00 61781140 3725988  11.44      0.00      0.00      0.00       0  pt_data_worker
01:51:22 PM  1000    180395  124.00   28.00    0.00    0.00  152.00    28 184218.00      0.00 62030708 3780464  11.61      0.00      0.00      0.00       0  pt_data_worker
01:51:22 PM  1000    180396  124.00   30.00    0.00    0.00  154.00    17 196269.00      0.00 62067456 3818412  11.73      0.00      0.00      0.00       0  pt_data_worker
01:51:22 PM  1000    180397  124.00   24.00    0.00    0.00  148.00    23 168469.00      0.00 62030732 3801532  11.68    568.00      0.00      0.00       0  pt_data_worker
01:51:22 PM  1000    180398  129.00   25.00    0.00    0.00  154.00    13 191984.00      0.00 62134080 3754188  11.53      0.00      0.00      0.00       0  pt_data_worker
01:51:22 PM  1000    180399  124.00   22.00    0.00    0.00  146.00     4 170305.00      0.00 62006456 3848124  11.82      0.00      0.00      0.00       0  pt_data_worker
01:51:22 PM  1000    180400  118.00   25.00    0.00    0.00  143.00    15 162672.00      0.00 61841348 3744960  11.50      0.00      0.00      0.00       0  pt_data_worker
01:51:22 PM  1000    180401  123.00   21.00    0.00    0.00  144.00    16 150872.00      0.00 61764124 3702804  11.37      0.00      0.00      0.00       0  pt_data_worker
01:51:22 PM  1000    180402  117.00   25.00    0.00    0.00  142.00     4 155076.00      0.00 62814512 3728936  11.45      0.00      0.00      0.00       0  pt_data_worker
01:51:22 PM     0    186912    0.00    0.00    0.00    0.00    0.00    15    657.00      1.00  242392    8552   0.03     -1.00     -1.00     -1.00       0  gdm-session-wor

# Time        UID       PID    %usr %system  %guest   %wait    %CPU   CPU  minflt/s  majflt/s     VSZ     RSS   %MEM   kB_rd/s   kB_wr/s kB_ccwr/s iodelay  Command
01:51:23 PM     0        30    0.00    1.00    0.00    0.00    1.00     4      0.00      0.00       0       0   0.00     -1.00     -1.00     -1.00       0  migration/4
01:51:23 PM     0       219    0.00    1.00    0.00    0.00    1.00     0      0.00      0.00       0       0   0.00     -1.00     -1.00     -1.00       0  kcompactd0
01:51:23 PM     0       259    0.00    1.00    0.00    0.00    1.00    24      0.00      0.00       0       0   0.00     -1.00     -1.00     -1.00       0  kworker/24:1-events
01:51:23 PM  1000    125786    0.00    2.00    0.00    0.00    2.00    31      0.00      0.00   17752   10528   0.03      0.00      0.00      0.00       0  htop
01:51:23 PM  1000    180332    0.00    0.00    0.00    0.00    0.00     4      0.00      0.00    8916    2200   0.01      0.00      4.00      0.00       0  mpstat
01:51:23 PM  1000    180333    0.00    1.00    0.00    0.00    1.00    14      2.00      0.00   13648    6812   0.02      0.00      8.00      0.00       0  pidstat
01:51:23 PM  1000    180387  135.00   28.00    0.00    0.00  163.00    27 231179.00      0.00 61777456 3723260  11.44      0.00      0.00      0.00       0  pt_data_worker
01:51:23 PM  1000    180388  119.00   30.00    0.00    0.00  149.00     0 184883.00      0.00 62828744 3747008  11.51      0.00      0.00      0.00       0  pt_data_worker
01:51:23 PM  1000    180389  121.00   26.00    0.00    0.00  147.00     0 158922.00      0.00 62097972 3805332  11.69      0.00      0.00      0.00       0  pt_data_worker
01:51:23 PM  1000    180390  118.00   27.00    0.00    0.00  145.00    31 164669.00      0.00 61853828 3768092  11.57      0.00      0.00      0.00       0  pt_data_worker
01:51:23 PM  1000    180391  123.00   27.00    0.00    0.00  150.00    10 180302.00      0.00 62024360 3726012  11.44      0.00      0.00      0.00       0  pt_data_worker
01:51:23 PM  1000    180392  120.00   28.00    0.00    0.00  148.00    15 174183.00      0.00 61766716 3710372  11.40      0.00      0.00      0.00       0  pt_data_worker
01:51:23 PM  1000    180393  120.00   24.00    0.00    0.00  144.00    27 158651.00      0.00 62067420 3743340  11.50      0.00      0.00      0.00       0  pt_data_worker
01:51:23 PM  1000    180394  116.00   29.00    0.00    0.00  145.00    17 160348.00      0.00 61788340 3733456  11.47      0.00      0.00      0.00       0  pt_data_worker
01:51:23 PM  1000    180395  115.00   26.00    0.00    0.00  141.00    28 149305.00      0.00 62064908 3757876  11.54      0.00      0.00      0.00       0  pt_data_worker
01:51:23 PM  1000    180396  127.00   20.00    0.00    0.00  147.00    17 179064.00      0.00 61862000 3755348  11.53      0.00      0.00      0.00       0  pt_data_worker
01:51:23 PM  1000    180397  115.00   25.00    0.00    0.00  140.00    23 149503.00      0.00 62080068 3804408  11.68      0.00      0.00      0.00       0  pt_data_worker
01:51:23 PM  1000    180398  118.00   30.00    0.00    0.00  148.00    13 181848.00      0.00 62094480 3831748  11.77      0.00      0.00      0.00       0  pt_data_worker
01:51:23 PM  1000    180399  120.00   23.00    0.00    0.00  143.00     4 160264.00      0.00 61906456 3760220  11.55      0.00      0.00      0.00       0  pt_data_worker
01:51:23 PM  1000    180400  123.00   25.00    0.00    0.00  148.00    15 168372.00      0.00 62095404 3787804  11.63      0.00      0.00      0.00       0  pt_data_worker
01:51:23 PM  1000    180401  113.00   30.00    0.00    0.00  143.00    16 164443.00      0.00 61816324 3760988  11.55      0.00      0.00      0.00       0  pt_data_worker
01:51:23 PM  1000    180402  122.00   32.00    0.00    0.00  154.00     4 197926.00      0.00 62846912 3762312  11.56      0.00      0.00      0.00       0  pt_data_worker

# Time        UID       PID    %usr %system  %guest   %wait    %CPU   CPU  minflt/s  majflt/s     VSZ     RSS   %MEM   kB_rd/s   kB_wr/s kB_ccwr/s iodelay  Command
01:51:24 PM     0        18    0.00    1.00    0.00    0.00    1.00     0      0.00      0.00       0       0   0.00     -1.00     -1.00     -1.00       0  migration/0
01:51:24 PM     0        66    0.00    1.00    0.00    0.00    1.00    16      0.00      0.00       0       0   0.00     -1.00     -1.00     -1.00       0  migration/16
01:51:24 PM     0       974    0.00    1.00    0.00    0.00    1.00    20      0.00      0.00       0       0   0.00     -1.00     -1.00     -1.00       0  nvidia-modeset/kthread_q
01:51:24 PM     0      1483    0.00    0.00    0.00    0.00    0.00    24      0.00      1.00 1360300   29784   0.09     -1.00     -1.00     -1.00       0  tailscaled
01:51:24 PM     0     22343    0.00    1.00    0.00    0.00    1.00    11      0.00      0.00       0       0   0.00     -1.00     -1.00     -1.00       0  kworker/11:1-events
01:51:24 PM     0     27978    0.00    1.00    0.00    0.00    1.00    21      0.00      0.00       0       0   0.00     -1.00     -1.00     -1.00       0  kworker/21:2-events
01:51:24 PM  1000    125786    1.00    3.00    0.00    0.00    4.00    17      0.00      0.00   17752   10528   0.03      0.00      0.00      0.00       0  htop
01:51:24 PM   120    179843    1.00    0.00    0.00    0.00    1.00     2     22.00      0.00 4031472  249936   0.77     -1.00     -1.00     -1.00       0  gnome-shell
01:51:24 PM  1000    180331    0.00    1.00    0.00    1.00    1.00    12      0.00      0.00  336828   21156   0.06      0.00      0.00      0.00       0  nvidia-smi
01:51:24 PM  1000    180332    0.00    0.00    0.00    0.00    0.00    25      0.00      0.00    8916    2200   0.01      0.00      4.00      0.00       0  mpstat
01:51:24 PM  1000    180333    0.00    2.00    0.00    0.00    2.00    15      0.00      0.00   13648    6812   0.02      0.00      4.00      0.00       0  pidstat
01:51:24 PM  1000    180387  119.00   27.00    0.00    0.00  146.00    27 171326.00      0.00 61817956 3763508  11.56      0.00      0.00      0.00       0  pt_data_worker
01:51:24 PM  1000    180388  123.00   33.00    0.00    0.00  156.00     0 200932.00      0.00 63037384 3849680  11.82      0.00      0.00      0.00       0  pt_data_worker
01:51:24 PM  1000    180389  131.00   28.00    0.00    0.00  159.00     0 213172.00      0.00 62020188 3877728  11.91      0.00      0.00      0.00       0  pt_data_worker
01:51:24 PM  1000    180390  127.00   26.00    0.00    0.00  153.00    31 192102.00      0.00 61843928 3787120  11.63      0.00      0.00      0.00       0  pt_data_worker
01:51:24 PM  1000    180391  116.00   30.00    0.00    0.00  146.00    10 167599.00      0.00 61795504 3741132  11.49      0.00      0.00      0.00       0  pt_data_worker
01:51:24 PM  1000    180392  116.00   28.00    0.00    0.00  144.00    15 151412.00      0.00 61765816 3709440  11.39      0.00      0.00      0.00       0  pt_data_worker
01:51:24 PM  1000    180393  120.00   27.00    0.00    0.00  147.00    27 163079.00      0.00 62097120 3826172  11.75      0.00      0.00      0.00       0  pt_data_worker
01:51:24 PM  1000    180394  120.00   33.00    0.00    0.00  153.00    17 187934.00      0.00 62043296 3889736  11.95      0.00      0.00      0.00       0  pt_data_worker
01:51:24 PM  1000    180395  122.00   33.00    0.00    0.00  155.00    28 198179.00      0.00 61762252 3708228  11.39      0.00      0.00      0.00       0  pt_data_worker
01:51:24 PM  1000    180396  123.00   30.00    0.00    0.00  153.00    20 193222.00     10.00 61973852 3658060  11.24    784.00      0.00      0.00       0  pt_data_worker
01:51:24 PM  1000    180397  125.00   25.00    0.00    0.00  150.00    23 183400.00      0.00 61844012 3755228  11.53      0.00      0.00      0.00       0  pt_data_worker
01:51:24 PM  1000    180398  119.00   26.00    0.00    0.00  145.00    13 157246.00      0.00 62087280 3843348  11.80      0.00      0.00      0.00       0  pt_data_worker
01:51:24 PM  1000    180399  113.00   30.00    0.00    0.00  143.00     4 149793.00      0.00 61768600 3712500  11.40      0.00      0.00      0.00       0  pt_data_worker
01:51:24 PM  1000    180400  121.00   28.00    0.00    0.00  149.00    15 171620.00      0.00 61853948 3785996  11.63      0.00      0.00      0.00       0  pt_data_worker
01:51:24 PM  1000    180401  120.00   25.00    0.00    0.00  145.00    16 156436.00      0.00 62063180 3757836  11.54      0.00      0.00      0.00       0  pt_data_worker
01:51:24 PM  1000    180402  117.00   26.00    0.00    0.00  143.00     4 160525.00      0.00 62814512 3730400  11.46      0.00      0.00      0.00       0  pt_data_worker

# Time        UID       PID    %usr %system  %guest   %wait    %CPU   CPU  minflt/s  majflt/s     VSZ     RSS   %MEM   kB_rd/s   kB_wr/s kB_ccwr/s iodelay  Command
01:51:25 PM     0     27905    0.00    1.00    0.00    0.00    1.00    29      0.00      0.00       0       0   0.00     -1.00     -1.00     -1.00       0  kworker/29:0-events
01:51:25 PM     0     88243    0.00    1.00    0.00    0.00    1.00    19      0.00      0.00       0       0   0.00     -1.00     -1.00     -1.00       0  kworker/19:2-events
01:51:25 PM  1000    180333    1.00    1.00    0.00    0.00    2.00    15      0.00      0.00   13648    6812   0.02      0.00      4.00      0.00       0  pidstat
01:51:25 PM  1000    180336   40.00   61.00    0.00    5.00  101.00     4 299572.00    590.00 63283616 4668572  14.34  49460.00      0.00      0.00       0  python
01:51:25 PM  1000    180387  140.00   50.00    0.00    0.00  190.00     8 221243.00      0.00 64370868 3811524  11.71      0.00      0.00      0.00       0  pt_data_worker
01:51:25 PM  1000    180388  121.00   38.00    0.00    0.00  159.00     0 195465.00      0.00 64284036 3808988  11.70      0.00      0.00      0.00       0  pt_data_worker
01:51:25 PM  1000    180389  122.00   40.00    0.00    0.00  162.00     8 190872.00      0.00 64179396 3812064  11.71      0.00      0.00      0.00       0  pt_data_worker
01:51:25 PM  1000    180390  114.00   34.00    0.00    0.00  148.00    11 159647.00      0.00 61914380 3706164  11.38      0.00      0.00      0.00       0  pt_data_worker
01:51:25 PM  1000    180391  103.00   25.00    0.00    3.00  128.00    16 101633.00      0.00 61896556 3595184  11.04      0.00      0.00      0.00       0  pt_data_worker
01:51:25 PM  1000    180392  130.00   46.00    0.00    1.00  176.00    12 226293.00      0.00 64266372 3896196  11.97      0.00      0.00      0.00       0  pt_data_worker
01:51:25 PM  1000    180393  129.00   47.00    0.00    2.00  176.00    25 208619.00      0.00 64460776 3942444  12.11      0.00      0.00      0.00       0  pt_data_worker
01:51:25 PM  1000    180394  105.00   24.00    0.00    0.00  129.00    17 114274.00      0.00 62081996 3873496  11.90      0.00      0.00      0.00       0  pt_data_worker
01:51:25 PM  1000    180395  127.00   49.00    0.00    0.00  176.00     3 222226.00      0.00 64387164 3843744  11.81      0.00      0.00      0.00       0  pt_data_worker
01:51:25 PM  1000    180396  117.00   41.00    0.00    0.00  158.00    23 184954.00     43.00 64428136 3882184  11.92   1324.00      0.00      0.00       0  pt_data_worker
01:51:25 PM  1000    180397  116.00   45.00    0.00    1.00  161.00     6 171978.00      0.00 64274244 3783340  11.62      0.00      0.00      0.00       0  pt_data_worker
01:51:25 PM  1000    180398  122.00   43.00    0.00    1.00  165.00     9 202307.00      0.00 64284156 3801312  11.68      0.00      0.00      0.00       0  pt_data_worker
01:51:25 PM  1000    180399  110.00   30.00    0.00    5.00  140.00    31 140843.00      0.00 61908352 3601840  11.06      0.00      0.00      0.00       0  pt_data_worker
01:51:25 PM  1000    180400  134.00   39.00    0.00    0.00  173.00    19 208915.00      0.00 64400560 3851196  11.83      0.00      0.00      0.00       0  pt_data_worker
01:51:25 PM  1000    180401  122.00   48.00    0.00    1.00  170.00     1 209911.00      0.00 64185840 3766156  11.57      0.00      0.00      0.00       0  pt_data_worker
01:51:25 PM  1000    180402  122.00   46.00    0.00    5.00  168.00    30 193625.00      0.00 64120316 3782808  11.62      0.00      0.00      0.00       0  pt_data_worker

# Time        UID       PID    %usr %system  %guest   %wait    %CPU   CPU  minflt/s  majflt/s     VSZ     RSS   %MEM   kB_rd/s   kB_wr/s kB_ccwr/s iodelay  Command
01:51:26 PM     0        15    0.00    1.00    0.00    1.00    1.00     2      0.00      0.00       0       0   0.00     -1.00     -1.00     -1.00       0  rcu_preempt
01:51:26 PM     0        36    0.00    1.00    0.00    0.00    1.00     6      0.00      0.00       0       0   0.00     -1.00     -1.00     -1.00       0  migration/6
01:51:26 PM     0     24238    0.00    1.00    0.00    0.00    1.00     8      0.00      0.00       0       0   0.00     -1.00     -1.00     -1.00       0  kworker/8:2-events
01:51:26 PM     0     24912    0.00    1.00    0.00    0.00    1.00     9      0.00      0.00       0       0   0.00     -1.00     -1.00     -1.00       0  kworker/9:1-events
01:51:26 PM     0     34298    0.00    1.00    0.00    0.00    1.00    28      0.00      0.00       0       0   0.00     -1.00     -1.00     -1.00       0  kworker/28:0-events
01:51:26 PM  1000    125786    1.00    6.00    0.00    0.00    7.00     7      0.00      0.00   17752   10528   0.03      0.00      0.00      0.00       0  htop
01:51:26 PM  1000    180331    1.00    0.00    0.00    1.00    1.00    19      0.00      0.00  336828   21156   0.06      0.00      0.00      0.00       0  nvidia-smi
01:51:26 PM  1000    180332    0.00    0.00    0.00    0.00    0.00     1      0.00      0.00    8916    2200   0.01      0.00      4.00      0.00       0  mpstat
01:51:26 PM  1000    180333    0.00    1.00    0.00    0.00    1.00    15      0.00      0.00   13648    6812   0.02      0.00      4.00      0.00       0  pidstat
01:51:26 PM  1000    180336   51.00   86.00    0.00    2.00  137.00     1 449755.00    439.00 64596736 5963108  18.31  58388.00      0.00      0.00       0  python
01:51:26 PM  1000    180387  115.00   30.00    0.00    0.00  145.00     8 161440.00      0.00 64139312 3781840  11.62      0.00      0.00      0.00       0  pt_data_worker
01:51:26 PM  1000    180388  126.00   22.00    0.00    0.00  148.00     0 175034.00      0.00 64208920 3832876  11.77      0.00      0.00      0.00       0  pt_data_worker
01:51:26 PM  1000    180389  115.00   24.00    0.00    0.00  139.00     8 147465.00      0.00 64195432 3777172  11.60      0.00      0.00      0.00       0  pt_data_worker
01:51:26 PM  1000    180390  127.00   36.00    0.00    1.00  163.00    16 196020.00      0.00 64182384 3824852  11.75      0.00      0.00      0.00       0  pt_data_worker
01:51:26 PM  1000    180391  133.00   40.00    0.00    0.00  173.00    16 210727.00      0.00 64116860 3759116  11.55      0.00      0.00      0.00       0  pt_data_worker
01:51:26 PM  1000    180392  115.00   29.00    0.00    0.00  144.00    12 151770.00      0.00 64102472 3742688  11.49      0.00      0.00      0.00       0  pt_data_worker
01:51:26 PM  1000    180393  114.00   24.00    0.00    0.00  138.00    25 145345.00      0.00 64268656 3863596  11.87      0.00      0.00      0.00       0  pt_data_worker
01:51:26 PM  1000    180394  127.00   37.00    0.00    0.00  164.00     1 194366.00      0.00 64340076 3863848  11.87      0.00      0.00      0.00       0  pt_data_worker
01:51:26 PM  1000    180395  119.00   24.00    0.00    0.00  143.00     3 154260.00      0.00 64133108 3776292  11.60      0.00      0.00      0.00       0  pt_data_worker
01:51:26 PM  1000    180396  112.00   30.00    0.00    0.00  142.00    23 153129.00      0.00 64165080 3812312  11.71      0.00      0.00      0.00       0  pt_data_worker
01:51:26 PM  1000    180397  121.00   29.00    0.00    0.00  150.00    10 171453.00      0.00 64129992 3772824  11.59      0.00      0.00      0.00       0  pt_data_worker
01:51:26 PM  1000    180398  120.00   21.00    0.00    0.00  141.00     9 141753.00      0.00 64444360 3909780  12.01      0.00      0.00      0.00       0  pt_data_worker
01:51:26 PM  1000    180399  125.00   45.00    0.00    1.00  170.00    30 200811.00      0.00 64310436 3822424  11.74      0.00      0.00      0.00       0  pt_data_worker
01:51:26 PM  1000    180400  119.00   26.00    0.00    0.00  145.00    19 169254.00      0.00 64463560 3887344  11.94      0.00      0.00      0.00       0  pt_data_worker
01:51:26 PM  1000    180401  116.00   25.00    0.00    0.00  141.00    12 142692.00      0.00 64419196 3768944  11.58      0.00      0.00      0.00       0  pt_data_worker
01:51:26 PM  1000    180402  118.00   24.00    0.00    0.00  142.00    30 156717.00      0.00 64419208 3916552  12.03      0.00      0.00      0.00       0  pt_data_worker

# Time        UID       PID    %usr %system  %guest   %wait    %CPU   CPU  minflt/s  majflt/s     VSZ     RSS   %MEM   kB_rd/s   kB_wr/s kB_ccwr/s iodelay  Command
01:51:27 PM     0     18208    0.00    1.00    0.00    0.00    1.00    25      0.00      0.00       0       0   0.00     -1.00     -1.00     -1.00       0  kworker/25:1-events
01:51:27 PM  1000    125786    2.00    7.00    0.00    0.00    9.00    26      0.00      0.00   17752   10528   0.03      0.00      0.00      0.00       0  htop
01:51:27 PM  1000    180331    0.00    1.00    0.00    0.00    1.00     8      0.00      0.00  336828   21156   0.06      0.00      0.00      0.00       0  nvidia-smi
01:51:27 PM  1000    180332    0.00    0.00    0.00    0.00    0.00    10      0.00      0.00    8916    2200   0.01      0.00      4.00      0.00       0  mpstat
01:51:27 PM  1000    180333    1.00    2.00    0.00    0.00    3.00    21      0.00      0.00   13648    6812   0.02      0.00      4.00      0.00       0  pidstat
01:51:27 PM  1000    180336   56.00   36.00    0.00    1.00   92.00    18 161754.00    468.00 64768056 6155124  18.90  74380.00      0.00      0.00       0  python
01:51:27 PM  1000    180387  128.00   26.00    0.00    0.00  154.00     8 190933.00      0.00 64395128 3878296  11.91      0.00      0.00      0.00       0  pt_data_worker
01:51:27 PM  1000    180388  137.00   27.00    0.00    0.00  164.00    17 180907.00      0.00 64476476 3923404  12.05      0.00      0.00      0.00       0  pt_data_worker
01:51:27 PM  1000    180389  123.00   24.00    0.00    0.00  147.00     8 153458.00      0.00 64229632 3824668  11.75      0.00      0.00      0.00       0  pt_data_worker
01:51:27 PM  1000    180390  126.00   25.00    0.00    0.00  151.00    16 172311.00      0.00 64179684 3823032  11.74      0.00      0.00      0.00       0  pt_data_worker
01:51:27 PM  1000    180391  120.00   30.00    0.00    0.00  150.00    16 179407.00      0.00 64123160 3766840  11.57      0.00      0.00      0.00       0  pt_data_worker
01:51:27 PM  1000    180392  116.00   28.00    0.00    0.00  144.00    12 151992.00      0.00 64442764 3884948  11.93      0.00      0.00      0.00       0  pt_data_worker
01:51:27 PM  1000    180393  125.00   27.00    0.00    0.00  152.00    25 188420.00      0.00 64263256 3888892  11.94      0.00      0.00      0.00       0  pt_data_worker
01:51:27 PM  1000    180394  117.00   27.00    0.00    0.00  144.00     1 161595.00      0.00 64076120 3723256  11.44      0.00      0.00      0.00       0  pt_data_worker
01:51:27 PM  1000    180395  131.00   29.00    0.00    0.00  160.00     3 206658.00      0.00 64110732 3753608  11.53      0.00      0.00      0.00       0  pt_data_worker
01:51:27 PM  1000    180396  119.00   27.00    0.00    0.00  146.00    23 154830.00      0.00 64184104 3830192  11.76      0.00      0.00      0.00       0  pt_data_worker
01:51:27 PM  1000    180397  119.00   26.00    0.00    0.00  145.00    10 160179.00      0.00 64304596 3836028  11.78      0.00      0.00      0.00       0  pt_data_worker
01:51:27 PM  1000    180398  121.00   28.00    0.00    0.00  149.00     9 166619.00      0.00 64383160 3880964  11.92      0.00      0.00      0.00       0  pt_data_worker
01:51:27 PM  1000    180399  123.00   25.00    0.00    0.00  148.00    30 167255.00      0.00 64333836 3722880  11.43      0.00      0.00      0.00       0  pt_data_worker
01:51:27 PM  1000    180400  120.00   27.00    0.00    0.00  147.00    19 159676.00      0.00 64395284 3854892  11.84      0.00      0.00      0.00       0  pt_data_worker
01:51:27 PM  1000    180401  125.00   32.00    0.00    0.00  157.00    12 199504.00      0.00 64164240 3810840  11.70      0.00      0.00      0.00       0  pt_data_worker
01:51:27 PM  1000    180402  119.00   26.00    0.00    0.00  145.00    30 163208.00      0.00 64164252 3816168  11.72      0.00      0.00      0.00       0  pt_data_worker

# Time        UID       PID    %usr %system  %guest   %wait    %CPU   CPU  minflt/s  majflt/s     VSZ     RSS   %MEM   kB_rd/s   kB_wr/s kB_ccwr/s iodelay  Command
01:51:28 PM     0        18    0.00    1.00    0.00    0.00    1.00     0      0.00      0.00       0       0   0.00     -1.00     -1.00     -1.00       0  migration/0
01:51:28 PM     0        24    0.00    1.00    0.00    0.00    1.00     2      0.00      0.00       0       0   0.00     -1.00     -1.00     -1.00       0  migration/2
01:51:28 PM     0      1483    1.00    0.00    0.00    0.00    1.00    17      0.00      0.00 1360300   29784   0.09     -1.00     -1.00     -1.00       0  tailscaled
01:51:28 PM     0     24100    0.00    1.00    0.00    0.00    1.00     0      0.00      0.00       0       0   0.00     -1.00     -1.00     -1.00       0  kworker/0:1-events
01:51:28 PM     0     27989    0.00    1.00    0.00    0.00    1.00    20      0.00      0.00       0       0   0.00     -1.00     -1.00     -1.00       0  kworker/20:3-events
01:51:28 PM  1000    180331    0.00    1.00    0.00    0.00    1.00    16      0.00      0.00  336828   21156   0.06      0.00      0.00      0.00       0  nvidia-smi
01:51:28 PM  1000    180332    0.00    0.00    0.00    0.00    0.00    10      0.00      0.00    8916    2200   0.01      0.00      4.00      0.00       0  mpstat
01:51:28 PM  1000    180333    0.00    1.00    0.00    0.00    1.00    15      0.00      0.00   13648    6812   0.02      0.00      4.00      0.00       0  pidstat
01:51:28 PM  1000    180335    0.00    0.00    0.00    0.00    0.00    17      0.00      0.00    8632    1748   0.01      0.00      4.00      0.00       0  tee
01:51:28 PM  1000    180336  103.00    2.00    0.00    0.00  105.00    22   2611.00      6.00 64768056 6156176  18.91     84.00      0.00      0.00       0  python
01:51:28 PM  1000    180387  122.00   30.00    0.00    0.00  152.00     8 189034.00      0.00 64509264 3885940  11.93      0.00      0.00      0.00       0  pt_data_worker
01:51:28 PM  1000    180388  121.00   28.00    0.00    0.00  149.00    17 179430.00      0.00 64189244 3856016  11.84      0.00      0.00      0.00       0  pt_data_worker
01:51:28 PM  1000    180389  129.00   27.00    0.00    0.00  156.00     9 174390.00      0.00 64280024 3825532  11.75      0.00      0.00      0.00       0  pt_data_worker
01:51:28 PM  1000    180390  132.00   28.00    0.00    0.00  160.00    28 181869.00      0.00 64185208 3827760  11.76      0.00      0.00      0.00       0  pt_data_worker
01:51:28 PM  1000    180391  123.00   24.00    0.00    0.00  147.00     9 146886.00      0.00 64371940 3806604  11.69      0.00      0.00      0.00       0  pt_data_worker
01:51:28 PM  1000    180392  117.00   28.00    0.00    0.00  145.00     7 145756.00      0.00 64107996 3749000  11.51      0.00      0.00      0.00       0  pt_data_worker
01:51:28 PM  1000    180393  122.00   29.00    0.00    0.00  151.00    25 173198.00      0.00 64213880 3857064  11.85      0.00      0.00      0.00       0  pt_data_worker
01:51:28 PM  1000    180394  121.00   29.00    0.00    0.00  150.00     1 174661.00      0.00 64308700 3801496  11.68      0.00      0.00      0.00       0  pt_data_worker
01:51:28 PM  1000    180395  114.00   25.00    0.00    0.00  139.00     3 140864.00      0.00 64429424 3838164  11.79      0.00      0.00      0.00       0  pt_data_worker
01:51:28 PM  1000    180396  121.00   27.00    0.00    0.00  148.00    23 175421.00      0.00 64180504 3827092  11.75      0.00      0.00      0.00       0  pt_data_worker
01:51:28 PM  1000    180397  127.00   27.00    0.00    0.00  154.00    10 201628.00      0.00 64245152 3857564  11.85      0.00      0.00      0.00       0  pt_data_worker
01:51:28 PM  1000    180398  123.00   29.00    0.00    0.00  152.00     9 189163.00      0.00 64191328 3837636  11.79      0.00      0.00      0.00       0  pt_data_worker
01:51:28 PM  1000    180399  119.00   29.00    0.00    0.00  148.00    30 171202.00      0.00 64430096 3756984  11.54      0.00      0.00      0.00       0  pt_data_worker
01:51:28 PM  1000    180400  126.00   24.00    0.00    0.00  150.00    19 177481.00      0.00 64496820 3956384  12.15      0.00      0.00      0.00       0  pt_data_worker
01:51:28 PM  1000    180401  116.00   24.00    0.00    0.00  140.00    12 144492.00      0.00 64143664 3790168  11.64      0.00      0.00      0.00       0  pt_data_worker
01:51:28 PM  1000    180402  121.00   24.00    0.00    0.00  145.00    30 158547.00      0.00 64360832 3805944  11.69      0.00      0.00      0.00       0  pt_data_worker

# Time        UID       PID    %usr %system  %guest   %wait    %CPU   CPU  minflt/s  majflt/s     VSZ     RSS   %MEM   kB_rd/s   kB_wr/s kB_ccwr/s iodelay  Command
01:51:29 PM     0       386    0.00    1.00    0.00    1.00    1.00    12      0.00      0.00       0       0   0.00     -1.00     -1.00     -1.00       0  kworker/12:2-events
01:51:29 PM     0      1483    0.00    1.00    0.00    0.00    1.00    22      1.00      0.00 1360300   29784   0.09     -1.00     -1.00     -1.00       0  tailscaled
01:51:29 PM  1000      6390    0.00    0.00    0.00    0.00    0.00     8      6.00      0.00   16396    8080   0.02      0.00      0.00      0.00       0  zsh
01:51:29 PM  1000    125786    2.00    9.00    0.00    0.00   11.00    27      0.00      0.00   17752   10528   0.03      0.00      0.00      0.00       0  htop
01:51:29 PM     0    139062    0.00    1.00    0.00    0.00    1.00     4      0.00      0.00       0       0   0.00     -1.00     -1.00     -1.00       0  kworker/4:2-events
01:51:29 PM  1000    180331    0.00    1.00    0.00    0.00    1.00    12      0.00      0.00  336828   21156   0.06      0.00      0.00      0.00       0  nvidia-smi
01:51:29 PM  1000    180332    0.00    0.00    0.00    0.00    0.00    11      0.00      0.00    8916    2200   0.01      0.00      4.00      0.00       0  mpstat
01:51:29 PM  1000    180333    1.00    1.00    0.00    0.00    2.00    15      0.00      0.00   13648    6812   0.02      0.00      4.00      0.00       0  pidstat
01:51:29 PM  1000    180336  103.00    2.00    0.00    1.00  105.00    31   2288.00      0.00 64802564 6190540  19.01      0.00      0.00      0.00       0  python
01:51:29 PM  1000    180387  118.00   28.00    0.00    0.00  146.00     8 171622.00      0.00 64415828 3871784  11.89      0.00      0.00      0.00       0  pt_data_worker
01:51:29 PM  1000    180388  117.00   28.00    0.00    0.00  145.00    17 167357.00      0.00 64227944 3895252  11.96      0.00      0.00      0.00       0  pt_data_worker
01:51:29 PM  1000    180389  116.00   26.00    0.00    0.00  142.00     9 147678.00      0.00 64491012 3862440  11.86      0.00      0.00      0.00       0  pt_data_worker
01:51:29 PM  1000    180390  124.00   22.00    0.00    0.00  146.00    28 169930.00      0.00 64443764 3853436  11.84      0.00      0.00      0.00       0  pt_data_worker
01:51:29 PM  1000    180391  111.00   30.00    0.00    0.00  141.00     9 153860.00      0.00 64114284 3756156  11.54      0.00      0.00      0.00       0  pt_data_worker
01:51:29 PM  1000    180392  115.00   27.00    0.00    0.00  142.00     7 152440.00      0.00 64098996 3740340  11.49      0.00      0.00      0.00       0  pt_data_worker
01:51:29 PM  1000    180393  127.00   30.00    0.00    0.00  157.00     3 181493.00      0.00 64252580 3895788  11.97      0.00      0.00      0.00       0  pt_data_worker
01:51:29 PM  1000    180394  129.00   32.00    0.00    0.00  161.00     4 194928.00      0.00 64341100 3753440  11.53      0.00      0.00      0.00       0  pt_data_worker
01:51:29 PM  1000    180395  127.00   25.00    0.00    0.00  152.00    10 168612.00      0.00 64397924 3834548  11.78      0.00      0.00      0.00       0  pt_data_worker
01:51:29 PM  1000    180396  125.00   34.00    0.00    0.00  159.00     6 191486.00      0.00 64128304 3774592  11.59      0.00      0.00      0.00       0  pt_data_worker
01:51:29 PM  1000    180397  126.00   23.00    0.00    0.00  149.00    10 177110.00      0.00 64572844 3952608  12.14      0.00      0.00      0.00       0  pt_data_worker
01:51:29 PM  1000    180398  115.00   24.00    0.00    0.00  139.00     9 147165.00      0.00 64500120 3891212  11.95      0.00      0.00      0.00       0  pt_data_worker
01:51:29 PM  1000    180399  119.00   26.00    0.00    0.00  145.00    30 170294.00      0.00 64181440 3798072  11.67      0.00      0.00      0.00       0  pt_data_worker
01:51:29 PM  1000    180400  125.00   23.00    0.00    0.00  148.00    19 186938.00      0.00 64217564 3829736  11.76      0.00      0.00      0.00       0  pt_data_worker
01:51:29 PM  1000    180401  110.00   24.00    0.00    0.00  134.00    12 128925.00      0.00 64155364 3802260  11.68      0.00      0.00      0.00       0  pt_data_worker
01:51:29 PM  1000    180402  120.00   31.00    0.00    0.00  151.00    30 185156.00      0.00 64279580 3850508  11.83      0.00      0.00      0.00       0  pt_data_worker

# Time        UID       PID    %usr %system  %guest   %wait    %CPU   CPU  minflt/s  majflt/s     VSZ     RSS   %MEM   kB_rd/s   kB_wr/s kB_ccwr/s iodelay  Command
01:51:30 PM     0        15    0.00    1.00    0.00    2.00    1.00     0      0.00      0.00       0       0   0.00     -1.00     -1.00     -1.00       0  rcu_preempt
01:51:30 PM     0      2150    0.00    1.00    0.00    1.00    1.00    15      0.00      0.00       0       0   0.00     -1.00     -1.00     -1.00       0  kworker/15:3-events
01:51:30 PM  1000    125786    1.00    7.00    0.00    0.00    8.00    26      0.00      0.00   17752   10528   0.03      0.00      0.00      0.00       0  htop
01:51:30 PM  1000    180331    1.00    1.00    0.00    1.00    2.00    14      0.00      0.00  336828   21156   0.06      0.00      0.00      0.00       0  nvidia-smi
01:51:30 PM  1000    180333    0.00    1.00    0.00    0.00    1.00    15      0.00      0.00   13648    6812   0.02      0.00      4.00      0.00       0  pidstat
01:51:30 PM  1000    180336  103.00    3.00    0.00    0.00  106.00    29   1727.00      0.00 64768056 6156756  18.91      0.00      0.00      0.00       0  python
01:51:30 PM  1000    180387  110.00   29.00    0.00    0.00  139.00     8 143409.00      0.00 64168972 3812660  11.71      0.00      0.00      0.00       0  pt_data_worker
01:51:30 PM  1000    180388  127.00   23.00    0.00    0.00  150.00    17 171658.00      0.00 64220744 3888716  11.94      0.00      0.00      0.00       0  pt_data_worker
01:51:30 PM  1000    180389  118.00   24.00    0.00    0.00  142.00     9 152497.00      0.00 64193756 3835176  11.78      0.00      0.00      0.00       0  pt_data_worker
01:51:30 PM  1000    180390  119.00   30.00    0.00    0.00  149.00    28 176056.00      0.00 64169008 3811008  11.70      0.00      0.00      0.00       0  pt_data_worker
01:51:30 PM  1000    180391  114.00   31.00    0.00    0.00  145.00     9 166969.00      0.00 64166320 3762536  11.56      0.00      0.00      0.00       0  pt_data_worker
01:51:30 PM  1000    180392  126.00   26.00    0.00    0.00  152.00     7 187434.00      0.00 64398788 3811072  11.71      0.00      0.00      0.00       0  pt_data_worker
01:51:30 PM  1000    180393  124.00   32.00    0.00    0.00  156.00     3 200989.00      0.00 64549836 4095824  12.58      0.00      0.00      0.00       0  pt_data_worker
01:51:30 PM  1000    180394  119.00   30.00    0.00    0.00  149.00     4 182052.00      0.00 64122880 3723852  11.44      0.00      0.00      0.00       0  pt_data_worker
01:51:30 PM  1000    180395  120.00   25.00    0.00    0.00  145.00    10 172464.00      0.00 64535460 4008016  12.31      0.00      0.00      0.00       0  pt_data_worker
01:51:30 PM  1000    180396  113.00   25.00    0.00    0.00  138.00     6 139302.00      0.00 64161604 3809020  11.70      0.00      0.00      0.00       0  pt_data_worker
01:51:30 PM  1000    180397  118.00   32.00    0.00    1.00  150.00    15 165399.00      0.00 64243352 3892164  11.95      0.00      0.00      0.00       0  pt_data_worker
01:51:30 PM  1000    180398  141.00   29.00    0.00    0.00  170.00    11 226814.00      0.00 64234364 3879912  11.92      0.00      0.00      0.00       0  pt_data_worker
01:51:30 PM  1000    180399  133.00   27.00    0.00    0.00  160.00    30 190415.00      0.00 64131040 3776884  11.60      0.00      0.00      0.00       0  pt_data_worker
01:51:30 PM  1000    180400  123.00   23.00    0.00    0.00  146.00    12 154158.00      0.00 64505416 3896664  11.97      0.00      0.00      0.00       0  pt_data_worker
01:51:30 PM  1000    180401  119.00   26.00    0.00    0.00  145.00    12 162767.00      0.00 64141864 3789152  11.64      0.00      0.00      0.00       0  pt_data_worker
01:51:30 PM  1000    180402  116.00   27.00    0.00    0.00  143.00    14 150967.00      0.00 64372532 3856936  11.85      0.00      0.00      0.00       0  pt_data_worker

# Time        UID       PID    %usr %system  %guest   %wait    %CPU   CPU  minflt/s  majflt/s     VSZ     RSS   %MEM   kB_rd/s   kB_wr/s kB_ccwr/s iodelay  Command
01:51:31 PM     0        66    0.00    1.00    0.00    0.00    1.00    16      0.00      0.00       0       0   0.00     -1.00     -1.00     -1.00       0  migration/16
01:51:31 PM     0       200    0.00    1.00    0.00    0.00    1.00    13      0.00      0.00       0       0   0.00     -1.00     -1.00     -1.00       0  ksoftirqd/13
01:51:31 PM  1000    180331    0.00    1.00    0.00    0.00    1.00    16      0.00      0.00  336828   21156   0.06      0.00      4.00      0.00       0  nvidia-smi
01:51:31 PM  1000    180332    0.00    0.00    0.00    0.00    0.00    10      0.00      0.00    8916    2200   0.01      0.00      8.00      0.00       0  mpstat
01:51:31 PM  1000    180333    0.00    1.00    0.00    0.00    1.00    15      0.00      0.00   13648    6812   0.02      0.00      4.00      0.00       0  pidstat
01:51:31 PM  1000    180336  104.00    2.00    0.00    1.00  106.00    20   2247.00      0.00 64768056 6157028  18.91      0.00      0.00      0.00       0  python
01:51:31 PM  1000    180387  117.00   30.00    0.00    0.00  147.00    12 158196.00      0.00 64168072 3812236  11.71      0.00      0.00      0.00       0  pt_data_worker
01:51:31 PM  1000    180388  129.00   30.00    0.00    0.00  159.00    26 199640.00      0.00 64501800 4029708  12.38      0.00      0.00      0.00       0  pt_data_worker
01:51:31 PM  1000    180389  124.00   24.00    0.00    0.00  148.00     9 177799.00      0.00 64209056 3856964  11.85      0.00      0.00      0.00       0  pt_data_worker
01:51:31 PM  1000    180390  114.00   27.00    0.00    0.00  141.00    28 146953.00      0.00 64420364 3889132  11.94      0.00      0.00      0.00       0  pt_data_worker
01:51:31 PM  1000    180391  119.00   28.00    0.00    0.00  147.00     9 178533.00      0.00 64167220 3793156  11.65      0.00      0.00      0.00       0  pt_data_worker
01:51:31 PM  1000    180392  118.00   28.00    0.00    0.00  146.00     7 179598.00      0.00 64189732 3810664  11.70      0.00      0.00      0.00       0  pt_data_worker
01:51:31 PM  1000    180393  116.00   28.00    0.00    0.00  144.00     3 156497.00      0.00 64313616 3892976  11.96      0.00      0.00      0.00       0  pt_data_worker
01:51:31 PM  1000    180394  116.00   29.00    0.00    0.00  145.00     4 162330.00      0.00 64326284 3889608  11.95      0.00      0.00      0.00       0  pt_data_worker
01:51:31 PM  1000    180395  117.00   29.00    0.00    0.00  146.00    10 178382.00      0.00 64167268 3811372  11.71      0.00      0.00      0.00       0  pt_data_worker
01:51:31 PM  1000    180396  113.00   29.00    0.00    0.00  142.00     6 144068.00      0.00 64520060 3942288  12.11      0.00      0.00      0.00       0  pt_data_worker
01:51:31 PM  1000    180397  120.00   27.00    0.00    0.00  147.00    15 169595.00      0.00 64229852 3879124  11.91      0.00      0.00      0.00       0  pt_data_worker
01:51:31 PM  1000    180398  111.00   30.00    0.00    0.00  141.00    11 154388.00      0.00 64214564 3861524  11.86      0.00      0.00      0.00       0  pt_data_worker
01:51:31 PM  1000    180399  119.00   25.00    0.00    0.00  144.00    30 163701.00      0.00 64131940 3779164  11.61      0.00      0.00      0.00       0  pt_data_worker
01:51:31 PM  1000    180400  117.00   31.00    0.00    0.00  148.00    12 175932.00      0.00 64263464 3907184  12.00      0.00      0.00      0.00       0  pt_data_worker
01:51:31 PM  1000    180401  127.00   32.00    0.00    0.00  159.00     4 198161.00      0.00 64143664 3791428  11.64      0.00      0.00      0.00       0  pt_data_worker
01:51:31 PM  1000    180402  120.00   31.00    0.00   48.00  151.00    16 166548.00      0.00 64467032 3820404  11.73      0.00      0.00      0.00       0  pt_data_worker

# Time        UID       PID    %usr %system  %guest   %wait    %CPU   CPU  minflt/s  majflt/s     VSZ     RSS   %MEM   kB_rd/s   kB_wr/s kB_ccwr/s iodelay  Command
01:51:32 PM     0      1483    1.00    0.00    0.00    0.00    1.00     6      0.00      1.00 1360300   29784   0.09     -1.00     -1.00     -1.00       0  tailscaled
01:51:32 PM     0     24385    0.00    1.00    0.00    0.00    1.00    18      0.00      0.00       0       0   0.00     -1.00     -1.00     -1.00       0  kworker/18:0-events
01:51:32 PM  1000    125786    2.00    9.00    0.00    0.00   11.00     5      5.00      0.00   17752   10824   0.03      0.00      0.00      0.00       0  htop
01:51:32 PM     0    126845    0.00    1.00    0.00    0.00    1.00    22      0.00      0.00       0       0   0.00     -1.00     -1.00     -1.00       0  kworker/22:0-events
01:51:32 PM  1000    180331    0.00    1.00    0.00    1.00    1.00     0      0.00      0.00  336828   21156   0.06      0.00      0.00      0.00       0  nvidia-smi
01:51:32 PM  1000    180332    0.00    0.00    0.00    0.00    0.00    10      0.00      0.00    8916    2200   0.01      0.00      4.00      0.00       0  mpstat
01:51:32 PM  1000    180333    1.00    1.00    0.00    0.00    2.00    21      0.00      0.00   13648    6812   0.02      0.00      8.00      0.00       0  pidstat
01:51:32 PM  1000    180336  104.00    3.00    0.00    0.00  107.00    20   2243.00      0.00 64768056 6156872  18.91      0.00      0.00      0.00       0  python
01:51:32 PM  1000    180387  117.00   27.00    0.00    0.00  144.00    12 149993.00      0.00 64199572 3843960  11.81      0.00      0.00      0.00       0  pt_data_worker
01:51:32 PM  1000    180388  124.00   27.00    0.00    0.00  151.00     5 167679.00      0.00 64461300 3982396  12.23      0.00      0.00      0.00       0  pt_data_worker
01:51:32 PM  1000    180389  133.00   32.00    0.00    0.00  165.00    18 207095.00      0.00 64498048 3971032  12.20      0.00      0.00      0.00       0  pt_data_worker
01:51:32 PM  1000    180390  121.00   36.00    0.00    1.00  157.00    28 174539.00      0.00 64197808 3841944  11.80      0.00      0.00      0.00       0  pt_data_worker
01:51:32 PM  1000    180391  132.00   31.00    0.00    0.00  163.00     6 195425.00      0.00 64448276 3910848  12.01      0.00      0.00      0.00       0  pt_data_worker
01:51:32 PM  1000    180392  130.00   31.00    0.00    0.00  161.00     4 204243.00      0.00 64582676 4037548  12.40      0.00      0.00      0.00       0  pt_data_worker
01:51:32 PM  1000    180393  119.00   25.00    0.00    0.00  144.00     3 162085.00      0.00 64255280 3900844  11.98      0.00      0.00      0.00       0  pt_data_worker
01:51:32 PM  1000    180394  120.00   22.00    0.00    0.00  142.00     4 156375.00      0.00 64184980 3832088  11.77      0.00      0.00      0.00       0  pt_data_worker
01:51:32 PM  1000    180395  124.00   31.00    0.00    0.00  155.00    10 183316.00      0.00 64422224 3958812  12.16      0.00      0.00      0.00       0  pt_data_worker
01:51:32 PM  1000    180396  113.00   28.00    0.00    0.00  141.00     6 151790.00      0.00 64193104 3840888  11.80      0.00      0.00      0.00       0  pt_data_worker
01:51:32 PM  1000    180397  117.00   27.00    0.00    0.00  144.00    15 157938.00      0.00 64474908 3889692  11.95      0.00      0.00      0.00       0  pt_data_worker
01:51:32 PM  1000    180398  111.00   32.00    0.00    0.00  143.00    11 152476.00      0.00 64229864 3877512  11.91      0.00      0.00      0.00       0  pt_data_worker
01:51:32 PM  1000    180399  120.00   28.00    0.00    0.00  148.00    30 168250.00      0.00 64157140 3804968  11.69      0.00      0.00      0.00       0  pt_data_worker
01:51:32 PM  1000    180400  122.00   27.00    0.00    0.00  149.00    12 166351.00      0.00 64513920 3955320  12.15      0.00      0.00      0.00       0  pt_data_worker
01:51:32 PM  1000    180401  115.00   26.00    0.00    0.00  141.00     4 147699.00      0.00 64156264 3804564  11.69      0.00      0.00      0.00       0  pt_data_worker
01:51:32 PM  1000    180402  117.00   31.00    0.00    0.00  148.00    16 168366.00      0.00 64424732 3842092  11.80      0.00      0.00      0.00       0  pt_data_worker

# Time        UID       PID    %usr %system  %guest   %wait    %CPU   CPU  minflt/s  majflt/s     VSZ     RSS   %MEM   kB_rd/s   kB_wr/s kB_ccwr/s iodelay  Command
01:51:33 PM     0        18    0.00    1.00    0.00    0.00    1.00     0      0.00      0.00       0       0   0.00     -1.00     -1.00     -1.00       0  migration/0
01:51:33 PM     0       139    0.00    1.00    0.00    0.00    1.00    28      0.00      0.00       0       0   0.00     -1.00     -1.00     -1.00       0  migration/28
01:51:33 PM     0      1483    0.00    0.00    0.00    0.00    0.00     6      1.00      0.00 1360300   29784   0.09     -1.00     -1.00     -1.00       0  tailscaled
01:51:33 PM     0     24154    0.00    1.00    0.00    0.00    1.00     6      0.00      0.00       0       0   0.00     -1.00     -1.00     -1.00       0  kworker/6:0-events
01:51:33 PM     0     27819    0.00    1.00    0.00    0.00    1.00     2      0.00      0.00       0       0   0.00     -1.00     -1.00     -1.00       0  kworker/2:0-events
01:51:33 PM  1000    180332    0.00    0.00    0.00    0.00    0.00    17      0.00      0.00    8916    2200   0.01      0.00      4.00      0.00       0  mpstat
01:51:33 PM  1000    180333    0.00    1.00    0.00    0.00    1.00     3      0.00      0.00   13648    6812   0.02      0.00      4.00      0.00       0  pidstat
01:51:33 PM  1000    180336  103.00    3.00    0.00    0.00  106.00    29   2234.00      0.00 64768056 6157000  18.91      0.00      0.00      0.00       0  python
01:51:33 PM  1000    180387  125.00   30.00    0.00    0.00  155.00    12 199117.00      0.00 64404836 3968556  12.19      0.00      0.00      0.00       0  pt_data_worker
01:51:33 PM  1000    180388  123.00   26.00    0.00    0.00  149.00     5 174780.00      0.00 64237844 3905940  12.00      0.00      0.00      0.00       0  pt_data_worker
01:51:33 PM  1000    180389  118.00   28.00    0.00    0.00  146.00    18 174006.00      0.00 64298892 3936976  12.09      0.00      0.00      0.00       0  pt_data_worker
01:51:33 PM  1000    180390  115.00   27.00    0.00    0.00  142.00    28 153459.00      0.00 64199608 3843224  11.80      0.00      0.00      0.00       0  pt_data_worker
01:51:33 PM  1000    180391  115.00   25.00    0.00    0.00  140.00     6 144946.00      0.00 64187020 3831424  11.77      0.00      0.00      0.00       0  pt_data_worker
01:51:33 PM  1000    180392  120.00   28.00    0.00    0.00  148.00     4 183140.00      0.00 64530924 4042120  12.41      0.00      0.00      0.00       0  pt_data_worker
01:51:33 PM  1000    180393  123.00   32.00    0.00    0.00  155.00     9 172708.00      0.00 64235480 3881464  11.92      0.00      0.00      0.00       0  pt_data_worker
01:51:33 PM  1000    180394  128.00   30.00    0.00    0.00  158.00     8 174419.00      0.00 64157980 3804876  11.69      0.00      0.00      0.00       0  pt_data_worker
01:51:33 PM  1000    180395  120.00   33.00    0.00    0.00  153.00     4 166613.00      0.00 64290572 3858340  11.85      0.00      0.00      0.00       0  pt_data_worker
01:51:33 PM  1000    180396  112.00   30.00    0.00    0.00  142.00     6 152128.00      0.00 64459596 3801616  11.68      0.00      0.00      0.00       0  pt_data_worker
01:51:33 PM  1000    180397  127.00   28.00    0.00    0.00  155.00    15 192062.00      0.00 64210952 3860616  11.86      0.00      0.00      0.00       0  pt_data_worker
01:51:33 PM  1000    180398  115.00   28.00    0.00    0.00  143.00    11 150212.00      0.00 64443420 3862720  11.86      0.00      0.00      0.00       0  pt_data_worker
01:51:33 PM  1000    180399  116.00   28.00    0.00    0.00  144.00    30 166117.00      0.00 64173340 3821868  11.74      0.00      0.00      0.00       0  pt_data_worker
01:51:33 PM  1000    180400  108.00   31.00    0.00    0.00  139.00    12 146073.00      0.00 64232864 3876752  11.91      0.00      0.00      0.00       0  pt_data_worker
01:51:33 PM  1000    180401  124.00   31.00    0.00    0.00  155.00     4 186537.00      0.00 64412120 3920232  12.04      0.00      0.00      0.00       0  pt_data_worker
01:51:33 PM  1000    180402  126.00   28.00    0.00    0.00  154.00    16 194264.00      0.00 64421132 3969652  12.19      0.00      0.00      0.00       0  pt_data_worker

# Time        UID       PID    %usr %system  %guest   %wait    %CPU   CPU  minflt/s  majflt/s     VSZ     RSS   %MEM   kB_rd/s   kB_wr/s kB_ccwr/s iodelay  Command
01:51:34 PM     0        15    0.00    1.00    0.00    0.00    1.00    18      0.00      0.00       0       0   0.00     -1.00     -1.00     -1.00       0  rcu_preempt
01:51:34 PM     0       109    0.00    1.00    0.00    0.00    1.00    23      0.00      0.00       0       0   0.00     -1.00     -1.00     -1.00       0  migration/23
01:51:34 PM  1000      9066    0.00    1.00    0.00    0.00    1.00     2      0.00      0.00  958328    8840   0.03      0.00      0.00      0.00       0  Omniverse Hub
01:51:34 PM     0     16649    0.00    1.00    0.00    0.00    1.00    17      0.00      0.00       0       0   0.00     -1.00     -1.00     -1.00       0  kworker/17:0-events
01:51:34 PM     0     27984    0.00    1.00    0.00    0.00    1.00     0      0.00      0.00       0       0   0.00     -1.00     -1.00     -1.00       0  kworker/u128:13-pm
01:51:34 PM  1000    125786    1.00    5.00    0.00    0.00    6.00     1      0.00      0.00   17752   10824   0.03      0.00      0.00      0.00       0  htop
01:51:34 PM     0    130120    0.00    1.00    0.00    0.00    1.00    16      0.00      0.00       0       0   0.00     -1.00     -1.00     -1.00       0  kworker/16:1-events
01:51:34 PM   120    179843    2.00    0.00    0.00    0.00    2.00     5     50.00      0.00 4031472  249168   0.77     -1.00     -1.00     -1.00       0  gnome-shell
01:51:34 PM  1000    180331    1.00    1.00    0.00    0.00    2.00     1      0.00      0.00  336828   21156   0.06      0.00      0.00      0.00       0  nvidia-smi
01:51:34 PM  1000    180332    0.00    1.00    0.00    0.00    1.00    17      0.00      0.00    8916    2200   0.01      0.00      4.00      0.00       0  mpstat
01:51:34 PM  1000    180333    0.00    1.00    0.00    0.00    1.00     3      0.00      0.00   13648    6812   0.02      0.00      4.00      0.00       0  pidstat
01:51:34 PM  1000    180336  103.00    2.00    0.00    0.00  105.00    12   2252.00      0.00 64768056 6156868  18.91      0.00      0.00      0.00       0  python
01:51:34 PM  1000    180387   45.00   10.00    0.00    0.00   55.00    12  36755.00      0.00 64029468 3675024  11.29      0.00      0.00      0.00       0  pt_data_worker
01:51:34 PM  1000    180388   88.00   17.00    0.00    0.00  105.00     5 112092.00      0.00 64070440 3738732  11.48      0.00      0.00      0.00       0  pt_data_worker
01:51:34 PM  1000    180389  115.00   26.00    0.00    0.00  141.00    18 157419.00      0.00 64303392 3952160  12.14      0.00      0.00      0.00       0  pt_data_worker
01:51:34 PM  1000    180390  117.00   27.00    0.00    0.00  144.00    28 167338.00      0.00 64183408 3828128  11.76      0.00      0.00      0.00       0  pt_data_worker
01:51:34 PM  1000    180391  124.00   29.00    0.00    0.00  153.00     6 193049.00      0.00 64404176 3835532  11.78      0.00      0.00      0.00       0  pt_data_worker
01:51:34 PM  1000    180392  105.00   23.00    0.00    0.00  128.00     4 124410.00      0.00 64095064 3733244  11.47      0.00      0.00      0.00       0  pt_data_worker
01:51:34 PM  1000    180393  101.00   25.00    0.00    0.00  126.00     9 135993.00      0.00 64095076 3740332  11.49      0.00      0.00      0.00       0  pt_data_worker
01:51:34 PM  1000    180394  131.00   26.00    0.00    0.00  157.00     8 219558.00      0.00 64301652 3818548  11.73      0.00      0.00      0.00       0  pt_data_worker
01:51:34 PM  1000    180395   64.00   17.00    0.00    0.00   81.00     4  82288.00      0.00 64029564 3675564  11.29      0.00      0.00      0.00       0  pt_data_worker
01:51:34 PM  1000    180396   86.00   19.00    0.00    0.00  105.00    25 138033.00      0.00 64070536 3678536  11.30      0.00      0.00      0.00       0  pt_data_worker
01:51:34 PM  1000    180397   88.00   22.00    0.00    0.00  110.00    25 132678.00      0.00 64070548 3720204  11.43      0.00      0.00      0.00       0  pt_data_worker
01:51:34 PM  1000    180398  116.00   33.00    0.00    0.00  149.00    18 207144.00      0.00 64070560 3718000  11.42      0.00      0.00      0.00       0  pt_data_worker
01:51:34 PM  1000    180399  121.00   32.00    0.00    0.00  153.00    31 186358.00      0.00 64005036 3653860  11.22      0.00      0.00      0.00       0  pt_data_worker
01:51:34 PM  1000    180400   59.00   15.00    0.00    0.00   74.00    12  80691.00      0.00 64095160 3738480  11.48      0.00      0.00      0.00       0  pt_data_worker
01:51:34 PM  1000    180401  110.00   30.00    0.00    0.00  140.00     4 162661.00      0.00 64158964 3807628  11.69      0.00      0.00      0.00       0  pt_data_worker
01:51:34 PM  1000    180402  102.00   25.00    0.00    0.00  127.00    16 161333.00      0.00 64005072 3670188  11.27      0.00      0.00      0.00       0  pt_data_worker

# Time        UID       PID    %usr %system  %guest   %wait    %CPU   CPU  minflt/s  majflt/s     VSZ     RSS   %MEM   kB_rd/s   kB_wr/s kB_ccwr/s iodelay  Command
01:51:35 PM  1000    125786    0.00    3.00    0.00    0.00    3.00     8      0.00      0.00   17752   10824   0.03      0.00      0.00      0.00       0  htop
01:51:35 PM  1000    180331    0.00    1.00    0.00    0.00    1.00     2      0.00      0.00  336828   21156   0.06      0.00      0.00      0.00       0  nvidia-smi
01:51:35 PM  1000    180332    0.00    0.00    0.00    0.00    0.00    17      0.00      0.00    8916    2200   0.01      0.00      4.00      0.00       0  mpstat
01:51:35 PM  1000    180333    0.00    1.00    0.00    0.00    1.00     3      0.00      0.00   13648    6812   0.02      0.00      4.00      0.00       0  pidstat
01:51:35 PM  1000    180335    0.00    0.00    0.00    0.00    0.00    14      0.00      0.00    8632    1748   0.01      0.00      4.00      0.00       0  tee
01:51:35 PM  1000    180336  102.00    2.00    0.00    0.00  104.00     8   2779.00      0.00 64768056 6156956  18.91      0.00      0.00      0.00       0  python
01:51:35 PM  1000    180387    2.00    4.00    0.00    0.00    6.00     8  24874.00      0.00 64029468 3675296  11.29      0.00      0.00      0.00       0  pt_data_worker
01:51:35 PM  1000    180388    2.00    3.00    0.00    0.00    5.00     9  17202.00      0.00 64070440 3738848  11.48      0.00      0.00      0.00       0  pt_data_worker
01:51:35 PM  1000    180389   26.00    8.00    0.00    0.00   34.00     2  57761.00      0.00 64203940 3840524  11.80      0.00      0.00      0.00       0  pt_data_worker
01:51:35 PM  1000    180390   20.00    6.00    0.00    0.00   26.00    28  42334.00      0.00 64029504 3674308  11.28      0.00      0.00      0.00       0  pt_data_worker
01:51:35 PM  1000    180391   33.00    8.00    0.00    0.00   41.00     6  78227.00      0.00 64029516 3675072  11.29      0.00      0.00      0.00       0  pt_data_worker
01:51:35 PM  1000    180394   23.00    6.00    0.00    0.00   29.00     8  50321.00      0.00 64004976 3652868  11.22      0.00      0.00      0.00       0  pt_data_worker
01:51:35 PM  1000    180400    3.00    3.00    0.00    0.00    6.00    20  17126.00      0.00 64095160 3738536  11.48      0.00      0.00      0.00       0  pt_data_worker
01:51:35 PM  1000    180401   29.00    7.00    0.00    0.00   36.00    15  59919.00      0.00 64005060 3654368  11.22      0.00      0.00      0.00       0  pt_data_worker
01:51:35 PM  1000    180402    3.00    2.00    0.00    0.00    5.00     6  21334.00      0.00 64005072 3670192  11.27      0.00      0.00      0.00       0  pt_data_worker

# Time        UID       PID    %usr %system  %guest   %wait    %CPU   CPU  minflt/s  majflt/s     VSZ     RSS   %MEM   kB_rd/s   kB_wr/s kB_ccwr/s iodelay  Command
01:51:36 PM     0      1483    0.00    1.00    0.00    0.00    1.00    10      0.00      0.00 1360300   29784   0.09     -1.00     -1.00     -1.00       0  tailscaled
01:51:36 PM  1000    180331    0.00    1.00    0.00    0.00    1.00     1      0.00      0.00  336828   21156   0.06      0.00      0.00      0.00       0  nvidia-smi
01:51:36 PM  1000    180333    0.00    0.00    0.00    0.00    0.00     3      0.00      0.00   13648    6812   0.02      0.00      4.00      0.00       0  pidstat
01:51:36 PM  1000    180335    0.00    0.00    0.00    0.00    0.00    14      0.00      0.00    8632    1748   0.01      0.00      4.00      0.00       0  tee
01:51:36 PM  1000    180336  102.00    2.00    0.00    0.00  104.00     8   3334.00      0.00 64768056 6156832  18.91      0.00      0.00      0.00       0  python
01:51:36 PM  1000    180389    0.00    1.00    0.00    0.00    1.00     2   2964.00      0.00 64135988 3784748  11.62      0.00      0.00      0.00       0  pt_data_worker
01:51:36 PM  1000    180390    3.00    2.00    0.00    0.00    5.00     0  17108.00      0.00 64029504 3674368  11.29      0.00      0.00      0.00       0  pt_data_worker
01:51:36 PM  1000    180391    3.00    2.00    0.00    0.00    5.00    10  17184.00      0.00 64029516 3674764  11.29      0.00      0.00      0.00       0  pt_data_worker
01:51:36 PM  1000    180392    3.00    2.00    0.00    0.00    5.00    10  17101.00      0.00 64095064 3733444  11.47      0.00      0.00      0.00       0  pt_data_worker
01:51:36 PM  1000    180393    4.00    3.00    0.00    0.00    7.00     2  21406.00      0.00 64095076 3740504  11.49      0.00      0.00      0.00       0  pt_data_worker
01:51:36 PM  1000    180394    3.00    2.00    0.00    0.00    5.00    11  17231.00      0.00 64004976 3653504  11.22      0.00      0.00      0.00       0  pt_data_worker

# Time        UID       PID    %usr %system  %guest   %wait    %CPU   CPU  minflt/s  majflt/s     VSZ     RSS   %MEM   kB_rd/s   kB_wr/s kB_ccwr/s iodelay  Command
01:51:37 PM     0      1483    1.00    0.00    0.00    0.00    1.00    21      1.00      0.00 1360300   29784   0.09     -1.00     -1.00     -1.00       0  tailscaled
01:51:37 PM  1000    125786    1.00    3.00    0.00    0.00    4.00     8      0.00      0.00   17752   10824   0.03      0.00      0.00      0.00       0  htop
01:51:37 PM  1000    180331    0.00    1.00    0.00    0.00    1.00     1      0.00      0.00  336828   21156   0.06      0.00      0.00      0.00       0  nvidia-smi
01:51:37 PM  1000    180332    0.00    0.00    0.00    0.00    0.00    17      0.00      0.00    8916    2200   0.01      0.00      4.00      0.00       0  mpstat
01:51:37 PM  1000    180333    1.00    1.00    0.00    0.00    2.00     3      0.00      0.00   13648    6812   0.02      0.00      4.00      0.00       0  pidstat
01:51:37 PM  1000    180336  101.00    1.00    0.00    0.00  102.00    10   2755.00      0.00 64768056 6156896  18.91      0.00      0.00      0.00       0  python
01:51:37 PM  1000    180395    5.00    2.00    0.00    0.00    7.00     5  17160.00      0.00 64029564 3675636  11.29      0.00      0.00      0.00       0  pt_data_worker
01:51:37 PM  1000    180396    2.00    2.00    0.00    0.00    4.00    30  19559.00      0.00 64070536 3678876  11.30      0.00      0.00      0.00       0  pt_data_worker
01:51:37 PM  1000    180397    4.00    2.00    0.00    0.00    6.00    11  19548.00      0.00 64070548 3720460  11.43      0.00      0.00      0.00       0  pt_data_worker
01:51:37 PM  1000    180398    4.00    2.00    0.00    0.00    6.00     8  17231.00      0.00 64070560 3718728  11.42      0.00      0.00      0.00       0  pt_data_worker
01:51:37 PM  1000    180399    3.00    2.00    0.00    0.00    5.00     2  17182.00      0.00 64005036 3654156  11.22      0.00      0.00      0.00       0  pt_data_worker
01:51:37 PM  1000    180400    1.00    0.00    0.00    0.00    1.00     8     23.00      0.00 64095160 3738536  11.48      0.00      0.00      0.00       0  pt_data_worker

# Time        UID       PID    %usr %system  %guest   %wait    %CPU   CPU  minflt/s  majflt/s     VSZ     RSS   %MEM   kB_rd/s   kB_wr/s kB_ccwr/s iodelay  Command
01:51:38 PM     0      1483    0.00    0.00    0.00    0.00    0.00    13     93.00     43.00 1360300   31708   0.10     -1.00     -1.00     -1.00       0  tailscaled
01:51:38 PM     0     56010    0.00    1.00    0.00    0.00    1.00    13      0.00      0.00       0       0   0.00     -1.00     -1.00     -1.00       0  kworker/13:2-mm_percpu_wq
01:51:38 PM  1000    125786    1.00    2.00    0.00    0.00    3.00     8      0.00      0.00   17752   10824   0.03      0.00      0.00      0.00       0  htop
01:51:38 PM  1000    180331    0.00    2.00    0.00    0.00    2.00     1      0.00      0.00  336828   21156   0.06      0.00      0.00      0.00       0  nvidia-smi
01:51:38 PM  1000    180332    0.00    0.00    0.00    0.00    0.00    17      0.00      0.00    8916    2200   0.01      0.00      4.00      0.00       0  mpstat
01:51:38 PM  1000    180336  102.00    2.00    0.00    0.00  104.00    20   3311.00      0.00 64768056 6156900  18.91      0.00      0.00      0.00       0  python
01:51:38 PM  1000    180387    2.00    3.00    0.00    0.00    5.00     8  20591.00      0.00 64029468 3675292  11.29      0.00      0.00      0.00       0  pt_data_worker
01:51:38 PM  1000    180388    3.00    2.00    0.00    0.00    5.00     9  18233.00      0.00 64070440 3739104  11.48      0.00      0.00      0.00       0  pt_data_worker
01:51:38 PM  1000    180389    5.00    1.00    0.00    0.00    6.00     7  17113.00      0.00 64135988 3784560  11.62      0.00      0.00      0.00       0  pt_data_worker
01:51:38 PM  1000    180400    2.00    2.00    0.00    0.00    4.00    16  17194.00      0.00 64095160 3738960  11.48      0.00      0.00      0.00       0  pt_data_worker
01:51:38 PM  1000    180401    2.00    2.00    0.00    0.00    4.00     9  17174.00      0.00 64005060 3654616  11.22      0.00      0.00      0.00       0  pt_data_worker
01:51:38 PM  1000    180402    4.00    2.00    0.00    0.00    6.00     0  17155.00      0.00 64005072 3669932  11.27      0.00      0.00      0.00       0  pt_data_worker

# Time        UID       PID    %usr %system  %guest   %wait    %CPU   CPU  minflt/s  majflt/s     VSZ     RSS   %MEM   kB_rd/s   kB_wr/s kB_ccwr/s iodelay  Command
01:51:39 PM     0      1483    1.00    0.00    0.00    0.00    1.00    22      1.00      1.00 1360300   31708   0.10     -1.00     -1.00     -1.00       0  tailscaled
01:51:39 PM  1000      6390    0.00    0.00    0.00    0.00    0.00     8      6.00      0.00   16396    8080   0.02      0.00      0.00      0.00       0  zsh
01:51:39 PM  1000    180331    0.00    1.00    0.00    0.00    1.00     1      0.00      0.00  336828   21156   0.06      0.00      0.00      0.00       0  nvidia-smi
01:51:39 PM  1000    180332    0.00    0.00    0.00    0.00    0.00    17      0.00      0.00    8916    2200   0.01      0.00      4.00      0.00       0  mpstat
01:51:39 PM  1000    180333    0.00    1.00    0.00    0.00    1.00    10      0.00      0.00   13648    6812   0.02      0.00      4.00      0.00       0  pidstat
01:51:39 PM  1000    180336  102.00    2.00    0.00    0.00  104.00     8   2762.00      0.00 64768056 6156900  18.91      0.00      0.00      0.00       0  python
01:51:39 PM  1000    180390    2.00    2.00    0.00    0.00    4.00     8  17220.00      0.00 64029504 3674752  11.29      0.00      0.00      0.00       0  pt_data_worker
01:51:39 PM  1000    180391    2.00    2.00    0.00    0.00    4.00     8  18269.00      0.00 64029516 3675104  11.29      0.00      0.00      0.00       0  pt_data_worker
01:51:39 PM  1000    180392    2.00    2.00    0.00    0.00    4.00     8  17110.00      0.00 64095064 3733504  11.47      0.00      0.00      0.00       0  pt_data_worker
01:51:39 PM  1000    180393    3.00    2.00    0.00    0.00    5.00     7  17150.00      0.00 64095076 3740504  11.49      0.00      0.00      0.00       0  pt_data_worker
01:51:39 PM  1000    180394    2.00    2.00    0.00    0.00    4.00    11  17202.00      0.00 64004976 3653768  11.22      0.00      0.00      0.00       0  pt_data_worker

# Time        UID       PID    %usr %system  %guest   %wait    %CPU   CPU  minflt/s  majflt/s     VSZ     RSS   %MEM   kB_rd/s   kB_wr/s kB_ccwr/s iodelay  Command
01:51:40 PM  1000    125786    0.00    4.00    0.00    0.00    4.00     8      0.00      0.00   17752   10824   0.03      0.00      0.00      0.00       0  htop
01:51:40 PM  1000    180331    0.00    2.00    0.00    0.00    2.00    16      0.00      0.00  336828   21156   0.06      0.00      0.00      0.00       0  nvidia-smi
01:51:40 PM  1000    180332    0.00    0.00    0.00    0.00    0.00    17      0.00      0.00    8916    2200   0.01      0.00      4.00      0.00       0  mpstat
01:51:40 PM  1000    180333    0.00    1.00    0.00    0.00    1.00    10      0.00      0.00   13648    6812   0.02      0.00      0.00      0.00       0  pidstat
01:51:40 PM  1000    180335    0.00    0.00    0.00    0.00    0.00    14      0.00      0.00    8632    1748   0.01      0.00      4.00      0.00       0  tee
01:51:40 PM  1000    180336  102.00    1.00    0.00    0.00  103.00    11   3306.00      0.00 64768056 6156704  18.91      0.00      0.00      0.00       0  python
01:51:40 PM  1000    180395    2.00    2.00    0.00    0.00    4.00     5  17183.00      0.00 64029564 3675636  11.29      0.00      0.00      0.00       0  pt_data_worker
01:51:40 PM  1000    180396    3.00    2.00    0.00    0.00    5.00    11  19522.00      0.00 64070536 3678616  11.30      0.00      0.00      0.00       0  pt_data_worker
01:51:40 PM  1000    180397    3.00    2.00    0.00    0.00    5.00     3  19540.00      0.00 64070548 3720980  11.43      0.00      0.00      0.00       0  pt_data_worker
01:51:40 PM  1000    180398    2.00    1.00    0.00    0.00    3.00     8  17226.00      0.00 64070560 3718984  11.42      0.00      0.00      0.00       0  pt_data_worker
01:51:40 PM  1000    180399    3.00    2.00    0.00    0.00    5.00     4  17207.00      0.00 64005036 3654408  11.22      0.00      0.00      0.00       0  pt_data_worker
01:51:40 PM  1000    180400    3.00    2.00    0.00    0.00    5.00    12  17187.00      0.00 64095160 3738960  11.48      0.00      0.00      0.00       0  pt_data_worker

# Time        UID       PID    %usr %system  %guest   %wait    %CPU   CPU  minflt/s  majflt/s     VSZ     RSS   %MEM   kB_rd/s   kB_wr/s kB_ccwr/s iodelay  Command
01:51:41 PM     0       974    0.00    1.00    0.00    0.00    1.00    16      0.00      0.00       0       0   0.00     -1.00     -1.00     -1.00       0  nvidia-modeset/kthread_q
01:51:41 PM     0      1483    0.00    1.00    0.00    0.00    1.00     8      0.00      0.00 1360300   31708   0.10     -1.00     -1.00     -1.00       0  tailscaled
01:51:41 PM  1000    125786    1.00    2.00    0.00    0.00    3.00     8      0.00      0.00   17752   10824   0.03      0.00      0.00      0.00       0  htop
01:51:41 PM  1000    180331    1.00    1.00    0.00    0.00    2.00     2      0.00      0.00  336828   21156   0.06      0.00      0.00      0.00       0  nvidia-smi
01:51:41 PM  1000    180333    1.00    0.00    0.00    0.00    1.00    10      0.00      0.00   13648    6812   0.02      0.00      4.00      0.00       0  pidstat
01:51:41 PM  1000    180336  102.00    2.00    0.00    0.00  104.00    11   2760.00      0.00 64768056 6156704  18.91      0.00      0.00      0.00       0  python
01:51:41 PM  1000    180387    3.00    2.00    0.00    0.00    5.00     8  20632.00      0.00 64029468 3675412  11.29      0.00      0.00      0.00       0  pt_data_worker
01:51:41 PM  1000    180388    2.00    2.00    0.00    0.00    4.00     9  18220.00      0.00 64070440 3739104  11.48      0.00      0.00      0.00       0  pt_data_worker
01:51:41 PM  1000    180389    2.00    2.00    0.00    0.00    4.00     2  17165.00      0.00 64135988 3785068  11.63      0.00      0.00      0.00       0  pt_data_worker
01:51:41 PM  1000    180401    2.00    2.00    0.00    0.00    4.00     9  17127.00      0.00 64005060 3654612  11.22      0.00      0.00      0.00       0  pt_data_worker
01:51:41 PM  1000    180402    5.00    3.00    0.00    0.00    8.00     6  17122.00      0.00 64005072 3669988  11.27      0.00      0.00      0.00       0  pt_data_worker

# Time        UID       PID    %usr %system  %guest   %wait    %CPU   CPU  minflt/s  majflt/s     VSZ     RSS   %MEM   kB_rd/s   kB_wr/s kB_ccwr/s iodelay  Command
01:51:42 PM  1000    180328    0.00    1.00    0.00    0.00    1.00     6      0.00      0.00   15344    6636   0.02     -1.00     -1.00     -1.00       0  sshd
01:51:42 PM  1000    180331    0.00    1.00    0.00    0.00    1.00     4      0.00      0.00  336828   21156   0.06      0.00      0.00      0.00       0  nvidia-smi
01:51:42 PM  1000    180332    0.00    0.00    0.00    0.00    0.00    17      0.00      0.00    8916    2200   0.01      0.00      4.00      0.00       0  mpstat
01:51:42 PM  1000    180333    0.00    1.00    0.00    0.00    1.00    10      0.00      0.00   13648    6812   0.02      0.00      0.00      0.00       0  pidstat
01:51:42 PM  1000    180336  102.00    1.00    0.00    0.00  103.00    11   2761.00      0.00 64768056 6156704  18.91      0.00      0.00      0.00       0  python
01:51:42 PM  1000    180390    3.00    2.00    0.00    0.00    5.00     8  17131.00      0.00 64029504 3675020  11.29      0.00      0.00      0.00       0  pt_data_worker
01:51:42 PM  1000    180391    3.00    2.00    0.00    0.00    5.00     8  18198.00      0.00 64029516 3675104  11.29      0.00      0.00      0.00       0  pt_data_worker
01:51:42 PM  1000    180392    3.00    2.00    0.00    0.00    5.00    17  17148.00      0.00 64095064 3734040  11.47      0.00      0.00      0.00       0  pt_data_worker
01:51:42 PM  1000    180393    3.00    1.00    0.00    0.00    4.00     2  17173.00      0.00 64095076 3741240  11.49      0.00      0.00      0.00       0  pt_data_worker
01:51:42 PM  1000    180394    3.00    2.00    0.00    0.00    5.00    24  17132.00      0.00 64004976 3653768  11.22      0.00      0.00      0.00       0  pt_data_worker
01:51:42 PM  1000    180395    2.00    0.00    0.00    0.00    2.00    23      0.00      0.00 64029564 3675636  11.29      0.00      0.00      0.00       0  pt_data_worker

# Time        UID       PID    %usr %system  %guest   %wait    %CPU   CPU  minflt/s  majflt/s     VSZ     RSS   %MEM   kB_rd/s   kB_wr/s kB_ccwr/s iodelay  Command
01:51:43 PM     0      7432    0.00    1.00    0.00    0.00    1.00    27      0.00      0.00       0       0   0.00     -1.00     -1.00     -1.00       0  kworker/27:0-mm_percpu_wq
01:51:43 PM  1000    125650    0.00    1.00    0.00    0.00    1.00    23      0.00      0.00   15344    6156   0.02     -1.00     -1.00     -1.00       0  sshd
01:51:43 PM  1000    125786    1.00    3.00    0.00    0.00    4.00     8      0.00      0.00   17752   10824   0.03      0.00      0.00      0.00       0  htop
01:51:43 PM  1000    180331    0.00    1.00    0.00    0.00    1.00     4      0.00      0.00  336828   21156   0.06      0.00      0.00      0.00       0  nvidia-smi
01:51:43 PM  1000    180332    0.00    0.00    0.00    0.00    0.00     2      0.00      0.00    8916    2200   0.01      0.00      4.00      0.00       0  mpstat
01:51:43 PM  1000    180333    0.00    0.00    0.00    0.00    0.00    12      0.00      0.00   13648    6812   0.02      0.00      4.00      0.00       0  pidstat
01:51:43 PM  1000    180336  102.00    2.00    0.00    0.00  104.00    10   3303.00      0.00 64768056 6156704  18.91      0.00      0.00      0.00       0  python
01:51:43 PM  1000    180395    2.00    2.00    0.00    0.00    4.00     2  17153.00      0.00 64029564 3675888  11.29      0.00      0.00      0.00       0  pt_data_worker
01:51:43 PM  1000    180396    2.00    2.00    0.00    0.00    4.00     2  19489.00      0.00 64070536 3678524  11.30      0.00      0.00      0.00       0  pt_data_worker
01:51:43 PM  1000    180397    4.00    3.00    0.00    0.00    7.00     3  19465.00      0.00 64070548 3720976  11.43      0.00      0.00      0.00       0  pt_data_worker
01:51:43 PM  1000    180398    3.00    3.00    0.00    0.00    6.00     8  17168.00      0.00 64070560 3719592  11.42      0.00      0.00      0.00       0  pt_data_worker
01:51:43 PM  1000    180399    2.00    2.00    0.00    0.00    4.00     2  17163.00      0.00 64005036 3654404  11.22      0.00      0.00      0.00       0  pt_data_worker
01:51:43 PM  1000    180400    3.00    1.00    0.00    0.00    4.00     8  17127.00      0.00 64095160 3739216  11.48      0.00      0.00      0.00       0  pt_data_worker

# Time        UID       PID    %usr %system  %guest   %wait    %CPU   CPU  minflt/s  majflt/s     VSZ     RSS   %MEM   kB_rd/s   kB_wr/s kB_ccwr/s iodelay  Command
01:51:44 PM     0      1483    1.00    0.00    0.00    0.00    1.00     8      0.00      0.00 1360300   31708   0.10     -1.00     -1.00     -1.00       0  tailscaled
01:51:44 PM     0     14274    0.00    1.00    0.00    0.00    1.00    10      0.00      0.00       0       0   0.00     -1.00     -1.00     -1.00       0  kworker/10:0-events
01:51:44 PM  1000    125786    0.00    3.00    0.00    0.00    3.00     8      0.00      0.00   17752   10824   0.03      0.00      0.00      0.00       0  htop
01:51:44 PM  1000    180331    0.00    2.00    0.00    0.00    2.00     2      0.00      0.00  336828   21156   0.06      0.00      0.00      0.00       0  nvidia-smi
01:51:44 PM  1000    180332    0.00    0.00    0.00    0.00    0.00     2      0.00      0.00    8916    2200   0.01      0.00      4.00      0.00       0  mpstat
01:51:44 PM  1000    180333    1.00    0.00    0.00    0.00    1.00     8      0.00      0.00   13648    6812   0.02      0.00      0.00      0.00       0  pidstat
01:51:44 PM  1000    180336  101.00    2.00    0.00    1.00  103.00    11   2751.00      0.00 64768056 6156700  18.91      0.00      0.00      0.00       0  python
01:51:44 PM  1000    180387    2.00    2.00    0.00    0.00    4.00    18  19533.00      0.00 64029468 3675668  11.29      0.00      0.00      0.00       0  pt_data_worker
01:51:44 PM  1000    180388    2.00    3.00    0.00    0.00    5.00     9  18230.00      0.00 64070440 3739104  11.48      0.00      0.00      0.00       0  pt_data_worker
01:51:44 PM  1000    180389    3.00    2.00    0.00    0.00    5.00     2  17130.00      0.00 64135988 3785324  11.63      0.00      0.00      0.00       0  pt_data_worker
01:51:44 PM  1000    180401    3.00    2.00    0.00    0.00    5.00     9  17201.00      0.00 64005060 3654880  11.23      0.00      0.00      0.00       0  pt_data_worker
01:51:44 PM  1000    180402    4.00    2.00    0.00    0.00    6.00    25  17084.00      0.00 64005072 3670232  11.27      0.00      0.00      0.00       0  pt_data_worker

# Time        UID       PID    %usr %system  %guest   %wait    %CPU   CPU  minflt/s  majflt/s     VSZ     RSS   %MEM   kB_rd/s   kB_wr/s kB_ccwr/s iodelay  Command
01:51:45 PM     0         1    0.00    0.00    0.00    0.00    0.00     0      2.00      0.00   23212    9680   0.03     -1.00     -1.00     -1.00       0  systemd
01:51:45 PM  1000    180331    1.00    1.00    0.00    0.00    2.00     2      0.00      0.00  336828   21156   0.06      0.00      0.00      0.00       0  nvidia-smi
01:51:45 PM  1000    180332    0.00    0.00    0.00    0.00    0.00     2      0.00      0.00    8916    2200   0.01      0.00      4.00      0.00       0  mpstat
01:51:45 PM  1000    180333    0.00    1.00    0.00    0.00    1.00     8      0.00      0.00   13648    6812   0.02      0.00      4.00      0.00       0  pidstat
01:51:45 PM  1000    180335    0.00    0.00    0.00    0.00    0.00    14      0.00      0.00    8632    1748   0.01      0.00      4.00      0.00       0  tee
01:51:45 PM  1000    180336  102.00    1.00    0.00    0.00  103.00    11   3311.00      0.00 64768056 6156700  18.91      0.00      0.00      0.00       0  python
01:51:45 PM  1000    180390    3.00    2.00    0.00    0.00    5.00     2  17083.00      0.00 64029504 3675020  11.29      0.00      0.00      0.00       0  pt_data_worker
01:51:45 PM  1000    180391    3.00    2.00    0.00    0.00    5.00     4  18258.00      0.00 64029516 3675380  11.29      0.00      0.00      0.00       0  pt_data_worker
01:51:45 PM  1000    180392    2.00    2.00    0.00    0.00    4.00     4  17176.00      0.00 64095064 3734044  11.47      0.00      0.00      0.00       0  pt_data_worker
01:51:45 PM  1000    180393    2.00    3.00    0.00    0.00    5.00     2  17084.00      0.00 64095076 3741252  11.49      0.00      0.00      0.00       0  pt_data_worker
01:51:45 PM  1000    180394    2.00    2.00    0.00    0.00    4.00     8  17102.00      0.00 64004976 3653744  11.22      0.00      0.00      0.00       0  pt_data_worker
01:51:45 PM  1000    180395    3.00    2.00    0.00    0.00    5.00     8  17118.00      0.00 64029564 3675932  11.29      0.00      0.00      0.00       0  pt_data_worker

# Time        UID       PID    %usr %system  %guest   %wait    %CPU   CPU  minflt/s  majflt/s     VSZ     RSS   %MEM   kB_rd/s   kB_wr/s kB_ccwr/s iodelay  Command
01:51:46 PM     0        15    0.00    1.00    0.00    0.00    1.00     7      0.00      0.00       0       0   0.00     -1.00     -1.00     -1.00       0  rcu_preempt
01:51:46 PM     0      1483    0.00    0.00    0.00    0.00    0.00     8      0.00      4.00 1360300   31708   0.10     -1.00     -1.00     -1.00       0  tailscaled
01:51:46 PM  1000    125786    1.00    3.00    0.00    0.00    4.00     8      0.00      0.00   17752   10824   0.03      0.00      0.00      0.00       0  htop
01:51:46 PM  1000    180328    0.00    0.00    0.00    0.00    0.00     6      8.00      0.00   15344    6636   0.02     -1.00     -1.00     -1.00       0  sshd
01:51:46 PM  1000    180331    0.00    2.00    0.00    0.00    2.00     2      0.00      0.00  336828   21156   0.06      0.00      4.00      0.00       0  nvidia-smi
01:51:46 PM  1000    180335    0.00    0.00    0.00    0.00    0.00    14      0.00      0.00    8632    1748   0.01      0.00      8.00      0.00       0  tee
01:51:46 PM  1000    180336  101.00    2.00    0.00    0.00  103.00    10   2751.00      0.00 64768056 6156832  18.91      0.00      0.00      0.00       0  python
01:51:46 PM  1000    180396    3.00    2.00    0.00    0.00    5.00     5  18854.00      0.00 64070536 3678784  11.30      0.00      0.00      0.00       0  pt_data_worker
01:51:46 PM  1000    180397    2.00    3.00    0.00    0.00    5.00     3  19467.00      0.00 64070548 3721292  11.43      0.00      0.00      0.00       0  pt_data_worker
01:51:46 PM  1000    180398    3.00    2.00    0.00    0.00    5.00     8  17101.00      0.00 64070560 3720040  11.43      0.00      0.00      0.00       0  pt_data_worker
01:51:46 PM  1000    180399    4.00    1.00    0.00    0.00    5.00     4  17106.00      0.00 64005036 3654404  11.22      0.00      0.00      0.00       0  pt_data_worker
01:51:46 PM  1000    180400    2.00    2.00    0.00    0.00    4.00    17  17121.00      0.00 64095160 3739220  11.48      0.00      0.00      0.00       0  pt_data_worker

# Time        UID       PID    %usr %system  %guest   %wait    %CPU   CPU  minflt/s  majflt/s     VSZ     RSS   %MEM   kB_rd/s   kB_wr/s kB_ccwr/s iodelay  Command
01:51:47 PM     0      1483    0.00    1.00    0.00    0.00    1.00     8      0.00      0.00 1360300   31708   0.10     -1.00     -1.00     -1.00       0  tailscaled
01:51:47 PM  1000    125786    1.00    3.00    0.00    0.00    4.00     8      0.00      0.00   17752   10824   0.03      0.00      0.00      0.00       0  htop
01:51:47 PM  1000    180332    0.00    0.00    0.00    0.00    0.00     2      0.00      0.00    8916    2200   0.01      0.00      4.00      0.00       0  mpstat
01:51:47 PM  1000    180333    1.00    1.00    0.00    0.00    2.00    12      0.00      0.00   13648    6812   0.02      0.00      4.00      0.00       0  pidstat
01:51:47 PM  1000    180336  102.00    1.00    0.00    0.00  103.00     8   2754.00      0.00 64768056 6156764  18.91      0.00      0.00      0.00       0  python
01:51:47 PM  1000    180387    2.00    3.00    0.00    0.00    5.00    19  19115.00      0.00 64029468 3675500  11.29      0.00      0.00      0.00       0  pt_data_worker
01:51:47 PM  1000    180388    5.00    1.00    0.00    0.00    6.00     9  18196.00      0.00 64070440 3739100  11.48      0.00      0.00      0.00       0  pt_data_worker
01:51:47 PM  1000    180389    2.00    2.00    0.00    1.00    4.00    24  17103.00      0.00 64135988 3785448  11.63      0.00      0.00      0.00       0  pt_data_worker
01:51:47 PM  1000    180390    2.00    1.00    0.00    0.00    3.00    10  13489.00      0.00 64097456 3728020  11.45      0.00      0.00      0.00       0  pt_data_worker
01:51:47 PM  1000    180401    2.00    2.00    0.00    0.00    4.00     9  17113.00      0.00 64005060 3655392  11.23      0.00      0.00      0.00       0  pt_data_worker
01:51:47 PM  1000    180402    4.00    2.00    0.00    0.00    6.00    11  17147.00      0.00 64005072 3669976  11.27      0.00      0.00      0.00       0  pt_data_worker

# Time        UID       PID    %usr %system  %guest   %wait    %CPU   CPU  minflt/s  majflt/s     VSZ     RSS   %MEM   kB_rd/s   kB_wr/s kB_ccwr/s iodelay  Command
01:51:48 PM     0      1483    0.00    0.00    0.00    0.00    0.00    16      0.00      1.00 1360300   31708   0.10     -1.00     -1.00     -1.00       0  tailscaled
01:51:48 PM  1000    180331    0.00    1.00    0.00    0.00    1.00     2      0.00      0.00  336828   21156   0.06      0.00      0.00      0.00       0  nvidia-smi
01:51:48 PM  1000    180332    0.00    0.00    0.00    0.00    0.00     2      0.00      0.00    8916    2200   0.01      0.00      4.00      0.00       0  mpstat
01:51:48 PM  1000    180336   41.00   60.00    0.00    0.00  101.00     8 692315.00      0.00 65990420 7379024  22.66      0.00      4.00      0.00       0  python
01:51:48 PM  1000    180390    1.00    1.00    0.00    0.00    2.00    10   3624.00      0.00 64029504 3675020  11.29      0.00      0.00      0.00       0  pt_data_worker

# Time        UID       PID    %usr %system  %guest   %wait    %CPU   CPU  minflt/s  majflt/s     VSZ     RSS   %MEM   kB_rd/s   kB_wr/s kB_ccwr/s iodelay  Command
01:51:49 PM     0       239    0.00    4.00    0.00    0.00    4.00    11      0.00      0.00       0       0   0.00     -1.00     -1.00     -1.00       0  kswapd0
01:51:49 PM     0      1483    0.00    0.00    0.00    0.00    0.00    20      6.00      9.00 1360300   31708   0.10     -1.00     -1.00     -1.00       0  tailscaled
01:51:49 PM  1000      6390    0.00    0.00    0.00    0.00    0.00    10      6.00      0.00   16396    8080   0.02      0.00      0.00      0.00       0  zsh
01:51:49 PM  1000    125786    0.00    4.00    0.00    0.00    4.00     5      0.00      0.00   17752   10824   0.03      0.00      0.00      0.00       0  htop
01:51:49 PM  1000    180331    0.00    1.00    0.00    0.00    1.00     2      0.00      0.00  336828   21156   0.06      0.00      0.00      0.00       0  nvidia-smi
01:51:49 PM  1000    180332    0.00    0.00    0.00    0.00    0.00     2      0.00      0.00    8916    2200   0.01      0.00      4.00      0.00       0  mpstat
01:51:49 PM  1000    180333    0.00    1.00    0.00    0.00    1.00    12      0.00      0.00   13648    6812   0.02      0.00      4.00      0.00       0  pidstat
01:51:49 PM  1000    180336   41.00   59.00    0.00    0.00  100.00     8 765812.00      0.00 68871964 10258512  31.51      0.00      0.00      0.00       0  python

# Time        UID       PID    %usr %system  %guest   %wait    %CPU   CPU  minflt/s  majflt/s     VSZ     RSS   %MEM   kB_rd/s   kB_wr/s kB_ccwr/s iodelay  Command
01:51:50 PM     0         1    0.00    0.00    0.00    0.00    0.00     0      0.00      0.00   23212    8912   0.03     -1.00     -1.00     -1.00       0  systemd
01:51:50 PM     0       219    0.00    5.83    0.00    0.00    5.83     8      0.00      0.00       0       0   0.00     -1.00     -1.00     -1.00       0  kcompactd0
01:51:50 PM     0       239    0.00   42.72    0.00    0.00   42.72    11      0.00      0.00       0       0   0.00     -1.00     -1.00     -1.00       0  kswapd0
01:51:50 PM     0       526    0.00    0.00    0.00    0.00    0.00     2      0.00      0.00   67880   17700   0.05     -1.00     -1.00     -1.00       0  systemd-journal
01:51:50 PM     0       583    0.00    0.00    0.00    0.00    0.00     2      0.00      0.00   30488    5040   0.02     -1.00     -1.00     -1.00       0  systemd-udevd
01:51:50 PM   990       942    0.00    0.00    0.00    0.00    0.00     2      3.88      2.91   17752    4500   0.01     -1.00     -1.00     -1.00       0  systemd-oomd
01:51:50 PM   991       958    0.00    0.00    0.00    0.00    0.00    12      0.00      0.00   22000    7496   0.02     -1.00     -1.00     -1.00       0  systemd-resolve
01:51:50 PM   108      1011    0.00    0.00    0.00    0.00    0.00    13      0.00      0.00    8768    3272   0.01     -1.00     -1.00     -1.00       0  avahi-daemon
01:51:50 PM     0      1012    0.00    0.00    0.00    0.00    0.00     8      0.00      0.00   13672    4328   0.01     -1.00     -1.00     -1.00       0  bluetoothd
01:51:50 PM   101      1013    0.00    0.00    0.00    0.00    0.00     7      0.00      0.00   12716    3632   0.01     -1.00     -1.00     -1.00       0  dbus-daemon
01:51:50 PM   988      1016    0.00    0.00    0.00    0.00    0.00    30      0.00      0.00  439232    6340   0.02     -1.00     -1.00     -1.00       0  gnome-remote-de
01:51:50 PM   987      1046    0.00    0.00    0.00    0.00    0.00    14      0.00      0.00  393036    9768   0.03     -1.00     -1.00     -1.00       0  polkitd
01:51:50 PM     0      1049    0.00    0.00    0.00    0.00    0.00     6      0.00      0.00  314008    4096   0.01     -1.00     -1.00     -1.00       0  accounts-daemon
01:51:50 PM     0      1052    0.00    0.00    0.00    0.00    0.00    29      0.00      0.00  310228    4456   0.01     -1.00     -1.00     -1.00       0  switcheroo-cont
01:51:50 PM     0      1054    0.00    0.00    0.00    0.00    0.00    19      0.00      0.00   18284    6308   0.02     -1.00     -1.00     -1.00       0  systemd-logind
01:51:50 PM     0      1055    0.00    0.00    0.00    0.00    0.00    10      5.83      0.00  425216    4800   0.01     -1.00     -1.00     -1.00       0  thermald
01:51:50 PM     0      1057    0.00    0.00    0.00    0.00    0.00    22      0.00      0.00  469964    6612   0.02     -1.00     -1.00     -1.00       0  udisksd
01:51:50 PM     0      1164    0.00    0.00    0.00    0.00    0.00     0      0.00      0.00  337032    8660   0.03     -1.00     -1.00     -1.00       0  NetworkManager
01:51:50 PM     0      1165    0.00    0.00    0.00    0.00    0.00     4      0.00      0.00   17400    3380   0.01     -1.00     -1.00     -1.00       0  wpa_supplicant
01:51:50 PM     0      1166    0.00    0.00    0.00    0.00    0.00    14      0.00      0.00  318400    6300   0.02     -1.00     -1.00     -1.00       0  ModemManager
01:51:50 PM     0      1478    0.00    0.00    0.00    0.00    0.00     2      0.00      0.00   38736    6364   0.02     -1.00     -1.00     -1.00       0  cupsd
01:51:50 PM     0      1483    0.97    0.00    0.00    0.00    0.97    20     42.72     52.43 1360300   22248   0.07     -1.00     -1.00     -1.00       0  tailscaled
01:51:50 PM     0      1493    0.00    0.00    0.00    0.00    0.00    16      0.00      0.00   12032    4056   0.01     -1.00     -1.00     -1.00       0  sshd
01:51:50 PM     0      1544    0.00    0.00    0.00    0.00    0.00    30      0.00      0.00  315268    5928   0.02     -1.00     -1.00     -1.00       0  gdm3
01:51:50 PM   117      1661    0.00    0.00    0.00    0.00    0.00     4      0.00      0.00   22956    3368   0.01     -1.00     -1.00     -1.00       0  rtkit-daemon
01:51:50 PM   115      1693    0.00    0.00    0.00    0.00    0.00    30      0.00      0.00  268520    5580   0.02     -1.00     -1.00     -1.00       0  cups-browsed
01:51:50 PM   106      1707    0.00    0.00    0.00    0.00    0.00    31      0.00      0.00   12760    1988   0.01     -1.00     -1.00     -1.00       0  kerneloops
01:51:50 PM   106      1721    0.00    0.00    0.00    0.00    0.00     6      0.00      0.00   12760    2012   0.01     -1.00     -1.00     -1.00       0  kerneloops
01:51:50 PM   118      1823    0.00    0.00    0.00    0.00    0.00     1      0.00      0.00  320664   10376   0.03     -1.00     -1.00     -1.00       0  colord
01:51:50 PM     0      1884    0.00    0.00    0.00    0.00    0.00    29      0.00      0.00  318804    7400   0.02     -1.00     -1.00     -1.00       0  upowerd
01:51:50 PM     0      2147    0.00    0.00    0.00    0.00    0.00    28      0.00      0.00  313860    5612   0.02     -1.00     -1.00     -1.00       0  power-profiles-
01:51:50 PM  1000      2216    0.00    0.00    0.00    0.00    0.00     7      0.00      0.00   21300    8392   0.03      0.00      0.00      0.00       0  systemd
01:51:50 PM  1000      2238    0.00    0.00    0.00    0.00    0.00    21      0.00      0.00  116488   13236   0.04      0.00      0.00      0.00       0  pipewire
01:51:50 PM  1000      2240    0.00    0.00    0.00    0.00    0.00     0      0.00      0.00  407808   12004   0.04      0.00      0.00      0.00       0  wireplumber
01:51:50 PM  1000      2242    0.00    0.00    0.00    0.00    0.00    22      0.00      0.00  128544   16704   0.05      0.00      0.00      0.00       0  pipewire-pulse
01:51:50 PM     0      3082    0.00    0.00    0.00    0.00    0.00    12      0.00      0.00  405836    8308   0.03     -1.00     -1.00     -1.00       0  fwupd
01:51:50 PM  1000      6390    0.00    0.00    0.00    0.00    0.00    10      0.00      0.00   16396    7824   0.02      0.00      0.00      0.00       0  zsh
01:51:50 PM  1000      6450    0.00    0.00    0.00    0.00    0.00     7      0.00      0.00   15312    2916   0.01      0.00      0.00      0.00       0  zsh
01:51:50 PM  1000      9066    0.00    0.00    0.00    0.00    0.00     2      0.00      5.83  958328    8328   0.03    454.37      0.00      0.00       0  Omniverse Hub
01:51:50 PM  1000    125650    0.00    0.00    0.00    0.00    0.00    23      0.00      0.00   15344    4876   0.01     -1.00     -1.00     -1.00       0  sshd
01:51:50 PM  1000    125717    0.00    0.00    0.00    0.00    0.00    19      0.00      0.00   14940    5124   0.02      0.00      0.00      0.00       0  zsh
01:51:50 PM  1000    125786    0.00    0.00    0.00    0.00    0.00     5      4.85      3.88   17752   10824   0.03    135.92      0.00      0.00       0  htop
01:51:50 PM     0    176712    0.00    0.00    0.00    0.00    0.00    27      0.00      0.00  375548   11424   0.04     -1.00     -1.00     -1.00       0  packagekitd
01:51:50 PM  1000    179682    0.00    0.00    0.00    0.00    0.00    30      0.00      0.00    9500    2652   0.01      0.00      0.00      0.00       0  dbus-daemon
01:51:50 PM     0    179708    0.00    0.00    0.00    0.00    0.00    27      0.00      0.00  242360    4268   0.01     -1.00     -1.00     -1.00       0  gdm-session-wor
01:51:50 PM   120    179758    0.00    0.00    0.00    0.00    0.00    21      0.00      0.00   20732    8200   0.03     -1.00     -1.00     -1.00       0  systemd
01:51:50 PM   120    179777    0.00    0.00    0.00    0.00    0.00    17      0.00      0.00  114624    8496   0.03     -1.00     -1.00     -1.00       0  pipewire
01:51:50 PM   120    179778    0.00    0.00    0.00    0.00    0.00    23      0.00      0.00   98076    3460   0.01     -1.00     -1.00     -1.00       0  pipewire
01:51:50 PM   120    179779    0.00    0.00    0.00    0.00    0.00     9      0.00      0.00  407656   12532   0.04     -1.00     -1.00     -1.00       0  wireplumber
01:51:50 PM   120    179780    0.00    0.00    0.00    0.00    0.00    12      0.00      0.00  110592    5304   0.02     -1.00     -1.00     -1.00       0  pipewire-pulse
01:51:50 PM   120    179781    0.00    0.00    0.00    0.00    0.00    27      0.00      0.00  236048    2408   0.01     -1.00     -1.00     -1.00       0  gdm-x-session
01:51:50 PM   120    179783    0.00    0.00    0.00    0.00    0.00    18      0.00      0.00 25994904   35376   0.11     -1.00     -1.00     -1.00       0  Xorg
01:51:50 PM   120    179784    0.00    0.00    0.00    0.00    0.00    20      0.00      0.00    9524    2596   0.01     -1.00     -1.00     -1.00       0  dbus-daemon
01:51:50 PM   120    179821    0.00    0.00    0.00    0.00    0.00    12      0.00      0.00    6516    1200   0.00     -1.00     -1.00     -1.00       0  dbus-run-sessio
01:51:50 PM   120    179822    0.00    0.00    0.00    0.00    0.00    26      0.00      0.00    9800    2884   0.01     -1.00     -1.00     -1.00       0  dbus-daemon
01:51:50 PM   120    179823    0.00    0.00    0.00    0.00    0.00    15      0.00      0.00  521084    6056   0.02     -1.00     -1.00     -1.00       0  gnome-session-b
01:51:50 PM   120    179826    0.00    0.00    0.00    0.00    0.00    17      0.00      0.00  383188    3328   0.01     -1.00     -1.00     -1.00       0  at-spi-bus-laun
01:51:50 PM   120    179832    0.00    0.00    0.00    0.00    0.00    22      0.00      0.00    9500    2664   0.01     -1.00     -1.00     -1.00       0  dbus-daemon
01:51:50 PM   120    179843    0.00    0.00    0.00    0.00    0.00     5      0.97      5.83 4031472  111956   0.34     -1.00     -1.00     -1.00       0  gnome-shell
01:51:50 PM   120    179864    0.00    0.00    0.00    0.00    0.00     2      0.00      0.00  837272   27500   0.08     -1.00     -1.00     -1.00       0  mutter-x11-fram
01:51:50 PM   120    179867    0.00    0.00    0.00    0.00    0.00     0      0.00      0.00  236060    3216   0.01     -1.00     -1.00     -1.00       0  at-spi2-registr
01:51:50 PM   120    179889    0.00    0.00    0.00    0.00    0.00     7      0.00      0.00  309644    2952   0.01     -1.00     -1.00     -1.00       0  xdg-permission-
01:51:50 PM   120    179902    0.00    0.00    0.00    0.00    0.00     5      0.00      0.00 2531944    8984   0.03     -1.00     -1.00     -1.00       0  gjs
01:51:50 PM   120    179912    0.00    0.00    0.00    0.00    0.00    14      0.00      0.00  543768    5228   0.02     -1.00     -1.00     -1.00       0  gsd-sharing
01:51:50 PM   120    179913    0.00    0.00    0.00    0.00    0.00     2      0.00      0.00  408768    4764   0.01     -1.00     -1.00     -1.00       0  gsd-wacom
01:51:50 PM   120    179918    0.00    0.00    0.00    0.00    0.00     9      0.00      0.00  409888    4536   0.01     -1.00     -1.00     -1.00       0  gsd-color
01:51:50 PM   120    179921    0.00    0.00    0.00    0.00    0.00     0      0.00      0.00  408232    3892   0.01     -1.00     -1.00     -1.00       0  gsd-keyboard
01:51:50 PM   120    179924    0.00    0.00    0.00    0.00    0.00    27      0.00      0.00  324100    4628   0.01     -1.00     -1.00     -1.00       0  gsd-print-notif
01:51:50 PM   120    179929    0.00    0.00    0.00    0.00    0.00    18      0.00      0.00  531420    3088   0.01     -1.00     -1.00     -1.00       0  gsd-rfkill
01:51:50 PM   120    179934    0.00    0.00    0.00    0.00    0.00    31      0.00      0.00  386388    2928   0.01     -1.00     -1.00     -1.00       0  gsd-smartcard
01:51:50 PM   120    179943    0.00    0.00    0.00    0.00    0.00    24      0.00      0.00  432240    5280   0.02     -1.00     -1.00     -1.00       0  gsd-datetime
01:51:50 PM   120    179951    0.00    0.00    0.00    0.00    0.00     6      0.00      0.00  591176    5428   0.02     -1.00     -1.00     -1.00       0  gsd-media-keys
01:51:50 PM   120    179955    0.00    0.00    0.00    0.00    0.00     3      0.00      0.00  309892    2640   0.01     -1.00     -1.00     -1.00       0  gsd-screensaver
01:51:50 PM   120    179958    0.00    0.00    0.00    0.00    0.00     6      0.00      0.00  394080    3656   0.01     -1.00     -1.00     -1.00       0  gsd-sound
01:51:50 PM   120    179964    0.00    0.00    0.00    0.00    0.00     5      0.00      0.00  384088    3012   0.01     -1.00     -1.00     -1.00       0  gsd-a11y-settin
01:51:50 PM   120    179974    0.00    0.00    0.00    0.00    0.00    15      0.00      0.00  459308    2988   0.01     -1.00     -1.00     -1.00       0  gsd-housekeepin
01:51:50 PM   120    179977    0.00    0.00    0.00    0.00    0.00     4      0.00      0.00  520544    6008   0.02     -1.00     -1.00     -1.00       0  gsd-power
01:51:50 PM   120    180004    0.00    0.00    0.00    0.00    0.00     8      0.00      0.00  389028    7460   0.02     -1.00     -1.00     -1.00       0  ibus-daemon
01:51:50 PM   120    180043    0.00    0.00    0.00    0.00    0.00    29      0.00      0.00  416580    5500   0.02     -1.00     -1.00     -1.00       0  gsd-printer
01:51:50 PM   120    180071    0.00    0.00    0.00    0.00    0.00    20      0.00      0.00  236980    3832   0.01     -1.00     -1.00     -1.00       0  ibus-memconf
01:51:50 PM   120    180075    0.00    0.00    0.00    0.00    0.00     3      0.00      0.00  261296    4880   0.01     -1.00     -1.00     -1.00       0  ibus-x11
01:51:50 PM   120    180078    0.00    0.00    0.00    0.00    0.00    23      0.00      0.00  310760    3492   0.01     -1.00     -1.00     -1.00       0  ibus-portal
01:51:50 PM   120    180102    0.00    0.00    0.00    0.00    0.00    16      0.00      0.00  236972    3764   0.01     -1.00     -1.00     -1.00       0  ibus-engine-sim
01:51:50 PM   120    180104    0.00    0.00    0.00    0.00    0.00     6      0.00      0.00 2531956    9272   0.03     -1.00     -1.00     -1.00       0  gjs
01:51:50 PM   120    180145    0.00    0.00    0.00    0.00    0.00    10      0.00      0.00  230120    3016   0.01     -1.00     -1.00     -1.00       0  dconf-service
01:51:50 PM     0    180286    0.00    0.00    0.00    0.00    0.00    27      0.00      0.00   15184    5708   0.02     -1.00     -1.00     -1.00       0  sshd
01:51:50 PM  1000    180328    0.00    0.00    0.00    0.00    0.00     6      0.00      0.00   15344    4332   0.01     -1.00     -1.00     -1.00       0  sshd
01:51:50 PM  1000    180329    0.00    0.00    0.00    0.00    0.00    24      0.00      0.00   11208    2884   0.01      0.00      0.00      0.00       0  zsh
01:51:50 PM  1000    180331    0.97    0.97    0.00    0.00    1.94     2     15.53     36.89  336828   17532   0.05   2205.83      3.88      0.00       0  nvidia-smi
01:51:50 PM  1000    180332    0.00    0.00    0.00    0.00    0.00     3      2.91      3.88    8916    1944   0.01    143.69      7.77      0.00       0  mpstat
01:51:50 PM  1000    180333    0.97    0.97    0.00    0.00    1.94    10      5.83      1.94   13648    6556   0.02     50.49      0.00      0.00       0  pidstat
01:51:50 PM  1000    180334    0.00    0.00    0.00    0.00    0.00    18      0.00      0.00    2704     900   0.00      0.00      0.00      0.00       0  time
01:51:50 PM  1000    180335    0.00    0.00    0.00    0.00    0.00    14      0.00      0.00    8632    1492   0.00      0.00      0.00      0.00       0  tee
01:51:50 PM  1000    180336    3.88   81.55    0.00    0.00   85.44     9  54880.58      7.77 69093148 10383532  31.89    594.17 1198951.46      0.00       0  python
01:51:50 PM  1000    180385    0.00    0.00    0.00    0.00    0.00     3      0.00      0.00 17529748  558024   1.71      0.00      0.00      0.00       0  python
01:51:50 PM  1000    180387    0.00    0.00    0.00    0.00    0.00    19      0.00      0.00 64029468 3619348  11.12      0.00      0.00      0.00       0  pt_data_worker
01:51:50 PM  1000    180388    0.00    0.00    0.00    0.00    0.00     9      0.00      0.00 64070440 3683076  11.31      0.00      0.00      0.00       0  pt_data_worker
01:51:50 PM  1000    180389    0.00    0.00    0.00    0.00    0.00    24      0.00      0.00 64135988 3730080  11.46      0.00      0.00      0.00       0  pt_data_worker
01:51:50 PM  1000    180390    0.00    0.00    0.00    0.00    0.00    10      0.00      0.00 64029504 3619572  11.12      0.00      0.00      0.00       0  pt_data_worker
01:51:50 PM  1000    180391    0.00    0.00    0.00    0.00    0.00     4      0.97      0.00 64029516 3619404  11.12      0.00      0.00      0.00       0  pt_data_worker
01:51:50 PM  1000    180392    0.00    0.00    0.00    0.00    0.00     6      0.97      0.97 64095064 3678048  11.30      7.77      0.00      0.00       0  pt_data_worker
01:51:50 PM  1000    180393    0.00    0.00    0.00    0.00    0.00     2      5.83      0.00 64095076 3684224  11.32      0.00      0.00      0.00       0  pt_data_worker
01:51:50 PM  1000    180394    0.00    0.00    0.00    0.00    0.00     8      5.83      0.00 64004976 3597816  11.05      0.00      0.00      0.00       0  pt_data_worker
01:51:50 PM  1000    180395    0.00    0.00    0.00    0.00    0.00     8      5.83      0.00 64029564 3619576  11.12      0.00      0.00      0.00       0  pt_data_worker
01:51:50 PM  1000    180396    0.00    0.00    0.00    0.00    0.00     6      5.83      0.00 64070536 3623128  11.13      0.00      0.00      0.00       0  pt_data_worker
01:51:50 PM  1000    180397    0.00    0.00    0.00    0.00    0.00     3      0.00      0.00 64070548 3664552  11.25      0.00      0.00      0.00       0  pt_data_worker
01:51:50 PM  1000    180398    0.00    0.00    0.00    0.00    0.00     8      0.00      0.00 64070560 3664024  11.25      0.00      0.00      0.00       0  pt_data_worker
01:51:50 PM  1000    180399    0.00    0.00    0.00    0.00    0.00     4      0.00      0.00 64005036 3598180  11.05      0.00      0.00      0.00       0  pt_data_worker
01:51:50 PM  1000    180400    0.00    0.00    0.00    0.00    0.00    17      0.00      0.00 64095160 3683364  11.31      0.00      0.00      0.00       0  pt_data_worker
01:51:50 PM  1000    180401    0.00    0.00    0.00    0.00    0.00     9      0.00      0.00 64005060 3598940  11.05      0.00      0.00      0.00       0  pt_data_worker
01:51:50 PM  1000    180402    0.00    0.00    0.00    0.00    0.00    11      0.00      0.00 64005072 3614300  11.10      0.00      0.00      0.00       0  pt_data_worker
01:51:50 PM  1000    181249    0.00    0.00    0.00    0.00    0.00    18      0.00      0.00 17381260  344652   1.06      0.00      0.00      0.00       0  python
01:51:50 PM  1000    181258    0.00    0.00    0.00    0.00    0.00     9      0.00      0.00 17381260  344652   1.06      0.00      0.00      0.00       0  python
01:51:50 PM  1000    181283    0.00    0.00    0.00    0.00    0.00    14      0.00      0.00 17381260  344652   1.06      0.00      0.00      0.00       0  python
01:51:50 PM  1000    181308    0.00    0.00    0.00    0.00    0.00     2      0.00      0.00 17381260  344652   1.06      0.00      0.00      0.00       0  python
01:51:50 PM  1000    181326    0.00    0.00    0.00    0.00    0.00     1      0.00      0.00 17381260  344656   1.06      0.00      0.00      0.00       0  python
01:51:50 PM  1000    181328    0.00    0.00    0.00    0.00    0.00    10      0.00      0.00 17381260  344912   1.06      0.00      0.00      0.00       0  python
01:51:50 PM  1000    181330    0.00    0.00    0.00    0.00    0.00    12      0.00      0.00 17381260  344660   1.06      0.00      0.00      0.00       0  python
01:51:50 PM  1000    181332    0.00    0.00    0.00    0.00    0.00    27      0.00      0.00 17381260  344596   1.06      0.00      0.00      0.00       0  python
01:51:50 PM  1000    181334    0.00    0.00    0.00    0.00    0.00    24      0.00      0.00 17381260  344600   1.06      0.00      0.00      0.00       0  python
01:51:50 PM  1000    181352    0.00    0.00    0.00    0.00    0.00    10      0.00      0.00 17381260  344664   1.06      0.00      0.00      0.00       0  python
01:51:50 PM  1000    181381    0.00    0.00    0.00    0.00    0.00     9      0.00      0.00 17381260  344664   1.06      0.00      0.00      0.00       0  python
01:51:50 PM  1000    181404    0.00    0.00    0.00    0.00    0.00    11      0.00      0.00 17381260  344612   1.06      0.00      0.00      0.00       0  python
01:51:50 PM  1000    181406    0.00    0.00    0.00    0.00    0.00    15      0.00      0.00 17381260  344664   1.06      0.00      0.00      0.00       0  python
01:51:50 PM  1000    181408    0.00    0.00    0.00    0.00    0.00    15      0.00      0.00 17381260  344668   1.06      0.00      0.00      0.00       0  python
01:51:50 PM  1000    181411    0.00    0.00    0.00    0.00    0.00    14      0.00      0.00 17381260  344668   1.06      0.00      0.00      0.00       0  python
01:51:50 PM  1000    181444    0.00    0.00    0.00    0.00    0.00    17      0.00      0.00 17381260  344924   1.06      0.00      0.00      0.00       0  python
01:51:50 PM  1000    181446    0.00    0.00    0.00    0.00    0.00     2      0.00      0.00 17381260  344924   1.06      0.00      0.00      0.00       0  python
01:51:50 PM  1000    181464    0.00    0.00    0.00    0.00    0.00     8      0.00      0.00 17381260  344860   1.06      0.00      0.00      0.00       0  python
01:51:50 PM  1000    181482    0.00    0.00    0.00    0.00    0.00    23      0.00      0.00 17381260  344604   1.06      0.00      0.00      0.00       0  python
01:51:50 PM  1000    181484    0.00    0.00    0.00    0.00    0.00     2      0.00      0.00 17381260  344668   1.06      0.00      0.00      0.00       0  python
01:51:50 PM  1000    181505    0.00    0.00    0.00    0.00    0.00     0      0.00      0.00 17381260  344668   1.06      0.00      0.00      0.00       0  python
01:51:50 PM  1000    181536    0.00    0.00    0.00    0.00    0.00     2      0.00      0.00 17381260  344680   1.06      0.00      0.00      0.00       0  python
01:51:50 PM  1000    181579    0.00    0.00    0.00    0.00    0.00    14      0.00      0.00 17381260  344680   1.06      0.00      0.00      0.00       0  python
01:51:50 PM  1000    181588    0.00    0.00    0.00    0.00    0.00     5      0.00      0.00 17381260  344680   1.06      0.00      0.00      0.00       0  python
01:51:50 PM  1000    181612    0.00    0.00    0.00    0.00    0.00    26      0.00      0.00 17381260  344680   1.06      0.00      0.00      0.00       0  python
01:51:50 PM  1000    181624    0.00    0.00    0.00    0.00    0.00    29      0.00      0.00 17381260  344680   1.06      0.00      0.00      0.00       0  python
01:51:50 PM  1000    181626    0.00    0.00    0.00    0.00    0.00     4      0.00      0.00 17381260  344936   1.06      0.00      0.00      0.00       0  python
01:51:50 PM  1000    181628    0.00    0.00    0.00    0.00    0.00     8      0.00      0.00 17382284  344680   1.06      0.00      0.00      0.00       0  python
01:51:50 PM  1000    181630    0.00    0.00    0.00    0.00    0.00     2      0.00      0.00 17382284  344684   1.06      0.00      0.00      0.00       0  python
01:51:50 PM  1000    181632    0.00    0.00    0.00    0.00    0.00     6      0.00      0.00 17382284  344688   1.06      0.00      0.00      0.00       0  python
01:51:50 PM  1000    181666    0.00    0.00    0.00    0.00    0.00    18      0.00      0.00 17382284  344692   1.06      0.00      0.00      0.00       0  python
01:51:50 PM  1000    181668    0.00    0.00    0.00    0.00    0.00    16      0.00      0.00 17382284  344692   1.06      0.00      0.00      0.00       0  python
01:51:50 PM     0    186912    0.00    0.00    0.00    0.00    0.00    15      0.00      0.00  242392    4188   0.01     -1.00     -1.00     -1.00       0  gdm-session-wor

# Time        UID       PID    %usr %system  %guest   %wait    %CPU   CPU  minflt/s  majflt/s     VSZ     RSS   %MEM   kB_rd/s   kB_wr/s kB_ccwr/s iodelay  Command
01:51:51 PM     0       219    0.00    1.00    0.00    0.00    1.00    10      0.00      0.00       0       0   0.00     -1.00     -1.00     -1.00       0  kcompactd0
01:51:51 PM     0       239    0.00    4.00    0.00    0.00    4.00    10      0.00      0.00       0       0   0.00     -1.00     -1.00     -1.00       0  kswapd0
01:51:51 PM     0       526    0.00    0.00    0.00    0.00    0.00     2      0.00      0.00   67880   17188   0.05     -1.00     -1.00     -1.00       0  systemd-journal
01:51:51 PM     0       974    0.00    1.00    0.00    0.00    1.00    21      0.00      0.00       0       0   0.00     -1.00     -1.00     -1.00       0  nvidia-modeset/kthread_q
01:51:51 PM   987      1046    0.00    0.00    0.00    0.00    0.00    14      6.00      0.00  393036    9768   0.03     -1.00     -1.00     -1.00       0  polkitd
01:51:51 PM     0      1049    0.00    0.00    0.00    0.00    0.00     6      6.00      0.00  314008    4096   0.01     -1.00     -1.00     -1.00       0  accounts-daemon
01:51:51 PM     0      1057    0.00    0.00    0.00    0.00    0.00    22      7.00      0.00  469964    6928   0.02     -1.00     -1.00     -1.00       0  udisksd
01:51:51 PM     0      1164    0.00    0.00    0.00    0.00    0.00     0      6.00      0.00  337032    8660   0.03     -1.00     -1.00     -1.00       0  NetworkManager
01:51:51 PM     0      1483    0.00    0.00    0.00    0.00    0.00    20      9.00     16.00 1360300   22800   0.07     -1.00     -1.00     -1.00       0  tailscaled
01:51:51 PM     0      3082    0.00    0.00    0.00    0.00    0.00    12      7.00      0.00  405836    8308   0.03     -1.00     -1.00     -1.00       0  fwupd
01:51:51 PM     0     27984    0.00    1.00    0.00    0.00    1.00     2      0.00      0.00       0       0   0.00     -1.00     -1.00     -1.00       0  kworker/u128:13-ext4-rsv-conversion
01:51:51 PM  1000    125650    0.00    0.00    0.00    0.00    0.00    23     10.00     19.00   15344    5976   0.02     -1.00     -1.00     -1.00       0  sshd
01:51:51 PM  1000    125786    0.00    3.00    0.00    0.00    3.00    10      1.00      1.00   17752   10824   0.03     40.00      0.00      0.00       0  htop
01:51:51 PM     0    142287    0.00    2.00    0.00    0.00    2.00    11      0.00      0.00       0       0   0.00     -1.00     -1.00     -1.00       0  kworker/u128:0+flush-259:0
01:51:51 PM   120    179783    0.00    0.00    0.00    0.00    0.00    18      0.00      0.00 25994904   25392   0.08     -1.00     -1.00     -1.00       0  Xorg
01:51:51 PM  1000    180331    0.00    1.00    0.00    0.00    1.00     4      0.00      0.00  336828   17532   0.05      4.00      4.00      0.00       0  nvidia-smi
01:51:51 PM  1000    180332    0.00    0.00    0.00    0.00    0.00     3      0.00      0.00    8916    1944   0.01      0.00      4.00      0.00       0  mpstat
01:51:51 PM  1000    180333    0.00    0.00    0.00    0.00    0.00    10      1.00      0.00   13648    6556   0.02      0.00     28.00      0.00       0  pidstat
01:51:51 PM  1000    180336    2.00   14.00    0.00    0.00   16.00     9      0.00      0.00 69093148 10298092  31.63      0.00 563224.00      0.00       0  python
01:51:51 PM  1000    180385    0.00    0.00    0.00    0.00    0.00     3      0.00      0.00 17529748  557256   1.71      0.00      0.00      0.00       0  python
01:51:51 PM  1000    180387    0.00    0.00    0.00    0.00    0.00    19      0.00      0.00 64029468 3617812  11.11      0.00      0.00      0.00       0  pt_data_worker
01:51:51 PM  1000    180388    0.00    0.00    0.00    0.00    0.00     9      0.00      0.00 64070440 3681796  11.31      0.00      0.00      0.00       0  pt_data_worker
01:51:51 PM  1000    180389    0.00    0.00    0.00    0.00    0.00    24      0.00      0.00 64135988 3728800  11.45      0.00      0.00      0.00       0  pt_data_worker
01:51:51 PM  1000    180390    0.00    0.00    0.00    0.00    0.00    10      0.00      0.00 64029504 3618036  11.11      0.00      0.00      0.00       0  pt_data_worker
01:51:51 PM  1000    180391    0.00    0.00    0.00    0.00    0.00     4      0.00      0.00 64029516 3618124  11.11      0.00      0.00      0.00       0  pt_data_worker
01:51:51 PM  1000    180392    0.00    0.00    0.00    0.00    0.00     6      0.00      0.00 64095064 3676768  11.29      0.00      0.00      0.00       0  pt_data_worker
01:51:51 PM  1000    180393    0.00    0.00    0.00    0.00    0.00     2      0.00      0.00 64095076 3682688  11.31      0.00      0.00      0.00       0  pt_data_worker
01:51:51 PM  1000    180394    0.00    0.00    0.00    0.00    0.00     8      0.00      0.00 64004976 3596536  11.05      0.00      0.00      0.00       0  pt_data_worker
01:51:51 PM  1000    180395    0.00    0.00    0.00    0.00    0.00     8      0.00      0.00 64029564 3618296  11.11      0.00      0.00      0.00       0  pt_data_worker
01:51:51 PM  1000    180396    0.00    0.00    0.00    0.00    0.00     6      0.00      0.00 64070536 3621848  11.12      0.00      0.00      0.00       0  pt_data_worker
01:51:51 PM  1000    180397    0.00    0.00    0.00    0.00    0.00     3      6.00      0.00 64070548 3663272  11.25      0.00      0.00      0.00       0  pt_data_worker
01:51:51 PM  1000    180398    0.00    0.00    0.00    0.00    0.00     8      6.00      0.00 64070560 3662744  11.25      0.00      0.00      0.00       0  pt_data_worker
01:51:51 PM  1000    180399    0.00    0.00    0.00    0.00    0.00     4      6.00      0.00 64005036 3596900  11.05      0.00      0.00      0.00       0  pt_data_worker
01:51:51 PM  1000    180400    0.00    0.00    0.00    0.00    0.00    12      5.00      0.00 64095160 3682084  11.31      0.00      0.00      0.00       0  pt_data_worker
01:51:51 PM  1000    180401    0.00    0.00    0.00    0.00    0.00     9      0.00      0.00 64005060 3597660  11.05      0.00      0.00      0.00       0  pt_data_worker
01:51:51 PM  1000    180402    0.00    0.00    0.00    0.00    0.00    11      0.00      0.00 64005072 3613020  11.10      0.00      0.00      0.00       0  pt_data_worker

# Time        UID       PID    %usr %system  %guest   %wait    %CPU   CPU  minflt/s  majflt/s     VSZ     RSS   %MEM   kB_rd/s   kB_wr/s kB_ccwr/s iodelay  Command
01:51:52 PM     0       181    0.00    1.00    0.00    0.00    1.00     7      0.00      0.00       0       0   0.00     -1.00     -1.00     -1.00       0  migration/7
01:51:52 PM     0       239    0.00    1.00    0.00    0.00    1.00    10      0.00      0.00       0       0   0.00     -1.00     -1.00     -1.00       0  kswapd0
01:51:52 PM     0       526    0.00    0.00    0.00    0.00    0.00     2      0.00      0.00   67880   16928   0.05     -1.00     -1.00     -1.00       0  systemd-journal
01:51:52 PM   108      1011    0.00    0.00    0.00    0.00    0.00     8      1.00      1.00    8768    3272   0.01     -1.00     -1.00     -1.00       0  avahi-daemon
01:51:52 PM  1000    125786    1.00    3.00    0.00    0.00    4.00    11      0.00      0.00   17752   10824   0.03      0.00      0.00      0.00       0  htop
01:51:52 PM     0    176712    0.00    1.00    0.00    0.00    1.00    27      5.00      0.00  375548   11712   0.04     -1.00     -1.00     -1.00       0  packagekitd
01:51:52 PM   120    179783    0.00    0.00    0.00    0.00    0.00    18      0.00      0.00 25994904   23856   0.07     -1.00     -1.00     -1.00       0  Xorg
01:51:52 PM   120    179843    0.00    0.00    0.00    0.00    0.00     5      3.00     36.00 4031472  113280   0.35     -1.00     -1.00     -1.00       0  gnome-shell
01:51:52 PM  1000    180331    0.00    1.00    0.00    0.00    1.00     4      0.00      0.00  336828   17532   0.05      0.00      0.00      0.00       0  nvidia-smi
01:51:52 PM  1000    180332    0.00    0.00    0.00    0.00    0.00     3      0.00      0.00    8916    1944   0.01      0.00      4.00      0.00       0  mpstat
01:51:52 PM  1000    180333    0.00    1.00    0.00    0.00    1.00    10      0.00      0.00   13648    6556   0.02      0.00      8.00      0.00       0  pidstat
01:51:52 PM  1000    180336    4.00    3.00    0.00    0.00    7.00     9      0.00      2.00 69093148 10297324  31.63    232.00 229376.00      0.00       0  python
01:51:52 PM  1000    180387    0.00    0.00    0.00    0.00    0.00    19      5.00      0.00 64029468 3618080  11.11      0.00      0.00      0.00       0  pt_data_worker
01:51:52 PM  1000    180388    0.00    0.00    0.00    0.00    0.00     9      6.00      0.00 64070440 3681796  11.31      0.00      0.00      0.00       0  pt_data_worker
01:51:52 PM  1000    180389    0.00    0.00    0.00    0.00    0.00    24      6.00      0.00 64135988 3728800  11.45      0.00      0.00      0.00       0  pt_data_worker
01:51:52 PM  1000    180390    0.00    0.00    0.00    0.00    0.00    10      6.00      0.00 64029504 3618036  11.11      0.00      0.00      0.00       0  pt_data_worker
01:51:52 PM  1000    180401    0.00    0.00    0.00    0.00    0.00    10      5.00      0.00 64005060 3597660  11.05      0.00      0.00      0.00       0  pt_data_worker
01:51:52 PM  1000    180402    0.00    0.00    0.00    0.00    0.00    11      5.00      0.00 64005072 3613020  11.10      0.00      0.00      0.00       0  pt_data_worker

# Time        UID       PID    %usr %system  %guest   %wait    %CPU   CPU  minflt/s  majflt/s     VSZ     RSS   %MEM   kB_rd/s   kB_wr/s kB_ccwr/s iodelay  Command
01:51:53 PM     0      1483    0.00    0.00    0.00    0.00    0.00    21     11.00      5.00 1360300   23360   0.07     -1.00     -1.00     -1.00       0  tailscaled
01:51:53 PM  1000    125717    0.00    0.00    0.00    0.00    0.00    19      2.00      0.00   14940    5404   0.02      0.00      0.00      0.00       0  zsh
01:51:53 PM   120    179783    0.00    0.00    0.00    0.00    0.00    18      0.00      0.00 25994904   23088   0.07     -1.00     -1.00     -1.00       0  Xorg
01:51:53 PM   120    179843    0.00    0.00    0.00    0.00    0.00     5     10.00     30.00 4031472  114432   0.35     -1.00     -1.00     -1.00       0  gnome-shell
01:51:53 PM  1000    180331    0.00    1.00    0.00    0.00    1.00     4      0.00      0.00  336828   17532   0.05      0.00      4.00      0.00       0  nvidia-smi
01:51:53 PM  1000    180332    0.00    0.00    0.00    0.00    0.00     3      0.00      0.00    8916    1944   0.01      0.00      8.00      0.00       0  mpstat
01:51:53 PM  1000    180333    0.00    0.00    0.00    0.00    0.00    10      0.00      0.00   13648    6556   0.02      0.00      4.00      0.00       0  pidstat
01:51:53 PM  1000    180336    3.00    2.00    0.00    0.00    5.00     9      0.00      0.00 69093148 10296752  31.62      0.00 135168.00      0.00       0  python

# Time        UID       PID    %usr %system  %guest   %wait    %CPU   CPU  minflt/s  majflt/s     VSZ     RSS   %MEM   kB_rd/s   kB_wr/s kB_ccwr/s iodelay  Command
01:51:54 PM     0         1    0.00    0.00    0.00    0.00    0.00     0      0.00      0.00   23212    8656   0.03     -1.00     -1.00     -1.00       0  systemd
01:51:54 PM     0       239    0.00    1.00    0.00    0.00    1.00    12      0.00      0.00       0       0   0.00     -1.00     -1.00     -1.00       0  kswapd0
01:51:54 PM     0       526    0.00    0.00    0.00    0.00    0.00     2      0.00      0.00   67880   16672   0.05     -1.00     -1.00     -1.00       0  systemd-journal
01:51:54 PM   987      1046    0.00    0.00    0.00    0.00    0.00    14      0.00      0.00  393036    9512   0.03     -1.00     -1.00     -1.00       0  polkitd
01:51:54 PM     0      1054    0.00    0.00    0.00    0.00    0.00    19      0.00      0.00   18284    6052   0.02     -1.00     -1.00     -1.00       0  systemd-logind
01:51:54 PM     0      1164    0.00    0.00    0.00    0.00    0.00     1      3.00      4.00  337032    8404   0.03     -1.00     -1.00     -1.00       0  NetworkManager
01:51:54 PM     0      1483    0.00    1.00    0.00    0.00    1.00    20     18.00     16.00 1360300   24788   0.08     -1.00     -1.00     -1.00       0  tailscaled
01:51:54 PM     0      1544    0.00    0.00    0.00    0.00    0.00    30      0.00      0.00  315268    5672   0.02     -1.00     -1.00     -1.00       0  gdm3
01:51:54 PM   118      1823    0.00    0.00    0.00    0.00    0.00     1      0.00      0.00  320664   10120   0.03     -1.00     -1.00     -1.00       0  colord
01:51:54 PM  1000      2240    0.00    0.00    0.00    0.00    0.00     0      0.00      0.00  407808   11492   0.04      0.00      0.00      0.00       0  wireplumber
01:51:54 PM  1000      9066    0.00    1.00    0.00    0.00    1.00     2      0.00      0.00  958328    8328   0.03      0.00      0.00      0.00       0  Omniverse Hub
01:51:54 PM  1000    125786    0.00    3.00    0.00    0.00    3.00    11      0.00      0.00   17752   10824   0.03      0.00      0.00      0.00       0  htop
01:51:54 PM     0    142215    0.00    1.00    0.00    0.00    1.00    10      0.00      0.00       0       0   0.00     -1.00     -1.00     -1.00       0  kworker/10:2-mm_percpu_wq
01:51:54 PM     0    176712    0.00    0.00    0.00    0.00    0.00    27      0.00      0.00  375548   10408   0.03     -1.00     -1.00     -1.00       0  packagekitd
01:51:54 PM  1000    179682    0.00    0.00    0.00    0.00    0.00    30      0.00      0.00    9500    2396   0.01      0.00      0.00      0.00       0  dbus-daemon
01:51:54 PM     0    179708    0.00    0.00    0.00    0.00    0.00    27      0.00      0.00  242360    3756   0.01     -1.00     -1.00     -1.00       0  gdm-session-wor
01:51:54 PM   120    179758    0.00    0.00    0.00    0.00    0.00    21      0.00      0.00   20732    7164   0.02     -1.00     -1.00     -1.00       0  systemd
01:51:54 PM   120    179777    0.00    0.00    0.00    0.00    0.00    17      0.00      0.00  114624    7984   0.02     -1.00     -1.00     -1.00       0  pipewire
01:51:54 PM   120    179778    0.00    0.00    0.00    0.00    0.00    23      0.00      0.00   98076    2948   0.01     -1.00     -1.00     -1.00       0  pipewire
01:51:54 PM   120    179779    0.00    0.00    0.00    0.00    0.00     9      0.00      0.00  407656   11764   0.04     -1.00     -1.00     -1.00       0  wireplumber
01:51:54 PM   120    179780    0.00    0.00    0.00    0.00    0.00    12      0.00      0.00  110592    4532   0.01     -1.00     -1.00     -1.00       0  pipewire-pulse
01:51:54 PM   120    179783    0.00    0.00    0.00    0.00    0.00    18      0.00      0.00 25994904   20784   0.06     -1.00     -1.00     -1.00       0  Xorg
01:51:54 PM   120    179784    0.00    0.00    0.00    0.00    0.00    20      0.00      0.00    9524    2340   0.01     -1.00     -1.00     -1.00       0  dbus-daemon
01:51:54 PM   120    179821    0.00    0.00    0.00    0.00    0.00    12      0.00      0.00    6516     944   0.00     -1.00     -1.00     -1.00       0  dbus-run-sessio
01:51:54 PM   120    179822    0.00    0.00    0.00    0.00    0.00    26      0.00      0.00    9800    2628   0.01     -1.00     -1.00     -1.00       0  dbus-daemon
01:51:54 PM   120    179823    0.00    0.00    0.00    0.00    0.00    15      0.00      0.00  521084    5800   0.02     -1.00     -1.00     -1.00       0  gnome-session-b
01:51:54 PM   120    179826    0.00    0.00    0.00    0.00    0.00    17      0.00      0.00  383188    2816   0.01     -1.00     -1.00     -1.00       0  at-spi-bus-laun
01:51:54 PM   120    179832    0.00    0.00    0.00    0.00    0.00    22      0.00      0.00    9500    2152   0.01     -1.00     -1.00     -1.00       0  dbus-daemon
01:51:54 PM   120    179843    0.00    1.00    0.00    0.00    1.00     5     16.00     25.00 4031472  113120   0.35     -1.00     -1.00     -1.00       0  gnome-shell
01:51:54 PM   120    179864    0.00    0.00    0.00    0.00    0.00     2      0.00      0.00  837272   26476   0.08     -1.00     -1.00     -1.00       0  mutter-x11-fram
01:51:54 PM   120    179867    0.00    0.00    0.00    0.00    0.00     0      0.00      0.00  236060    2704   0.01     -1.00     -1.00     -1.00       0  at-spi2-registr
01:51:54 PM   120    179889    0.00    0.00    0.00    0.00    0.00     7      0.00      0.00  309644    2696   0.01     -1.00     -1.00     -1.00       0  xdg-permission-
01:51:54 PM   120    179902    0.00    0.00    0.00    0.00    0.00     5      0.00      0.00 2531944    7960   0.02     -1.00     -1.00     -1.00       0  gjs
01:51:54 PM   120    179912    0.00    0.00    0.00    0.00    0.00    14      0.00      0.00  543768    4188   0.01     -1.00     -1.00     -1.00       0  gsd-sharing
01:51:54 PM   120    179913    0.00    0.00    0.00    0.00    0.00     2      0.00      0.00  408768    4252   0.01     -1.00     -1.00     -1.00       0  gsd-wacom
01:51:54 PM   120    179918    0.00    0.00    0.00    0.00    0.00     9      0.00      0.00  409888    4024   0.01     -1.00     -1.00     -1.00       0  gsd-color
01:51:54 PM   120    179921    0.00    0.00    0.00    0.00    0.00     0      0.00      0.00  408232    3124   0.01     -1.00     -1.00     -1.00       0  gsd-keyboard
01:51:54 PM   120    179924    0.00    0.00    0.00    0.00    0.00    27      0.00      0.00  324100    3328   0.01     -1.00     -1.00     -1.00       0  gsd-print-notif
01:51:54 PM   120    179929    0.00    0.00    0.00    0.00    0.00    18      0.00      0.00  531420    2576   0.01     -1.00     -1.00     -1.00       0  gsd-rfkill
01:51:54 PM   120    179934    0.00    0.00    0.00    0.00    0.00    31      0.00      0.00  386388    2416   0.01     -1.00     -1.00     -1.00       0  gsd-smartcard
01:51:54 PM   120    179943    0.00    0.00    0.00    0.00    0.00    24      0.00      0.00  432240    4768   0.01     -1.00     -1.00     -1.00       0  gsd-datetime
01:51:54 PM   120    179951    0.00    0.00    0.00    0.00    0.00     6      0.00      0.00  591176    4916   0.02     -1.00     -1.00     -1.00       0  gsd-media-keys
01:51:54 PM   120    179958    0.00    0.00    0.00    0.00    0.00     6      0.00      0.00  394080    3144   0.01     -1.00     -1.00     -1.00       0  gsd-sound
01:51:54 PM   120    179964    0.00    0.00    0.00    0.00    0.00     5      0.00      0.00  384088    2756   0.01     -1.00     -1.00     -1.00       0  gsd-a11y-settin
01:51:54 PM   120    179974    0.00    0.00    0.00    0.00    0.00    15      0.00      0.00  459308    2732   0.01     -1.00     -1.00     -1.00       0  gsd-housekeepin
01:51:54 PM   120    179977    0.00    0.00    0.00    0.00    0.00     4      0.00      0.00  520544    5496   0.02     -1.00     -1.00     -1.00       0  gsd-power
01:51:54 PM   120    180004    0.00    0.00    0.00    0.00    0.00     7     28.00      4.00  389028    8312   0.03     -1.00     -1.00     -1.00       0  ibus-daemon
01:51:54 PM   120    180043    0.00    0.00    0.00    0.00    0.00    29      0.00      0.00  416580    4476   0.01     -1.00     -1.00     -1.00       0  gsd-printer
01:51:54 PM   120    180071    0.00    0.00    0.00    0.00    0.00    20      0.00      0.00  236980    3576   0.01     -1.00     -1.00     -1.00       0  ibus-memconf
01:51:54 PM   120    180075    0.00    0.00    0.00    0.00    0.00     3      0.00      0.00  261296    4624   0.01     -1.00     -1.00     -1.00       0  ibus-x11
01:51:54 PM   120    180078    0.00    0.00    0.00    0.00    0.00    23      0.00      0.00  310760    3236   0.01     -1.00     -1.00     -1.00       0  ibus-portal
01:51:54 PM   120    180102    0.00    0.00    0.00    0.00    0.00    16      0.00      0.00  236972    3508   0.01     -1.00     -1.00     -1.00       0  ibus-engine-sim
01:51:54 PM   120    180104    0.00    0.00    0.00    0.00    0.00     6      0.00      0.00 2531956    7992   0.02     -1.00     -1.00     -1.00       0  gjs
01:51:54 PM   120    180145    0.00    0.00    0.00    0.00    0.00    10      0.00      0.00  230120    2760   0.01     -1.00     -1.00     -1.00       0  dconf-service
01:51:54 PM     0    180286    0.00    0.00    0.00    0.00    0.00    27      0.00      0.00   15184    4940   0.02     -1.00     -1.00     -1.00       0  sshd
01:51:54 PM  1000    180331    0.00    1.00    0.00    0.00    1.00     4      0.00      0.00  336828   17532   0.05      0.00      0.00      0.00       0  nvidia-smi
01:51:54 PM  1000    180332    0.00    0.00    0.00    0.00    0.00     3      0.00      0.00    8916    1944   0.01      0.00      4.00      0.00       0  mpstat
01:51:54 PM  1000    180333    0.00    1.00    0.00    0.00    1.00     8      0.00      0.00   13648    6556   0.02      0.00      4.00      0.00       0  pidstat
01:51:54 PM  1000    180336    3.00    1.00    0.00    0.00    4.00    10      0.00      0.00 69093148 10294696  31.62      0.00 110592.00      0.00       0  python
01:51:54 PM  1000    180387    0.00    0.00    0.00    0.00    0.00    19      0.00      0.00 64029468 3616524  11.11      0.00      0.00      0.00       0  pt_data_worker
01:51:54 PM  1000    180388    0.00    0.00    0.00    0.00    0.00     9      0.00      0.00 64070440 3679988  11.30      0.00      0.00      0.00       0  pt_data_worker
01:51:54 PM  1000    180389    0.00    0.00    0.00    0.00    0.00    24      0.00      0.00 64135988 3727204  11.45      0.00      0.00      0.00       0  pt_data_worker
01:51:54 PM  1000    180390    0.00    0.00    0.00    0.00    0.00    10      0.00      0.00 64029504 3616724  11.11      0.00      0.00      0.00       0  pt_data_worker
01:51:54 PM  1000    180391    0.00    0.00    0.00    0.00    0.00     4      0.00      0.00 64029516 3616320  11.11      0.00      0.00      0.00       0  pt_data_worker
01:51:54 PM  1000    180392    0.00    0.00    0.00    0.00    0.00     6      0.00      0.00 64095064 3675208  11.29      0.00      0.00      0.00       0  pt_data_worker
01:51:54 PM  1000    180393    0.00    0.00    0.00    0.00    0.00     2      0.00      0.00 64095076 3680896  11.31      0.00      0.00      0.00       0  pt_data_worker
01:51:54 PM  1000    180394    0.00    0.00    0.00    0.00    0.00     8      0.00      0.00 64004976 3594968  11.04      0.00      0.00      0.00       0  pt_data_worker
01:51:54 PM  1000    180395    0.00    0.00    0.00    0.00    0.00     8      0.00      0.00 64029564 3616500  11.11      0.00      0.00      0.00       0  pt_data_worker
01:51:54 PM  1000    180396    0.00    0.00    0.00    0.00    0.00     6      0.00      0.00 64070536 3620312  11.12      0.00      0.00      0.00       0  pt_data_worker
01:51:54 PM  1000    180397    0.00    0.00    0.00    0.00    0.00     3      0.00      0.00 64070548 3661456  11.25      0.00      0.00      0.00       0  pt_data_worker
01:51:54 PM  1000    180398    0.00    0.00    0.00    0.00    0.00     8      0.00      0.00 64070560 3661192  11.24      0.00      0.00      0.00       0  pt_data_worker
01:51:54 PM  1000    180399    0.00    0.00    0.00    0.00    0.00     4      0.00      0.00 64005036 3595348  11.04      0.00      0.00      0.00       0  pt_data_worker
01:51:54 PM  1000    180400    0.00    0.00    0.00    0.00    0.00    12      0.00      0.00 64095160 3680548  11.30      0.00      0.00      0.00       0  pt_data_worker
01:51:54 PM  1000    180401    0.00    0.00    0.00    0.00    0.00    10      0.00      0.00 64005060 3596340  11.05      0.00      0.00      0.00       0  pt_data_worker
01:51:54 PM  1000    180402    0.00    0.00    0.00    0.00    0.00    11      0.00      0.00 64005072 3611216  11.09      0.00      0.00      0.00       0  pt_data_worker
01:51:54 PM     0    186912    0.00    0.00    0.00    0.00    0.00    15      0.00      0.00  242392    3932   0.01     -1.00     -1.00     -1.00       0  gdm-session-wor

# Time        UID       PID    %usr %system  %guest   %wait    %CPU   CPU  minflt/s  majflt/s     VSZ     RSS   %MEM   kB_rd/s   kB_wr/s kB_ccwr/s iodelay  Command
01:51:55 PM     0       219    0.00    4.00    0.00    0.00    4.00    11      0.00      0.00       0       0   0.00     -1.00     -1.00     -1.00       0  kcompactd0
01:51:55 PM     0       239    0.00    5.00    0.00    0.00    5.00    10      0.00      0.00       0       0   0.00     -1.00     -1.00     -1.00       0  kswapd0
01:51:55 PM     0       526    0.00    0.00    0.00    0.00    0.00     2      0.00      0.00   67880   16160   0.05     -1.00     -1.00     -1.00       0  systemd-journal
01:51:55 PM  1000    125786    1.00    2.00    0.00    0.00    3.00    11      0.00      0.00   17752   10824   0.03      0.00      0.00      0.00       0  htop
01:51:55 PM     0    176712    0.00    0.00    0.00    0.00    0.00    27      0.00      0.00  375548   10152   0.03     -1.00     -1.00     -1.00       0  packagekitd
01:51:55 PM   120    179777    0.00    0.00    0.00    0.00    0.00    17      0.00      0.00  114624    7728   0.02     -1.00     -1.00     -1.00       0  pipewire
01:51:55 PM   120    179778    0.00    0.00    0.00    0.00    0.00    23      0.00      0.00   98076    2692   0.01     -1.00     -1.00     -1.00       0  pipewire
01:51:55 PM   120    179781    0.00    0.00    0.00    0.00    0.00    27      0.00      0.00  236048    2152   0.01     -1.00     -1.00     -1.00       0  gdm-x-session
01:51:55 PM   120    179783    0.00    0.00    0.00    0.00    0.00    18      0.00      0.00 25994904   17456   0.05     -1.00     -1.00     -1.00       0  Xorg
01:51:55 PM   120    179823    0.00    0.00    0.00    0.00    0.00    15      0.00      0.00  521084    4776   0.01     -1.00     -1.00     -1.00       0  gnome-session-b
01:51:55 PM   120    179864    0.00    0.00    0.00    0.00    0.00     2      0.00      0.00  837272   26220   0.08     -1.00     -1.00     -1.00       0  mutter-x11-fram
01:51:55 PM   120    179902    0.00    0.00    0.00    0.00    0.00     5      0.00      0.00 2531944    7704   0.02     -1.00     -1.00     -1.00       0  gjs
01:51:55 PM   120    179913    0.00    0.00    0.00    0.00    0.00     2      0.00      0.00  408768    3996   0.01     -1.00     -1.00     -1.00       0  gsd-wacom
01:51:55 PM   120    179918    0.00    0.00    0.00    0.00    0.00     9      0.00      0.00  409888    3768   0.01     -1.00     -1.00     -1.00       0  gsd-color
01:51:55 PM   120    179924    0.00    0.00    0.00    0.00    0.00    27      0.00      0.00  324100    3072   0.01     -1.00     -1.00     -1.00       0  gsd-print-notif
01:51:55 PM   120    179943    0.00    0.00    0.00    0.00    0.00    24      0.00      0.00  432240    4512   0.01     -1.00     -1.00     -1.00       0  gsd-datetime
01:51:55 PM   120    179951    0.00    0.00    0.00    0.00    0.00     6      0.00      0.00  591176    4660   0.01     -1.00     -1.00     -1.00       0  gsd-media-keys
01:51:55 PM   120    179964    0.00    0.00    0.00    0.00    0.00     5      0.00      0.00  384088    2500   0.01     -1.00     -1.00     -1.00       0  gsd-a11y-settin
01:51:55 PM   120    179974    0.00    0.00    0.00    0.00    0.00    15      0.00      0.00  459308    2476   0.01     -1.00     -1.00     -1.00       0  gsd-housekeepin
01:51:55 PM   120    179977    0.00    0.00    0.00    0.00    0.00     4      0.00      0.00  520544    5240   0.02     -1.00     -1.00     -1.00       0  gsd-power
01:51:55 PM   120    180004    0.00    0.00    0.00    0.00    0.00     7      0.00      0.00  389028    8056   0.02     -1.00     -1.00     -1.00       0  ibus-daemon
01:51:55 PM   120    180071    0.00    0.00    0.00    0.00    0.00    20      0.00      0.00  236980    3320   0.01     -1.00     -1.00     -1.00       0  ibus-memconf
01:51:55 PM   120    180075    0.00    0.00    0.00    0.00    0.00     3      0.00      0.00  261296    4368   0.01     -1.00     -1.00     -1.00       0  ibus-x11
01:51:55 PM   120    180078    0.00    0.00    0.00    0.00    0.00    23      0.00      0.00  310760    2980   0.01     -1.00     -1.00     -1.00       0  ibus-portal
01:51:55 PM   120    180102    0.00    0.00    0.00    0.00    0.00    16      0.00      0.00  236972    3252   0.01     -1.00     -1.00     -1.00       0  ibus-engine-sim
01:51:55 PM   120    180104    0.00    0.00    0.00    0.00    0.00     6      0.00      0.00 2531956    7736   0.02     -1.00     -1.00     -1.00       0  gjs
01:51:55 PM  1000    180328    0.00    0.00    0.00    0.00    0.00     6      0.00      0.00   15344    3564   0.01     -1.00     -1.00     -1.00       0  sshd
01:51:55 PM  1000    180331    1.00    0.00    0.00    0.00    1.00     4      0.00      0.00  336828    3196   0.01      0.00      0.00      0.00       0  nvidia-smi
01:51:55 PM  1000    180332    0.00    0.00    0.00    0.00    0.00     3      0.00      0.00    8916    1688   0.01      0.00      8.00      0.00       0  mpstat
01:51:55 PM  1000    180333    0.00    0.00    0.00    0.00    0.00     8      0.00      0.00   13648    4764   0.01      0.00     16.00      0.00       0  pidstat
01:51:55 PM  1000    180336    2.00    4.00    0.00    0.00    6.00     9      0.00      0.00 69093148 10267332  31.53      0.00 102400.00      0.00       0  python
01:51:55 PM  1000    180385    0.00    0.00    0.00    0.00    0.00     3      0.00      0.00 17529748  546252   1.68      0.00      0.00      0.00       0  python
01:51:55 PM  1000    180387    0.00    0.00    0.00    0.00    0.00    19      0.00      0.00 64029468 3584608  11.01      0.00      0.00      0.00       0  pt_data_worker
01:51:55 PM  1000    180388    0.00    0.00    0.00    0.00    0.00     9      0.00      0.00 64070440 3648180  11.20      0.00      0.00      0.00       0  pt_data_worker
01:51:55 PM  1000    180389    0.00    0.00    0.00    0.00    0.00    24      0.00      0.00 64135988 3695688  11.35      0.00      0.00      0.00       0  pt_data_worker
01:51:55 PM  1000    180390    0.00    0.00    0.00    0.00    0.00    10      0.00      0.00 64029504 3585484  11.01      0.00      0.00      0.00       0  pt_data_worker
01:51:55 PM  1000    180391    0.00    0.00    0.00    0.00    0.00     8      5.00      0.00 64029516 3585068  11.01      0.00      0.00      0.00       0  pt_data_worker
01:51:55 PM  1000    180392    0.00    0.00    0.00    0.00    0.00     6      4.00      0.00 64095064 3644164  11.19      0.00      0.00      0.00       0  pt_data_worker
01:51:55 PM  1000    180393    0.00    0.00    0.00    0.00    0.00     2      0.00      0.00 64095076 3649512  11.21      0.00      0.00      0.00       0  pt_data_worker
01:51:55 PM  1000    180394    0.00    0.00    0.00    0.00    0.00     8      0.00      0.00 64004976 3563800  10.95      0.00      0.00      0.00       0  pt_data_worker
01:51:55 PM  1000    180395    0.00    0.00    0.00    0.00    0.00     8      0.00      0.00 64029564 3584964  11.01      0.00      0.00      0.00       0  pt_data_worker
01:51:55 PM  1000    180396    0.00    0.00    0.00    0.00    0.00     6      0.00      0.00 64070536 3589152  11.02      0.00      0.00      0.00       0  pt_data_worker
01:51:55 PM  1000    180397    0.00    0.00    0.00    0.00    0.00     3      0.00      0.00 64070548 3629912  11.15      0.00      0.00      0.00       0  pt_data_worker
01:51:55 PM  1000    180398    0.00    0.00    0.00    0.00    0.00     8      0.00      0.00 64070560 3629996  11.15      0.00      0.00      0.00       0  pt_data_worker
01:51:55 PM  1000    180399    0.00    0.00    0.00    0.00    0.00     4      0.00      0.00 64005036 3564144  10.95      0.00      0.00      0.00       0  pt_data_worker
01:51:55 PM  1000    180400    0.00    0.00    0.00    0.00    0.00    12      0.00      0.00 64095160 3648880  11.21      0.00      0.00      0.00       0  pt_data_worker
01:51:55 PM  1000    180401    0.00    0.00    0.00    0.00    0.00    10      0.00      0.00 64005060 3564956  10.95      0.00      0.00      0.00       0  pt_data_worker
01:51:55 PM  1000    180402    0.00    0.00    0.00    0.00    0.00    11      0.00      0.00 64005072 3580024  11.00      0.00      0.00      0.00       0  pt_data_worker
01:51:55 PM  1000    181249    0.00    0.00    0.00    0.00    0.00    18      0.00      0.00 17381260  344396   1.06      0.00      0.00      0.00       0  python
01:51:55 PM  1000    181258    0.00    0.00    0.00    0.00    0.00     9      0.00      0.00 17381260  344396   1.06      0.00      0.00      0.00       0  python
01:51:55 PM  1000    181283    0.00    0.00    0.00    0.00    0.00    14      0.00      0.00 17381260  344396   1.06      0.00      0.00      0.00       0  python
01:51:55 PM  1000    181308    0.00    0.00    0.00    0.00    0.00     2      0.00      0.00 17381260  344396   1.06      0.00      0.00      0.00       0  python
01:51:55 PM  1000    181326    0.00    0.00    0.00    0.00    0.00     1      0.00      0.00 17381260  344400   1.06      0.00      0.00      0.00       0  python
01:51:55 PM  1000    181328    0.00    0.00    0.00    0.00    0.00    10      0.00      0.00 17381260  344400   1.06      0.00      0.00      0.00       0  python
01:51:55 PM  1000    181330    0.00    0.00    0.00    0.00    0.00    12      0.00      0.00 17381260  344404   1.06      0.00      0.00      0.00       0  python
01:51:55 PM  1000    181332    0.00    0.00    0.00    0.00    0.00    27      0.00      0.00 17381260  344340   1.06      0.00      0.00      0.00       0  python
01:51:55 PM  1000    181334    0.00    0.00    0.00    0.00    0.00    24      0.00      0.00 17381260  344344   1.06      0.00      0.00      0.00       0  python
01:51:55 PM  1000    181352    0.00    0.00    0.00    0.00    0.00    10      0.00      0.00 17381260  344408   1.06      0.00      0.00      0.00       0  python
01:51:55 PM  1000    181381    0.00    0.00    0.00    0.00    0.00     9      0.00      0.00 17381260  344408   1.06      0.00      0.00      0.00       0  python
01:51:55 PM  1000    181404    0.00    0.00    0.00    0.00    0.00    11      0.00      0.00 17381260  344356   1.06      0.00      0.00      0.00       0  python
01:51:55 PM  1000    181406    0.00    0.00    0.00    0.00    0.00    15      0.00      0.00 17381260  344408   1.06      0.00      0.00      0.00       0  python
01:51:55 PM  1000    181408    0.00    0.00    0.00    0.00    0.00    15      0.00      0.00 17381260  344412   1.06      0.00      0.00      0.00       0  python
01:51:55 PM  1000    181411    0.00    0.00    0.00    0.00    0.00    14      0.00      0.00 17381260  344412   1.06      0.00      0.00      0.00       0  python
01:51:55 PM  1000    181444    0.00    0.00    0.00    0.00    0.00    17      0.00      0.00 17381260  344412   1.06      0.00      0.00      0.00       0  python
01:51:55 PM  1000    181446    0.00    0.00    0.00    0.00    0.00     2      0.00      0.00 17381260  344412   1.06      0.00      0.00      0.00       0  python
01:51:55 PM  1000    181464    0.00    0.00    0.00    0.00    0.00     8      0.00      0.00 17381260  344348   1.06      0.00      0.00      0.00       0  python
01:51:55 PM  1000    181482    0.00    0.00    0.00    0.00    0.00    23      0.00      0.00 17381260  344348   1.06      0.00      0.00      0.00       0  python
01:51:55 PM  1000    181484    0.00    0.00    0.00    0.00    0.00     2      0.00      0.00 17381260  344412   1.06      0.00      0.00      0.00       0  python
01:51:55 PM  1000    181505    0.00    0.00    0.00    0.00    0.00     0      0.00      0.00 17381260  344412   1.06      0.00      0.00      0.00       0  python
01:51:55 PM  1000    181536    0.00    0.00    0.00    0.00    0.00     2      0.00      0.00 17381260  344424   1.06      0.00      0.00      0.00       0  python
01:51:55 PM  1000    181579    0.00    0.00    0.00    0.00    0.00    14      0.00      0.00 17381260  344424   1.06      0.00      0.00      0.00       0  python
01:51:55 PM  1000    181588    0.00    0.00    0.00    0.00    0.00     5      0.00      0.00 17381260  344424   1.06      0.00      0.00      0.00       0  python
01:51:55 PM  1000    181612    0.00    0.00    0.00    0.00    0.00    26      0.00      0.00 17381260  344424   1.06      0.00      0.00      0.00       0  python
01:51:55 PM  1000    181624    0.00    0.00    0.00    0.00    0.00    29      0.00      0.00 17381260  344424   1.06      0.00      0.00      0.00       0  python
01:51:55 PM  1000    181626    0.00    0.00    0.00    0.00    0.00     4      0.00      0.00 17381260  344424   1.06      0.00      0.00      0.00       0  python
01:51:55 PM  1000    181628    0.00    0.00    0.00    0.00    0.00     8      0.00      0.00 17382284  344424   1.06      0.00      0.00      0.00       0  python
01:51:55 PM  1000    181630    0.00    0.00    0.00    0.00    0.00     2      0.00      0.00 17382284  344428   1.06      0.00      0.00      0.00       0  python
01:51:55 PM  1000    181632    0.00    0.00    0.00    0.00    0.00     6      0.00      0.00 17382284  344432   1.06      0.00      0.00      0.00       0  python
01:51:55 PM  1000    181666    0.00    0.00    0.00    0.00    0.00    18      0.00      0.00 17382284  344436   1.06      0.00      0.00      0.00       0  python
01:51:55 PM  1000    181668    0.00    0.00    0.00    0.00    0.00    16      0.00      0.00 17382284  344436   1.06      0.00      0.00      0.00       0  python
01:51:55 PM     0    186912    0.00    0.00    0.00    0.00    0.00    15      0.00      0.00  242392    3676   0.01     -1.00     -1.00     -1.00       0  gdm-session-wor

# Time        UID       PID    %usr %system  %guest   %wait    %CPU   CPU  minflt/s  majflt/s     VSZ     RSS   %MEM   kB_rd/s   kB_wr/s kB_ccwr/s iodelay  Command
01:51:56 PM     0       239    0.00    3.00    0.00    0.00    3.00    10      0.00      0.00       0       0   0.00     -1.00     -1.00     -1.00       0  kswapd0
01:51:56 PM     0       448    0.00    1.00    0.00    0.00    1.00    26      0.00      0.00       0       0   0.00     -1.00     -1.00     -1.00       0  kworker/26:2-mm_percpu_wq
01:51:56 PM     0      1483    0.00    0.00    0.00    0.00    0.00    20      2.00      1.00 1360300   24788   0.08     -1.00     -1.00     -1.00       0  tailscaled
01:51:56 PM     0    142287    0.00    1.00    0.00    0.00    1.00     9      0.00      0.00       0       0   0.00     -1.00     -1.00     -1.00       0  kworker/u128:0+flush-259:0
01:51:56 PM  1000    180331    0.00    1.00    0.00    0.00    1.00     4      0.00      0.00  336828    3196   0.01      0.00      4.00      0.00       0  nvidia-smi
01:51:56 PM  1000    180333    1.00    1.00    0.00    0.00    2.00     8      0.00      0.00   13648    4764   0.01      4.00     16.00      0.00       0  pidstat
01:51:56 PM  1000    180336    1.00    3.00    0.00    0.00    4.00     9      0.00      0.00 69093148 10240196  31.45      0.00  92160.00      0.00       0  python
01:51:56 PM  1000    180387    0.00    0.00    0.00    0.00    0.00    19      0.00      0.00 64029468 3557472  10.93      0.00      0.00      0.00       0  pt_data_worker
01:51:56 PM  1000    180388    0.00    0.00    0.00    0.00    0.00     9      0.00      0.00 64070440 3621300  11.12      0.00      0.00      0.00       0  pt_data_worker
01:51:56 PM  1000    180389    0.00    0.00    0.00    0.00    0.00    24      0.00      0.00 64135988 3668808  11.27      0.00      0.00      0.00       0  pt_data_worker
01:51:56 PM  1000    180390    0.00    0.00    0.00    0.00    0.00    10      0.00      0.00 64029504 3558604  10.93      0.00      0.00      0.00       0  pt_data_worker
01:51:56 PM  1000    180391    0.00    0.00    0.00    0.00    0.00     8      0.00      0.00 64029516 3558188  10.93      0.00      0.00      0.00       0  pt_data_worker
01:51:56 PM  1000    180392    0.00    0.00    0.00    0.00    0.00     6      0.00      0.00 64095064 3617028  11.11      0.00      0.00      0.00       0  pt_data_worker
01:51:56 PM  1000    180393    0.00    0.00    0.00    0.00    0.00     2      0.00      0.00 64095076 3622632  11.13      0.00      0.00      0.00       0  pt_data_worker
01:51:56 PM  1000    180394    0.00    0.00    0.00    0.00    0.00     8      0.00      0.00 64004976 3536920  10.86      0.00      0.00      0.00       0  pt_data_worker
01:51:56 PM  1000    180395    0.00    0.00    0.00    0.00    0.00     8      0.00      0.00 64029564 3557828  10.93      0.00      0.00      0.00       0  pt_data_worker
01:51:56 PM  1000    180396    0.00    0.00    0.00    0.00    0.00     6      0.00      0.00 64070536 3562272  10.94      0.00      0.00      0.00       0  pt_data_worker
01:51:56 PM  1000    180397    0.00    0.00    0.00    0.00    0.00     4      0.00      0.00 64070548 3602776  11.07      0.00      0.00      0.00       0  pt_data_worker
01:51:56 PM  1000    180398    0.00    0.00    0.00    0.00    0.00    10      0.00      0.00 64070560 3603116  11.07      0.00      0.00      0.00       0  pt_data_worker
01:51:56 PM  1000    180399    0.00    0.00    0.00    0.00    0.00     4      0.00      0.00 64005036 3537008  10.86      0.00      0.00      0.00       0  pt_data_worker
01:51:56 PM  1000    180400    0.00    0.00    0.00    0.00    0.00    14      0.00      0.00 64095160 3622000  11.12      0.00      0.00      0.00       0  pt_data_worker
01:51:56 PM  1000    180401    0.00    0.00    0.00    0.00    0.00    10      0.00      0.00 64005060 3537820  10.87      0.00      0.00      0.00       0  pt_data_worker
01:51:56 PM  1000    180402    0.00    0.00    0.00    0.00    0.00    11      0.00      0.00 64005072 3552888  10.91      0.00      0.00      0.00       0  pt_data_worker

# Time        UID       PID    %usr %system  %guest   %wait    %CPU   CPU  minflt/s  majflt/s     VSZ     RSS   %MEM   kB_rd/s   kB_wr/s kB_ccwr/s iodelay  Command
01:51:57 PM     0       239    0.00    2.00    0.00    0.00    2.00    10      0.00      0.00       0       0   0.00     -1.00     -1.00     -1.00       0  kswapd0
01:51:57 PM  1000    125786    1.00    3.00    0.00    0.00    4.00    11      0.00      0.00   17752   10824   0.03      0.00      0.00      0.00       0  htop
01:51:57 PM  1000    180331    0.00    1.00    0.00    0.00    1.00     4      0.00      0.00  336828    3196   0.01      0.00      0.00      0.00       0  nvidia-smi
01:51:57 PM  1000    180332    0.00    0.00    0.00    0.00    0.00     3      0.00      0.00    8916    1688   0.01      0.00      4.00      0.00       0  mpstat
01:51:57 PM  1000    180333    1.00    0.00    0.00    0.00    1.00     8      0.00      0.00   13648    4764   0.01      0.00      4.00      0.00       0  pidstat
01:51:57 PM  1000    180336    2.00    4.00    0.00    0.00    6.00     9      0.00      0.00 69093148 10218692  31.38      0.00  67584.00      0.00       0  python
01:51:57 PM  1000    180387    0.00    0.00    0.00    0.00    0.00    19      0.00      0.00 64029468 3535968  10.86      0.00      0.00      0.00       0  pt_data_worker
01:51:57 PM  1000    180388    0.00    0.00    0.00    0.00    0.00     9      0.00      0.00 64070440 3599540  11.06      0.00      0.00      0.00       0  pt_data_worker
01:51:57 PM  1000    180389    0.00    0.00    0.00    0.00    0.00    24      0.00      0.00 64135988 3647048  11.20      0.00      0.00      0.00       0  pt_data_worker
01:51:57 PM  1000    180390    0.00    0.00    0.00    0.00    0.00     2      0.00      0.00 64029504 3536844  10.86      0.00      0.00      0.00       0  pt_data_worker
01:51:57 PM  1000    180391    0.00    0.00    0.00    0.00    0.00     8      0.00      0.00 64029516 3536428  10.86      0.00      0.00      0.00       0  pt_data_worker
01:51:57 PM  1000    180392    0.00    0.00    0.00    0.00    0.00     6      0.00      0.00 64095064 3595524  11.04      0.00      0.00      0.00       0  pt_data_worker
01:51:57 PM  1000    180393    0.00    0.00    0.00    0.00    0.00     2      0.00      0.00 64095076 3600872  11.06      0.00      0.00      0.00       0  pt_data_worker
01:51:57 PM  1000    180394    0.00    0.00    0.00    0.00    0.00     8      0.00      0.00 64004976 3515160  10.80      0.00      0.00      0.00       0  pt_data_worker
01:51:57 PM  1000    180395    0.00    0.00    0.00    0.00    0.00     8      0.00      0.00 64029564 3536324  10.86      0.00      0.00      0.00       0  pt_data_worker
01:51:57 PM  1000    180396    0.00    0.00    0.00    0.00    0.00     6      0.00      0.00 64070536 3540512  10.87      0.00      0.00      0.00       0  pt_data_worker
01:51:57 PM  1000    180397    0.00    0.00    0.00    0.00    0.00     4      0.00      0.00 64070548 3581272  11.00      0.00      0.00      0.00       0  pt_data_worker
01:51:57 PM  1000    180398    0.00    0.00    0.00    0.00    0.00    10      0.00      0.00 64070560 3581356  11.00      0.00      0.00      0.00       0  pt_data_worker
01:51:57 PM  1000    180399    0.00    0.00    0.00    0.00    0.00     4      0.00      0.00 64005036 3515504  10.80      0.00      0.00      0.00       0  pt_data_worker
01:51:57 PM  1000    180400    0.00    0.00    0.00    0.00    0.00    14      0.00      0.00 64095160 3600240  11.06      0.00      0.00      0.00       0  pt_data_worker
01:51:57 PM  1000    180401    0.00    0.00    0.00    0.00    0.00    10      0.00      0.00 64005060 3516316  10.80      0.00      0.00      0.00       0  pt_data_worker
01:51:57 PM  1000    180402    0.00    0.00    0.00    0.00    0.00    11      0.00      0.00 64005072 3531384  10.85      0.00      0.00      0.00       0  pt_data_worker

# Time        UID       PID    %usr %system  %guest   %wait    %CPU   CPU  minflt/s  majflt/s     VSZ     RSS   %MEM   kB_rd/s   kB_wr/s kB_ccwr/s iodelay  Command
01:51:58 PM     0       239    0.00    1.00    0.00    0.00    1.00    10      0.00      0.00       0       0   0.00     -1.00     -1.00     -1.00       0  kswapd0
01:51:58 PM     0       974    0.00    1.00    0.00    0.00    1.00    15      0.00      0.00       0       0   0.00     -1.00     -1.00     -1.00       0  nvidia-modeset/kthread_q
01:51:58 PM     0      1165    0.00    0.00    0.00    0.00    0.00     4      2.00      0.00   17400    3380   0.01     -1.00     -1.00     -1.00       0  wpa_supplicant
01:51:58 PM     0      1483    0.00    0.00    0.00    0.00    0.00    20      9.00     13.00 1360300   25328   0.08     -1.00     -1.00     -1.00       0  tailscaled
01:51:58 PM  1000    180331    0.00    1.00    0.00    0.00    1.00     4      0.00      0.00  336828    3196   0.01      0.00      0.00      0.00       0  nvidia-smi
01:51:58 PM  1000    180332    0.00    0.00    0.00    0.00    0.00     3      0.00      0.00    8916    1688   0.01      0.00      8.00      0.00       0  mpstat
01:51:58 PM  1000    180333    0.00    0.00    0.00    0.00    0.00     8      0.00      0.00   13648    4764   0.01      0.00      4.00      0.00       0  pidstat
01:51:58 PM  1000    180336    2.00    1.00    0.00    0.00    3.00     9      0.00      0.00 69093148 10204100  31.34      0.00  61440.00      0.00       0  python
01:51:58 PM  1000    180387    0.00    0.00    0.00    0.00    0.00    19      0.00      0.00 64029468 3520096  10.81      0.00      0.00      0.00       0  pt_data_worker
01:51:58 PM  1000    180388    0.00    0.00    0.00    0.00    0.00     9      0.00      0.00 64070440 3583924  11.01      0.00      0.00      0.00       0  pt_data_worker
01:51:58 PM  1000    180389    0.00    0.00    0.00    0.00    0.00    24      0.00      0.00 64135988 3631432  11.15      0.00      0.00      0.00       0  pt_data_worker
01:51:58 PM  1000    180390    0.00    0.00    0.00    0.00    0.00     2      0.00      0.00 64029504 3521228  10.81      0.00      0.00      0.00       0  pt_data_worker
01:51:58 PM  1000    180391    0.00    0.00    0.00    0.00    0.00     8      0.00      0.00 64029516 3520812  10.81      0.00      0.00      0.00       0  pt_data_worker
01:51:58 PM  1000    180392    0.00    0.00    0.00    0.00    0.00     6      0.00      0.00 64095064 3579652  10.99      0.00      0.00      0.00       0  pt_data_worker
01:51:58 PM  1000    180393    0.00    0.00    0.00    0.00    0.00     2      0.00      0.00 64095076 3585256  11.01      0.00      0.00      0.00       0  pt_data_worker
01:51:58 PM  1000    180394    0.00    0.00    0.00    0.00    0.00     8      0.00      0.00 64004976 3499544  10.75      0.00      0.00      0.00       0  pt_data_worker
01:51:58 PM  1000    180395    0.00    0.00    0.00    0.00    0.00     8      0.00      0.00 64029564 3520452  10.81      0.00      0.00      0.00       0  pt_data_worker
01:51:58 PM  1000    180396    0.00    0.00    0.00    0.00    0.00     6      0.00      0.00 64070536 3524896  10.83      0.00      0.00      0.00       0  pt_data_worker
01:51:58 PM  1000    180397    0.00    0.00    0.00    0.00    0.00     4      0.00      0.00 64070548 3565400  10.95      0.00      0.00      0.00       0  pt_data_worker
01:51:58 PM  1000    180398    0.00    0.00    0.00    0.00    0.00    10      0.00      0.00 64070560 3565740  10.95      0.00      0.00      0.00       0  pt_data_worker
01:51:58 PM  1000    180399    0.00    0.00    0.00    0.00    0.00     4      0.00      0.00 64005036 3499632  10.75      0.00      0.00      0.00       0  pt_data_worker
01:51:58 PM  1000    180400    0.00    0.00    0.00    0.00    0.00    14      0.00      0.00 64095160 3584624  11.01      0.00      0.00      0.00       0  pt_data_worker
01:51:58 PM  1000    180401    0.00    0.00    0.00    0.00    0.00    10      0.00      0.00 64005060 3500444  10.75      0.00      0.00      0.00       0  pt_data_worker
01:51:58 PM  1000    180402    0.00    0.00    0.00    0.00    0.00    11      0.00      0.00 64005072 3515512  10.80      0.00      0.00      0.00       0  pt_data_worker

# Time        UID       PID    %usr %system  %guest   %wait    %CPU   CPU  minflt/s  majflt/s     VSZ     RSS   %MEM   kB_rd/s   kB_wr/s kB_ccwr/s iodelay  Command
01:51:59 PM     0       219    0.00    1.00    0.00    0.00    1.00    10      0.00      0.00       0       0   0.00     -1.00     -1.00     -1.00       0  kcompactd0
01:51:59 PM     0       239    0.00    2.00    0.00    0.00    2.00    10      0.00      0.00       0       0   0.00     -1.00     -1.00     -1.00       0  kswapd0
01:51:59 PM  1000      6390    0.00    0.00    0.00    0.00    0.00    10      2.00      1.00   16396    7824   0.02      8.00      0.00      0.00       0  zsh
01:51:59 PM  1000      6450    0.00    0.00    0.00    0.00    0.00     7      2.00      0.00   15312    2916   0.01      0.00      0.00      0.00       0  zsh
01:51:59 PM  1000    125786    0.00    3.00    0.00    0.00    3.00    11      0.00      0.00   17752   10824   0.03      0.00      0.00      0.00       0  htop
01:51:59 PM   120    179783    0.00    0.00    0.00    0.00    0.00    18      0.00      0.00 25994904   16944   0.05     -1.00     -1.00     -1.00       0  Xorg
01:51:59 PM   120    179822    0.00    0.00    0.00    0.00    0.00    26      0.00      0.00    9800    2372   0.01     -1.00     -1.00     -1.00       0  dbus-daemon
01:51:59 PM   120    179823    0.00    0.00    0.00    0.00    0.00    15      0.00      0.00  521084    4264   0.01     -1.00     -1.00     -1.00       0  gnome-session-b
01:51:59 PM  1000    180331    0.00    1.00    0.00    0.00    1.00     4      0.00      0.00  336828    3196   0.01      0.00      4.00      0.00       0  nvidia-smi
01:51:59 PM  1000    180332    0.00    0.00    0.00    0.00    0.00     3      0.00      0.00    8916    1688   0.01      0.00      4.00      0.00       0  mpstat
01:51:59 PM  1000    180333    0.00    1.00    0.00    0.00    1.00     8      0.00      0.00   13648    4764   0.01      0.00      8.00      0.00       0  pidstat
01:51:59 PM  1000    180336    2.00    2.00    0.00    0.00    4.00     9      0.00      0.00 69093148 10185668  31.28      0.00  47104.00      0.00       0  python
01:51:59 PM  1000    180387    0.00    0.00    0.00    0.00    0.00    19      0.00      0.00 64029468 3500640  10.75      0.00      0.00      0.00       0  pt_data_worker
01:51:59 PM  1000    180388    0.00    0.00    0.00    0.00    0.00     9      0.00      0.00 64070440 3564212  10.95      0.00      0.00      0.00       0  pt_data_worker
01:51:59 PM  1000    180389    0.00    0.00    0.00    0.00    0.00    24      0.00      0.00 64135988 3611720  11.09      0.00      0.00      0.00       0  pt_data_worker
01:51:59 PM  1000    180390    0.00    0.00    0.00    0.00    0.00     2      0.00      0.00 64029504 3501516  10.75      0.00      0.00      0.00       0  pt_data_worker
01:51:59 PM  1000    180391    0.00    0.00    0.00    0.00    0.00     8      0.00      0.00 64029516 3501100  10.75      0.00      0.00      0.00       0  pt_data_worker
01:51:59 PM  1000    180392    0.00    0.00    0.00    0.00    0.00     6      0.00      0.00 64095064 3560196  10.93      0.00      0.00      0.00       0  pt_data_worker
01:51:59 PM  1000    180393    0.00    0.00    0.00    0.00    0.00     2      0.00      0.00 64095076 3565544  10.95      0.00      0.00      0.00       0  pt_data_worker
01:51:59 PM  1000    180394    0.00    0.00    0.00    0.00    0.00     8      0.00      0.00 64004976 3479832  10.69      0.00      0.00      0.00       0  pt_data_worker
01:51:59 PM  1000    180395    0.00    0.00    0.00    0.00    0.00     8      0.00      0.00 64029564 3500996  10.75      0.00      0.00      0.00       0  pt_data_worker
01:51:59 PM  1000    180396    0.00    0.00    0.00    0.00    0.00     6      0.00      0.00 64070536 3505184  10.77      0.00      0.00      0.00       0  pt_data_worker
01:51:59 PM  1000    180397    0.00    0.00    0.00    0.00    0.00     4      0.00      0.00 64070548 3545944  10.89      0.00      0.00      0.00       0  pt_data_worker
01:51:59 PM  1000    180398    0.00    0.00    0.00    0.00    0.00    10      0.00      0.00 64070560 3546028  10.89      0.00      0.00      0.00       0  pt_data_worker
01:51:59 PM  1000    180399    0.00    0.00    0.00    0.00    0.00     4      0.00      0.00 64005036 3480176  10.69      0.00      0.00      0.00       0  pt_data_worker
01:51:59 PM  1000    180400    0.00    0.00    0.00    0.00    0.00    14      0.00      0.00 64095160 3564912  10.95      0.00      0.00      0.00       0  pt_data_worker
01:51:59 PM  1000    180401    0.00    0.00    0.00    0.00    0.00    10      0.00      0.00 64005060 3480988  10.69      0.00      0.00      0.00       0  pt_data_worker
01:51:59 PM  1000    180402    0.00    0.00    0.00    0.00    0.00    11      0.00      0.00 64005072 3496056  10.74      0.00      0.00      0.00       0  pt_data_worker

# Time        UID       PID    %usr %system  %guest   %wait    %CPU   CPU  minflt/s  majflt/s     VSZ     RSS   %MEM   kB_rd/s   kB_wr/s kB_ccwr/s iodelay  Command
01:52:00 PM     0       239    0.00    2.00    0.00    0.00    2.00    11      0.00      0.00       0       0   0.00     -1.00     -1.00     -1.00       0  kswapd0
01:52:00 PM     0       526    0.00    0.00    0.00    0.00    0.00     2      0.00      0.00   67880   15904   0.05     -1.00     -1.00     -1.00       0  systemd-journal
01:52:00 PM     0      1483    0.00    1.00    0.00    0.00    1.00    20     23.00     68.00 1360300   25880   0.08     -1.00     -1.00     -1.00       0  tailscaled
01:52:00 PM  1000      6390    0.00    0.00    0.00    0.00    0.00    10     13.00      2.00   16396    8088   0.02      4.00      0.00      0.00       0  zsh
01:52:00 PM  1000    125786    1.00    3.00    0.00    0.00    4.00    11      0.00      0.00   17752   10824   0.03      0.00      0.00      0.00       0  htop
01:52:00 PM     0    142287    0.00    1.00    0.00    0.00    1.00     8      0.00      0.00       0       0   0.00     -1.00     -1.00     -1.00       0  kworker/u128:0+flush-259:0
01:52:00 PM   120    179826    0.00    0.00    0.00    0.00    0.00    17      0.00      0.00  383188    2560   0.01     -1.00     -1.00     -1.00       0  at-spi-bus-laun
01:52:00 PM   120    179843    0.00    0.00    0.00    0.00    0.00     5      0.00      1.00 4031472  113120   0.35     -1.00     -1.00     -1.00       0  gnome-shell
01:52:00 PM  1000    180331    1.00    1.00    0.00    0.00    2.00     4      0.00      0.00  336828    3196   0.01      0.00      0.00      0.00       0  nvidia-smi
01:52:00 PM  1000    180332    0.00    0.00    0.00    0.00    0.00     3      0.00      0.00    8916    1688   0.01      0.00      8.00      0.00       0  mpstat
01:52:00 PM  1000    180333    0.00    0.00    0.00    0.00    0.00     8      0.00      0.00   13648    4764   0.01      0.00      4.00      0.00       0  pidstat
01:52:00 PM  1000    180336    3.00    1.00    0.00    0.00    4.00     9      0.00      0.00 69093148 10169796  31.23      0.00  90112.00      0.00       0  python
01:52:00 PM  1000    180387    0.00    0.00    0.00    0.00    0.00    19      0.00      0.00 64029468 3484512  10.70      0.00      0.00      0.00       0  pt_data_worker
01:52:00 PM  1000    180388    0.00    0.00    0.00    0.00    0.00     9      0.00      0.00 64070440 3548340  10.90      0.00      0.00      0.00       0  pt_data_worker
01:52:00 PM  1000    180389    0.00    0.00    0.00    0.00    0.00    24      0.00      0.00 64135988 3596104  11.04      0.00      0.00      0.00       0  pt_data_worker
01:52:00 PM  1000    180390    0.00    0.00    0.00    0.00    0.00     2      0.00      0.00 64029504 3485644  10.71      0.00      0.00      0.00       0  pt_data_worker
01:52:00 PM  1000    180391    0.00    0.00    0.00    0.00    0.00     8      0.00      0.00 64029516 3485484  10.71      0.00      0.00      0.00       0  pt_data_worker
01:52:00 PM  1000    180392    0.00    0.00    0.00    0.00    0.00     4      0.00      0.00 64095064 3544324  10.89      0.00      0.00      0.00       0  pt_data_worker
01:52:00 PM  1000    180393    0.00    0.00    0.00    0.00    0.00     2      0.00      0.00 64095076 3549416  10.90      0.00      0.00      0.00       0  pt_data_worker
01:52:00 PM  1000    180394    0.00    0.00    0.00    0.00    0.00    10      0.00      0.00 64004976 3463960  10.64      0.00      0.00      0.00       0  pt_data_worker
01:52:00 PM  1000    180395    0.00    0.00    0.00    0.00    0.00    10      0.00      0.00 64029564 3485124  10.70      0.00      0.00      0.00       0  pt_data_worker
01:52:00 PM  1000    180396    0.00    0.00    0.00    0.00    0.00     6      0.00      0.00 64070536 3489568  10.72      0.00      0.00      0.00       0  pt_data_worker
01:52:00 PM  1000    180397    0.00    0.00    0.00    0.00    0.00     4      0.00      0.00 64070548 3530072  10.84      0.00      0.00      0.00       0  pt_data_worker
01:52:00 PM  1000    180398    0.00    0.00    0.00    0.00    0.00    10      0.00      0.00 64070560 3530156  10.84      0.00      0.00      0.00       0  pt_data_worker
01:52:00 PM  1000    180399    0.00    0.00    0.00    0.00    0.00     4      0.00      0.00 64005036 3464304  10.64      0.00      0.00      0.00       0  pt_data_worker
01:52:00 PM  1000    180400    0.00    0.00    0.00    0.00    0.00    14      0.00      0.00 64095160 3549040  10.90      0.00      0.00      0.00       0  pt_data_worker
01:52:00 PM  1000    180401    0.00    0.00    0.00    0.00    0.00    10      0.00      0.00 64005060 3465116  10.64      0.00      0.00      0.00       0  pt_data_worker
01:52:00 PM  1000    180402    0.00    0.00    0.00    0.00    0.00    11      0.00      0.00 64005072 3480184  10.69      0.00      0.00      0.00       0  pt_data_worker

# Time        UID       PID    %usr %system  %guest   %wait    %CPU   CPU  minflt/s  majflt/s     VSZ     RSS   %MEM   kB_rd/s   kB_wr/s kB_ccwr/s iodelay  Command
01:52:01 PM     0       219    0.00    3.00    0.00    0.00    3.00    10      0.00      0.00       0       0   0.00     -1.00     -1.00     -1.00       0  kcompactd0
01:52:01 PM   120    179783    0.00    0.00    0.00    0.00    0.00    18      0.00      0.00 25994904   16688   0.05     -1.00     -1.00     -1.00       0  Xorg
01:52:01 PM   120    179823    0.00    0.00    0.00    0.00    0.00    15      0.00      0.00  521084    4008   0.01     -1.00     -1.00     -1.00       0  gnome-session-b
01:52:01 PM   120    179826    0.00    0.00    0.00    0.00    0.00    17      0.00      0.00  383188    2304   0.01     -1.00     -1.00     -1.00       0  at-spi-bus-laun
01:52:01 PM   120    179832    0.00    0.00    0.00    0.00    0.00    22      0.00      0.00    9500    1896   0.01     -1.00     -1.00     -1.00       0  dbus-daemon
01:52:01 PM   120    179843    0.00    0.00    0.00    0.00    0.00     8     12.00     34.00 4031472  113936   0.35     -1.00     -1.00     -1.00       0  gnome-shell
01:52:01 PM  1000    180331    0.00    1.00    0.00    0.00    1.00     4      0.00      0.00  336828    3196   0.01      0.00      4.00      0.00       0  nvidia-smi
01:52:01 PM  1000    180333    1.00    1.00    0.00    0.00    2.00     6      0.00      0.00   13648    4764   0.01      0.00      8.00      0.00       0  pidstat
01:52:01 PM  1000    180336    4.00    2.00    0.00    0.00    6.00    28      0.00      0.00 69093148 10169796  31.23      0.00 150528.00      0.00       0  python

# Time        UID       PID    %usr %system  %guest   %wait    %CPU   CPU  minflt/s  majflt/s     VSZ     RSS   %MEM   kB_rd/s   kB_wr/s kB_ccwr/s iodelay  Command
01:52:02 PM     0       219    0.00    2.00    0.00    0.00    2.00    10      0.00      0.00       0       0   0.00     -1.00     -1.00     -1.00       0  kcompactd0
01:52:02 PM     0       239    0.00    1.00    0.00    0.00    1.00    11      0.00      0.00       0       0   0.00     -1.00     -1.00     -1.00       0  kswapd0
01:52:02 PM   108      1011    0.00    0.00    0.00    0.00    0.00    13      1.00      0.00    8768    3272   0.01     -1.00     -1.00     -1.00       0  avahi-daemon
01:52:02 PM     0      1051    0.00    0.00    0.00    0.00    0.00    15      4.00      1.00    9760    1688   0.01     -1.00     -1.00     -1.00       0  cron
01:52:02 PM     0      1483    1.00    0.00    0.00    0.00    1.00    20     11.00      7.00 1360300   26188   0.08     -1.00     -1.00     -1.00       0  tailscaled
01:52:02 PM     0     27984    0.00    1.00    0.00    0.00    1.00     2      0.00      0.00       0       0   0.00     -1.00     -1.00     -1.00       0  kworker/u128:13-ext4-rsv-conversion
01:52:02 PM  1000    125786    1.00    3.00    0.00    0.00    4.00    11      0.00      0.00   17752   10824   0.03      0.00      0.00      0.00       0  htop
01:52:02 PM   120    179823    0.00    0.00    0.00    0.00    0.00    15      0.00      0.00  521084    3752   0.01     -1.00     -1.00     -1.00       0  gnome-session-b
01:52:02 PM   120    179843    0.00    0.00    0.00    0.00    0.00     9     12.00     23.00 4031472  113780   0.35     -1.00     -1.00     -1.00       0  gnome-shell
01:52:02 PM  1000    180331    0.00    0.00    0.00    1.00    0.00     2      0.00      0.00  336828    3196   0.01      0.00      4.00      0.00       0  nvidia-smi
01:52:02 PM  1000    180332    0.00    0.00    0.00    0.00    0.00    10      0.00      0.00    8916    1688   0.01      0.00      8.00      0.00       0  mpstat
01:52:02 PM  1000    180333    0.00    1.00    0.00    0.00    1.00     6      0.00      0.00   13648    4764   0.01      0.00      4.00      0.00       0  pidstat
01:52:02 PM  1000    180336    4.00    2.00    0.00    0.00    6.00     8      0.00      0.00 69093148 10169796  31.23      0.00 187392.00      0.00       0  python

# Time        UID       PID    %usr %system  %guest   %wait    %CPU   CPU  minflt/s  majflt/s     VSZ     RSS   %MEM   kB_rd/s   kB_wr/s kB_ccwr/s iodelay  Command
01:52:03 PM     0       526    0.00    0.00    0.00    0.00    0.00     2      0.00      0.00   67880   15648   0.05     -1.00     -1.00     -1.00       0  systemd-journal
01:52:03 PM     0      1483    0.00    0.00    0.00    0.00    0.00    21     27.00     18.00 1360300   27516   0.08     -1.00     -1.00     -1.00       0  tailscaled
01:52:03 PM  1000    125786    0.00    2.00    0.00    0.00    2.00    11      0.00      0.00   17752   10824   0.03      0.00      0.00      0.00       0  htop
01:52:03 PM     0    142287    0.00    1.00    0.00    0.00    1.00    11      0.00      0.00       0       0   0.00     -1.00     -1.00     -1.00       0  kworker/u128:0+flush-259:0
01:52:03 PM   120    179843    0.00    0.00    0.00    0.00    0.00     9     19.00     29.00 4031472  115200   0.35     -1.00     -1.00     -1.00       0  gnome-shell
01:52:03 PM  1000    180331    0.00    1.00    0.00    0.00    1.00     2      0.00      0.00  336828    3196   0.01      0.00      0.00      0.00       0  nvidia-smi
01:52:03 PM  1000    180332    0.00    0.00    0.00    0.00    0.00    10      0.00      0.00    8916    1688   0.01      0.00      4.00      0.00       0  mpstat
01:52:03 PM  1000    180333    0.00    0.00    0.00    0.00    0.00     6      0.00      0.00   13648    4764   0.01      0.00      4.00      0.00       0  pidstat
01:52:03 PM  1000    180336    3.00    1.00    0.00    0.00    4.00     8      0.00      0.00 69093148 10169796  31.23      0.00 122880.00      0.00       0  python

# Time        UID       PID    %usr %system  %guest   %wait    %CPU   CPU  minflt/s  majflt/s     VSZ     RSS   %MEM   kB_rd/s   kB_wr/s kB_ccwr/s iodelay  Command
01:52:04 PM     0       219    0.00    1.00    0.00    0.00    1.00    10      0.00      0.00       0       0   0.00     -1.00     -1.00     -1.00       0  kcompactd0
01:52:04 PM   120    179843    0.00    0.00    0.00    0.00    0.00     9     14.00     26.00 4031472  124168   0.38     -1.00     -1.00     -1.00       0  gnome-shell
01:52:04 PM  1000    180331    0.00    1.00    0.00    0.00    1.00     2      0.00      0.00  336828    3196   0.01      0.00      4.00      0.00       0  nvidia-smi
01:52:04 PM  1000    180332    0.00    0.00    0.00    0.00    0.00    10      0.00      0.00    8916    1688   0.01      0.00      8.00      0.00       0  mpstat
01:52:04 PM  1000    180333    1.00    0.00    0.00    0.00    1.00     6      0.00      0.00   13648    4764   0.01      0.00      4.00      0.00       0  pidstat
01:52:04 PM  1000    180336    3.00    2.00    0.00    0.00    5.00    14      0.00      0.00 69093148 10169796  31.23      0.00 106496.00      0.00       0  python

# Time        UID       PID    %usr %system  %guest   %wait    %CPU   CPU  minflt/s  majflt/s     VSZ     RSS   %MEM   kB_rd/s   kB_wr/s kB_ccwr/s iodelay  Command
01:52:05 PM     0      1483    0.00    0.00    0.00    0.00    0.00    21     36.00      8.00 1360300   27516   0.08     -1.00     -1.00     -1.00       0  tailscaled
01:52:05 PM  1000    125786    1.00    3.00    0.00    0.00    4.00    11      0.00      0.00   17752   10824   0.03      0.00      0.00      0.00       0  htop
01:52:05 PM   120    179843    0.00    0.00    0.00    0.00    0.00     9     11.00     27.00 4031472  127528   0.39     -1.00     -1.00     -1.00       0  gnome-shell
01:52:05 PM  1000    180331    1.00    1.00    0.00    0.00    2.00     4      0.00      0.00  336828    3196   0.01      0.00      0.00      0.00       0  nvidia-smi
01:52:05 PM  1000    180332    0.00    0.00    0.00    0.00    0.00    10      0.00      0.00    8916    1688   0.01      0.00      8.00      0.00       0  mpstat
01:52:05 PM  1000    180333    0.00    1.00    0.00    0.00    1.00     6      0.00      0.00   13648    4764   0.01      0.00      4.00      0.00       0  pidstat
01:52:05 PM  1000    180336    3.00    1.00    0.00    0.00    4.00     4      4.00      2.00 69093148 10169796  31.23    128.00  98304.00      0.00       0  python

# Time        UID       PID    %usr %system  %guest   %wait    %CPU   CPU  minflt/s  majflt/s     VSZ     RSS   %MEM   kB_rd/s   kB_wr/s kB_ccwr/s iodelay  Command
01:52:06 PM     0       219    0.00    1.00    0.00    0.00    1.00     0      0.00      0.00       0       0   0.00     -1.00     -1.00     -1.00       0  kcompactd0
01:52:06 PM     0       974    0.00    1.00    0.00    0.00    1.00    15      0.00      0.00       0       0   0.00     -1.00     -1.00     -1.00       0  nvidia-modeset/kthread_q
01:52:06 PM     0      1483    0.00    0.00    0.00    0.00    0.00    21      6.00      4.00 1360300   27516   0.08     -1.00     -1.00     -1.00       0  tailscaled
01:52:06 PM  1000    125786    0.00    3.00    0.00    0.00    3.00    11      0.00      0.00   17752   10824   0.03      0.00      0.00      0.00       0  htop
01:52:06 PM   120    179843    0.00    0.00    0.00    0.00    0.00     9     10.00     28.00 4031472  127304   0.39     -1.00     -1.00     -1.00       0  gnome-shell
01:52:06 PM     0    180164    0.00    1.00    0.00    0.00    1.00     1      0.00      0.00       0       0   0.00     -1.00     -1.00     -1.00       0  kworker/1:2-mm_percpu_wq
01:52:06 PM  1000    180331    0.00    1.00    0.00    0.00    1.00     4      0.00      0.00  336828    3196   0.01      0.00      4.00      0.00       0  nvidia-smi
01:52:06 PM  1000    180333    0.00    0.00    0.00    0.00    0.00     6      0.00      0.00   13648    4764   0.01      0.00      4.00      0.00       0  pidstat
01:52:06 PM  1000    180336    2.00    1.00    0.00    0.00    3.00    10      0.00      0.00 69093148 10169796  31.23      0.00  90112.00      0.00       0  python

# Time        UID       PID    %usr %system  %guest   %wait    %CPU   CPU  minflt/s  majflt/s     VSZ     RSS   %MEM   kB_rd/s   kB_wr/s kB_ccwr/s iodelay  Command
01:52:07 PM     0       239    0.00    3.00    0.00    0.00    3.00    10      0.00      0.00       0       0   0.00     -1.00     -1.00     -1.00       0  kswapd0
01:52:07 PM     0      3082    0.00    1.00    0.00    0.00    1.00    12      0.00      0.00  405836    8308   0.03     -1.00     -1.00     -1.00       0  fwupd
01:52:07 PM     0    173694    0.00    1.00    0.00    0.00    1.00     8      0.00      0.00       0       0   0.00     -1.00     -1.00     -1.00       0  kworker/u128:5-ext4-rsv-conversion
01:52:07 PM   120    179843    0.00    1.00    0.00    0.00    1.00     9     31.00     30.00 4031472  130908   0.40     -1.00     -1.00     -1.00       0  gnome-shell
01:52:07 PM  1000    180331    0.00    1.00    0.00    0.00    1.00     4      0.00      0.00  336828    3196   0.01      0.00      4.00      0.00       0  nvidia-smi
01:52:07 PM  1000    180332    0.00    0.00    0.00    0.00    0.00    10      0.00      0.00    8916    1688   0.01      4.00      0.00      0.00       0  mpstat
01:52:07 PM  1000    180333    0.00    1.00    0.00    0.00    1.00     6      0.00      0.00   13648    4764   0.01      0.00      4.00      0.00       0  pidstat
01:52:07 PM  1000    180336    2.00    1.00    0.00    0.00    3.00    10      0.00      0.00 69093148 10147780  31.17    108.00  81920.00      0.00       0  python
01:52:07 PM  1000    180387    0.00    0.00    0.00    0.00    0.00    19      0.00      0.00 64029468 3461728  10.63      0.00      0.00      0.00       0  pt_data_worker
01:52:07 PM  1000    180388    0.00    0.00    0.00    0.00    0.00     9      0.00      0.00 64070440 3526324  10.83      0.00      0.00      0.00       0  pt_data_worker
01:52:07 PM  1000    180389    0.00    0.00    0.00    0.00    0.00    24      0.00      0.00 64135988 3573832  10.98      0.00      0.00      0.00       0  pt_data_worker
01:52:07 PM  1000    180390    0.00    0.00    0.00    0.00    0.00    10      0.00      0.00 64029504 3463372  10.64      0.00      0.00      0.00       0  pt_data_worker
01:52:07 PM  1000    180391    0.00    0.00    0.00    0.00    0.00     8      0.00      0.00 64029516 3462956  10.64      0.00      0.00      0.00       0  pt_data_worker
01:52:07 PM  1000    180392    0.00    0.00    0.00    0.00    0.00     4      0.00      0.00 64095064 3522052  10.82      0.00      0.00      0.00       0  pt_data_worker
01:52:07 PM  1000    180393    0.00    0.00    0.00    0.00    0.00     2      0.00      0.00 64095076 3527400  10.83      0.00      0.00      0.00       0  pt_data_worker
01:52:07 PM  1000    180394    0.00    0.00    0.00    0.00    0.00    10      0.00      0.00 64004976 3441688  10.57      0.00      0.00      0.00       0  pt_data_worker
01:52:07 PM  1000    180395    0.00    0.00    0.00    0.00    0.00    10      0.00      0.00 64029564 3462596  10.63      0.00      0.00      0.00       0  pt_data_worker
01:52:07 PM  1000    180396    0.00    0.00    0.00    0.00    0.00     6      0.00      0.00 64070536 3467296  10.65      0.00      0.00      0.00       0  pt_data_worker
01:52:07 PM  1000    180397    0.00    0.00    0.00    0.00    0.00     3      0.00      0.00 64070548 3507288  10.77      0.00      0.00      0.00       0  pt_data_worker
01:52:07 PM  1000    180398    0.00    0.00    0.00    0.00    0.00     8      0.00      0.00 64070560 3507884  10.77      0.00      0.00      0.00       0  pt_data_worker
01:52:07 PM  1000    180399    0.00    0.00    0.00    0.00    0.00     4      0.00      0.00 64005036 3441776  10.57      0.00      0.00      0.00       0  pt_data_worker
01:52:07 PM  1000    180400    0.00    0.00    0.00    0.00    0.00    14      0.00      0.00 64095160 3527280  10.83      0.00      0.00      0.00       0  pt_data_worker
01:52:07 PM  1000    180401    0.00    0.00    0.00    0.00    0.00    10      0.00      0.00 64005060 3442332  10.57      0.00      0.00      0.00       0  pt_data_worker
01:52:07 PM  1000    180402    0.00    0.00    0.00    0.00    0.00    11      0.00      0.00 64005072 3457656  10.62      0.00      0.00      0.00       0  pt_data_worker

# Time        UID       PID    %usr %system  %guest   %wait    %CPU   CPU  minflt/s  majflt/s     VSZ     RSS   %MEM   kB_rd/s   kB_wr/s kB_ccwr/s iodelay  Command
01:52:08 PM     0         1    0.00    0.00    0.00    0.00    0.00     8      7.00      2.00   23212    8656   0.03     -1.00     -1.00     -1.00       0  systemd
01:52:08 PM     0       239    0.00    1.00    0.00    0.00    1.00    14      0.00      0.00       0       0   0.00     -1.00     -1.00     -1.00       0  kswapd0
01:52:08 PM     0       526    0.00    0.00    0.00    0.00    0.00     2      0.00      0.00   67880   15392   0.05     -1.00     -1.00     -1.00       0  systemd-journal
01:52:08 PM   990       942    0.00    0.00    0.00    0.00    0.00    10      2.00      0.00   17752    4500   0.01     -1.00     -1.00     -1.00       0  systemd-oomd
01:52:08 PM  1000    125786    1.00    4.00    0.00    0.00    5.00    11      0.00      0.00   17752   10824   0.03      0.00      0.00      0.00       0  htop
01:52:08 PM     0    142287    0.00    1.00    0.00    0.00    1.00    11      0.00      0.00       0       0   0.00     -1.00     -1.00     -1.00       0  kworker/u128:0+flush-259:0
01:52:08 PM   120    179783    0.00    0.00    0.00    0.00    0.00    18      6.00     30.00 25994904   17492   0.05     -1.00     -1.00     -1.00       0  Xorg
01:52:08 PM   120    179843    1.00    0.00    0.00    0.00    1.00     9     47.00     28.00 4031472  132340   0.41     -1.00     -1.00     -1.00       0  gnome-shell
01:52:08 PM  1000    180331    0.00    1.00    0.00    0.00    1.00     4      0.00      0.00  336828    3196   0.01      0.00      4.00      0.00       0  nvidia-smi
01:52:08 PM  1000    180332    0.00    0.00    0.00    0.00    0.00    10      0.00      0.00    8916    1688   0.01      0.00     12.00      0.00       0  mpstat
01:52:08 PM  1000    180333    1.00    0.00    0.00    0.00    1.00    10      0.00      0.00   13648    4764   0.01      0.00      8.00      0.00       0  pidstat
01:52:08 PM  1000    180336    3.00    1.00    0.00    0.00    4.00     0      0.00      1.00 69093148 10129604  31.11      0.00  65536.00      0.00       0  python
01:52:08 PM  1000    180387    0.00    0.00    0.00    0.00    0.00    19      0.00      0.00 64029468 3445856  10.58      0.00      0.00      0.00       0  pt_data_worker
01:52:08 PM  1000    180388    0.00    0.00    0.00    0.00    0.00     9      0.00      0.00 64070440 3510196  10.78      0.00      0.00      0.00       0  pt_data_worker
01:52:08 PM  1000    180389    0.00    0.00    0.00    0.00    0.00    24      0.00      0.00 64135988 3558472  10.93      0.00      0.00      0.00       0  pt_data_worker
01:52:08 PM  1000    180390    0.00    0.00    0.00    0.00    0.00    10      0.00      0.00 64029504 3447500  10.59      0.00      0.00      0.00       0  pt_data_worker
01:52:08 PM  1000    180391    0.00    0.00    0.00    0.00    0.00     8      0.00      0.00 64029516 3447084  10.59      0.00      0.00      0.00       0  pt_data_worker
01:52:08 PM  1000    180392    0.00    0.00    0.00    0.00    0.00     4      0.00      0.00 64095064 3506436  10.77      0.00      0.00      0.00       0  pt_data_worker
01:52:08 PM  1000    180393    0.00    0.00    0.00    0.00    0.00     2      0.00      0.00 64095076 3511528  10.79      0.00      0.00      0.00       0  pt_data_worker
01:52:08 PM  1000    180394    0.00    0.00    0.00    0.00    0.00    10      0.00      0.00 64004976 3425816  10.52      0.00      0.00      0.00       0  pt_data_worker
01:52:08 PM  1000    180395    0.00    0.00    0.00    0.00    0.00    10      0.00      0.00 64029564 3446980  10.59      0.00      0.00      0.00       0  pt_data_worker
01:52:08 PM  1000    180396    0.00    0.00    0.00    0.00    0.00     6      0.00      0.00 64070536 3451424  10.60      0.00      0.00      0.00       0  pt_data_worker
01:52:08 PM  1000    180397    0.00    0.00    0.00    0.00    0.00     3      0.00      0.00 64070548 3492184  10.73      0.00      0.00      0.00       0  pt_data_worker
01:52:08 PM  1000    180398    0.00    0.00    0.00    0.00    0.00     8      0.00      0.00 64070560 3492268  10.73      0.00      0.00      0.00       0  pt_data_worker
01:52:08 PM  1000    180399    0.00    0.00    0.00    0.00    0.00     4      0.00      0.00 64005036 3426160  10.52      0.00      0.00      0.00       0  pt_data_worker
01:52:08 PM  1000    180400    0.00    0.00    0.00    0.00    0.00    14      0.00      0.00 64095160 3511408  10.78      0.00      0.00      0.00       0  pt_data_worker
01:52:08 PM  1000    180401    0.00    0.00    0.00    0.00    0.00    10      0.00      0.00 64005060 3426716  10.52      0.00      0.00      0.00       0  pt_data_worker
01:52:08 PM  1000    180402    0.00    0.00    0.00    0.00    0.00    11      0.00      0.00 64005072 3441784  10.57      0.00      0.00      0.00       0  pt_data_worker

# Time        UID       PID    %usr %system  %guest   %wait    %CPU   CPU  minflt/s  majflt/s     VSZ     RSS   %MEM   kB_rd/s   kB_wr/s kB_ccwr/s iodelay  Command
01:52:09 PM     0        15    0.00    1.00    0.00    0.00    1.00     4      0.00      0.00       0       0   0.00     -1.00     -1.00     -1.00       0  rcu_preempt
01:52:09 PM     0       219    0.00    1.00    0.00    0.00    1.00    11      0.00      0.00       0       0   0.00     -1.00     -1.00     -1.00       0  kcompactd0
01:52:09 PM     0       239    0.00    3.00    0.00    0.00    3.00    10      0.00      0.00       0       0   0.00     -1.00     -1.00     -1.00       0  kswapd0
01:52:09 PM     0       526    0.00    0.00    0.00    0.00    0.00     2      0.00      0.00   67880   15136   0.05     -1.00     -1.00     -1.00       0  systemd-journal
01:52:09 PM     0      1483    0.00    0.00    0.00    0.00    0.00    21      1.00      0.00 1360300   27516   0.08     -1.00     -1.00     -1.00       0  tailscaled
01:52:09 PM     0      1684    0.00    1.00    0.00    1.00    1.00     8      0.00      0.00       0       0   0.00     -1.00     -1.00     -1.00       0  kworker/8:1H-kblockd
01:52:09 PM  1000      6390    0.00    0.00    0.00    0.00    0.00    10      6.00      0.00   16396    8088   0.02      0.00      0.00      0.00       0  zsh
01:52:09 PM     0     17532    0.00    1.00    0.00    0.00    1.00     5      0.00      0.00       0       0   0.00     -1.00     -1.00     -1.00       0  kworker/5:0-mm_percpu_wq
01:52:09 PM  1000    125786    0.00    3.00    0.00    0.00    3.00    11      0.00      0.00   17752   10824   0.03      0.00      0.00      0.00       0  htop
01:52:09 PM     0    142287    0.00    1.00    0.00    0.00    1.00     9      0.00      0.00       0       0   0.00     -1.00     -1.00     -1.00       0  kworker/u128:0+flush-259:0
01:52:09 PM   120    179783    0.00    1.00    0.00    0.00    1.00     0     16.00     79.00 25994904   18908   0.06     -1.00     -1.00     -1.00       0  Xorg
01:52:09 PM   120    179843    0.00    0.00    0.00    0.00    0.00     9      0.00      0.00 4031472  132084   0.41     -1.00     -1.00     -1.00       0  gnome-shell
01:52:09 PM  1000    180331    0.00    1.00    0.00    0.00    1.00     2      0.00      0.00  336828    3196   0.01      0.00      0.00      0.00       0  nvidia-smi
01:52:09 PM  1000    180332    0.00    0.00    0.00    0.00    0.00    10      0.00      0.00    8916    1688   0.01      4.00      0.00      0.00       0  mpstat
01:52:09 PM  1000    180333    0.00    1.00    0.00    0.00    1.00     6      0.00      0.00   13648    4764   0.01      0.00      4.00      0.00       0  pidstat
01:52:09 PM  1000    180336    3.00    1.00    0.00    0.00    4.00     8      0.00      0.00 69093148 10102980  31.03      0.00  90112.00      0.00       0  python
01:52:09 PM  1000    180387    0.00    0.00    0.00    0.00    0.00    19      0.00      0.00 64029468 3420768  10.51      0.00      0.00      0.00       0  pt_data_worker
01:52:09 PM  1000    180388    0.00    0.00    0.00    0.00    0.00     9      0.00      0.00 64070440 3485620  10.71      0.00      0.00      0.00       0  pt_data_worker
01:52:09 PM  1000    180389    0.00    0.00    0.00    0.00    0.00    24      0.00      0.00 64135988 3533640  10.85      0.00      0.00      0.00       0  pt_data_worker
01:52:09 PM  1000    180390    0.00    0.00    0.00    0.00    0.00    10      0.00      0.00 64029504 3422668  10.51      0.00      0.00      0.00       0  pt_data_worker
01:52:09 PM  1000    180391    0.00    0.00    0.00    0.00    0.00     8      0.00      0.00 64029516 3422764  10.51      0.00      0.00      0.00       0  pt_data_worker
01:52:09 PM  1000    180392    0.00    0.00    0.00    0.00    0.00     4      0.00      0.00 64095064 3481604  10.69      0.00      0.00      0.00       0  pt_data_worker
01:52:09 PM  1000    180393    0.00    0.00    0.00    0.00    0.00     2      0.00      0.00 64095076 3486696  10.71      0.00      0.00      0.00       0  pt_data_worker
01:52:09 PM  1000    180394    0.00    0.00    0.00    0.00    0.00    10      0.00      0.00 64004976 3400984  10.45      0.00      0.00      0.00       0  pt_data_worker
01:52:09 PM  1000    180395    0.00    0.00    0.00    0.00    0.00    10      0.00      0.00 64029564 3422148  10.51      0.00      0.00      0.00       0  pt_data_worker
01:52:09 PM  1000    180396    0.00    0.00    0.00    0.00    0.00     6      0.00      0.00 64070536 3426336  10.52      0.00      0.00      0.00       0  pt_data_worker
01:52:09 PM  1000    180397    0.00    0.00    0.00    0.00    0.00     3      0.00      0.00 64070548 3467352  10.65      0.00      0.00      0.00       0  pt_data_worker
01:52:09 PM  1000    180398    0.00    0.00    0.00    0.00    0.00     8      0.00      0.00 64070560 3467180  10.65      0.00      0.00      0.00       0  pt_data_worker
01:52:09 PM  1000    180399    0.00    0.00    0.00    0.00    0.00     4      0.00      0.00 64005036 3401328  10.45      0.00      0.00      0.00       0  pt_data_worker
01:52:09 PM  1000    180400    0.00    0.00    0.00    0.00    0.00    14      0.00      0.00 64095160 3486576  10.71      0.00      0.00      0.00       0  pt_data_worker
01:52:09 PM  1000    180401    0.00    0.00    0.00    0.00    0.00    10      0.00      0.00 64005060 3401884  10.45      0.00      0.00      0.00       0  pt_data_worker
01:52:09 PM  1000    180402    0.00    0.00    0.00    0.00    0.00    11      0.00      0.00 64005072 3417464  10.50      0.00      0.00      0.00       0  pt_data_worker

# Time        UID       PID    %usr %system  %guest   %wait    %CPU   CPU  minflt/s  majflt/s     VSZ     RSS   %MEM   kB_rd/s   kB_wr/s kB_ccwr/s iodelay  Command
01:52:10 PM     0       239    0.00    1.00    0.00    0.00    1.00    10      0.00      0.00       0       0   0.00     -1.00     -1.00     -1.00       0  kswapd0
01:52:10 PM   108      1011    0.00    0.00    0.00    0.00    0.00    13      1.00      0.00    8768    3272   0.01     -1.00     -1.00     -1.00       0  avahi-daemon
01:52:10 PM     0      1483    1.00    0.00    0.00    0.00    1.00    21      0.00      0.00 1360300   27516   0.08     -1.00     -1.00     -1.00       0  tailscaled
01:52:10 PM     0    142287    0.00    1.00    0.00    0.00    1.00     9      0.00      0.00       0       0   0.00     -1.00     -1.00     -1.00       0  kworker/u128:0+flush-259:0
01:52:10 PM   120    179843    0.00    0.00    0.00    0.00    0.00     9      0.00      0.00 4031472  128500   0.39     -1.00     -1.00     -1.00       0  gnome-shell
01:52:10 PM  1000    180331    1.00    2.00    0.00    0.00    3.00     2      0.00      0.00  336828    3196   0.01      0.00      4.00      0.00       0  nvidia-smi
01:52:10 PM  1000    180332    0.00    0.00    0.00    0.00    0.00    10      0.00      0.00    8916    1688   0.01      0.00     16.00      0.00       0  mpstat
01:52:10 PM  1000    180333    0.00    1.00    0.00    0.00    1.00     6      0.00      0.00   13648    4764   0.01      4.00      8.00      0.00       0  pidstat
01:52:10 PM  1000    180336    5.00   11.00    0.00    0.00   16.00     8      0.00      0.00 69093148 10102980  31.03      0.00 620544.00      0.00       0  python

# Time        UID       PID    %usr %system  %guest   %wait    %CPU   CPU  minflt/s  majflt/s     VSZ     RSS   %MEM   kB_rd/s   kB_wr/s kB_ccwr/s iodelay  Command
01:52:11 PM   990       942    0.00    1.00    0.00    0.00    1.00    10      0.00      0.00   17752    4500   0.01     -1.00     -1.00     -1.00       0  systemd-oomd
01:52:11 PM  1000      9066    0.00    1.00    0.00    0.00    1.00     2      0.00      0.00  958328    8328   0.03      0.00      0.00      0.00       0  Omniverse Hub
01:52:11 PM  1000    125786    1.00    3.00    0.00    0.00    4.00    11      0.00      0.00   17752   10824   0.03      0.00      0.00      0.00       0  htop
01:52:11 PM  1000    180331    0.00    1.00    0.00    0.00    1.00     4      0.00      0.00  336828    3196   0.01      0.00      0.00      0.00       0  nvidia-smi
01:52:11 PM  1000    180332    0.00    0.00    0.00    0.00    0.00    10      0.00      0.00    8916    1688   0.01      0.00      4.00      0.00       0  mpstat
01:52:11 PM  1000    180333    0.00    0.00    0.00    0.00    0.00     8      0.00      0.00   13648    4764   0.01      0.00      8.00      0.00       0  pidstat
01:52:11 PM  1000    180336    3.00    3.00    0.00    0.00    6.00     9      0.00      0.00 69093148 10102980  31.03      0.00 137216.00      0.00       0  python

# Time        UID       PID    %usr %system  %guest   %wait    %CPU   CPU  minflt/s  majflt/s     VSZ     RSS   %MEM   kB_rd/s   kB_wr/s kB_ccwr/s iodelay  Command
01:52:12 PM     0       219    0.00    1.00    0.00    0.00    1.00    11      0.00      0.00       0       0   0.00     -1.00     -1.00     -1.00       0  kcompactd0
01:52:12 PM     0      1483    0.00    1.00    0.00    0.00    1.00    21      0.00      0.00 1360300   27516   0.08     -1.00     -1.00     -1.00       0  tailscaled
01:52:12 PM     0     27819    0.00    1.00    0.00    0.00    1.00     2      0.00      0.00       0       0   0.00     -1.00     -1.00     -1.00       0  kworker/2:0-events
01:52:12 PM  1000    125786    0.00    2.00    0.00    0.00    2.00    11      0.00      0.00   17752   10824   0.03      0.00      0.00      0.00       0  htop
01:52:12 PM  1000    180331    0.00    2.00    0.00    0.00    2.00     4      0.00      0.00  336828    3196   0.01      0.00      4.00      0.00       0  nvidia-smi
01:52:12 PM  1000    180332    0.00    0.00    0.00    0.00    0.00    10      0.00      0.00    8916    1688   0.01      0.00      4.00      0.00       0  mpstat
01:52:12 PM  1000    180333    1.00    0.00    0.00    0.00    1.00     8      0.00      0.00   13648    4764   0.01      0.00      0.00      0.00       0  pidstat
01:52:12 PM  1000    180336    3.00    1.00    0.00    0.00    4.00     2      0.00      0.00 69093148 10102980  31.03      0.00 104448.00      0.00       0  python

# Time        UID       PID    %usr %system  %guest   %wait    %CPU   CPU  minflt/s  majflt/s     VSZ     RSS   %MEM   kB_rd/s   kB_wr/s kB_ccwr/s iodelay  Command
01:52:13 PM     0       239    0.00    1.00    0.00    0.00    1.00    10      0.00      0.00       0       0   0.00     -1.00     -1.00     -1.00       0  kswapd0
01:52:13 PM     0       526    0.00    0.00    0.00    0.00    0.00     2      0.00      0.00   67880   14880   0.05     -1.00     -1.00     -1.00       0  systemd-journal
01:52:13 PM     0      1483    0.00    0.00    0.00    0.00    0.00    21      0.00      2.00 1360300   27516   0.08     -1.00     -1.00     -1.00       0  tailscaled
01:52:13 PM   120    179843    0.00    0.00    0.00    0.00    0.00     9      0.00      0.00 4031472  127988   0.39     -1.00     -1.00     -1.00       0  gnome-shell
01:52:13 PM   120    179918    0.00    0.00    0.00    0.00    0.00     9     35.00      6.00  409888    5168   0.02     -1.00     -1.00     -1.00       0  gsd-color
01:52:13 PM  1000    180331    0.00    2.00    0.00    0.00    2.00     2      0.00      0.00  336828    3196   0.01      0.00      0.00      0.00       0  nvidia-smi
01:52:13 PM  1000    180332    0.00    0.00    0.00    0.00    0.00    10      0.00      0.00    8916    1688   0.01      0.00      4.00      0.00       0  mpstat
01:52:13 PM  1000    180333    0.00    1.00    0.00    0.00    1.00     8      5.00      0.00   13648    4764   0.01      0.00      4.00      0.00       0  pidstat
01:52:13 PM  1000    180336    3.00    2.00    0.00    0.00    5.00     8      0.00      0.00 69093148 10102980  31.03      0.00  98304.00      0.00       0  python

# Time        UID       PID    %usr %system  %guest   %wait    %CPU   CPU  minflt/s  majflt/s     VSZ     RSS   %MEM   kB_rd/s   kB_wr/s kB_ccwr/s iodelay  Command
01:52:14 PM     0     27984    0.00    1.00    0.00    0.00    1.00     8      0.00      0.00       0       0   0.00     -1.00     -1.00     -1.00       0  kworker/u128:13-ext4-rsv-conversion
01:52:14 PM  1000    125786    1.00    3.00    0.00    0.00    4.00    11      0.00      0.00   17752   10824   0.03      0.00      0.00      0.00       0  htop
01:52:14 PM   120    179783    0.00    0.00    0.00    0.00    0.00     0     14.00     32.00 25994904   19432   0.06     -1.00     -1.00     -1.00       0  Xorg
01:52:14 PM   120    179843    0.00    0.00    0.00    0.00    0.00     9      0.00      0.00 4031472  127220   0.39     -1.00     -1.00     -1.00       0  gnome-shell
01:52:14 PM   120    179974    0.00    0.00    0.00    0.00    0.00    15     34.00     16.00  459308    4168   0.01     -1.00     -1.00     -1.00       0  gsd-housekeepin
01:52:14 PM   120    179977    0.00    0.00    0.00    0.00    0.00     6     21.00      4.00  520544    6088   0.02     -1.00     -1.00     -1.00       0  gsd-power
01:52:14 PM  1000    180331    0.00    2.00    0.00    0.00    2.00     2      0.00      0.00  336828    3196   0.01      0.00      4.00      0.00       0  nvidia-smi
01:52:14 PM  1000    180332    0.00    0.00    0.00    0.00    0.00    10      0.00      0.00    8916    1688   0.01      0.00      8.00      0.00       0  mpstat
01:52:14 PM  1000    180333    0.00    0.00    0.00    0.00    0.00    12      0.00      0.00   13648    4764   0.01      0.00      4.00      0.00       0  pidstat
01:52:14 PM  1000    180336    3.00    2.00    0.00    0.00    5.00     9      0.00      0.00 69093148 10102980  31.03      0.00  92160.00      0.00       0  python

# Time        UID       PID    %usr %system  %guest   %wait    %CPU   CPU  minflt/s  majflt/s     VSZ     RSS   %MEM   kB_rd/s   kB_wr/s kB_ccwr/s iodelay  Command
01:52:15 PM     0       219    0.00    1.00    0.00    0.00    1.00    11      0.00      0.00       0       0   0.00     -1.00     -1.00     -1.00       0  kcompactd0
01:52:15 PM   106      1707    0.00    0.00    0.00    0.00    0.00    31     10.00      0.00   12760    2272   0.01     -1.00     -1.00     -1.00       0  kerneloops
01:52:15 PM  1000    125786    1.00    3.00    0.00    0.00    4.00    11      0.00      0.00   17752   10824   0.03      0.00      0.00      0.00       0  htop
01:52:15 PM     0    142287    0.00    1.00    0.00    0.00    1.00     9      0.00      0.00       0       0   0.00     -1.00     -1.00     -1.00       0  kworker/u128:0+flush-259:0
01:52:15 PM  1000    180331    0.00    3.00    0.00    0.00    3.00     2      0.00      0.00  336828    3196   0.01      0.00      4.00      0.00       0  nvidia-smi
01:52:15 PM  1000    180332    0.00    0.00    0.00    0.00    0.00    10      0.00      0.00    8916    1688   0.01      0.00      4.00      0.00       0  mpstat
01:52:15 PM  1000    180333    0.00    1.00    0.00    0.00    1.00    10      0.00      0.00   13648    4764   0.01      0.00      4.00      0.00       0  pidstat
01:52:15 PM  1000    180336    2.00    1.00    0.00    0.00    3.00     9      0.00      0.00 69093148 10102980  31.03      0.00  86016.00      0.00       0  python

# Time        UID       PID    %usr %system  %guest   %wait    %CPU   CPU  minflt/s  majflt/s     VSZ     RSS   %MEM   kB_rd/s   kB_wr/s kB_ccwr/s iodelay  Command
01:52:16 PM  1000    180332    0.00    1.00    0.00    0.00    1.00    10      0.00      0.00    8916    1688   0.01      0.00      8.00      0.00       0  mpstat
01:52:16 PM  1000    180333    0.00    0.00    0.00    0.00    0.00    10      0.00      0.00   13648    4764   0.01      0.00      4.00      0.00       0  pidstat
01:52:16 PM  1000    180336    1.00   11.00    0.00    0.00   12.00     9      5.00     21.00 64760064 5770676  17.72   1488.00  14488.00      0.00       0  python

# Time        UID       PID    %usr %system  %guest   %wait    %CPU   CPU  minflt/s  majflt/s     VSZ     RSS   %MEM   kB_rd/s   kB_wr/s kB_ccwr/s iodelay  Command
01:52:17 PM  1000    125786    0.00    2.00    0.00    0.00    2.00    11      0.00      0.00   17752   10824   0.03      0.00      0.00      0.00       0  htop
01:52:17 PM  1000    180331    0.00    3.00    0.00    0.00    3.00     2      0.00      0.00  336828    3196   0.01      0.00      0.00      0.00       0  nvidia-smi
01:52:17 PM  1000    180333    1.00    1.00    0.00    0.00    2.00    10      0.00      0.00   13648    4764   0.01      0.00      4.00      0.00       0  pidstat
01:52:17 PM  1000    180336    1.00    1.00    0.00    0.00    2.00     9     15.00     60.00 64760064 5771540  17.73   1808.00      0.00      0.00       0  python

# Time        UID       PID    %usr %system  %guest   %wait    %CPU   CPU  minflt/s  majflt/s     VSZ     RSS   %MEM   kB_rd/s   kB_wr/s kB_ccwr/s iodelay  Command
01:52:18 PM     0       974    0.00    1.00    0.00    0.00    1.00    15      0.00      0.00       0       0   0.00     -1.00     -1.00     -1.00       0  nvidia-modeset/kthread_q
01:52:18 PM     0      1483    0.00    0.00    0.00    0.00    0.00    21      1.00      0.00 1360300   27516   0.08     -1.00     -1.00     -1.00       0  tailscaled
01:52:18 PM  1000    125786    1.00    2.00    0.00    0.00    3.00    10      0.00      0.00   17752   10824   0.03      0.00      0.00      0.00       0  htop
01:52:18 PM     0    142287    0.00    1.00    0.00    0.00    1.00    11      0.00      0.00       0       0   0.00     -1.00     -1.00     -1.00       0  kworker/u128:0+flush-259:0
01:52:18 PM  1000    180331    0.00    2.00    0.00    0.00    2.00     2      0.00      0.00  336828    3196   0.01      0.00      4.00      0.00       0  nvidia-smi
01:52:18 PM  1000    180332    0.00    0.00    0.00    0.00    0.00    12      0.00      0.00    8916    1688   0.01      0.00      8.00      0.00       0  mpstat
01:52:18 PM  1000    180333    0.00    1.00    0.00    0.00    1.00     4      0.00      0.00   13648    4764   0.01      0.00      0.00      0.00       0  pidstat
01:52:18 PM  1000    180336    6.00   11.00    0.00    0.00   17.00     9 102059.00    254.00 65227016 6079164  18.67  11860.00      0.00      0.00       0  python

# Time        UID       PID    %usr %system  %guest   %wait    %CPU   CPU  minflt/s  majflt/s     VSZ     RSS   %MEM   kB_rd/s   kB_wr/s kB_ccwr/s iodelay  Command
01:52:19 PM     0       526    0.00    0.00    0.00    0.00    0.00     2      0.00      0.00   67880   14624   0.04     -1.00     -1.00     -1.00       0  systemd-journal
01:52:19 PM     0      1483    0.00    0.00    0.00    0.00    0.00    21      4.00      2.00 1360300   27516   0.08     -1.00     -1.00     -1.00       0  tailscaled
01:52:19 PM  1000      6390    0.00    0.00    0.00    0.00    0.00    10      6.00      0.00   16396    8088   0.02      0.00      0.00      0.00       0  zsh
01:52:19 PM  1000    125786    0.00    1.00    0.00    0.00    1.00    10      0.00      0.00   17752   10824   0.03      0.00      0.00      0.00       0  htop
01:52:19 PM     0    142287    0.00    1.00    0.00    0.00    1.00    11      0.00      0.00       0       0   0.00     -1.00     -1.00     -1.00       0  kworker/u128:0+flush-259:0
01:52:19 PM   120    179843    0.00    0.00    0.00    0.00    0.00     9      0.00      0.00 4031472  124404   0.38     -1.00     -1.00     -1.00       0  gnome-shell
01:52:19 PM  1000    180331    0.00    1.00    0.00    0.00    1.00     2      0.00      0.00  336828    3196   0.01      0.00      4.00      0.00       0  nvidia-smi
01:52:19 PM  1000    180332    1.00    0.00    0.00    0.00    1.00    12      0.00      0.00    8916    1688   0.01      0.00      8.00      0.00       0  mpstat
01:52:19 PM  1000    180333    0.00    0.00    0.00    0.00    0.00     4      0.00      0.00   13648    4764   0.01      0.00      4.00      0.00       0  pidstat
01:52:19 PM  1000    180336   13.00   56.00    0.00    0.00   69.00     9 386019.00      8.00 64760064 5779532  17.75    320.00 1334312.00      0.00       0  python

# Time        UID       PID    %usr %system  %guest   %wait    %CPU   CPU  minflt/s  majflt/s     VSZ     RSS   %MEM   kB_rd/s   kB_wr/s kB_ccwr/s iodelay  Command
01:52:20 PM  1000    125786    0.00    3.00    0.00    0.00    3.00    10      0.00      0.00   17752   10824   0.03      0.00      0.00      0.00       0  htop
01:52:20 PM  1000    180331    0.00    1.00    0.00    0.00    1.00     2      0.00      0.00  336828    3196   0.01      0.00      4.00      0.00       0  nvidia-smi
01:52:20 PM  1000    180332    0.00    0.00    0.00    0.00    0.00    12      0.00      0.00    8916    1688   0.01      0.00      4.00      0.00       0  mpstat
01:52:20 PM  1000    180333    0.00    1.00    0.00    0.00    1.00    10      0.00      0.00   13648    4764   0.01      0.00      8.00      0.00       0  pidstat
01:52:20 PM  1000    180336    0.00    0.00    0.00    0.00    0.00     9     22.00     40.00 64760064 5779792  17.75    440.00    104.00      0.00       0  python

# Time        UID       PID    %usr %system  %guest   %wait    %CPU   CPU  minflt/s  majflt/s     VSZ     RSS   %MEM   kB_rd/s   kB_wr/s kB_ccwr/s iodelay  Command
01:52:21 PM  1000    180331    1.00    1.00    0.00    0.00    2.00     2      0.00      0.00  336828    3196   0.01      0.00      0.00      0.00       0  nvidia-smi
01:52:21 PM  1000    180332    0.00    0.00    0.00    0.00    0.00    12      0.00      0.00    8916    1688   0.01      0.00      4.00      0.00       0  mpstat
01:52:21 PM  1000    180333    1.00    0.00    0.00    0.00    1.00    10      0.00      0.00   13648    4764   0.01      0.00      0.00      0.00       0  pidstat
01:52:21 PM  1000    180336    0.00    1.00    0.00    0.00    1.00     9     19.00     61.00 64760064 5780352  17.75    636.00      0.00      0.00       0  python

# Time        UID       PID    %usr %system  %guest   %wait    %CPU   CPU  minflt/s  majflt/s     VSZ     RSS   %MEM   kB_rd/s   kB_wr/s kB_ccwr/s iodelay  Command
01:52:22 PM     0      1483    0.00    0.00    0.00    0.00    0.00    21      3.00      3.00 1360300   27516   0.08     -1.00     -1.00     -1.00       0  tailscaled
01:52:22 PM  1000    125786    0.00    3.00    0.00    0.00    3.00     8      0.00      0.00   17752   10824   0.03      0.00      0.00      0.00       0  htop
01:52:22 PM     0    142287    0.00    1.00    0.00    0.00    1.00    11      0.00      0.00       0       0   0.00     -1.00     -1.00     -1.00       0  kworker/u128:0+flush-259:0
01:52:22 PM  1000    180331    0.00    1.00    0.00    0.00    1.00     2      0.00      0.00  336828    3196   0.01      0.00      0.00      0.00       0  nvidia-smi
01:52:22 PM  1000    180336    0.00    0.00    0.00    0.00    0.00     8     43.00     58.00 64760064 5781156  17.76    756.00      0.00      0.00       0  python

# Time        UID       PID    %usr %system  %guest   %wait    %CPU   CPU  minflt/s  majflt/s     VSZ     RSS   %MEM   kB_rd/s   kB_wr/s kB_ccwr/s iodelay  Command
01:52:23 PM  1000    125717    0.00    1.00    0.00    0.00    1.00    19      0.00      0.00   14940    5404   0.02      0.00      0.00      0.00       0  zsh
01:52:23 PM  1000    125786    1.00    3.00    0.00    0.00    4.00    10      0.00      0.00   17752   10824   0.03      0.00      0.00      0.00       0  htop
01:52:23 PM  1000    180331    0.00    1.00    0.00    0.00    1.00     2      0.00      0.00  336828    3196   0.01      0.00      0.00      0.00       0  nvidia-smi
01:52:23 PM  1000    180332    0.00    0.00    0.00    0.00    0.00    12      0.00      0.00    8916    1688   0.01      0.00      4.00      0.00       0  mpstat
01:52:23 PM  1000    180333    0.00    1.00    0.00    0.00    1.00    10      0.00      0.00   13648    4764   0.01      0.00      4.00      0.00       0  pidstat
01:52:23 PM  1000    180336    0.00    0.00    0.00    0.00    0.00     8     13.00     33.00 64760064 5781412  17.76    160.00      0.00      0.00       0  python

# Time        UID       PID    %usr %system  %guest   %wait    %CPU   CPU  minflt/s  majflt/s     VSZ     RSS   %MEM   kB_rd/s   kB_wr/s kB_ccwr/s iodelay  Command
01:52:24 PM  1000    180331    0.00    1.00    0.00    0.00    1.00     2      0.00      0.00  336828    3196   0.01      0.00      4.00      0.00       0  nvidia-smi
01:52:24 PM  1000    180332    0.00    0.00    0.00    0.00    0.00    12      0.00      0.00    8916    1688   0.01      0.00      8.00      0.00       0  mpstat
01:52:24 PM  1000    180333    1.00    0.00    0.00    0.00    1.00    10      0.00      0.00   13648    4764   0.01      0.00      0.00      0.00       0  pidstat
01:52:24 PM  1000    180336    0.00    0.00    0.00    0.00    0.00     8     40.00     64.00 64760064 5781668  17.76    568.00      0.00      0.00       0  python

# Time        UID       PID    %usr %system  %guest   %wait    %CPU   CPU  minflt/s  majflt/s     VSZ     RSS   %MEM   kB_rd/s   kB_wr/s kB_ccwr/s iodelay  Command
01:52:25 PM  1000    125786    0.00    3.00    0.00    0.00    3.00    10      0.00      0.00   17752   10824   0.03      0.00      0.00      0.00       0  htop
01:52:25 PM  1000    180331    0.00    1.00    0.00    0.00    1.00     2      0.00      0.00  336828    3196   0.01      0.00      0.00      0.00       0  nvidia-smi
01:52:25 PM  1000    180332    0.00    0.00    0.00    0.00    0.00    12      0.00      0.00    8916    1688   0.01      0.00      4.00      0.00       0  mpstat
01:52:25 PM  1000    180333    0.00    0.00    0.00    0.00    0.00    10      0.00      0.00   13648    4764   0.01      0.00      4.00      0.00       0  pidstat
01:52:25 PM  1000    180336    0.00    1.00    0.00    0.00    1.00     8     73.00     52.00 64760064 5782180  17.76    728.00      0.00      0.00       0  python

# Time        UID       PID    %usr %system  %guest   %wait    %CPU   CPU  minflt/s  majflt/s     VSZ     RSS   %MEM   kB_rd/s   kB_wr/s kB_ccwr/s iodelay  Command
01:52:26 PM     0      1483    1.00    0.00    0.00    0.00    1.00    21      0.00      0.00 1360300   27516   0.08     -1.00     -1.00     -1.00       0  tailscaled
01:52:26 PM  1000      9066    0.00    1.00    0.00    0.00    1.00     2      0.00      0.00  958328    8328   0.03      0.00      0.00      0.00       0  Omniverse Hub
01:52:26 PM     0     27984    0.00    1.00    0.00    0.00    1.00    12      0.00      0.00       0       0   0.00     -1.00     -1.00     -1.00       0  kworker/u128:13-ext4-rsv-conversion
01:52:26 PM  1000    125786    1.00    2.00    0.00    0.00    3.00    10      0.00      0.00   17752   10824   0.03      0.00      0.00      0.00       0  htop
01:52:26 PM     0    142287    0.00    1.00    0.00    0.00    1.00    11      0.00      0.00       0       0   0.00     -1.00     -1.00     -1.00       0  kworker/u128:0+flush-259:0
01:52:26 PM  1000    180331    0.00    1.00    0.00    0.00    1.00     2      0.00      0.00  336828    3196   0.01      0.00      0.00      0.00       0  nvidia-smi
01:52:26 PM  1000    180332    0.00    0.00    0.00    0.00    0.00    12      0.00      0.00    8916    1688   0.01      0.00      4.00      0.00       0  mpstat
01:52:26 PM  1000    180333    0.00    1.00    0.00    0.00    1.00    10      0.00      0.00   13648    4764   0.01      0.00      0.00      0.00       0  pidstat
01:52:26 PM  1000    180336    1.00    0.00    0.00    0.00    1.00     8     50.00     44.00 64760064 5782692  17.76    472.00     24.00      0.00       0  python

# Time        UID       PID    %usr %system  %guest   %wait    %CPU   CPU  minflt/s  majflt/s     VSZ     RSS   %MEM   kB_rd/s   kB_wr/s kB_ccwr/s iodelay  Command
01:52:27 PM     0       974    0.00    1.00    0.00    0.00    1.00    15      0.00      0.00       0       0   0.00     -1.00     -1.00     -1.00       0  nvidia-modeset/kthread_q
01:52:27 PM  1000    180331    1.00    1.00    0.00    0.00    2.00     2      0.00      0.00  336828    3196   0.01      0.00      0.00      0.00       0  nvidia-smi
01:52:27 PM  1000    180333    0.00    0.00    0.00    0.00    0.00    10      0.00      0.00   13648    4764   0.01      0.00      4.00      0.00       0  pidstat
01:52:27 PM  1000    180336    0.00    0.00    0.00    0.00    0.00     9     27.00     59.00 64760064 5782948  17.76    252.00      0.00      0.00       0  python

# Time        UID       PID    %usr %system  %guest   %wait    %CPU   CPU  minflt/s  majflt/s     VSZ     RSS   %MEM   kB_rd/s   kB_wr/s kB_ccwr/s iodelay  Command
01:52:28 PM     0      1483    0.00    0.00    0.00    0.00    0.00    21      2.00      0.00 1360300   27516   0.08     -1.00     -1.00     -1.00       0  tailscaled
01:52:28 PM   106      1721    0.00    0.00    0.00    0.00    0.00     6      9.00      0.00   12760    2268   0.01     -1.00     -1.00     -1.00       0  kerneloops
01:52:28 PM  1000    125786    0.00    3.00    0.00    0.00    3.00    10      0.00      0.00   17752   10824   0.03      0.00      0.00      0.00       0  htop
01:52:28 PM  1000    180331    0.00    1.00    0.00    0.00    1.00     2      0.00      0.00  336828    3196   0.01      0.00      4.00      0.00       0  nvidia-smi
01:52:28 PM  1000    180332    0.00    0.00    0.00    0.00    0.00    12      0.00      0.00    8916    1688   0.01      0.00      8.00      0.00       0  mpstat
01:52:28 PM  1000    180333    1.00    1.00    0.00    0.00    2.00    10      0.00      0.00   13648    4764   0.01      0.00      0.00      0.00       0  pidstat
01:52:28 PM  1000    180336    0.00    1.00    0.00    0.00    1.00     9     29.00     95.00 64760064 5783768  17.76   8144.00   6784.00      0.00       0  python
01:52:28 PM  1000    180391    0.00    0.00    0.00    0.00    0.00     4     65.00      4.00 64029516 3426304  10.52    492.00      0.00      0.00       0  pt_data_worker

# Time        UID       PID    %usr %system  %guest   %wait    %CPU   CPU  minflt/s  majflt/s     VSZ     RSS   %MEM   kB_rd/s   kB_wr/s kB_ccwr/s iodelay  Command
01:52:29 PM     0      1483    0.00    0.00    0.00    0.00    0.00    21      7.00      7.00 1360300   27516   0.08     -1.00     -1.00     -1.00       0  tailscaled
01:52:29 PM  1000      6390    0.00    0.00    0.00    0.00    0.00    10      6.00      0.00   16396    8088   0.02      0.00      0.00      0.00       0  zsh
01:52:29 PM  1000    125786    1.00    3.00    0.00    0.00    4.00    10      0.00      0.00   17752   10824   0.03      0.00      0.00      0.00       0  htop
01:52:29 PM     0    142287    0.00    1.00    0.00    0.00    1.00    11      0.00      0.00       0       0   0.00     -1.00     -1.00     -1.00       0  kworker/u128:0-flush-259:0
01:52:29 PM  1000    180331    1.00    1.00    0.00    0.00    2.00     2      0.00      0.00  336828    3196   0.01      0.00      4.00      0.00       0  nvidia-smi
01:52:29 PM  1000    180332    0.00    0.00    0.00    0.00    0.00    12      0.00      0.00    8916    1688   0.01      0.00      4.00      0.00       0  mpstat
01:52:29 PM  1000    180333    0.00    0.00    0.00    0.00    0.00    10      0.00      0.00   13648    4764   0.01      0.00      4.00      0.00       0  pidstat
01:52:29 PM  1000    180336   10.00    1.00    0.00    0.00   11.00     9    800.00    703.00 64760064 5803536  17.82  22936.00      0.00      0.00       0  python
01:52:29 PM  1000    180391    4.00    3.00    0.00    0.00    7.00    11  18485.00    153.00 64029516 3436608  10.55  10572.00      0.00      0.00       0  pt_data_worker

# Time        UID       PID    %usr %system  %guest   %wait    %CPU   CPU  minflt/s  majflt/s     VSZ     RSS   %MEM   kB_rd/s   kB_wr/s kB_ccwr/s iodelay  Command
01:52:30 PM     0      1483    0.00    0.00    0.00    0.00    0.00    21     56.00     17.00 1360300   27516   0.08     -1.00     -1.00     -1.00       0  tailscaled
01:52:30 PM  1000    180328    0.00    0.00    0.00    0.00    0.00    10     23.00      8.00   15344    4664   0.01     -1.00     -1.00     -1.00       0  sshd
01:52:30 PM  1000    180331    0.00    1.00    0.00    0.00    1.00     4      0.00      0.00  336828    3196   0.01      0.00      0.00      0.00       0  nvidia-smi
01:52:30 PM  1000    180332    0.00    0.00    0.00    0.00    0.00    12      0.00      0.00    8916    1688   0.01      0.00      4.00      0.00       0  mpstat
01:52:30 PM  1000    180333    0.00    1.00    0.00    0.00    1.00    10      0.00      0.00   13648    4764   0.01      0.00      4.00      0.00       0  pidstat
01:52:30 PM  1000    180335    0.00    0.00    0.00    0.00    0.00    14      0.00      7.00    8632    1492   0.00     72.00      4.00      0.00       0  tee
01:52:30 PM  1000    180336   98.00    1.00    0.00    0.00   99.00     9   2849.00    497.00 64760064 5810768  17.85  11392.00      0.00      0.00       0  python
01:52:30 PM  1000    180392    3.00    3.00    0.00    0.00    6.00    10  17456.00      0.00 64095064 3496860  10.74      0.00      0.00      0.00       0  pt_data_worker
01:52:30 PM  1000    180393    3.00    2.00    0.00    0.00    5.00     4  17422.00      0.00 64095076 3502036  10.76      0.00      0.00      0.00       0  pt_data_worker
01:52:30 PM  1000    180394    4.00    2.00    0.00    0.00    6.00     3  17455.00     60.00 64004976 3417288  10.50    460.00      0.00      0.00       0  pt_data_worker
01:52:30 PM  1000    180395    4.00    2.00    0.00    0.00    6.00     0  17410.00      5.00 64029564 3437708  10.56     48.00      0.00      0.00       0  pt_data_worker
01:52:30 PM  1000    180396    3.00    3.00    0.00    0.00    6.00    13  18438.00      0.00 64070536 3442236  10.57      0.00      0.00      0.00       0  pt_data_worker

# Time        UID       PID    %usr %system  %guest   %wait    %CPU   CPU  minflt/s  majflt/s     VSZ     RSS   %MEM   kB_rd/s   kB_wr/s kB_ccwr/s iodelay  Command
01:52:31 PM     0      1483    0.00    1.00    0.00    0.00    1.00    21      0.00      0.00 1360300   27516   0.08     -1.00     -1.00     -1.00       0  tailscaled
01:52:31 PM  1000    125786    1.00    3.00    0.00    0.00    4.00    10      0.00      0.00   17752   10824   0.03      0.00      0.00      0.00       0  htop
01:52:31 PM  1000    180331    0.00    1.00    0.00    0.00    1.00     2      0.00      0.00  336828    3196   0.01      0.00      0.00      0.00       0  nvidia-smi
01:52:31 PM  1000    180332    0.00    0.00    0.00    0.00    0.00    12      0.00      0.00    8916    1688   0.01      0.00      4.00      0.00       0  mpstat
01:52:31 PM  1000    180335    0.00    0.00    0.00    0.00    0.00    14      0.00      0.00    8632    1492   0.00      0.00      4.00      0.00       0  tee
01:52:31 PM  1000    180336  102.00    1.00    0.00    0.00  103.00     9   2756.00     22.00 64760064 5810768  17.85     88.00      0.00      0.00       0  python
01:52:31 PM  1000    180397    4.00    2.00    0.00    0.00    6.00     3  18854.00      0.00 64070548 3482932  10.70      0.00      0.00      0.00       0  pt_data_worker
01:52:31 PM  1000    180398    3.00    2.00    0.00    0.00    5.00    10  17472.00      0.00 64070560 3483108  10.70      0.00      0.00      0.00       0  pt_data_worker
01:52:31 PM  1000    180399    3.00    3.00    0.00    0.00    6.00    11  17441.00      0.00 64005036 3416376  10.49      0.00      0.00      0.00       0  pt_data_worker
01:52:31 PM  1000    180400    3.00    2.00    0.00    0.00    5.00    10  17429.00     34.00 64095160 3501988  10.76    192.00      0.00      0.00       0  pt_data_worker
01:52:31 PM  1000    180401    3.00    2.00    0.00    0.00    5.00    10  17428.00      7.00 64005060 3417848  10.50     44.00      0.00      0.00       0  pt_data_worker
01:52:31 PM  1000    180402    4.00    1.00    0.00    0.00    5.00     2   4780.00     16.00 64038868 3449148  10.59     88.00      0.00      0.00       0  pt_data_worker

# Time        UID       PID    %usr %system  %guest   %wait    %CPU   CPU  minflt/s  majflt/s     VSZ     RSS   %MEM   kB_rd/s   kB_wr/s kB_ccwr/s iodelay  Command
01:52:32 PM  1000    125786    0.00    3.00    0.00    0.00    3.00    10      0.00      0.00   17752   10824   0.03      0.00      0.00      0.00       0  htop
01:52:32 PM  1000    180331    0.00    1.00    0.00    0.00    1.00     6      0.00      0.00  336828    3196   0.01      0.00      4.00      0.00       0  nvidia-smi
01:52:32 PM  1000    180333    1.00    1.00    0.00    0.00    2.00    10      0.00      0.00   13648    4764   0.01      0.00      4.00      0.00       0  pidstat
01:52:32 PM  1000    180336  102.00    2.00    0.00    0.00  104.00     9   3305.00     29.00 64760064 5811024  17.85    116.00      0.00      0.00       0  python
01:52:32 PM  1000    180387    3.00    3.00    0.00    0.00    6.00     2  19472.00     78.00 64029468 3437196  10.56    424.00      0.00      0.00       0  pt_data_worker
01:52:32 PM  1000    180388    4.00    3.00    0.00    0.00    7.00    13  18554.00     11.00 64070440 3501380  10.75     68.00      0.00      0.00       0  pt_data_worker
01:52:32 PM  1000    180389    3.00    2.00    0.00    0.00    5.00    10  17464.00      1.00 64135988 3549732  10.90      4.00      0.00      0.00       0  pt_data_worker
01:52:32 PM  1000    180390    3.00    1.00    0.00    0.00    4.00     4  17413.00      0.00 64029504 3437928  10.56      0.00      0.00      0.00       0  pt_data_worker
01:52:32 PM  1000    180391    2.00    1.00    0.00    0.00    3.00    11  18230.00      0.00 64029516 3436348  10.55      0.00      0.00      0.00       0  pt_data_worker
01:52:32 PM  1000    180402    1.00    1.00    0.00    0.00    2.00    11  12643.00     19.00 64005072 3433400  10.55     84.00      0.00      0.00       0  pt_data_worker

# Time        UID       PID    %usr %system  %guest   %wait    %CPU   CPU  minflt/s  majflt/s     VSZ     RSS   %MEM   kB_rd/s   kB_wr/s kB_ccwr/s iodelay  Command
01:52:33 PM   990       942    1.00    0.00    0.00    0.00    1.00    12      0.00      0.00   17752    4500   0.01     -1.00     -1.00     -1.00       0  systemd-oomd
01:52:33 PM     0      1483    0.00    0.00    0.00    0.00    0.00    21      3.00      5.00 1360300   27804   0.09     -1.00     -1.00     -1.00       0  tailscaled
01:52:33 PM  1000    180331    0.00    1.00    0.00    0.00    1.00     6      0.00      0.00  336828    3196   0.01      0.00      0.00      0.00       0  nvidia-smi
01:52:33 PM  1000    180332    0.00    0.00    0.00    0.00    0.00    14      0.00      0.00    8916    1688   0.01      0.00      4.00      0.00       0  mpstat
01:52:33 PM  1000    180335    0.00    1.00    0.00    0.00    1.00    14      0.00      0.00    8632    1492   0.00      0.00      0.00      0.00       0  tee
01:52:33 PM  1000    180336  102.00    1.00    0.00    0.00  103.00     9   2756.00     20.00 64760064 5811024  17.85     80.00      0.00      0.00       0  python
01:52:33 PM  1000    180392    2.00    2.00    0.00    0.00    4.00    12  17084.00      0.00 64095064 3496860  10.74      0.00      0.00      0.00       0  pt_data_worker
01:52:33 PM  1000    180393    3.00    2.00    0.00    0.00    5.00    11  17092.00      0.00 64095076 3502036  10.76      0.00      0.00      0.00       0  pt_data_worker
01:52:33 PM  1000    180394    4.00    2.00    0.00    0.00    6.00     3  17116.00      0.00 64004976 3417312  10.50      0.00      0.00      0.00       0  pt_data_worker
01:52:33 PM  1000    180395    4.00    3.00    0.00    0.00    7.00    25  17090.00      1.00 64029564 3437704  10.56     28.00      0.00      0.00       0  pt_data_worker
01:52:33 PM  1000    180396    3.00    2.00    0.00    0.00    5.00     0  18100.00      0.00 64070536 3442184  10.57      0.00      0.00      0.00       0  pt_data_worker
01:52:33 PM  1000    180397    1.00    0.00    0.00    0.00    1.00    12    971.00      0.00 64070548 3482932  10.70      0.00      0.00      0.00       0  pt_data_worker

# Time        UID       PID    %usr %system  %guest   %wait    %CPU   CPU  minflt/s  majflt/s     VSZ     RSS   %MEM   kB_rd/s   kB_wr/s kB_ccwr/s iodelay  Command
01:52:34 PM     0      1483    1.00    0.00    0.00    0.00    1.00    21      0.00      0.00 1360300   27804   0.09     -1.00     -1.00     -1.00       0  tailscaled
01:52:34 PM     0     24912    0.00    1.00    0.00    0.00    1.00     9      0.00      0.00       0       0   0.00     -1.00     -1.00     -1.00       0  kworker/9:1+events
01:52:34 PM  1000    125786    1.00    2.00    0.00    0.00    3.00    10      0.00      0.00   17752   10824   0.03      0.00      0.00      0.00       0  htop
01:52:34 PM  1000    180331    0.00    1.00    0.00    0.00    1.00     6      0.00      0.00  336828    3196   0.01      0.00      0.00      0.00       0  nvidia-smi
01:52:34 PM  1000    180332    0.00    0.00    0.00    0.00    0.00    14      0.00      0.00    8916    1688   0.01      0.00      4.00      0.00       0  mpstat
01:52:34 PM  1000    180333    0.00    1.00    0.00    0.00    1.00    10      0.00      0.00   13648    4764   0.01      0.00      4.00      0.00       0  pidstat
01:52:34 PM  1000    180336  102.00    1.00    0.00    1.00  103.00     8   3293.00      8.00 64760064 5811020  17.85     32.00      0.00      0.00       0  python
01:52:34 PM  1000    180397    1.00    2.00    0.00    0.00    3.00     3  17099.00      0.00 64070548 3482788  10.70      0.00      0.00      0.00       0  pt_data_worker
01:52:34 PM  1000    180398    3.00    2.00    0.00    0.00    5.00    19  17086.00      0.00 64070560 3483108  10.70      0.00      0.00      0.00       0  pt_data_worker
01:52:34 PM  1000    180399    3.00    2.00    0.00    0.00    5.00    11  17091.00      0.00 64005036 3416164  10.49      0.00      0.00      0.00       0  pt_data_worker
01:52:34 PM  1000    180400    3.00    2.00    0.00    0.00    5.00    17  17086.00      1.00 64095160 3501752  10.75      4.00      0.00      0.00       0  pt_data_worker
01:52:34 PM  1000    180401    3.00    2.00    0.00    0.00    5.00    10  17133.00      0.00 64005060 3417932  10.50      0.00      0.00      0.00       0  pt_data_worker
01:52:34 PM  1000    180402    2.00    2.00    0.00    0.00    4.00    11  17111.00      0.00 64005072 3433400  10.55      0.00      0.00      0.00       0  pt_data_worker

# Time        UID       PID    %usr %system  %guest   %wait    %CPU   CPU  minflt/s  majflt/s     VSZ     RSS   %MEM   kB_rd/s   kB_wr/s kB_ccwr/s iodelay  Command
01:52:35 PM     0       756    0.00    1.00    0.00    0.00    1.00     9      0.00      0.00       0       0   0.00     -1.00     -1.00     -1.00       0  kworker/9:2-mm_percpu_wq
01:52:35 PM     0      1483    0.00    0.00    0.00    0.00    0.00    21      1.00      0.00 1360300   27804   0.09     -1.00     -1.00     -1.00       0  tailscaled
01:52:35 PM  1000    125786    1.00    3.00    0.00    0.00    4.00    14      0.00      0.00   17752   10824   0.03      0.00      0.00      0.00       0  htop
01:52:35 PM  1000    180331    1.00    1.00    0.00    0.00    2.00     6      0.00      0.00  336828    3196   0.01      0.00      0.00      0.00       0  nvidia-smi
01:52:35 PM  1000    180332    0.00    0.00    0.00    0.00    0.00    14      0.00      0.00    8916    1688   0.01      0.00      4.00      0.00       0  mpstat
01:52:35 PM  1000    180333    1.00    0.00    0.00    0.00    1.00    10      0.00      0.00   13648    4764   0.01      0.00      0.00      0.00       0  pidstat
01:52:35 PM  1000    180336   69.00    1.00    0.00    0.00   70.00    11   1655.00     11.00 64760064 5811024  17.85     44.00      0.00      0.00       0  python
01:52:35 PM  1000    180387    3.00    2.00    0.00    0.00    5.00     4  19138.00      1.00 64029468 3437372  10.56      8.00      0.00      0.00       0  pt_data_worker
01:52:35 PM  1000    180388    2.00    2.00    0.00    0.00    4.00    12  18187.00      0.00 64070440 3500864  10.75      0.00      0.00      0.00       0  pt_data_worker
01:52:35 PM  1000    180389    3.00    2.00    0.00    0.00    5.00     4  17094.00      1.00 64135988 3549304  10.90     28.00      0.00      0.00       0  pt_data_worker
01:52:35 PM  1000    180390    2.00    0.00    0.00    0.00    2.00    23      0.00      0.00 64029504 3437928  10.56      0.00      0.00      0.00       0  pt_data_worker

# Time        UID       PID    %usr %system  %guest   %wait    %CPU   CPU  minflt/s  majflt/s     VSZ     RSS   %MEM   kB_rd/s   kB_wr/s kB_ccwr/s iodelay  Command
01:52:36 PM     0      1483    0.00    0.00    0.00    0.00    0.00    21      1.00      0.00 1360300   27804   0.09     -1.00     -1.00     -1.00       0  tailscaled
01:52:36 PM  1000    180331    0.00    1.00    0.00    0.00    1.00     6      0.00      0.00  336828    3196   0.01      0.00      0.00      0.00       0  nvidia-smi
01:52:36 PM  1000    180332    0.00    0.00    0.00    0.00    0.00    14      0.00      0.00    8916    1688   0.01      0.00      4.00      0.00       0  mpstat
01:52:36 PM  1000    180333    0.00    1.00    0.00    0.00    1.00    10      0.00      0.00   13648    4764   0.01      0.00      4.00      0.00       0  pidstat
01:52:36 PM  1000    180335    0.00    0.00    0.00    0.00    0.00    14      0.00      0.00    8632    1492   0.00      0.00      4.00      0.00       0  tee
01:52:36 PM  1000    180336   88.00    1.00    0.00    0.00   89.00     9   2751.00      7.00 64760064 5811028  17.85     28.00      0.00      0.00       0  python
01:52:36 PM  1000    180390    2.00    2.00    0.00    0.00    4.00     8  17079.00      0.00 64029504 3437924  10.56      0.00      0.00      0.00       0  pt_data_worker
01:52:36 PM  1000    180391    3.00    3.00    0.00    0.00    6.00    11  18192.00      0.00 64029516 3436344  10.55      0.00      0.00      0.00       0  pt_data_worker
01:52:36 PM  1000    180392    2.00    2.00    0.00    0.00    4.00    14  17093.00      0.00 64095064 3496600  10.74      0.00      0.00      0.00       0  pt_data_worker
01:52:36 PM  1000    180393    2.00    2.00    0.00    0.00    4.00    11  17081.00      0.00 64095076 3501776  10.76      0.00      0.00      0.00       0  pt_data_worker
01:52:36 PM  1000    180394    3.00    2.00    0.00    0.00    5.00     3  17099.00      0.00 64004976 3417208  10.50      0.00      0.00      0.00       0  pt_data_worker

# Time        UID       PID    %usr %system  %guest   %wait    %CPU   CPU  minflt/s  majflt/s     VSZ     RSS   %MEM   kB_rd/s   kB_wr/s kB_ccwr/s iodelay  Command
01:52:37 PM     0        15    0.00    1.00    0.00    0.00    1.00     4      0.00      0.00       0       0   0.00     -1.00     -1.00     -1.00       0  rcu_preempt
01:52:37 PM  1000    125786    0.00    4.00    0.00    0.00    4.00    10      0.00      0.00   17752   10824   0.03      0.00      0.00      0.00       0  htop
01:52:37 PM  1000    180333    0.00    1.00    0.00    0.00    1.00    23      0.00      0.00   13648    4764   0.01      0.00      0.00      0.00       0  pidstat
01:52:37 PM  1000    180336  102.00    1.00    0.00    0.00  103.00     9   2750.00      6.00 64760064 5811284  17.85     24.00      0.00      0.00       0  python
01:52:37 PM  1000    180395    3.00    2.00    0.00    0.00    5.00    10  17077.00      0.00 64029564 3437488  10.56      0.00      0.00      0.00       0  pt_data_worker
01:52:37 PM  1000    180396    2.00    2.00    0.00    0.00    4.00     0  18066.00      0.00 64070536 3442376  10.57      0.00      0.00      0.00       0  pt_data_worker
01:52:37 PM  1000    180397    3.00    2.00    0.00    0.00    5.00     3  18066.00      0.00 64070548 3482800  10.70      0.00      0.00      0.00       0  pt_data_worker
01:52:37 PM  1000    180398    2.00    2.00    0.00    0.00    4.00     0  17102.00      0.00 64070560 3483104  10.70      0.00      0.00      0.00       0  pt_data_worker
01:52:37 PM  1000    180399    3.00    2.00    0.00    0.00    5.00     2  17128.00      1.00 64005036 3416160  10.49     20.00      0.00      0.00       0  pt_data_worker
01:52:37 PM  1000    180400    2.00    1.00    0.00    0.00    3.00    11   8449.00      0.00 64128956 3535544  10.86      0.00      0.00      0.00       0  pt_data_worker

# Time        UID       PID    %usr %system  %guest   %wait    %CPU   CPU  minflt/s  majflt/s     VSZ     RSS   %MEM   kB_rd/s   kB_wr/s kB_ccwr/s iodelay  Command
01:52:38 PM     0       974    0.00    1.00    0.00    0.00    1.00    15      0.00      0.00       0       0   0.00     -1.00     -1.00     -1.00       0  nvidia-modeset/kthread_q
01:52:38 PM  1000    125786    0.00    2.00    0.00    0.00    2.00    10      0.00      0.00   17752   10824   0.03      0.00      0.00      0.00       0  htop
01:52:38 PM  1000    180331    0.00    1.00    0.00    0.00    1.00    23      0.00      0.00  336828    3196   0.01      0.00      0.00      0.00       0  nvidia-smi
01:52:38 PM  1000    180332    0.00    0.00    0.00    0.00    0.00    14      0.00      0.00    8916    1688   0.01      0.00      4.00      0.00       0  mpstat
01:52:38 PM  1000    180333    1.00    0.00    0.00    0.00    1.00     6      0.00      0.00   13648    4764   0.01      0.00      4.00      0.00       0  pidstat
01:52:38 PM  1000    180336  103.00    2.00    0.00    0.00  105.00     9   3293.00      3.00 64760064 5811480  17.85     12.00      0.00      0.00       0  python
01:52:38 PM  1000    180387    3.00    2.00    0.00    0.00    5.00    10  19124.00      1.00 64029468 3437304  10.56      4.00      0.00      0.00       0  pt_data_worker
01:52:38 PM  1000    180388    3.00    2.00    0.00    0.00    5.00    12  18185.00      0.00 64070440 3500864  10.75      0.00      0.00      0.00       0  pt_data_worker
01:52:38 PM  1000    180389    2.00    2.00    0.00    0.00    4.00    12  17100.00      0.00 64135988 3549300  10.90      0.00      0.00      0.00       0  pt_data_worker
01:52:38 PM  1000    180400    0.00    1.00    0.00    0.00    1.00    12   8635.00      0.00 64095160 3501748  10.75      0.00      0.00      0.00       0  pt_data_worker
01:52:38 PM  1000    180401    3.00    2.00    0.00    0.00    5.00    16  17113.00      0.00 64005060 3417928  10.50      0.00      0.00      0.00       0  pt_data_worker
01:52:38 PM  1000    180402    3.00    2.00    0.00    0.00    5.00     2  17077.00      0.00 64005072 3433396  10.55      0.00      0.00      0.00       0  pt_data_worker

# Time        UID       PID    %usr %system  %guest   %wait    %CPU   CPU  minflt/s  majflt/s     VSZ     RSS   %MEM   kB_rd/s   kB_wr/s kB_ccwr/s iodelay  Command
01:52:39 PM     0      1483    1.00    1.00    0.00    0.00    2.00    21      0.00      0.00 1360300   27804   0.09     -1.00     -1.00     -1.00       0  tailscaled
01:52:39 PM  1000      6390    0.00    0.00    0.00    0.00    0.00    10      6.00      0.00   16396    8088   0.02      0.00      0.00      0.00       0  zsh
01:52:39 PM  1000    180331    0.00    1.00    0.00    0.00    1.00    20      0.00      0.00  336828    3196   0.01      0.00      0.00      0.00       0  nvidia-smi
01:52:39 PM  1000    180332    0.00    0.00    0.00    0.00    0.00    14      0.00      0.00    8916    1688   0.01      0.00      4.00      0.00       0  mpstat
01:52:39 PM  1000    180336  102.00    1.00    0.00    0.00  103.00     8   2744.00      7.00 64760064 5811480  17.85     28.00      0.00      0.00       0  python
01:52:39 PM  1000    180390    3.00    2.00    0.00    0.00    5.00     2  17116.00      0.00 64029504 3438180  10.56      0.00      0.00      0.00       0  pt_data_worker
01:52:39 PM  1000    180391    2.00    2.00    0.00    0.00    4.00    11  18223.00      0.00 64029516 3436600  10.55      0.00      0.00      0.00       0  pt_data_worker
01:52:39 PM  1000    180392    3.00    2.00    0.00    0.00    5.00    14  17081.00      0.00 64095064 3496600  10.74      0.00      0.00      0.00       0  pt_data_worker
01:52:39 PM  1000    180393    3.00    2.00    0.00    0.00    5.00    11  17079.00      1.00 64095076 3501940  10.76      8.00      0.00      0.00       0  pt_data_worker
01:52:39 PM  1000    180394    5.00    2.00    0.00    0.00    7.00     5  17095.00      0.00 64004976 3417212  10.50      0.00      0.00      0.00       0  pt_data_worker

# Time        UID       PID    %usr %system  %guest   %wait    %CPU   CPU  minflt/s  majflt/s     VSZ     RSS   %MEM   kB_rd/s   kB_wr/s kB_ccwr/s iodelay  Command
01:52:40 PM  1000    125786    1.00    3.00    0.00    0.00    4.00     8      0.00      0.00   17752   10824   0.03      0.00      0.00      0.00       0  htop
01:52:40 PM  1000    180331    0.00    1.00    0.00    0.00    1.00    26      0.00      0.00  336828    3196   0.01      0.00      0.00      0.00       0  nvidia-smi
01:52:40 PM  1000    180332    0.00    0.00    0.00    0.00    0.00     8      0.00      0.00    8916    1688   0.01      0.00      4.00      0.00       0  mpstat
01:52:40 PM  1000    180333    0.00    1.00    0.00    0.00    1.00     6      0.00      0.00   13648    4764   0.01      0.00      4.00      0.00       0  pidstat
01:52:40 PM  1000    180335    0.00    0.00    0.00    0.00    0.00    14      0.00      0.00    8632    1492   0.00      0.00      4.00      0.00       0  tee
01:52:40 PM  1000    180336  101.00    1.00    0.00    0.00  102.00    10   3295.00     10.00 64760064 5811480  17.85     40.00      0.00      0.00       0  python
01:52:40 PM  1000    180395    3.00    1.00    0.00    0.00    4.00     2  17087.00      0.00 64029564 3437488  10.56      0.00      0.00      0.00       0  pt_data_worker
01:52:40 PM  1000    180396    3.00    2.00    0.00    0.00    5.00     0  18067.00      0.00 64070536 3442380  10.57      0.00      0.00      0.00       0  pt_data_worker
01:52:40 PM  1000    180397    2.00    2.00    0.00    0.00    4.00     9  18056.00      0.00 64070548 3482800  10.70      0.00      0.00      0.00       0  pt_data_worker
01:52:40 PM  1000    180398    3.00    2.00    0.00    0.00    5.00     9  17093.00      0.00 64070560 3483152  10.70      0.00      0.00      0.00       0  pt_data_worker
01:52:40 PM  1000    180399    4.00    2.00    0.00    0.00    6.00    17  17096.00      0.00 64005036 3416184  10.49      0.00      0.00      0.00       0  pt_data_worker
01:52:40 PM  1000    180400    3.00    2.00    0.00    0.00    5.00    20  17080.00      0.00 64095160 3501748  10.75      0.00      0.00      0.00       0  pt_data_worker

# Time        UID       PID    %usr %system  %guest   %wait    %CPU   CPU  minflt/s  majflt/s     VSZ     RSS   %MEM   kB_rd/s   kB_wr/s kB_ccwr/s iodelay  Command
01:52:41 PM     0      1483    0.00    0.00    0.00    0.00    0.00    21      2.00      0.00 1360300   27804   0.09     -1.00     -1.00     -1.00       0  tailscaled
01:52:41 PM  1000    180328    1.00    0.00    0.00    0.00    1.00    16      0.00      0.00   15344    4664   0.01     -1.00     -1.00     -1.00       0  sshd
01:52:41 PM  1000    180331    1.00    1.00    0.00    0.00    2.00    26      0.00      0.00  336828    3196   0.01      0.00      0.00      0.00       0  nvidia-smi
01:52:41 PM  1000    180332    0.00    0.00    0.00    0.00    0.00     8      0.00      0.00    8916    1688   0.01      0.00      4.00      0.00       0  mpstat
01:52:41 PM  1000    180333    0.00    1.00    0.00    0.00    1.00     6      0.00      0.00   13648    4764   0.01      0.00      0.00      0.00       0  pidstat
01:52:41 PM  1000    180336  102.00    2.00    0.00    0.00  104.00    10   2748.00     11.00 64760064 5811484  17.85     44.00      0.00      0.00       0  python
01:52:41 PM  1000    180387    2.00    2.00    0.00    0.00    4.00     8  19105.00      0.00 64029468 3437320  10.56      0.00      0.00      0.00       0  pt_data_worker
01:52:41 PM  1000    180388    2.00    3.00    0.00    0.00    5.00    15  18190.00      0.00 64070440 3500860  10.75      0.00      0.00      0.00       0  pt_data_worker
01:52:41 PM  1000    180389    3.00    3.00    0.00    0.00    6.00    27  17089.00      0.00 64135988 3549148  10.90      0.00      0.00      0.00       0  pt_data_worker
01:52:41 PM  1000    180401    2.00    2.00    0.00    0.00    4.00     4  17080.00      0.00 64005060 3417928  10.50      0.00      0.00      0.00       0  pt_data_worker
01:52:41 PM  1000    180402    4.00    3.00    0.00    0.00    7.00     9  17081.00      0.00 64005072 3433188  10.54      0.00      0.00      0.00       0  pt_data_worker

# Time        UID       PID    %usr %system  %guest   %wait    %CPU   CPU  minflt/s  majflt/s     VSZ     RSS   %MEM   kB_rd/s   kB_wr/s kB_ccwr/s iodelay  Command
01:52:42 PM  1000    125786    0.00    3.00    0.00    0.00    3.00     8      0.00      0.00   17752   10824   0.03      0.00      0.00      0.00       0  htop
01:52:42 PM  1000    180331    0.00    2.00    0.00    0.00    2.00    26      0.00      0.00  336828    3196   0.01      0.00      0.00      0.00       0  nvidia-smi
01:52:42 PM  1000    180333    1.00    0.00    0.00    0.00    1.00     6      0.00      0.00   13648    4764   0.01      0.00      4.00      0.00       0  pidstat
01:52:42 PM  1000    180336  102.00    1.00    0.00    0.00  103.00     8   2748.00      7.00 64760064 5811608  17.85     28.00      0.00      0.00       0  python
01:52:42 PM  1000    180390    3.00    2.00    0.00    0.00    5.00    27  17113.00      0.00 64029504 3438180  10.56      0.00      0.00      0.00       0  pt_data_worker
01:52:42 PM  1000    180391    3.00    2.00    0.00    0.00    5.00    11  18187.00      0.00 64029516 3436596  10.55      0.00      0.00      0.00       0  pt_data_worker
01:52:42 PM  1000    180392    2.00    2.00    0.00    0.00    4.00    14  17081.00      0.00 64095064 3496600  10.74      0.00      0.00      0.00       0  pt_data_worker
01:52:42 PM  1000    180393    3.00    1.00    0.00    0.00    4.00    10  17082.00      0.00 64095076 3501904  10.76      0.00      0.00      0.00       0  pt_data_worker
01:52:42 PM  1000    180394    3.00    1.00    0.00    0.00    4.00     9  17122.00      0.00 64004976 3417208  10.50      0.00      0.00      0.00       0  pt_data_worker
01:52:42 PM  1000    180395    2.00    2.00    0.00    0.00    4.00    16   8452.00      0.00 64063360 3471280  10.66      0.00      0.00      0.00       0  pt_data_worker

# Time        UID       PID    %usr %system  %guest   %wait    %CPU   CPU  minflt/s  majflt/s     VSZ     RSS   %MEM   kB_rd/s   kB_wr/s kB_ccwr/s iodelay  Command
01:52:43 PM     0      1483    0.00    0.00    0.00    0.00    0.00    21     13.00      9.00 1360300   28324   0.09     -1.00     -1.00     -1.00       0  tailscaled
01:52:43 PM  1000    125786    1.00    4.00    0.00    0.00    5.00    10      0.00      0.00   17752   10824   0.03      0.00      0.00      0.00       0  htop
01:52:43 PM  1000    180328    0.00    0.00    0.00    0.00    0.00    17      3.00      4.00   15344    4664   0.01     -1.00     -1.00     -1.00       0  sshd
01:52:43 PM  1000    180332    0.00    0.00    0.00    0.00    0.00    12      0.00      0.00    8916    1688   0.01      0.00      4.00      0.00       0  mpstat
01:52:43 PM  1000    180333    0.00    1.00    0.00    0.00    1.00     6      0.00      0.00   13648    4764   0.01      0.00      0.00      0.00       0  pidstat
01:52:43 PM  1000    180335    0.00    0.00    0.00    0.00    0.00    14      1.00      1.00    8632    1492   0.00      8.00      8.00      0.00       0  tee
01:52:43 PM  1000    180336  102.00    2.00    0.00    0.00  104.00     8   3290.00      8.00 64760064 5811740  17.85     32.00      0.00      0.00       0  python
01:52:43 PM  1000    180395    0.00    1.00    0.00    0.00    1.00    16   8627.00      0.00 64029564 3437488  10.56      0.00      0.00      0.00       0  pt_data_worker
01:52:43 PM  1000    180396    2.00    3.00    0.00    0.00    5.00     0  18074.00      0.00 64070536 3442396  10.57      0.00      0.00      0.00       0  pt_data_worker
01:52:43 PM  1000    180397    3.00    2.00    0.00    0.00    5.00     4  18101.00      0.00 64070548 3482796  10.70      0.00      0.00      0.00       0  pt_data_worker
01:52:43 PM  1000    180398    3.00    2.00    0.00    0.00    5.00     2  17089.00      0.00 64070560 3483144  10.70      0.00      0.00      0.00       0  pt_data_worker
01:52:43 PM  1000    180399    3.00    2.00    0.00    0.00    5.00    17  17092.00      0.00 64005036 3416136  10.49      0.00      0.00      0.00       0  pt_data_worker
01:52:43 PM  1000    180400    2.00    3.00    0.00    0.00    5.00    14  17093.00      1.00 64095160 3501748  10.75      4.00      0.00      0.00       0  pt_data_worker

# Time        UID       PID    %usr %system  %guest   %wait    %CPU   CPU  minflt/s  majflt/s     VSZ     RSS   %MEM   kB_rd/s   kB_wr/s kB_ccwr/s iodelay  Command
01:52:44 PM     0       115    0.00    1.00    0.00    0.00    1.00    24      0.00      0.00       0       0   0.00     -1.00     -1.00     -1.00       0  migration/24
01:52:44 PM     0      1483    1.00    0.00    0.00    0.00    1.00    21      0.00      1.00 1360300   28324   0.09     -1.00     -1.00     -1.00       0  tailscaled
01:52:44 PM  1000    180331    0.00    2.00    0.00    0.00    2.00    26      0.00      0.00  336828    3196   0.01      0.00      0.00      0.00       0  nvidia-smi
01:52:44 PM  1000    180332    0.00    0.00    0.00    0.00    0.00    12      0.00      0.00    8916    1688   0.01      0.00      4.00      0.00       0  mpstat
01:52:44 PM  1000    180333    0.00    1.00    0.00    0.00    1.00     6      0.00      0.00   13648    4764   0.01      0.00      4.00      0.00       0  pidstat
01:52:44 PM  1000    180336  101.00    1.00    0.00    0.00  102.00     8   2755.00      5.00 64760064 5811740  17.85     20.00      0.00      0.00       0  python
01:52:44 PM  1000    180387    3.00    2.00    0.00    0.00    5.00     8  19115.00      1.00 64029468 3437320  10.56     24.00      0.00      0.00       0  pt_data_worker
01:52:44 PM  1000    180388    3.00    2.00    0.00    0.00    5.00     4  18190.00      0.00 64070440 3501016  10.75      0.00      0.00      0.00       0  pt_data_worker
01:52:44 PM  1000    180389    3.00    1.00    0.00    0.00    4.00    12  17086.00      0.00 64135988 3549144  10.90      0.00      0.00      0.00       0  pt_data_worker
01:52:44 PM  1000    180401    2.00    2.00    0.00    0.00    4.00     9  17096.00      0.00 64005060 3417688  10.50      0.00      0.00      0.00       0  pt_data_worker
01:52:44 PM  1000    180402    3.00    2.00    0.00    0.00    5.00    28  17083.00      0.00 64005072 3433184  10.54      0.00      0.00      0.00       0  pt_data_worker

# Time        UID       PID    %usr %system  %guest   %wait    %CPU   CPU  minflt/s  majflt/s     VSZ     RSS   %MEM   kB_rd/s   kB_wr/s kB_ccwr/s iodelay  Command
01:52:45 PM     0         1    0.00    0.00    0.00    0.00    0.00     6      1.00      0.00   23212    8656   0.03     -1.00     -1.00     -1.00       0  systemd
01:52:45 PM     0       526    0.00    0.00    0.00    0.00    0.00     4      1.00      3.00   67880   14624   0.04     -1.00     -1.00     -1.00       0  systemd-journal
01:52:45 PM   991       958    0.00    0.00    0.00    0.00    0.00    12      4.00      0.00   22000    7496   0.02     -1.00     -1.00     -1.00       0  systemd-resolve
01:52:45 PM     0      1054    0.00    0.00    0.00    0.00    0.00    19      4.00      0.00   18284    6052   0.02     -1.00     -1.00     -1.00       0  systemd-logind
01:52:45 PM     0      1483    0.00    1.00    0.00    0.00    1.00    19      2.00      0.00 1360300   28324   0.09     -1.00     -1.00     -1.00       0  tailscaled
01:52:45 PM  1000    125786    0.00    2.00    0.00    0.00    2.00    10      0.00      0.00   17752   10824   0.03      0.00      0.00      0.00       0  htop
01:52:45 PM  1000    180331    0.00    1.00    0.00    0.00    1.00    26      0.00      0.00  336828    3196   0.01      0.00      0.00      0.00       0  nvidia-smi
01:52:45 PM  1000    180332    0.00    0.00    0.00    0.00    0.00    12      0.00      0.00    8916    1688   0.01      0.00      4.00      0.00       0  mpstat
01:52:45 PM  1000    180335    0.00    0.00    0.00    0.00    0.00    14      0.00      0.00    8632    1492   0.00      0.00      4.00      0.00       0  tee
01:52:45 PM  1000    180336  102.00    2.00    0.00    0.00  104.00     8   3289.00      3.00 64760064 5811740  17.85     12.00      0.00      0.00       0  python
01:52:45 PM  1000    180390    3.00    2.00    0.00    0.00    5.00     6  17083.00      0.00 64029504 3438432  10.56      0.00      0.00      0.00       0  pt_data_worker
01:52:45 PM  1000    180391    2.00    2.00    0.00    0.00    4.00    11  18187.00      0.00 64029516 3436592  10.55      0.00      0.00      0.00       0  pt_data_worker
01:52:45 PM  1000    180392    2.00    2.00    0.00    0.00    4.00    14  17082.00      0.00 64095064 3496596  10.74      0.00      0.00      0.00       0  pt_data_worker
01:52:45 PM  1000    180393    2.00    2.00    0.00    0.00    4.00    10  17077.00      0.00 64095076 3501900  10.76      0.00      0.00      0.00       0  pt_data_worker
01:52:45 PM  1000    180394    3.00    3.00    0.00    0.00    6.00     9  17088.00      0.00 64004976 3417212  10.50      0.00      0.00      0.00       0  pt_data_worker
01:52:45 PM  1000    180395    3.00    2.00    0.00    0.00    5.00    11  17088.00      0.00 64029564 3437484  10.56      0.00      0.00      0.00       0  pt_data_worker

# Time        UID       PID    %usr %system  %guest   %wait    %CPU   CPU  minflt/s  majflt/s     VSZ     RSS   %MEM   kB_rd/s   kB_wr/s kB_ccwr/s iodelay  Command
01:52:46 PM  1000    125786    1.00    3.00    0.00    0.00    4.00     8      0.00      0.00   17752   10824   0.03      0.00      0.00      0.00       0  htop
01:52:46 PM  1000    180331    0.00    1.00    0.00    0.00    1.00    26      0.00      0.00  336828    3196   0.01      0.00      0.00      0.00       0  nvidia-smi
01:52:46 PM  1000    180332    0.00    0.00    0.00    0.00    0.00    12      0.00      0.00    8916    1688   0.01      0.00      4.00      0.00       0  mpstat
01:52:46 PM  1000    180333    0.00    1.00    0.00    0.00    1.00     6      0.00      0.00   13648    4764   0.01      0.00      4.00      0.00       0  pidstat
01:52:46 PM  1000    180336  102.00    1.00    0.00    0.00  103.00     8   2748.00     11.00 64760064 5811736  17.85     44.00      0.00      0.00       0  python
01:52:46 PM  1000    180396    2.00    2.00    0.00    0.00    4.00     0  18070.00      0.00 64070536 3442392  10.57      0.00      0.00      0.00       0  pt_data_worker
01:52:46 PM  1000    180397    2.00    2.00    0.00    0.00    4.00     9  18055.00      0.00 64070548 3482792  10.70      0.00      0.00      0.00       0  pt_data_worker
01:52:46 PM  1000    180398    2.00    2.00    0.00    0.00    4.00     2  17090.00      0.00 64070560 3483140  10.70      0.00      0.00      0.00       0  pt_data_worker
01:52:46 PM  1000    180399    3.00    2.00    0.00    0.00    5.00    11  17093.00      0.00 64005036 3416140  10.49      0.00      0.00      0.00       0  pt_data_worker
01:52:46 PM  1000    180400    3.00    1.00    0.00    0.00    4.00     1  17081.00      0.00 64095160 3501744  10.75      0.00      0.00      0.00       0  pt_data_worker

# Time        UID       PID    %usr %system  %guest   %wait    %CPU   CPU  minflt/s  majflt/s     VSZ     RSS   %MEM   kB_rd/s   kB_wr/s kB_ccwr/s iodelay  Command
01:52:47 PM     0    173694    0.00    1.00    0.00    0.00    1.00    16      0.00      0.00       0       0   0.00     -1.00     -1.00     -1.00       0  kworker/u128:5-pm
01:52:47 PM  1000    180328    0.00    1.00    0.00    0.00    1.00    16      0.00      0.00   15344    4664   0.01     -1.00     -1.00     -1.00       0  sshd
01:52:47 PM  1000    180331    1.00    1.00    0.00    0.00    2.00    26      0.00      0.00  336828    3196   0.01      0.00      0.00      0.00       0  nvidia-smi
01:52:47 PM  1000    180332    0.00    0.00    0.00    0.00    0.00    12      0.00      0.00    8916    1688   0.01      0.00      4.00      0.00       0  mpstat
01:52:47 PM  1000    180333    1.00    0.00    0.00    0.00    1.00     6      0.00      0.00   13648    4764   0.01      0.00      0.00      0.00       0  pidstat
01:52:47 PM  1000    180336  103.00    1.00    0.00    0.00  104.00    10   2751.00      5.00 64760064 5811736  17.85     20.00      0.00      0.00       0  python
01:52:47 PM  1000    180387    2.00    2.00    0.00    0.00    4.00     8  19108.00      0.00 64029468 3437332  10.56      0.00      0.00      0.00       0  pt_data_worker
01:52:47 PM  1000    180388    2.00    2.00    0.00    0.00    4.00     2  18236.00      0.00 64070440 3501032  10.75      0.00      0.00      0.00       0  pt_data_worker
01:52:47 PM  1000    180389    2.00    3.00    0.00    0.00    5.00    16  17096.00      0.00 64135988 3549268  10.90      0.00      0.00      0.00       0  pt_data_worker
01:52:47 PM  1000    180390    3.00    0.00    0.00    0.00    3.00    23     37.00      0.00 64063300 3438432  10.56      0.00      0.00      0.00       0  pt_data_worker
01:52:47 PM  1000    180401    3.00    2.00    0.00    0.00    5.00     8  17086.00      0.00 64005060 3417172  10.50      0.00      0.00      0.00       0  pt_data_worker
01:52:47 PM  1000    180402    3.00    1.00    0.00    0.00    4.00     8  17089.00      0.00 64005072 3433224  10.54      0.00      0.00      0.00       0  pt_data_worker

# Time        UID       PID    %usr %system  %guest   %wait    %CPU   CPU  minflt/s  majflt/s     VSZ     RSS   %MEM   kB_rd/s   kB_wr/s kB_ccwr/s iodelay  Command
01:52:48 PM     0      1483    1.00    0.00    0.00    0.00    1.00     2      1.00      6.00 1360300   28324   0.09     -1.00     -1.00     -1.00       0  tailscaled
01:52:48 PM  1000    125786    0.00    3.00    0.00    0.00    3.00     8      0.00      0.00   17752   10824   0.03      0.00      0.00      0.00       0  htop
01:52:48 PM  1000    180331    0.00    2.00    0.00    0.00    2.00    26      0.00      0.00  336828    3196   0.01      0.00      0.00      0.00       0  nvidia-smi
01:52:48 PM  1000    180333    0.00    1.00    0.00    0.00    1.00     8      0.00      0.00   13648    4764   0.01      0.00      4.00      0.00       0  pidstat
01:52:48 PM  1000    180336  100.00    2.00    0.00    0.00  102.00    10   3412.00     77.00 64760064 5812116  17.85    484.00      4.00      0.00       0  python
01:52:48 PM  1000    180390    1.00    2.00    0.00    0.00    3.00    12  17051.00      0.00 64029504 3438056  10.56      0.00      0.00      0.00       0  pt_data_worker
01:52:48 PM  1000    180391    3.00    2.00    0.00    0.00    5.00    11  18227.00      0.00 64029516 3436844  10.56      0.00      0.00      0.00       0  pt_data_worker
01:52:48 PM  1000    180392    3.00    2.00    0.00    0.00    5.00     8  17116.00      0.00 64095064 3496596  10.74      0.00      0.00      0.00       0  pt_data_worker
01:52:48 PM  1000    180393    2.00    2.00    0.00    0.00    4.00    12  17081.00      0.00 64095076 3501896  10.76      0.00      0.00      0.00       0  pt_data_worker
01:52:48 PM  1000    180394    4.00    1.00    0.00    0.00    5.00     9  17120.00      0.00 64004976 3417048  10.49      0.00      0.00      0.00       0  pt_data_worker

# Time        UID       PID    %usr %system  %guest   %wait    %CPU   CPU  minflt/s  majflt/s     VSZ     RSS   %MEM   kB_rd/s   kB_wr/s kB_ccwr/s iodelay  Command
01:52:49 PM     0      1483    0.00    0.00    0.00    0.00    0.00     8      1.00      1.00 1360300   28324   0.09     -1.00     -1.00     -1.00       0  tailscaled
01:52:49 PM  1000      6390    0.00    0.00    0.00    0.00    0.00     8      6.00      0.00   16396    8088   0.02      0.00      0.00      0.00       0  zsh
01:52:49 PM  1000    125786    1.00    3.00    0.00    0.00    4.00     8      0.00      0.00   17752   10824   0.03      0.00      0.00      0.00       0  htop
01:52:49 PM  1000    180331    0.00    1.00    0.00    0.00    1.00    26      0.00      0.00  336828    3196   0.01      0.00      0.00      0.00       0  nvidia-smi
01:52:49 PM  1000    180332    0.00    0.00    0.00    0.00    0.00    12      0.00      0.00    8916    1688   0.01      0.00      4.00      0.00       0  mpstat
01:52:49 PM  1000    180336   32.00   68.00    0.00    0.00  100.00    10 914247.00      0.00 67686168 8730300  26.81      0.00      0.00      0.00       0  python

# Time        UID       PID    %usr %system  %guest   %wait    %CPU   CPU  minflt/s  majflt/s     VSZ     RSS   %MEM   kB_rd/s   kB_wr/s kB_ccwr/s iodelay  Command
01:52:50 PM     0       239    0.00    1.00    0.00    0.00    1.00    11      0.00      0.00       0       0   0.00     -1.00     -1.00     -1.00       0  kswapd0
01:52:50 PM     0       526    0.00    0.00    0.00    0.00    0.00     4      0.00      0.00   67880   14368   0.04     -1.00     -1.00     -1.00       0  systemd-journal
01:52:50 PM   120    179843    0.00    0.00    0.00    0.00    0.00     9      0.00      0.00 4031472  122868   0.38     -1.00     -1.00     -1.00       0  gnome-shell
01:52:50 PM  1000    180331    0.00    1.00    0.00    0.00    1.00    26      0.00      0.00  336828    3196   0.01      0.00      4.00      0.00       0  nvidia-smi
01:52:50 PM  1000    180332    0.00    0.00    0.00    0.00    0.00    12      0.00      0.00    8916    1688   0.01      0.00      8.00      0.00       0  mpstat
01:52:50 PM  1000    180333    0.00    1.00    0.00    0.00    1.00     8      0.00      0.00   13648    4764   0.01      0.00      4.00      0.00       0  pidstat
01:52:50 PM  1000    180336   32.00   31.00    0.00    0.00   63.00    10 353996.00      0.00 69093148 10145212  31.16      0.00 356352.00      0.00       0  python

# Time        UID       PID    %usr %system  %guest   %wait    %CPU   CPU  minflt/s  majflt/s     VSZ     RSS   %MEM   kB_rd/s   kB_wr/s kB_ccwr/s iodelay  Command
01:52:51 PM     0       219    0.00    1.00    0.00    0.00    1.00    12      0.00      0.00       0       0   0.00     -1.00     -1.00     -1.00       0  kcompactd0
01:52:51 PM     0       239    0.00    1.00    0.00    0.00    1.00    11      0.00      0.00       0       0   0.00     -1.00     -1.00     -1.00       0  kswapd0
01:52:51 PM     0      1483    0.00    0.00    0.00    0.00    0.00     8      3.00      2.00 1360300   28324   0.09     -1.00     -1.00     -1.00       0  tailscaled
01:52:51 PM  1000    125786    0.00    4.00    0.00    0.00    4.00     8      0.00      0.00   17752   10824   0.03      0.00      0.00      0.00       0  htop
01:52:51 PM   120    179843    0.00    0.00    0.00    0.00    0.00     9      0.00      0.00 4031472  122612   0.38     -1.00     -1.00     -1.00       0  gnome-shell
01:52:51 PM  1000    180331    1.00    1.00    0.00    0.00    2.00    26      0.00      0.00  336828    3196   0.01      0.00      0.00      0.00       0  nvidia-smi
01:52:51 PM  1000    180332    0.00    0.00    0.00    0.00    0.00    12      0.00      0.00    8916    1688   0.01      0.00      4.00      0.00       0  mpstat
01:52:51 PM  1000    180333    0.00    0.00    0.00    0.00    0.00     8      0.00      0.00   13648    4764   0.01      0.00      4.00      0.00       0  pidstat
01:52:51 PM  1000    180336    3.00    0.00    0.00    0.00    3.00    10      0.00      0.00 69093148 10145212  31.16      0.00 198656.00      0.00       0  python

# Time        UID       PID    %usr %system  %guest   %wait    %CPU   CPU  minflt/s  majflt/s     VSZ     RSS   %MEM   kB_rd/s   kB_wr/s kB_ccwr/s iodelay  Command
01:52:52 PM     0       219    0.00    1.00    0.00    0.00    1.00    12      0.00      0.00       0       0   0.00     -1.00     -1.00     -1.00       0  kcompactd0
01:52:52 PM     0       974    0.00    1.00    0.00    0.00    1.00    15      0.00      0.00       0       0   0.00     -1.00     -1.00     -1.00       0  nvidia-modeset/kthread_q
01:52:52 PM  1000    125786    1.00    2.00    0.00    0.00    3.00     8      0.00      0.00   17752   10824   0.03      0.00      0.00      0.00       0  htop
01:52:52 PM   120    179843    0.00    0.00    0.00    0.00    0.00     9      0.00      0.00 4031472  121332   0.37     -1.00     -1.00     -1.00       0  gnome-shell
01:52:52 PM  1000    180332    0.00    0.00    0.00    0.00    0.00    12      0.00      0.00    8916    1688   0.01      0.00      4.00      0.00       0  mpstat
01:52:52 PM  1000    180333    0.00    1.00    0.00    0.00    1.00     8      0.00      0.00   13648    4764   0.01      0.00      0.00      0.00       0  pidstat
01:52:52 PM  1000    180336    2.00    1.00    0.00    0.00    3.00     2      0.00      0.00 69093148 10145212  31.16      0.00 135168.00      0.00       0  python

# Time        UID       PID    %usr %system  %guest   %wait    %CPU   CPU  minflt/s  majflt/s     VSZ     RSS   %MEM   kB_rd/s   kB_wr/s kB_ccwr/s iodelay  Command
01:52:53 PM     0       219    0.00    1.00    0.00    0.00    1.00    12      0.00      0.00       0       0   0.00     -1.00     -1.00     -1.00       0  kcompactd0
01:52:53 PM     0       526    0.00    0.00    0.00    0.00    0.00     4      0.00      0.00   67880   14112   0.04     -1.00     -1.00     -1.00       0  systemd-journal
01:52:53 PM     0    173694    0.00    1.00    0.00    0.00    1.00     0      0.00      0.00       0       0   0.00     -1.00     -1.00     -1.00       0  kworker/u128:5+flush-259:0
01:52:53 PM   120    179843    0.00    0.00    0.00    0.00    0.00     9      0.00      0.00 4031472  121076   0.37     -1.00     -1.00     -1.00       0  gnome-shell
01:52:53 PM  1000    180331    0.00    1.00    0.00    0.00    1.00    27      0.00      0.00  336828    3196   0.01      0.00      0.00      0.00       0  nvidia-smi
01:52:53 PM  1000    180333    1.00    1.00    0.00    0.00    2.00     8      0.00      0.00   13648    4764   0.01      0.00      4.00      0.00       0  pidstat
01:52:53 PM  1000    180336    2.00    1.00    0.00    0.00    3.00     2      0.00      0.00 69093148 10145212  31.16      0.00 106496.00      0.00       0  python
01:52:53 PM  1000    180394    1.00    0.00    0.00    0.00    1.00     9      0.00      0.00 64004976 3417048  10.49      0.00      0.00      0.00       0  pt_data_worker

# Time        UID       PID    %usr %system  %guest   %wait    %CPU   CPU  minflt/s  majflt/s     VSZ     RSS   %MEM   kB_rd/s   kB_wr/s kB_ccwr/s iodelay  Command
01:52:54 PM     0        15    0.00    1.00    0.00    0.00    1.00     4      0.00      0.00       0       0   0.00     -1.00     -1.00     -1.00       0  rcu_preempt
01:52:54 PM     0       219    0.00    3.00    0.00    0.00    3.00    12      0.00      0.00       0       0   0.00     -1.00     -1.00     -1.00       0  kcompactd0
01:52:54 PM     0       239    0.00    1.00    0.00    0.00    1.00    11      0.00      0.00       0       0   0.00     -1.00     -1.00     -1.00       0  kswapd0
01:52:54 PM  1000      9066    1.00    0.00    0.00    0.00    1.00     2      0.00      0.00  958328    8328   0.03      0.00      0.00      0.00       0  Omniverse Hub
01:52:54 PM  1000    125786    0.00    3.00    0.00    0.00    3.00     8      0.00      0.00   17752   10824   0.03      0.00      0.00      0.00       0  htop
01:52:54 PM   120    179843    0.00    0.00    0.00    0.00    0.00     9      0.00      0.00 4031472  119796   0.37     -1.00     -1.00     -1.00       0  gnome-shell
01:52:54 PM  1000    180331    1.00    1.00    0.00    0.00    2.00    27      0.00      0.00  336828    3196   0.01      0.00      8.00      0.00       0  nvidia-smi
01:52:54 PM  1000    180332    0.00    0.00    0.00    0.00    0.00    12      0.00      0.00    8916    1688   0.01      0.00      8.00      0.00       0  mpstat
01:52:54 PM  1000    180336    2.00    1.00    0.00    0.00    3.00     2      0.00      0.00 69093148 10145212  31.16      0.00  94208.00      0.00       0  python

# Time        UID       PID    %usr %system  %guest   %wait    %CPU   CPU  minflt/s  majflt/s     VSZ     RSS   %MEM   kB_rd/s   kB_wr/s kB_ccwr/s iodelay  Command
01:52:55 PM     0       614    0.00    1.00    0.00    0.00    1.00    20      0.00      0.00       0       0   0.00     -1.00     -1.00     -1.00       0  kworker/20:1H-kblockd
01:52:55 PM   996       959    0.00    0.00    0.00    0.00    0.00     3      4.00      0.00   91068    6708   0.02     -1.00     -1.00     -1.00       0  systemd-timesyn
01:52:55 PM     0      1483    0.00    1.00    0.00    0.00    1.00     8      2.00      0.00 1360300   28324   0.09     -1.00     -1.00     -1.00       0  tailscaled
01:52:55 PM  1000    125786    1.00    3.00    0.00    0.00    4.00     8      0.00      0.00   17752   10824   0.03      0.00      0.00      0.00       0  htop
01:52:55 PM   120    179843    0.00    0.00    0.00    0.00    0.00     9      0.00      0.00 4031472  119540   0.37     -1.00     -1.00     -1.00       0  gnome-shell
01:52:55 PM  1000    180331    0.00    1.00    0.00    0.00    1.00    27      0.00      0.00  336828    3196   0.01      0.00      0.00      0.00       0  nvidia-smi
01:52:55 PM  1000    180332    0.00    0.00    0.00    0.00    0.00    12      0.00      0.00    8916    1688   0.01      0.00      4.00      0.00       0  mpstat
01:52:55 PM  1000    180333    0.00    1.00    0.00    0.00    1.00     8      0.00      0.00   13648    4764   0.01      0.00      8.00      0.00       0  pidstat
01:52:55 PM  1000    180336    2.00    1.00    0.00    0.00    3.00    14      0.00      0.00 69093148 10145212  31.16      0.00  86016.00      0.00       0  python

# Time        UID       PID    %usr %system  %guest   %wait    %CPU   CPU  minflt/s  majflt/s     VSZ     RSS   %MEM   kB_rd/s   kB_wr/s kB_ccwr/s iodelay  Command
01:52:56 PM   996       959    0.00    0.00    0.00    0.00    0.00     3      1.00      2.00   91068    6708   0.02     -1.00     -1.00     -1.00       0  systemd-timesyn
01:52:56 PM     0      1483    0.00    0.00    0.00    0.00    0.00     6      1.00      0.00 1360300   28324   0.09     -1.00     -1.00     -1.00       0  tailscaled
01:52:56 PM     0    173694    0.00    1.00    0.00    0.00    1.00     9      0.00      0.00       0       0   0.00     -1.00     -1.00     -1.00       0  kworker/u128:5+flush-259:0
01:52:56 PM   120    179843    0.00    0.00    0.00    0.00    0.00     9      0.00      0.00 4031472  118260   0.36     -1.00     -1.00     -1.00       0  gnome-shell
01:52:56 PM  1000    180331    0.00    1.00    0.00    0.00    1.00    27      0.00      0.00  336828    3196   0.01      0.00      4.00      0.00       0  nvidia-smi
01:52:56 PM  1000    180332    0.00    0.00    0.00    0.00    0.00    12      0.00      0.00    8916    1688   0.01      0.00      8.00      0.00       0  mpstat
01:52:56 PM  1000    180333    0.00    1.00    0.00    0.00    1.00     8      0.00      0.00   13648    4764   0.01      0.00      0.00      0.00       0  pidstat
01:52:56 PM  1000    180336    2.00    1.00    0.00    0.00    3.00    10      0.00      0.00 69093148 10145212  31.16      0.00  86016.00      0.00       0  python

# Time        UID       PID    %usr %system  %guest   %wait    %CPU   CPU  minflt/s  majflt/s     VSZ     RSS   %MEM   kB_rd/s   kB_wr/s kB_ccwr/s iodelay  Command
01:52:57 PM     0       219    0.00    1.00    0.00    0.00    1.00    12      0.00      0.00       0       0   0.00     -1.00     -1.00     -1.00       0  kcompactd0
01:52:57 PM     0       239    0.00    2.00    0.00    0.00    2.00     4      0.00      0.00       0       0   0.00     -1.00     -1.00     -1.00       0  kswapd0
01:52:57 PM     0     18208    0.00    1.00    0.00    0.00    1.00    25      0.00      0.00       0       0   0.00     -1.00     -1.00     -1.00       0  kworker/25:1-events
01:52:57 PM  1000    125786    0.00    3.00    0.00    0.00    3.00     8      0.00      0.00   17752   10824   0.03      0.00      0.00      0.00       0  htop
01:52:57 PM     0    142287    0.00    1.00    0.00    0.00    1.00    11      0.00      0.00       0       0   0.00     -1.00     -1.00     -1.00       0  kworker/u128:0-ext4-rsv-conversion
01:52:57 PM     0    173694    0.00    1.00    0.00    0.00    1.00     9      0.00      0.00       0       0   0.00     -1.00     -1.00     -1.00       0  kworker/u128:5+flush-259:0
01:52:57 PM   120    179843    0.00    0.00    0.00    0.00    0.00     9      0.00      0.00 4031472  115700   0.36     -1.00     -1.00     -1.00       0  gnome-shell
01:52:57 PM  1000    180331    1.00    1.00    0.00    0.00    2.00    27      0.00      0.00  336828    3196   0.01      0.00      4.00      0.00       0  nvidia-smi
01:52:57 PM  1000    180332    0.00    0.00    0.00    0.00    0.00    12      0.00      0.00    8916    1688   0.01      0.00      8.00      0.00       0  mpstat
01:52:57 PM  1000    180333    0.00    0.00    0.00    0.00    0.00     8      0.00      0.00   13648    4764   0.01      0.00      4.00      0.00       0  pidstat
01:52:57 PM  1000    180336    3.00    8.00    0.00    0.00   11.00    10      0.00      0.00 69093148 10145212  31.16      0.00 649216.00      0.00       0  python

# Time        UID       PID    %usr %system  %guest   %wait    %CPU   CPU  minflt/s  majflt/s     VSZ     RSS   %MEM   kB_rd/s   kB_wr/s kB_ccwr/s iodelay  Command
01:52:58 PM     0       219    0.00    1.00    0.00    0.00    1.00    12      0.00      0.00       0       0   0.00     -1.00     -1.00     -1.00       0  kcompactd0
01:52:58 PM     0     27984    0.00    1.00    0.00    0.00    1.00    11      0.00      0.00       0       0   0.00     -1.00     -1.00     -1.00       0  kworker/u128:13-events_unbound
01:52:58 PM  1000    125786    1.00    3.00    0.00    0.00    4.00    10      0.00      0.00   17752   10824   0.03      0.00      0.00      0.00       0  htop
01:52:58 PM   120    179843    0.00    0.00    0.00    0.00    0.00     9      0.00      0.00 4031472  115444   0.35     -1.00     -1.00     -1.00       0  gnome-shell
01:52:58 PM  1000    180333    0.00    1.00    0.00    0.00    1.00     8      0.00      0.00   13648    4764   0.01      0.00      8.00      0.00       0  pidstat
01:52:58 PM  1000    180336    2.00    2.00    0.00    0.00    4.00    12      0.00      0.00 69093148 10145212  31.16      0.00 145408.00      0.00       0  python

# Time        UID       PID    %usr %system  %guest   %wait    %CPU   CPU  minflt/s  majflt/s     VSZ     RSS   %MEM   kB_rd/s   kB_wr/s kB_ccwr/s iodelay  Command
01:52:59 PM     0       219    0.00    1.00    0.00    0.00    1.00    10      0.00      0.00       0       0   0.00     -1.00     -1.00     -1.00       0  kcompactd0
01:52:59 PM     0       239    0.00    1.00    0.00    0.00    1.00     4      0.00      0.00       0       0   0.00     -1.00     -1.00     -1.00       0  kswapd0
01:52:59 PM     0       974    0.00    1.00    0.00    0.00    1.00    15      0.00      0.00       0       0   0.00     -1.00     -1.00     -1.00       0  nvidia-modeset/kthread_q
01:52:59 PM  1000      6390    0.00    0.00    0.00    0.00    0.00     8      6.00      0.00   16396    8088   0.02      0.00      0.00      0.00       0  zsh
01:52:59 PM   120    179843    0.00    0.00    0.00    0.00    0.00     9      0.00      0.00 4031472  114420   0.35     -1.00     -1.00     -1.00       0  gnome-shell
01:52:59 PM  1000    180331    1.00    1.00    0.00    0.00    2.00    26      0.00      0.00  336828    3196   0.01      0.00      4.00      0.00       0  nvidia-smi
01:52:59 PM  1000    180332    0.00    0.00    0.00    0.00    0.00    12      0.00      0.00    8916    1688   0.01      0.00      8.00      0.00       0  mpstat
01:52:59 PM  1000    180336    2.00    1.00    0.00    0.00    3.00    10      0.00      0.00 69093148 10145212  31.16      0.00 108544.00      0.00       0  python

# Time        UID       PID    %usr %system  %guest   %wait    %CPU   CPU  minflt/s  majflt/s     VSZ     RSS   %MEM   kB_rd/s   kB_wr/s kB_ccwr/s iodelay  Command
01:53:00 PM     0       468    0.00    1.00    0.00    0.00    1.00    20      0.00      0.00       0       0   0.00     -1.00     -1.00     -1.00       0  jbd2/nvme0n1p2-8
01:53:00 PM  1000    125786    1.00    3.00    0.00    0.00    4.00    10      0.00      0.00   17752   10824   0.03      0.00      0.00      0.00       0  htop
01:53:00 PM     0    173694    0.00    1.00    0.00    0.00    1.00     9      0.00      0.00       0       0   0.00     -1.00     -1.00     -1.00       0  kworker/u128:5+flush-259:0
01:53:00 PM   120    179843    0.00    0.00    0.00    0.00    0.00     9      1.00      0.00 4031472  113140   0.35     -1.00     -1.00     -1.00       0  gnome-shell
01:53:00 PM  1000    180333    1.00    1.00    0.00    0.00    2.00     8      0.00      0.00   13648    4764   0.01      0.00      4.00      0.00       0  pidstat
01:53:00 PM  1000    180336    3.00    1.00    0.00    0.00    4.00    10      0.00      0.00 69093148 10145212  31.16      0.00  86016.00      0.00       0  python

# Time        UID       PID    %usr %system  %guest   %wait    %CPU   CPU  minflt/s  majflt/s     VSZ     RSS   %MEM   kB_rd/s   kB_wr/s kB_ccwr/s iodelay  Command
01:53:01 PM     0       219    0.00    5.00    0.00    0.00    5.00    10      0.00      0.00       0       0   0.00     -1.00     -1.00     -1.00       0  kcompactd0
01:53:01 PM  1000    125786    0.00    1.00    0.00    0.00    1.00    10      0.00      0.00   17752   10824   0.03      0.00      0.00      0.00       0  htop
01:53:01 PM   120    179843    0.00    0.00    0.00    0.00    0.00     9      0.00      0.00 4031472  112628   0.35     -1.00     -1.00     -1.00       0  gnome-shell
01:53:01 PM  1000    180331    1.00    1.00    0.00    0.00    2.00    26      0.00      0.00  336828    3196   0.01      0.00      0.00      0.00       0  nvidia-smi
01:53:01 PM  1000    180332    0.00    0.00    0.00    0.00    0.00    21      0.00      0.00    8916    1688   0.01      0.00      8.00      0.00       0  mpstat
01:53:01 PM  1000    180333    0.00    0.00    0.00    0.00    0.00     8      0.00      0.00   13648    4764   0.01      0.00      4.00      0.00       0  pidstat
01:53:01 PM  1000    180336    3.00    1.00    0.00    0.00    4.00    12      0.00      0.00 69093148 10145212  31.16      0.00  98304.00      0.00       0  python
01:53:01 PM  1000    180397    1.00    0.00    0.00    0.00    1.00     9      0.00      0.00 64070548 3482792  10.70      0.00      0.00      0.00       0  pt_data_worker

# Time        UID       PID    %usr %system  %guest   %wait    %CPU   CPU  minflt/s  majflt/s     VSZ     RSS   %MEM   kB_rd/s   kB_wr/s kB_ccwr/s iodelay  Command
01:53:02 PM  1000    125786    0.00    2.00    0.00    0.00    2.00    10      0.00      0.00   17752   10824   0.03      0.00      0.00      0.00       0  htop
01:53:02 PM  1000    180331    0.00    1.00    0.00    0.00    1.00    26      0.00      0.00  336828    3196   0.01      0.00      0.00      0.00       0  nvidia-smi
01:53:02 PM  1000    180332    0.00    0.00    0.00    0.00    0.00    21      0.00      0.00    8916    1688   0.01      0.00      4.00      0.00       0  mpstat
01:53:02 PM  1000    180333    0.00    1.00    0.00    0.00    1.00     8      0.00      0.00   13648    4764   0.01      0.00      0.00      0.00       0  pidstat
01:53:02 PM  1000    180336    2.00    1.00    0.00    0.00    3.00     8      0.00      0.00 69093148 10145212  31.16      0.00  83968.00      0.00       0  python
01:53:02 PM  1000    180385    0.00    1.00    0.00    0.00    1.00     3      0.00      0.00 17529748  546252   1.68      0.00      0.00      0.00       0  python

# Time        UID       PID    %usr %system  %guest   %wait    %CPU   CPU  minflt/s  majflt/s     VSZ     RSS   %MEM   kB_rd/s   kB_wr/s kB_ccwr/s iodelay  Command
01:53:03 PM     0       219    0.00    3.00    0.00    0.00    3.00    10      0.00      0.00       0       0   0.00     -1.00     -1.00     -1.00       0  kcompactd0
01:53:03 PM     0       239    0.00    1.00    0.00    0.00    1.00     8      0.00      0.00       0       0   0.00     -1.00     -1.00     -1.00       0  kswapd0
01:53:03 PM     0      1483    0.00    0.00    0.00    0.00    0.00     6      1.00      0.00 1360300   28324   0.09     -1.00     -1.00     -1.00       0  tailscaled
01:53:03 PM  1000    125786    1.00    3.00    0.00    0.00    4.00    10      0.00      0.00   17752   10824   0.03      0.00      0.00      0.00       0  htop
01:53:03 PM   120    179843    0.00    0.00    0.00    0.00    0.00     9      0.00      0.00 4031472  111860   0.34     -1.00     -1.00     -1.00       0  gnome-shell
01:53:03 PM  1000    180331    0.00    1.00    0.00    0.00    1.00    26      0.00      0.00  336828    3196   0.01      0.00      4.00      0.00       0  nvidia-smi
01:53:03 PM  1000    180332    0.00    0.00    0.00    0.00    0.00    21      0.00      0.00    8916    1688   0.01      0.00      4.00      0.00       0  mpstat
01:53:03 PM  1000    180336    2.00    2.00    0.00    0.00    4.00    10      0.00      0.00 69093148 10145212  31.16      0.00  79872.00      0.00       0  python

# Time        UID       PID    %usr %system  %guest   %wait    %CPU   CPU  minflt/s  majflt/s     VSZ     RSS   %MEM   kB_rd/s   kB_wr/s kB_ccwr/s iodelay  Command
01:53:04 PM     0       219    0.00    3.00    0.00    0.00    3.00    10      0.00      0.00       0       0   0.00     -1.00     -1.00     -1.00       0  kcompactd0
01:53:04 PM  1000    180331    1.00    1.00    0.00    0.00    2.00    26      0.00      0.00  336828    3196   0.01      0.00      0.00      0.00       0  nvidia-smi
01:53:04 PM  1000    180332    0.00    0.00    0.00    0.00    0.00    21      0.00      0.00    8916    1688   0.01      0.00      8.00      0.00       0  mpstat
01:53:04 PM  1000    180333    0.00    1.00    0.00    0.00    1.00     8      0.00      0.00   13648    4764   0.01      0.00      8.00      0.00       0  pidstat
01:53:04 PM  1000    180336    2.00    1.00    0.00    0.00    3.00     8      1.00      0.00 69093148 10145212  31.16      0.00  71680.00      0.00       0  python

# Time        UID       PID    %usr %system  %guest   %wait    %CPU   CPU  minflt/s  majflt/s     VSZ     RSS   %MEM   kB_rd/s   kB_wr/s kB_ccwr/s iodelay  Command
01:53:05 PM     0       219    0.00    2.00    0.00    0.00    2.00    11      0.00      0.00       0       0   0.00     -1.00     -1.00     -1.00       0  kcompactd0
01:53:05 PM  1000    125786    1.00    2.00    0.00    0.00    3.00    10      0.00      0.00   17752   10824   0.03      0.00      0.00      0.00       0  htop
01:53:05 PM   120    179843    0.00    0.00    0.00    0.00    0.00     9      0.00      0.00 4031472  110580   0.34     -1.00     -1.00     -1.00       0  gnome-shell
01:53:05 PM  1000    180331    0.00    1.00    0.00    0.00    1.00    26      0.00      0.00  336828    3196   0.01      0.00      4.00      0.00       0  nvidia-smi
01:53:05 PM  1000    180332    0.00    1.00    0.00    0.00    1.00    21      0.00      0.00    8916    1688   0.01      0.00      4.00      0.00       0  mpstat
01:53:05 PM  1000    180333    1.00    0.00    0.00    0.00    1.00     8      0.00      0.00   13648    4764   0.01      0.00      4.00      0.00       0  pidstat
01:53:05 PM  1000    180336    2.00    2.00    0.00    0.00    4.00     2      0.00      0.00 69093148 10145212  31.16      0.00  65536.00      0.00       0  python
01:53:05 PM     0    200823    0.00    1.00    0.00    0.00    1.00     2      0.00      0.00       0       0   0.00     -1.00     -1.00     -1.00       0  kworker/2:1-events

# Time        UID       PID    %usr %system  %guest   %wait    %CPU   CPU  minflt/s  majflt/s     VSZ     RSS   %MEM   kB_rd/s   kB_wr/s kB_ccwr/s iodelay  Command
01:53:06 PM     0       974    0.00    1.00    0.00    0.00    1.00    15      0.00      0.00       0       0   0.00     -1.00     -1.00     -1.00       0  nvidia-modeset/kthread_q
01:53:06 PM  1000    125786    1.00    3.00    0.00    0.00    4.00    10      0.00      0.00   17752   10824   0.03      0.00      0.00      0.00       0  htop
01:53:06 PM     0    173694    0.00    2.00    0.00    0.00    2.00    10      0.00      0.00       0       0   0.00     -1.00     -1.00     -1.00       0  kworker/u128:5+flush-259:0
01:53:06 PM   120    179843    0.00    0.00    0.00    0.00    0.00     9      0.00      0.00 4031472  110068   0.34     -1.00     -1.00     -1.00       0  gnome-shell
01:53:06 PM  1000    180331    0.00    1.00    0.00    0.00    1.00    26      0.00      0.00  336828    3196   0.01      0.00      4.00      0.00       0  nvidia-smi
01:53:06 PM  1000    180332    0.00    0.00    0.00    0.00    0.00    14      0.00      0.00    8916    1688   0.01      0.00      8.00      0.00       0  mpstat
01:53:06 PM  1000    180333    0.00    1.00    0.00    0.00    1.00     8      0.00      0.00   13648    4764   0.01      0.00      0.00      0.00       0  pidstat
01:53:06 PM  1000    180336    2.00    0.00    0.00    0.00    2.00    10      0.00      0.00 69093148 10145212  31.16      0.00 124928.00      0.00       0  python

# Time        UID       PID    %usr %system  %guest   %wait    %CPU   CPU  minflt/s  majflt/s     VSZ     RSS   %MEM   kB_rd/s   kB_wr/s kB_ccwr/s iodelay  Command
01:53:07 PM     0       219    0.00    3.00    0.00    0.00    3.00    11      0.00      0.00       0       0   0.00     -1.00     -1.00     -1.00       0  kcompactd0
01:53:07 PM     0       239    0.00    1.00    0.00    0.00    1.00    10      0.00      0.00       0       0   0.00     -1.00     -1.00     -1.00       0  kswapd0
01:53:07 PM  1000      9066    0.00    1.00    0.00    0.00    1.00     2      0.00      0.00  958328    8328   0.03      0.00      0.00      0.00       0  Omniverse Hub
01:53:07 PM   120    179783    0.00    0.00    0.00    0.00    0.00     0      0.00      0.00 25994904   19176   0.06     -1.00     -1.00     -1.00       0  Xorg
01:53:07 PM   120    179843    0.00    0.00    0.00    0.00    0.00     9      0.00      0.00 4031472  109812   0.34     -1.00     -1.00     -1.00       0  gnome-shell
01:53:07 PM   120    179864    0.00    0.00    0.00    0.00    0.00     2      0.00      0.00  837272   25708   0.08     -1.00     -1.00     -1.00       0  mutter-x11-fram
01:53:07 PM  1000    180331    0.00    1.00    0.00    0.00    1.00    26      0.00      0.00  336828    3196   0.01      0.00      0.00      0.00       0  nvidia-smi
01:53:07 PM  1000    180332    0.00    0.00    0.00    0.00    0.00     4      0.00      0.00    8916    1688   0.01      0.00      4.00      0.00       0  mpstat
01:53:07 PM  1000    180333    0.00    0.00    0.00    0.00    0.00    10      0.00      0.00   13648    4764   0.01      0.00      8.00      0.00       0  pidstat
01:53:07 PM  1000    180336    3.00    3.00    0.00    0.00    6.00     8      0.00      0.00 69093148 10145212  31.16      0.00 192512.00      0.00       0  python

# Time        UID       PID    %usr %system  %guest   %wait    %CPU   CPU  minflt/s  majflt/s     VSZ     RSS   %MEM   kB_rd/s   kB_wr/s kB_ccwr/s iodelay  Command
01:53:08 PM     0       219    0.00    3.00    0.00    0.00    3.00    12      0.00      0.00       0       0   0.00     -1.00     -1.00     -1.00       0  kcompactd0
01:53:08 PM     0      1483    1.00    0.00    0.00    0.00    1.00     6      0.00      0.00 1360300   28324   0.09     -1.00     -1.00     -1.00       0  tailscaled
01:53:08 PM     0     27984    0.00    1.00    0.00    0.00    1.00    11      0.00      0.00       0       0   0.00     -1.00     -1.00     -1.00       0  kworker/u128:13-events_power_efficient
01:53:08 PM  1000    125786    0.00    3.00    0.00    0.00    3.00    10      0.00      0.00   17752   10824   0.03      0.00      0.00      0.00       0  htop
01:53:08 PM   120    179864    0.00    0.00    0.00    0.00    0.00     2      0.00      0.00  837272   24940   0.08     -1.00     -1.00     -1.00       0  mutter-x11-fram
01:53:08 PM  1000    180331    1.00    0.00    0.00    0.00    1.00    26      0.00      0.00  336828    3196   0.01      0.00      4.00      0.00       0  nvidia-smi
01:53:08 PM  1000    180332    0.00    0.00    0.00    0.00    0.00     4      0.00      0.00    8916    1688   0.01      0.00      4.00      0.00       0  mpstat
01:53:08 PM  1000    180333    0.00    1.00    0.00    0.00    1.00    10      0.00      0.00   13648    4764   0.01      0.00      0.00      0.00       0  pidstat
01:53:08 PM  1000    180336    3.00    0.00    0.00    0.00    3.00     8      0.00      0.00 69093148 10145212  31.16      0.00 145408.00      0.00       0  python

# Time        UID       PID    %usr %system  %guest   %wait    %CPU   CPU  minflt/s  majflt/s     VSZ     RSS   %MEM   kB_rd/s   kB_wr/s kB_ccwr/s iodelay  Command
01:53:09 PM     0       219    0.00    2.00    0.00    0.00    2.00    12      0.00      0.00       0       0   0.00     -1.00     -1.00     -1.00       0  kcompactd0
01:53:09 PM  1000      6390    0.00    0.00    0.00    0.00    0.00     8      6.00      0.00   16396    8088   0.02      0.00      0.00      0.00       0  zsh
01:53:09 PM  1000    125786    1.00    3.00    0.00    0.00    4.00     8      0.00      0.00   17752   10824   0.03      0.00      0.00      0.00       0  htop
01:53:09 PM   120    179864    0.00    0.00    0.00    0.00    0.00     2      0.00      0.00  837272   24428   0.08     -1.00     -1.00     -1.00       0  mutter-x11-fram
01:53:09 PM  1000    180331    0.00    2.00    0.00    0.00    2.00    26      0.00      0.00  336828    3196   0.01      0.00      0.00      0.00       0  nvidia-smi
01:53:09 PM  1000    180332    0.00    0.00    0.00    0.00    0.00     4      0.00      0.00    8916    1688   0.01      0.00      4.00      0.00       0  mpstat
01:53:09 PM  1000    180333    0.00    0.00    0.00    0.00    0.00    10      0.00      0.00   13648    4764   0.01      0.00      8.00      0.00       0  pidstat
01:53:09 PM  1000    180336    2.00    2.00    0.00    0.00    4.00     8      0.00      0.00 69093148 10145212  31.16      0.00  90112.00      0.00       0  python

# Time        UID       PID    %usr %system  %guest   %wait    %CPU   CPU  minflt/s  majflt/s     VSZ     RSS   %MEM   kB_rd/s   kB_wr/s kB_ccwr/s iodelay  Command
01:53:10 PM     0       219    0.00    2.00    0.00    0.00    2.00    10      0.00      0.00       0       0   0.00     -1.00     -1.00     -1.00       0  kcompactd0
01:53:10 PM     0       239    0.00    1.00    0.00    0.00    1.00    12      0.00      0.00       0       0   0.00     -1.00     -1.00     -1.00       0  kswapd0
01:53:10 PM     0      1483    0.00    1.00    0.00    0.00    1.00    23      0.00      0.00 1360300   28324   0.09     -1.00     -1.00     -1.00       0  tailscaled
01:53:10 PM   120    179864    0.00    0.00    0.00    0.00    0.00     2      0.00      0.00  837272   23148   0.07     -1.00     -1.00     -1.00       0  mutter-x11-fram
01:53:10 PM  1000    180331    0.00    1.00    0.00    0.00    1.00    26      0.00      0.00  336828    3196   0.01      0.00      4.00      0.00       0  nvidia-smi
01:53:10 PM  1000    180333    1.00    1.00    0.00    0.00    2.00    10      0.00      0.00   13648    4764   0.01      0.00      0.00      0.00       0  pidstat
01:53:10 PM  1000    180336    3.00    1.00    0.00    0.00    4.00     8      0.00      0.00 69093148 10145212  31.16      0.00 118784.00      0.00       0  python

# Time        UID       PID    %usr %system  %guest   %wait    %CPU   CPU  minflt/s  majflt/s     VSZ     RSS   %MEM   kB_rd/s   kB_wr/s kB_ccwr/s iodelay  Command
01:53:11 PM     0       219    0.00    2.00    0.00    0.00    2.00    14      0.00      0.00       0       0   0.00     -1.00     -1.00     -1.00       0  kcompactd0
01:53:11 PM  1000    125786    1.00    2.00    0.00    0.00    3.00     8      0.00      0.00   17752   10824   0.03      0.00      0.00      0.00       0  htop
01:53:11 PM   120    179843    0.00    0.00    0.00    0.00    0.00     9      0.00      2.00 4031472  109812   0.34     -1.00     -1.00     -1.00       0  gnome-shell
01:53:11 PM  1000    180331    0.00    1.00    0.00    0.00    1.00    26      0.00      0.00  336828    3196   0.01      0.00      0.00      0.00       0  nvidia-smi
01:53:11 PM  1000    180332    0.00    0.00    0.00    0.00    0.00     4      0.00      0.00    8916    1688   0.01      0.00     12.00      0.00       0  mpstat
01:53:11 PM  1000    180333    0.00    1.00    0.00    0.00    1.00    10      0.00      0.00   13648    4764   0.01      0.00      4.00      0.00       0  pidstat
01:53:11 PM  1000    180336    1.00    1.00    0.00    0.00    2.00     8      0.00      0.00 69093148 10145212  31.16      0.00  92160.00      0.00       0  python

# Time        UID       PID    %usr %system  %guest   %wait    %CPU   CPU  minflt/s  majflt/s     VSZ     RSS   %MEM   kB_rd/s   kB_wr/s kB_ccwr/s iodelay  Command
01:53:12 PM     0       219    0.00    2.00    0.00    0.00    2.00    14      0.00      0.00       0       0   0.00     -1.00     -1.00     -1.00       0  kcompactd0
01:53:12 PM  1000      6457    0.00    1.00    0.00    0.00    1.00    27      0.00      0.00    7168    1680   0.01      0.00      0.00      0.00       0  gitstatusd-linu
01:53:12 PM  1000    125786    1.00    3.00    0.00    0.00    4.00     8      0.00      0.00   17752   10824   0.03      0.00      0.00      0.00       0  htop
01:53:12 PM     0    173694    0.00    1.00    0.00    0.00    1.00    10      0.00      0.00       0       0   0.00     -1.00     -1.00     -1.00       0  kworker/u128:5+flush-259:0
01:53:12 PM   120    179864    0.00    0.00    0.00    0.00    0.00     2      0.00      0.00  837272   22892   0.07     -1.00     -1.00     -1.00       0  mutter-x11-fram
01:53:12 PM  1000    180331    0.00    1.00    0.00    0.00    1.00    10      0.00      0.00  336828    3196   0.01      0.00      4.00      0.00       0  nvidia-smi
01:53:12 PM  1000    180332    0.00    0.00    0.00    0.00    0.00     4      0.00      0.00    8916    1688   0.01      0.00      8.00      0.00       0  mpstat
01:53:12 PM  1000    180333    0.00    0.00    0.00    0.00    0.00    10      0.00      0.00   13648    4764   0.01      0.00      4.00      0.00       0  pidstat
01:53:12 PM  1000    180336    2.00    1.00    0.00    0.00    3.00    10      0.00      0.00 69093148 10145212  31.16      0.00  88064.00      0.00       0  python

# Time        UID       PID    %usr %system  %guest   %wait    %CPU   CPU  minflt/s  majflt/s     VSZ     RSS   %MEM   kB_rd/s   kB_wr/s kB_ccwr/s iodelay  Command
01:53:13 PM   120    179864    0.00    0.00    0.00    0.00    0.00     2      0.00      0.00  837272   22124   0.07     -1.00     -1.00     -1.00       0  mutter-x11-fram
01:53:13 PM  1000    180331    1.00    1.00    0.00    0.00    2.00    10      0.00      0.00  336828    3196   0.01      0.00      0.00      0.00       0  nvidia-smi
01:53:13 PM  1000    180333    0.00    1.00    0.00    0.00    1.00    10      0.00      0.00   13648    4764   0.01      0.00      4.00      0.00       0  pidstat
01:53:13 PM  1000    180336    3.00    1.00    0.00    0.00    4.00     8      0.00      0.00 69093148 10145212  31.16      0.00  83968.00      0.00       0  python

# Time        UID       PID    %usr %system  %guest   %wait    %CPU   CPU  minflt/s  majflt/s     VSZ     RSS   %MEM   kB_rd/s   kB_wr/s kB_ccwr/s iodelay  Command
01:53:14 PM     0       219    0.00    2.00    0.00    0.00    2.00    14      0.00      0.00       0       0   0.00     -1.00     -1.00     -1.00       0  kcompactd0
01:53:14 PM     0      1483    0.00    0.00    0.00    0.00    0.00     6      4.00      6.00 1360300   28324   0.09     -1.00     -1.00     -1.00       0  tailscaled
01:53:14 PM  1000    125786    1.00    3.00    0.00    0.00    4.00     8      0.00      0.00   17752   10824   0.03      0.00      0.00      0.00       0  htop
01:53:14 PM   120    179974    0.00    0.00    0.00    0.00    0.00    15      1.00      0.00  459308    4168   0.01     -1.00     -1.00     -1.00       0  gsd-housekeepin
01:53:14 PM  1000    180331    0.00    2.00    0.00    0.00    2.00    12      0.00      0.00  336828    3196   0.01      0.00      4.00      0.00       0  nvidia-smi
01:53:14 PM  1000    180332    0.00    0.00    0.00    0.00    0.00     8      0.00      0.00    8916    1688   0.01      0.00      8.00      0.00       0  mpstat
01:53:14 PM  1000    180336    2.00    2.00    0.00    0.00    4.00     8      0.00      0.00 69093148 10145212  31.16      0.00  75776.00      0.00       0  python

# Time        UID       PID    %usr %system  %guest   %wait    %CPU   CPU  minflt/s  majflt/s     VSZ     RSS   %MEM   kB_rd/s   kB_wr/s kB_ccwr/s iodelay  Command
01:53:15 PM     0       219    0.00    1.00    0.00    0.00    1.00     8      0.00      0.00       0       0   0.00     -1.00     -1.00     -1.00       0  kcompactd0
01:53:15 PM     0       239    0.00    1.00    0.00    0.00    1.00    10      0.00      0.00       0       0   0.00     -1.00     -1.00     -1.00       0  kswapd0
01:53:15 PM     0      1483    0.00    0.00    0.00    0.00    0.00     8      1.00      0.00 1360300   28324   0.09     -1.00     -1.00     -1.00       0  tailscaled
01:53:15 PM  1000    125786    0.00    2.00    0.00    0.00    2.00     8      0.00      0.00   17752   10824   0.03      0.00      0.00      0.00       0  htop
01:53:15 PM     0    142287    0.00    1.00    0.00    0.00    1.00     9      0.00      0.00       0       0   0.00     -1.00     -1.00     -1.00       0  kworker/u128:0-events_power_efficient
01:53:15 PM  1000    180331    0.00    0.00    0.00    0.00    0.00    12      0.00      0.00  336828    3196   0.01      0.00      4.00      0.00       0  nvidia-smi
01:53:15 PM  1000    180332    0.00    0.00    0.00    0.00    0.00     8      0.00      0.00    8916    1688   0.01      0.00      8.00      0.00       0  mpstat
01:53:15 PM  1000    180333    0.00    1.00    0.00    0.00    1.00    10      0.00      0.00   13648    4764   0.01      0.00      8.00      0.00       0  pidstat
01:53:15 PM  1000    180336    2.00    1.00    0.00    0.00    3.00    10      0.00      0.00 69093148 10145212  31.16      0.00  98304.00      0.00       0  python

# Time        UID       PID    %usr %system  %guest   %wait    %CPU   CPU  minflt/s  majflt/s     VSZ     RSS   %MEM   kB_rd/s   kB_wr/s kB_ccwr/s iodelay  Command
01:53:16 PM     0       219    0.00    1.00    0.00    0.00    1.00     8      0.00      0.00       0       0   0.00     -1.00     -1.00     -1.00       0  kcompactd0
01:53:16 PM     0       974    0.00    1.00    0.00    0.00    1.00    16      0.00      0.00       0       0   0.00     -1.00     -1.00     -1.00       0  nvidia-modeset/kthread_q
01:53:16 PM     0    173694    0.00    1.00    0.00    0.00    1.00    10      0.00      0.00       0       0   0.00     -1.00     -1.00     -1.00       0  kworker/u128:5+flush-259:0
01:53:16 PM   120    179864    0.00    0.00    0.00    0.00    0.00     2      0.00      0.00  837272   21356   0.07     -1.00     -1.00     -1.00       0  mutter-x11-fram
01:53:16 PM  1000    180331    0.00    2.00    0.00    0.00    2.00    12      0.00      0.00  336828    3196   0.01      0.00      4.00      0.00       0  nvidia-smi
01:53:16 PM  1000    180332    0.00    0.00    0.00    0.00    0.00    12      0.00      0.00    8916    1688   0.01      0.00      8.00      0.00       0  mpstat
01:53:16 PM  1000    180333    0.00    0.00    0.00    0.00    0.00    10      0.00      0.00   13648    4764   0.01      0.00      4.00      0.00       0  pidstat
01:53:16 PM  1000    180336    3.00    1.00    0.00    0.00    4.00    12      0.00      0.00 69093148 10145212  31.16      0.00  98304.00      0.00       0  python

# Time        UID       PID    %usr %system  %guest   %wait    %CPU   CPU  minflt/s  majflt/s     VSZ     RSS   %MEM   kB_rd/s   kB_wr/s kB_ccwr/s iodelay  Command
01:53:17 PM     0       219    0.00    1.00    0.00    0.00    1.00     8      0.00      0.00       0       0   0.00     -1.00     -1.00     -1.00       0  kcompactd0
01:53:17 PM  1000    125786    1.00    3.00    0.00    0.00    4.00     8      0.00      0.00   17752   10824   0.03      0.00      0.00      0.00       0  htop
01:53:17 PM     0    179756    0.00    1.00    0.00    0.00    1.00    14      0.00      0.00       0       0   0.00     -1.00     -1.00     -1.00       0  kworker/14:1-events_freezable
01:53:17 PM  1000    180331    0.00    1.00    0.00    0.00    1.00    10      0.00      0.00  336828    3196   0.01      0.00      0.00      0.00       0  nvidia-smi
01:53:17 PM  1000    180332    0.00    0.00    0.00    0.00    0.00    12      0.00      0.00    8916    1688   0.01      0.00      4.00      0.00       0  mpstat
01:53:17 PM  1000    180333    1.00    1.00    0.00    0.00    2.00    10      0.00      0.00   13648    4764   0.01      0.00      4.00      0.00       0  pidstat
01:53:17 PM  1000    180336    1.00    1.00    0.00    0.00    2.00     8      0.00      0.00 69093148 10145212  31.16      0.00  92160.00      0.00       0  python

# Time        UID       PID    %usr %system  %guest   %wait    %CPU   CPU  minflt/s  majflt/s     VSZ     RSS   %MEM   kB_rd/s   kB_wr/s kB_ccwr/s iodelay  Command
01:53:18 PM     0       219    0.00    2.00    0.00    0.00    2.00     8      0.00      0.00       0       0   0.00     -1.00     -1.00     -1.00       0  kcompactd0
01:53:18 PM     0      1483    0.00    0.00    0.00    0.00    0.00     8      1.00      0.00 1360300   28324   0.09     -1.00     -1.00     -1.00       0  tailscaled
01:53:18 PM  1000    125786    1.00    3.00    0.00    0.00    4.00     8      0.00      0.00   17752   10824   0.03      0.00      0.00      0.00       0  htop
01:53:18 PM   120    179843    1.00    0.00    0.00    0.00    1.00     9      0.00      0.00 4031472  109812   0.34     -1.00     -1.00     -1.00       0  gnome-shell
01:53:18 PM   120    179864    0.00    0.00    0.00    0.00    0.00     2      0.00      0.00  837272   20588   0.06     -1.00     -1.00     -1.00       0  mutter-x11-fram
01:53:18 PM  1000    180331    0.00    1.00    0.00    0.00    1.00    10      0.00      0.00  336828    3196   0.01      0.00      8.00      0.00       0  nvidia-smi
01:53:18 PM  1000    180332    0.00    0.00    0.00    0.00    0.00    12      0.00      0.00    8916    1688   0.01      0.00      4.00      0.00       0  mpstat
01:53:18 PM  1000    180333    0.00    1.00    0.00    0.00    1.00    10      0.00      0.00   13648    4764   0.01      0.00      4.00      0.00       0  pidstat
01:53:18 PM  1000    180336    2.00    1.00    0.00    0.00    3.00     8      0.00      0.00 69093148 10145212  31.16      0.00  87936.00      0.00       0  python
01:53:18 PM  1000    180390    1.00    0.00    0.00    0.00    1.00    12      0.00      0.00 64029504 3438056  10.56      0.00      0.00      0.00       0  pt_data_worker
01:53:18 PM  1000    180393    1.00    0.00    0.00    0.00    1.00    14      0.00      0.00 64095076 3501896  10.76      0.00      0.00      0.00       0  pt_data_worker

# Time        UID       PID    %usr %system  %guest   %wait    %CPU   CPU  minflt/s  majflt/s     VSZ     RSS   %MEM   kB_rd/s   kB_wr/s kB_ccwr/s iodelay  Command
01:53:19 PM  1000      6390    0.00    0.00    0.00    0.00    0.00     8      6.00      0.00   16396    8088   0.02      0.00      0.00      0.00       0  zsh
01:53:19 PM  1000    180331    0.00    1.00    0.00    0.00    1.00    10      0.00      0.00  336828    3196   0.01      0.00      4.00      0.00       0  nvidia-smi
01:53:19 PM  1000    180332    0.00    0.00    0.00    0.00    0.00    12      0.00      0.00    8916    1688   0.01      0.00      4.00      0.00       0  mpstat
01:53:19 PM  1000    180333    0.00    0.00    0.00    0.00    0.00    10      0.00      0.00   13648    4764   0.01      0.00      4.00      0.00       0  pidstat
01:53:19 PM  1000    180336    2.00    1.00    0.00    0.00    3.00     8      0.00      0.00 69093148 10145212  31.16      0.00  82048.00      0.00       0  python

# Time        UID       PID    %usr %system  %guest   %wait    %CPU   CPU  minflt/s  majflt/s     VSZ     RSS   %MEM   kB_rd/s   kB_wr/s kB_ccwr/s iodelay  Command
01:53:20 PM     0       219    0.00    2.00    0.00    0.00    2.00    10      0.00      0.00       0       0   0.00     -1.00     -1.00     -1.00       0  kcompactd0
01:53:20 PM     0       756    0.00    1.00    0.00    0.00    1.00     9      0.00      0.00       0       0   0.00     -1.00     -1.00     -1.00       0  kworker/9:2-events
01:53:20 PM     0     24238    0.00    1.00    0.00    0.00    1.00     8      0.00      0.00       0       0   0.00     -1.00     -1.00     -1.00       0  kworker/8:2-mm_percpu_wq
01:53:20 PM     0     24912    0.00    1.00    0.00    0.00    1.00     9      0.00      0.00       0       0   0.00     -1.00     -1.00     -1.00       0  kworker/9:1-display_unordered
01:53:20 PM  1000    125786    1.00    3.00    0.00    0.00    4.00     8      0.00      0.00   17752   10824   0.03      0.00      0.00      0.00       0  htop
01:53:20 PM  1000    180331    0.00    1.00    0.00    0.00    1.00    12      0.00      0.00  336828    3196   0.01      0.00      0.00      0.00       0  nvidia-smi
01:53:20 PM  1000    180332    0.00    0.00    0.00    0.00    0.00    12      0.00      0.00    8916    1688   0.01      0.00      8.00      0.00       0  mpstat
01:53:20 PM  1000    180336    2.00    1.00    0.00    0.00    3.00     8      0.00      0.00 69093148 10145212  31.16      0.00  75776.00      0.00       0  python

# Time        UID       PID    %usr %system  %guest   %wait    %CPU   CPU  minflt/s  majflt/s     VSZ     RSS   %MEM   kB_rd/s   kB_wr/s kB_ccwr/s iodelay  Command
01:53:21 PM     0       219    0.00    1.00    0.00    0.00    1.00     8      0.00      0.00       0       0   0.00     -1.00     -1.00     -1.00       0  kcompactd0
01:53:21 PM     0       239    0.00    1.00    0.00    0.00    1.00    10      0.00      0.00       0       0   0.00     -1.00     -1.00     -1.00       0  kswapd0
01:53:21 PM     0      1483    1.00    0.00    0.00    0.00    1.00     8      0.00      0.00 1360300   28324   0.09     -1.00     -1.00     -1.00       0  tailscaled
01:53:21 PM  1000    125786    0.00    2.00    0.00    0.00    2.00     8      0.00      0.00   17752   10824   0.03      0.00      0.00      0.00       0  htop
01:53:21 PM   120    179843    0.00    0.00    0.00    0.00    0.00     9      0.00      0.00 4031472  109556   0.34     -1.00     -1.00     -1.00       0  gnome-shell
01:53:21 PM   120    179864    0.00    0.00    0.00    0.00    0.00     2      0.00      0.00  837272   20076   0.06     -1.00     -1.00     -1.00       0  mutter-x11-fram
01:53:21 PM  1000    180331    1.00    0.00    0.00    0.00    1.00    12      0.00      0.00  336828    3196   0.01      0.00      0.00      0.00       0  nvidia-smi
01:53:21 PM  1000    180332    0.00    0.00    0.00    0.00    0.00    12      0.00      0.00    8916    1688   0.01      0.00      8.00      0.00       0  mpstat
01:53:21 PM  1000    180333    1.00    1.00    0.00    0.00    2.00    10      0.00      0.00   13648    4764   0.01      0.00      8.00      0.00       0  pidstat
01:53:21 PM  1000    180336    2.00    1.00    0.00    0.00    3.00     8      0.00      0.00 69093148 10145212  31.16      0.00  59392.00      0.00       0  python

# Time        UID       PID    %usr %system  %guest   %wait    %CPU   CPU  minflt/s  majflt/s     VSZ     RSS   %MEM   kB_rd/s   kB_wr/s kB_ccwr/s iodelay  Command
01:53:22 PM     0       219    0.00    2.00    0.00    0.00    2.00     8      0.00      0.00       0       0   0.00     -1.00     -1.00     -1.00       0  kcompactd0
01:53:22 PM     0    173694    0.00    1.00    0.00    0.00    1.00    11      0.00      0.00       0       0   0.00     -1.00     -1.00     -1.00       0  kworker/u128:5+flush-259:0
01:53:22 PM  1000    180331    0.00    1.00    0.00    0.00    1.00    12      0.00      0.00  336828    3196   0.01      0.00      4.00      0.00       0  nvidia-smi
01:53:22 PM  1000    180332    0.00    0.00    0.00    0.00    0.00    12      0.00      0.00    8916    1688   0.01      0.00      4.00      0.00       0  mpstat
01:53:22 PM  1000    180333    0.00    0.00    0.00    0.00    0.00    10      0.00      0.00   13648    4764   0.01      0.00      4.00      0.00       0  pidstat
01:53:22 PM  1000    180336    1.00    1.00    0.00    0.00    2.00     8      0.00      0.00 69093148 10145212  31.16      0.00  76800.00      0.00       0  python

# Time        UID       PID    %usr %system  %guest   %wait    %CPU   CPU  minflt/s  majflt/s     VSZ     RSS   %MEM   kB_rd/s   kB_wr/s kB_ccwr/s iodelay  Command
01:53:23 PM  1000    125786    1.00    4.00    0.00    0.00    5.00     8      0.00      0.00   17752   10824   0.03      0.00      0.00      0.00       0  htop
01:53:23 PM     0    173694    0.00    1.00    0.00    0.00    1.00    11      0.00      0.00       0       0   0.00     -1.00     -1.00     -1.00       0  kworker/u128:5+flush-259:0
01:53:23 PM  1000    180331    0.00    1.00    0.00    0.00    1.00    12      0.00      0.00  336828    3196   0.01      0.00      0.00      0.00       0  nvidia-smi
01:53:23 PM  1000    180332    0.00    0.00    0.00    0.00    0.00    12      0.00      0.00    8916    1688   0.01      0.00      4.00      0.00       0  mpstat
01:53:23 PM  1000    180333    0.00    1.00    0.00    0.00    1.00    10      0.00      0.00   13648    4764   0.01      0.00      0.00      0.00       0  pidstat
01:53:23 PM  1000    180336    2.00    1.00    0.00    0.00    3.00     8      0.00      0.00 69093148 10145212  31.16      0.00  83456.00      0.00       0  python
01:53:23 PM  1000    180391    1.00    0.00    0.00    0.00    1.00    11      0.00      0.00 64029516 3436844  10.56      0.00      0.00      0.00       0  pt_data_worker

# Time        UID       PID    %usr %system  %guest   %wait    %CPU   CPU  minflt/s  majflt/s     VSZ     RSS   %MEM   kB_rd/s   kB_wr/s kB_ccwr/s iodelay  Command
01:53:24 PM     0       219    0.00    2.00    0.00    0.00    2.00     8      0.00      0.00       0       0   0.00     -1.00     -1.00     -1.00       0  kcompactd0
01:53:24 PM     0      1483    0.00    0.00    0.00    0.00    0.00     8      1.00      0.00 1360300   28324   0.09     -1.00     -1.00     -1.00       0  tailscaled
01:53:24 PM   120    179864    0.00    0.00    0.00    0.00    0.00     2      0.00      0.00  837272   18796   0.06     -1.00     -1.00     -1.00       0  mutter-x11-fram
01:53:24 PM  1000    180331    0.00    2.00    0.00    0.00    2.00    12      0.00      0.00  336828    3196   0.01      0.00      4.00      0.00       0  nvidia-smi
01:53:24 PM  1000    180332    0.00    0.00    0.00    0.00    0.00    12      0.00      0.00    8916    1688   0.01      0.00      8.00      0.00       0  mpstat
01:53:24 PM  1000    180333    0.00    0.00    0.00    0.00    0.00    10      0.00      0.00   13648    4764   0.01      0.00      8.00      0.00       0  pidstat
01:53:24 PM  1000    180336    3.00    1.00    0.00    0.00    4.00     8      0.00      0.00 69093148 10145212  31.16      0.00 159232.00      0.00       0  python

# Time        UID       PID    %usr %system  %guest   %wait    %CPU   CPU  minflt/s  majflt/s     VSZ     RSS   %MEM   kB_rd/s   kB_wr/s kB_ccwr/s iodelay  Command
01:53:25 PM     0       219    0.00    2.00    0.00    0.00    2.00    10      0.00      0.00       0       0   0.00     -1.00     -1.00     -1.00       0  kcompactd0
01:53:25 PM     0       239    0.00    1.00    0.00    0.00    1.00     8      0.00      0.00       0       0   0.00     -1.00     -1.00     -1.00       0  kswapd0
01:53:25 PM  1000    125786    0.00    2.00    0.00    0.00    2.00    10      0.00      0.00   17752   10824   0.03      0.00      0.00      0.00       0  htop
01:53:25 PM   120    179864    0.00    0.00    0.00    0.00    0.00     2      0.00      0.00  837272   17516   0.05     -1.00     -1.00     -1.00       0  mutter-x11-fram
01:53:25 PM  1000    180331    0.00    2.00    0.00    0.00    2.00    12      0.00      0.00  336828    3196   0.01      0.00      4.00      0.00       0  nvidia-smi
01:53:25 PM  1000    180332    0.00    0.00    0.00    0.00    0.00    12      0.00      0.00    8916    1688   0.01      0.00      4.00      0.00       0  mpstat
01:53:25 PM  1000    180333    1.00    1.00    0.00    0.00    2.00    10      0.00      0.00   13648    4764   0.01      0.00      4.00      0.00       0  pidstat
01:53:25 PM  1000    180336    3.00    3.00    0.00    0.00    6.00     8      0.00      0.00 69093148 10145212  31.16      0.00 247808.00      0.00       0  python

# Time        UID       PID    %usr %system  %guest   %wait    %CPU   CPU  minflt/s  majflt/s     VSZ     RSS   %MEM   kB_rd/s   kB_wr/s kB_ccwr/s iodelay  Command
01:53:26 PM     0       219    0.00    2.00    0.00    0.00    2.00     8      0.00      0.00       0       0   0.00     -1.00     -1.00     -1.00       0  kcompactd0
01:53:26 PM  1000    125786    2.00    3.00    0.00    0.00    5.00    10      0.00      0.00   17752   10824   0.03      0.00      0.00      0.00       0  htop
01:53:26 PM     0    134499    0.00    1.00    0.00    0.00    1.00     4      0.00      0.00       0       0   0.00     -1.00     -1.00     -1.00       0  kworker/u128:2-ext4-rsv-conversion
01:53:26 PM   120    179864    0.00    0.00    0.00    0.00    0.00     2      0.00      0.00  837272   17260   0.05     -1.00     -1.00     -1.00       0  mutter-x11-fram
01:53:26 PM  1000    180331    0.00    2.00    0.00    0.00    2.00    12      0.00      0.00  336828    3196   0.01      0.00      0.00      0.00       0  nvidia-smi
01:53:26 PM  1000    180332    0.00    0.00    0.00    0.00    0.00    12      0.00      0.00    8916    1688   0.01      0.00      8.00      0.00       0  mpstat
01:53:26 PM  1000    180336    2.00    1.00    0.00    0.00    3.00    10      0.00      0.00 69093148 10145212  31.16      0.00 126976.00      0.00       0  python

# Time        UID       PID    %usr %system  %guest   %wait    %CPU   CPU  minflt/s  majflt/s     VSZ     RSS   %MEM   kB_rd/s   kB_wr/s kB_ccwr/s iodelay  Command
01:53:27 PM     0       219    0.00    2.00    0.00    0.00    2.00     8      0.00      0.00       0       0   0.00     -1.00     -1.00     -1.00       0  kcompactd0
01:53:27 PM   120    179864    0.00    0.00    0.00    0.00    0.00     2      0.00      0.00  837272   16236   0.05     -1.00     -1.00     -1.00       0  mutter-x11-fram
01:53:27 PM  1000    180331    0.00    2.00    0.00    0.00    2.00    12      0.00      0.00  336828    3196   0.01      0.00      4.00      0.00       0  nvidia-smi
01:53:27 PM  1000    180332    0.00    0.00    0.00    0.00    0.00    12      0.00      0.00    8916    1688   0.01      0.00      8.00      0.00       0  mpstat
01:53:27 PM  1000    180333    0.00    1.00    0.00    0.00    1.00    10      0.00      0.00   13648    4764   0.01      0.00      8.00      0.00       0  pidstat
01:53:27 PM  1000    180336    2.00    1.00    0.00    0.00    3.00     8      0.00      0.00 69093148 10145212  31.16      0.00  90112.00      0.00       0  python
01:53:27 PM  1000    180387    1.00    0.00    0.00    0.00    1.00     8      0.00      0.00 64029468 3437332  10.56      0.00      0.00      0.00       0  pt_data_worker

# Time        UID       PID    %usr %system  %guest   %wait    %CPU   CPU  minflt/s  majflt/s     VSZ     RSS   %MEM   kB_rd/s   kB_wr/s kB_ccwr/s iodelay  Command
01:53:28 PM  1000    125786    0.00    3.00    0.00    0.00    3.00     8      0.00      0.00   17752   10824   0.03      0.00      0.00      0.00       0  htop
01:53:28 PM     0    173694    0.00    1.00    0.00    0.00    1.00    11      0.00      0.00       0       0   0.00     -1.00     -1.00     -1.00       0  kworker/u128:5+flush-259:0
01:53:28 PM  1000    180331    0.00    2.00    0.00    0.00    2.00    12      0.00      0.00  336828    3196   0.01      0.00      0.00      0.00       0  nvidia-smi
01:53:28 PM  1000    180332    0.00    0.00    0.00    0.00    0.00    12      0.00      0.00    8916    1688   0.01      0.00      4.00      0.00       0  mpstat
01:53:28 PM  1000    180333    0.00    0.00    0.00    0.00    0.00    10      0.00      0.00   13648    4764   0.01      0.00      4.00      0.00       0  pidstat
01:53:28 PM  1000    180336   17.00   48.00    0.00    0.00   65.00     8 426736.00      0.00 65669412 6714060  20.62      0.00  39064.00      0.00       0  python

# Time        UID       PID    %usr %system  %guest   %wait    %CPU   CPU  minflt/s  majflt/s     VSZ     RSS   %MEM   kB_rd/s   kB_wr/s kB_ccwr/s iodelay  Command
01:53:29 PM     0        15    0.00    1.00    0.00    0.00    1.00     6      0.00      0.00       0       0   0.00     -1.00     -1.00     -1.00       0  rcu_preempt
01:53:29 PM     0       219    0.00    2.00    0.00    0.00    2.00     8      0.00      0.00       0       0   0.00     -1.00     -1.00     -1.00       0  kcompactd0
01:53:29 PM     0       239    0.00    2.00    0.00    0.00    2.00    10      0.00      0.00       0       0   0.00     -1.00     -1.00     -1.00       0  kswapd0
01:53:29 PM     0       974    0.00    1.00    0.00    0.00    1.00    15      0.00      0.00       0       0   0.00     -1.00     -1.00     -1.00       0  nvidia-modeset/kthread_q
01:53:29 PM  1000      6390    0.00    1.00    0.00    0.00    1.00     8      6.00      0.00   16396    8088   0.02      0.00      0.00      0.00       0  zsh
01:53:29 PM  1000    125786    1.00    3.00    0.00    0.00    4.00     8      0.00      0.00   17752   10824   0.03      0.00      0.00      0.00       0  htop
01:53:29 PM   120    179783    0.00    0.00    0.00    0.00    0.00     0      0.00      0.00 25994904   18920   0.06     -1.00     -1.00     -1.00       0  Xorg
01:53:29 PM   120    179843    0.00    0.00    0.00    0.00    0.00     9      0.00      0.00 4031472  108532   0.33     -1.00     -1.00     -1.00       0  gnome-shell
01:53:29 PM   120    179864    0.00    0.00    0.00    0.00    0.00     2      0.00      0.00  837272    9580   0.03     -1.00     -1.00     -1.00       0  mutter-x11-fram
01:53:29 PM   120    179867    0.00    0.00    0.00    0.00    0.00     0      0.00      0.00  236060    2192   0.01     -1.00     -1.00     -1.00       0  at-spi2-registr
01:53:29 PM  1000    180331    0.00    1.00    0.00    0.00    1.00    12      0.00      0.00  336828    3196   0.01      4.00      4.00      0.00       0  nvidia-smi
01:53:29 PM  1000    180332    0.00    0.00    0.00    0.00    0.00    12      0.00      0.00    8916    1688   0.01      0.00      4.00      0.00       0  mpstat
01:53:29 PM  1000    180333    0.00    1.00    0.00    0.00    1.00    10      0.00      0.00   13648    4764   0.01      0.00      0.00      0.00       0  pidstat
01:53:29 PM  1000    180336    4.00   12.00    0.00    0.00   16.00    10  59211.00      0.00 65767728 6819804  20.95      0.00 516096.00      0.00       0  python

# Time        UID       PID    %usr %system  %guest   %wait    %CPU   CPU  minflt/s  majflt/s     VSZ     RSS   %MEM   kB_rd/s   kB_wr/s kB_ccwr/s iodelay  Command
01:53:30 PM  1000    180331    1.00    1.00    0.00    0.00    2.00    12      0.00      0.00  336828    3196   0.01      0.00      0.00      0.00       0  nvidia-smi
01:53:30 PM  1000    180332    0.00    0.00    0.00    0.00    0.00    12      0.00      0.00    8916    1688   0.01      0.00      4.00      0.00       0  mpstat
01:53:30 PM  1000    180333    1.00    0.00    0.00    0.00    1.00    10      0.00      0.00   13648    4764   0.01      0.00      8.00      0.00       0  pidstat
01:53:30 PM  1000    180336    2.00    1.00    0.00    0.00    3.00     8      0.00      0.00 65767728 6819804  20.95      0.00 121856.00      0.00       0  python

# Time        UID       PID    %usr %system  %guest   %wait    %CPU   CPU  minflt/s  majflt/s     VSZ     RSS   %MEM   kB_rd/s   kB_wr/s kB_ccwr/s iodelay  Command
01:53:31 PM     0       239    0.00    1.00    0.00    0.00    1.00    10      0.00      0.00       0       0   0.00     -1.00     -1.00     -1.00       0  kswapd0
01:53:31 PM  1000    125786    0.00    3.00    0.00    0.00    3.00     8      0.00      0.00   17752   10824   0.03      0.00      0.00      0.00       0  htop
01:53:31 PM  1000    180331    0.00    1.00    0.00    0.00    1.00    12      0.00      0.00  336828    3196   0.01      0.00      4.00      0.00       0  nvidia-smi
01:53:31 PM  1000    180332    0.00    0.00    0.00    0.00    0.00    12      0.00      0.00    8916    1688   0.01      0.00      8.00      0.00       0  mpstat
01:53:31 PM  1000    180333    0.00    1.00    0.00    0.00    1.00    10      0.00      0.00   13648    4764   0.01      0.00      0.00      0.00       0  pidstat
01:53:31 PM  1000    180336    1.00    1.00    0.00    0.00    2.00     8      0.00      0.00 65767728 6819804  20.95      0.00 105472.00      0.00       0  python

# Time        UID       PID    %usr %system  %guest   %wait    %CPU   CPU  minflt/s  majflt/s     VSZ     RSS   %MEM   kB_rd/s   kB_wr/s kB_ccwr/s iodelay  Command
01:53:32 PM     0       219    0.00    1.00    0.00    0.00    1.00     8      0.00      0.00       0       0   0.00     -1.00     -1.00     -1.00       0  kcompactd0
01:53:32 PM  1000      9066    1.00    0.00    0.00    0.00    1.00     2      0.00      0.00  958328    8328   0.03      0.00      0.00      0.00       0  Omniverse Hub
01:53:32 PM  1000    125786    1.00    2.00    0.00    0.00    3.00     8      0.00      0.00   17752   10824   0.03      0.00      0.00      0.00       0  htop
01:53:32 PM     0    142287    0.00    1.00    0.00    0.00    1.00    11      0.00      0.00       0       0   0.00     -1.00     -1.00     -1.00       0  kworker/u128:0-events_unbound
01:53:32 PM     0    173694    0.00    1.00    0.00    0.00    1.00     2      0.00      0.00       0       0   0.00     -1.00     -1.00     -1.00       0  kworker/u128:5+flush-259:0
01:53:32 PM  1000    180331    0.00    0.00    0.00    0.00    0.00    12      0.00      0.00  336828    3196   0.01      0.00      4.00      0.00       0  nvidia-smi
01:53:32 PM  1000    180332    0.00    0.00    0.00    0.00    0.00    12      0.00      0.00    8916    1688   0.01      0.00      8.00      0.00       0  mpstat
01:53:32 PM  1000    180333    0.00    0.00    0.00    0.00    0.00    10      0.00      0.00   13648    4764   0.01      0.00      8.00      0.00       0  pidstat
01:53:32 PM  1000    180336    3.00    0.00    0.00    0.00    3.00    10      0.00      0.00 65767728 6819804  20.95      0.00 169984.00      0.00       0  python

# Time        UID       PID    %usr %system  %guest   %wait    %CPU   CPU  minflt/s  majflt/s     VSZ     RSS   %MEM   kB_rd/s   kB_wr/s kB_ccwr/s iodelay  Command
01:53:33 PM     0       219    0.00    2.97    0.00    0.00    2.97    12      0.00      0.00       0       0   0.00     -1.00     -1.00     -1.00       0  kcompactd0
01:53:33 PM     0       239    0.00    0.99    0.00    0.00    0.99    10      0.00      0.00       0       0   0.00     -1.00     -1.00     -1.00       0  kswapd0
01:53:33 PM     0      1483    0.00    0.00    0.00    0.00    0.00    14      0.99      0.00 1360300   28324   0.09     -1.00     -1.00     -1.00       0  tailscaled
01:53:33 PM  1000      9066    0.00    0.99    0.00    0.00    0.99     2      0.00      0.00  958328    8328   0.03      0.00      0.00      0.00       0  Omniverse Hub
01:53:33 PM     0    173694    0.00    0.99    0.00    0.00    0.99     2      0.00      0.00       0       0   0.00     -1.00     -1.00     -1.00       0  kworker/u128:5+flush-259:0
01:53:33 PM   120    179864    0.00    0.00    0.00    0.00    0.00     2      0.00      0.00  837272    9324   0.03     -1.00     -1.00     -1.00       0  mutter-x11-fram
01:53:33 PM  1000    180331    0.99    0.99    0.00    0.00    1.98    14      0.00      0.00  336828    3196   0.01      0.00      0.00      0.00       0  nvidia-smi
01:53:33 PM  1000    180332    0.00    0.00    0.00    0.00    0.00    12      0.00      0.00    8916    1688   0.01      0.00      3.96      0.00       0  mpstat
01:53:33 PM  1000    180333    0.00    0.99    0.00    0.00    0.99    10      0.00      0.00   13648    4764   0.01      0.00      3.96      0.00       0  pidstat
01:53:33 PM  1000    180336    3.96    2.97    0.00    0.00    6.93     8      0.00      0.00 65767728 6819804  20.95      0.00 332546.53      0.00       0  python

# Time        UID       PID    %usr %system  %guest   %wait    %CPU   CPU  minflt/s  majflt/s     VSZ     RSS   %MEM   kB_rd/s   kB_wr/s kB_ccwr/s iodelay  Command
01:53:34 PM     0       219    0.00    3.00    0.00    0.00    3.00     8      0.00      0.00       0       0   0.00     -1.00     -1.00     -1.00       0  kcompactd0
01:53:34 PM  1000      9066    0.00    0.00    0.00    0.00    0.00     2      1.00      0.00  958328    8328   0.03      0.00      0.00      0.00       0  Omniverse Hub
01:53:34 PM  1000    125786    1.00    3.00    0.00    0.00    4.00     8      0.00      0.00   17752   10824   0.03      0.00      0.00      0.00       0  htop
01:53:34 PM   120    179843    0.00    0.00    0.00    0.00    0.00     9      0.00      0.00 4031472  108276   0.33     -1.00     -1.00     -1.00       0  gnome-shell
01:53:34 PM   120    179864    0.00    0.00    0.00    0.00    0.00     2      0.00      0.00  837272    8044   0.02     -1.00     -1.00     -1.00       0  mutter-x11-fram
01:53:34 PM  1000    180331    0.00    1.00    0.00    0.00    1.00    14      0.00      0.00  336828    3196   0.01      0.00      0.00      0.00       0  nvidia-smi
01:53:34 PM  1000    180333    1.00    0.00    0.00    0.00    1.00     8      0.00      0.00   13648    4764   0.01      0.00      0.00      0.00       0  pidstat
01:53:34 PM  1000    180336    2.00    5.00    0.00    0.00    7.00    10      4.00      0.00 64760064 5812460  17.85   2548.00  87708.00      0.00       0  python

# Time        UID       PID    %usr %system  %guest   %wait    %CPU   CPU  minflt/s  majflt/s     VSZ     RSS   %MEM   kB_rd/s   kB_wr/s kB_ccwr/s iodelay  Command
01:53:35 PM     0       974    0.00    1.00    0.00    0.00    1.00    15      0.00      0.00       0       0   0.00     -1.00     -1.00     -1.00       0  nvidia-modeset/kthread_q
01:53:35 PM     0      1164    1.00    0.00    0.00    0.00    1.00     1      0.00      0.00  337032    8404   0.03     -1.00     -1.00     -1.00       0  NetworkManager
01:53:35 PM     0      1483    0.00    1.00    0.00    0.00    1.00    14      4.00      1.00 1360300   28324   0.09     -1.00     -1.00     -1.00       0  tailscaled
01:53:35 PM  1000    125786    0.00    3.00    0.00    0.00    3.00     8      0.00      0.00   17752   10824   0.03      0.00      0.00      0.00       0  htop
01:53:35 PM  1000    180331    0.00    1.00    0.00    0.00    1.00    12      0.00      0.00  336828    3196   0.01      0.00      4.00      0.00       0  nvidia-smi
01:53:35 PM  1000    180332    0.00    0.00    0.00    0.00    0.00    12      0.00      0.00    8916    1688   0.01      0.00      8.00      0.00       0  mpstat
01:53:35 PM  1000    180333    0.00    1.00    0.00    0.00    1.00     8      0.00      0.00   13648    4764   0.01      0.00      4.00      0.00       0  pidstat
01:53:35 PM  1000    180335    0.00    0.00    0.00    0.00    0.00    14      0.00      0.00    8632    1492   0.00      4.00      0.00      0.00       0  tee
01:53:35 PM  1000    180336   33.00    0.00    0.00    0.00   33.00    10   1097.00      0.00 64760064 5812592  17.85   4248.00   4248.00      0.00       0  python
01:53:35 PM  1000    180395    2.00    2.00    0.00    0.00    4.00     6  17079.00      0.00 64029564 3437224  10.56      0.00      0.00      0.00       0  pt_data_worker
01:53:35 PM  1000    180396    2.00    3.00    0.00    0.00    5.00     0  18065.00      0.00 64070536 3442292  10.57      0.00      0.00      0.00       0  pt_data_worker

# Time        UID       PID    %usr %system  %guest   %wait    %CPU   CPU  minflt/s  majflt/s     VSZ     RSS   %MEM   kB_rd/s   kB_wr/s kB_ccwr/s iodelay  Command
01:53:36 PM     0      1483    1.00    0.00    0.00    0.00    1.00    14      0.00      0.00 1360300   28324   0.09     -1.00     -1.00     -1.00       0  tailscaled
01:53:36 PM  1000    180331    0.00    2.00    0.00    0.00    2.00    14      0.00      0.00  336828    3196   0.01      0.00      0.00      0.00       0  nvidia-smi
01:53:36 PM  1000    180332    0.00    0.00    0.00    0.00    0.00    12      0.00      0.00    8916    1688   0.01      0.00      4.00      0.00       0  mpstat
01:53:36 PM  1000    180333    0.00    0.00    0.00    0.00    0.00     8      0.00      0.00   13648    4764   0.01      0.00      4.00      0.00       0  pidstat
01:53:36 PM  1000    180335    0.00    0.00    0.00    0.00    0.00    14      0.00      0.00    8632    1492   0.00      0.00      8.00      0.00       0  tee
01:53:36 PM  1000    180336   99.00    1.00    0.00    0.00  100.00    11   2748.00      4.00 64760064 5812532  17.85     12.00      0.00      0.00       0  python
01:53:36 PM  1000    180397    2.00    3.00    0.00    0.00    5.00    18  18062.00      0.00 64070548 3482884  10.70      0.00      0.00      0.00       0  pt_data_worker
01:53:36 PM  1000    180398    3.00    3.00    0.00    0.00    6.00     8  17092.00      0.00 64070560 3483152  10.70      0.00      0.00      0.00       0  pt_data_worker
01:53:36 PM  1000    180399    4.00    3.00    0.00    0.00    7.00    10  17098.00      0.00 64005036 3416156  10.49      0.00      0.00      0.00       0  pt_data_worker
01:53:36 PM  1000    180400    2.00    2.00    0.00    0.00    4.00    13  17077.00      0.00 64095160 3501780  10.76      0.00      0.00      0.00       0  pt_data_worker
01:53:36 PM  1000    180401    2.00    2.00    0.00    0.00    4.00    13  17083.00      0.00 64005060 3417176  10.50      0.00      0.00      0.00       0  pt_data_worker

# Time        UID       PID    %usr %system  %guest   %wait    %CPU   CPU  minflt/s  majflt/s     VSZ     RSS   %MEM   kB_rd/s   kB_wr/s kB_ccwr/s iodelay  Command
01:53:37 PM     0      1483    0.00    0.00    0.00    0.00    0.00    14      1.00      1.00 1360300   28324   0.09     -1.00     -1.00     -1.00       0  tailscaled
01:53:37 PM  1000    125786    1.00    2.00    0.00    0.00    3.00     8      0.00      0.00   17752   10824   0.03      0.00      0.00      0.00       0  htop
01:53:37 PM  1000    180332    0.00    0.00    0.00    0.00    0.00    12      0.00      0.00    8916    1688   0.01      0.00      4.00      0.00       0  mpstat
01:53:37 PM  1000    180333    1.00    0.00    0.00    0.00    1.00     8      0.00      0.00   13648    4764   0.01      0.00      4.00      0.00       0  pidstat
01:53:37 PM  1000    180336   89.00    1.00    0.00    0.00   90.00    11   2745.00      6.00 64760064 5812532  17.85     28.00      0.00      0.00       0  python
01:53:37 PM  1000    180387    2.00    2.00    0.00    0.00    4.00    10  19139.00      0.00 64029468 3437332  10.56      0.00      0.00      0.00       0  pt_data_worker
01:53:37 PM  1000    180388    3.00    2.00    0.00    0.00    5.00    12  18190.00      0.00 64070440 3501036  10.75      0.00      0.00      0.00       0  pt_data_worker
01:53:37 PM  1000    180389    3.00    2.00    0.00    0.00    5.00     9  17104.00      0.00 64135988 3549784  10.90      0.00      0.00      0.00       0  pt_data_worker
01:53:37 PM  1000    180390    2.00    2.00    0.00    0.00    4.00    21  17082.00      0.00 64029504 3438052  10.56      0.00      0.00      0.00       0  pt_data_worker
01:53:37 PM  1000    180402    3.00    2.00    0.00    0.00    5.00     9  17117.00      0.00 64005072 3432964  10.54      0.00      0.00      0.00       0  pt_data_worker

# Time        UID       PID    %usr %system  %guest   %wait    %CPU   CPU  minflt/s  majflt/s     VSZ     RSS   %MEM   kB_rd/s   kB_wr/s kB_ccwr/s iodelay  Command
01:53:38 PM     0      1483    0.00    0.00    0.00    0.00    0.00     8     99.00     30.00 1360300   29760   0.09     -1.00     -1.00     -1.00       0  tailscaled
01:53:38 PM  1000    125786    0.00    3.00    0.00    0.00    3.00     8      0.00      0.00   17752   10824   0.03      0.00      0.00      0.00       0  htop
01:53:38 PM     0    173694    0.00    1.00    0.00    0.00    1.00    12      0.00      0.00       0       0   0.00     -1.00     -1.00     -1.00       0  kworker/u128:5+flush-259:0
01:53:38 PM  1000    180331    0.00    1.00    0.00    0.00    1.00    16      0.00      0.00  336828    3196   0.01      0.00      4.00      0.00       0  nvidia-smi
01:53:38 PM  1000    180332    0.00    0.00    0.00    0.00    0.00    12      0.00      0.00    8916    1688   0.01      0.00      8.00      0.00       0  mpstat
01:53:38 PM  1000    180333    0.00    1.00    0.00    0.00    1.00     8      0.00      0.00   13648    4764   0.01      0.00      0.00      0.00       0  pidstat
01:53:38 PM  1000    180335    0.00    0.00    0.00    0.00    0.00    12      0.00      0.00    8632    1492   0.00      0.00      4.00      0.00       0  tee
01:53:38 PM  1000    180336   81.00    1.00    0.00    0.00   82.00    11   2200.00     10.00 64760064 5812396  17.85     36.00      0.00      0.00       0  python
01:53:38 PM  1000    180391    2.00    2.00    0.00    0.00    4.00     0  18183.00      0.00 64029516 3436844  10.56      0.00      0.00      0.00       0  pt_data_worker
01:53:38 PM  1000    180392    2.00    2.00    0.00    0.00    4.00    14  17154.00      0.00 64095064 3497104  10.74      0.00      0.00      0.00       0  pt_data_worker
01:53:38 PM  1000    180393    2.00    2.00    0.00    0.00    4.00     8  17085.00      0.00 64095076 3501972  10.76      0.00      0.00      0.00       0  pt_data_worker
01:53:38 PM  1000    180394    2.00    2.00    0.00    0.00    4.00     6  17094.00      0.00 64004976 3417044  10.49      0.00      0.00      0.00       0  pt_data_worker

# Time        UID       PID    %usr %system  %guest   %wait    %CPU   CPU  minflt/s  majflt/s     VSZ     RSS   %MEM   kB_rd/s   kB_wr/s kB_ccwr/s iodelay  Command
01:53:39 PM     0      1483    1.00    1.00    0.00    0.00    2.00     8      0.00      0.00 1360300   29760   0.09     -1.00     -1.00     -1.00       0  tailscaled
01:53:39 PM  1000      6390    0.00    0.00    0.00    0.00    0.00     8      6.00      0.00   16396    8088   0.02      0.00      0.00      0.00       0  zsh
01:53:39 PM  1000    180331    1.00    1.00    0.00    0.00    2.00    17      0.00      0.00  336828    3196   0.01      0.00      0.00      0.00       0  nvidia-smi
01:53:39 PM  1000    180333    0.00    1.00    0.00    0.00    1.00     4      0.00      0.00   13648    4764   0.01      0.00      8.00      0.00       0  pidstat
01:53:39 PM  1000    180336   79.00    1.00    0.00    0.00   80.00    11   2196.00      4.00 64760064 5812396  17.85     20.00      0.00      0.00       0  python
01:53:39 PM  1000    180395    3.00    2.00    0.00    0.00    5.00     8  17082.00      0.00 64029564 3437272  10.56      0.00      0.00      0.00       0  pt_data_worker
01:53:39 PM  1000    180396    2.00    2.00    0.00    0.00    4.00     8  18062.00      0.00 64070536 3442308  10.57      0.00      0.00      0.00       0  pt_data_worker
01:53:39 PM  1000    180397    2.00    3.00    0.00    0.00    5.00     9  18074.00      0.00 64070548 3483136  10.70      0.00      0.00      0.00       0  pt_data_worker
01:53:39 PM  1000    180398    3.00    1.00    0.00    0.00    4.00     2  17132.00      0.00 64070560 3483168  10.70      0.00      0.00      0.00       0  pt_data_worker
01:53:39 PM  1000    180399    4.00    0.00    0.00    0.00    4.00     2   4940.00      0.00 64038832 3436124  10.55      0.00      0.00      0.00       0  pt_data_worker

# Time        UID       PID    %usr %system  %guest   %wait    %CPU   CPU  minflt/s  majflt/s     VSZ     RSS   %MEM   kB_rd/s   kB_wr/s kB_ccwr/s iodelay  Command
01:53:40 PM  1000    125786    1.00    2.00    0.00    0.00    3.00     8      0.00      0.00   17752   10824   0.03      0.00      0.00      0.00       0  htop
01:53:40 PM  1000    180331    0.00    1.00    0.00    0.00    1.00    17      0.00      0.00  336828    3196   0.01      0.00      4.00      0.00       0  nvidia-smi
01:53:40 PM  1000    180332    0.00    0.00    0.00    0.00    0.00    12      0.00      0.00    8916    1688   0.01      0.00      4.00      0.00       0  mpstat
01:53:40 PM  1000    180336   80.00    1.00    0.00    0.00   81.00    10   2744.00      5.00 64760064 5812396  17.85     16.00      0.00      0.00       0  python
01:53:40 PM  1000    180387    2.00    3.00    0.00    0.00    5.00     9  19117.00      2.00 64029468 3437344  10.56     28.00      0.00      0.00       0  pt_data_worker
01:53:40 PM  1000    180399    1.00    1.00    0.00    0.00    2.00    10  12153.00      0.00 64005036 3416152  10.49      0.00      0.00      0.00       0  pt_data_worker
01:53:40 PM  1000    180400    3.00    2.00    0.00    0.00    5.00    13  17082.00      0.00 64095160 3501776  10.76      0.00      0.00      0.00       0  pt_data_worker
01:53:40 PM  1000    180401    3.00    2.00    0.00    0.00    5.00    13  17118.00      0.00 64005060 3417172  10.50      0.00      0.00      0.00       0  pt_data_worker
01:53:40 PM  1000    180402    3.00    2.00    0.00    0.00    5.00     2  17121.00      0.00 64005072 3432960  10.54      0.00      0.00      0.00       0  pt_data_worker

# Time        UID       PID    %usr %system  %guest   %wait    %CPU   CPU  minflt/s  majflt/s     VSZ     RSS   %MEM   kB_rd/s   kB_wr/s kB_ccwr/s iodelay  Command
01:53:41 PM     0      1483    0.00    0.00    0.00    0.00    0.00     8      1.00      0.00 1360300   29760   0.09     -1.00     -1.00     -1.00       0  tailscaled
01:53:41 PM  1000    125786    0.00    4.00    0.00    0.00    4.00     8      0.00      0.00   17752   10824   0.03      0.00      0.00      0.00       0  htop
01:53:41 PM     0    134499    0.00    1.00    0.00    0.00    1.00    27      0.00      0.00       0       0   0.00     -1.00     -1.00     -1.00       0  kworker/u128:2-events_unbound
01:53:41 PM     0    173694    0.00    1.00    0.00    0.00    1.00    25      0.00      0.00       0       0   0.00     -1.00     -1.00     -1.00       0  kworker/u128:5+flush-259:0
01:53:41 PM  1000    180331    0.00    1.00    0.00    0.00    1.00    17      0.00      0.00  336828    3196   0.01      0.00      4.00      0.00       0  nvidia-smi
01:53:41 PM  1000    180332    0.00    0.00    0.00    0.00    0.00    12      0.00      0.00    8916    1688   0.01      0.00      8.00      0.00       0  mpstat
01:53:41 PM  1000    180333    0.00    1.00    0.00    0.00    1.00     4      0.00      0.00   13648    4764   0.01      0.00      4.00      0.00       0  pidstat
01:53:41 PM  1000    180335    0.00    0.00    0.00    0.00    0.00    12      0.00      0.00    8632    1492   0.00      0.00     12.00      0.00       0  tee
01:53:41 PM  1000    180336   97.00    1.00    0.00    0.00   98.00    10   2744.00      1.00 64760064 5812396  17.85      8.00      0.00      0.00       0  python
01:53:41 PM  1000    180388    4.00    3.00    0.00    0.00    7.00     2  18194.00      0.00 64070440 3501044  10.75      0.00      0.00      0.00       0  pt_data_worker
01:53:41 PM  1000    180389    2.00    2.00    0.00    0.00    4.00     9  17093.00      0.00 64135988 3549792  10.90      0.00      0.00      0.00       0  pt_data_worker
01:53:41 PM  1000    180390    3.00    2.00    0.00    0.00    5.00     2  17090.00      0.00 64029504 3438256  10.56      0.00      0.00      0.00       0  pt_data_worker
01:53:41 PM  1000    180391    3.00    2.00    0.00    0.00    5.00    18  18191.00      0.00 64029516 3436596  10.55      0.00      0.00      0.00       0  pt_data_worker
01:53:41 PM  1000    180392    3.00    2.00    0.00    0.00    5.00    12  17086.00      0.00 64095064 3496856  10.74      0.00      0.00      0.00       0  pt_data_worker

# Time        UID       PID    %usr %system  %guest   %wait    %CPU   CPU  minflt/s  majflt/s     VSZ     RSS   %MEM   kB_rd/s   kB_wr/s kB_ccwr/s iodelay  Command
01:53:42 PM     0    173694    0.00    1.00    0.00    0.00    1.00     3      0.00      0.00       0       0   0.00     -1.00     -1.00     -1.00       0  kworker/u128:5+flush-259:0
01:53:42 PM  1000    180331    1.00    0.00    0.00    0.00    1.00    17      0.00      0.00  336828    3196   0.01      0.00      0.00      0.00       0  nvidia-smi
01:53:42 PM  1000    180332    0.00    0.00    0.00    0.00    0.00    12      0.00      0.00    8916    1688   0.01      0.00      4.00      0.00       0  mpstat
01:53:42 PM  1000    180333    0.00    0.00    0.00    0.00    0.00     4      0.00      0.00   13648    4764   0.01      0.00      4.00      0.00       0  pidstat
01:53:42 PM  1000    180336   93.00    1.00    0.00    0.00   94.00    10   2741.00      3.00 64760064 5812396  17.85      8.00      0.00      0.00       0  python
01:53:42 PM  1000    180393    3.00    2.00    0.00    0.00    5.00     8  17101.00      0.00 64095076 3501836  10.76      0.00      0.00      0.00       0  pt_data_worker
01:53:42 PM  1000    180394    3.00    2.00    0.00    0.00    5.00     9  17092.00      0.00 64004976 3417064  10.49      0.00      0.00      0.00       0  pt_data_worker
01:53:42 PM  1000    180395    2.00    3.00    0.00    0.00    5.00     4  17090.00      0.00 64029564 3437280  10.56      0.00      0.00      0.00       0  pt_data_worker
01:53:42 PM  1000    180396    3.00    2.00    0.00    0.00    5.00    11  18071.00      0.00 64070536 3442320  10.57      0.00      0.00      0.00       0  pt_data_worker
01:53:42 PM  1000    180397    2.00    1.00    0.00    0.00    3.00    16  18063.00      0.00 64070548 3483144  10.70      0.00      0.00      0.00       0  pt_data_worker

# Time        UID       PID    %usr %system  %guest   %wait    %CPU   CPU  minflt/s  majflt/s     VSZ     RSS   %MEM   kB_rd/s   kB_wr/s kB_ccwr/s iodelay  Command
01:53:43 PM     0      1483    0.00    0.00    0.00    0.00    0.00     8     10.00      2.00 1360300   29760   0.09     -1.00     -1.00     -1.00       0  tailscaled
01:53:43 PM     0     14274    0.00    1.00    0.00    0.00    1.00    10      0.00      0.00       0       0   0.00     -1.00     -1.00     -1.00       0  kworker/10:0-events
01:53:43 PM  1000    125786    1.00    3.00    0.00    0.00    4.00    12      0.00      0.00   17752   10824   0.03      0.00      0.00      0.00       0  htop
01:53:43 PM     0    142215    0.00    1.00    0.00    0.00    1.00    10      0.00      0.00       0       0   0.00     -1.00     -1.00     -1.00       0  kworker/10:2-events
01:53:43 PM  1000    180331    0.00    2.00    0.00    0.00    2.00    16      0.00      0.00  336828    3196   0.01      0.00      0.00      0.00       0  nvidia-smi
01:53:43 PM  1000    180332    0.00    0.00    0.00    0.00    0.00    12      0.00      0.00    8916    1688   0.01      0.00      4.00      0.00       0  mpstat
01:53:43 PM  1000    180333    0.00    1.00    0.00    0.00    1.00     8      0.00      0.00   13648    4764   0.01      0.00      4.00      0.00       0  pidstat
01:53:43 PM  1000    180336   97.00    1.00    0.00    1.00   98.00    11   2750.00      3.00 64760064 5812400  17.85     12.00      0.00      0.00       0  python
01:53:43 PM  1000    180398    4.00    2.00    0.00    0.00    6.00     7  17165.00      0.00 64070560 3483180  10.70      0.00      0.00      0.00       0  pt_data_worker
01:53:43 PM  1000    180399    4.00    3.00    0.00    0.00    7.00    10  17094.00      0.00 64005036 3415904  10.49      0.00      0.00      0.00       0  pt_data_worker
01:53:43 PM  1000    180400    3.00    2.00    0.00    0.00    5.00    21  17116.00      0.00 64095160 3501784  10.76      0.00      0.00      0.00       0  pt_data_worker
01:53:43 PM  1000    180401    3.00    2.00    0.00    0.00    5.00    17  17091.00      0.00 64005060 3417180  10.50      0.00      0.00      0.00       0  pt_data_worker
01:53:43 PM  1000    180402    2.00    3.00    0.00    0.00    5.00     2  17086.00      0.00 64005072 3432968  10.54      0.00      0.00      0.00       0  pt_data_worker

# Time        UID       PID    %usr %system  %guest   %wait    %CPU   CPU  minflt/s  majflt/s     VSZ     RSS   %MEM   kB_rd/s   kB_wr/s kB_ccwr/s iodelay  Command
01:53:44 PM  1000    125786    0.00    1.00    0.00    0.00    1.00     8      0.00      0.00   17752   10824   0.03      0.00      0.00      0.00       0  htop
01:53:44 PM  1000    180331    0.00    1.00    0.00    0.00    1.00    16      0.00      0.00  336828    3196   0.01      0.00      0.00      0.00       0  nvidia-smi
01:53:44 PM  1000    180333    1.00    1.00    0.00    0.00    2.00     4      0.00      0.00   13648    4764   0.01      0.00      0.00      0.00       0  pidstat
01:53:44 PM  1000    180336  102.00    1.00    0.00    0.00  103.00    11   2745.00      1.00 64760064 5812400  17.85      4.00      0.00      0.00       0  python
01:53:44 PM  1000    180387    3.00    2.00    0.00    0.00    5.00     9  19114.00      0.00 64029468 3437340  10.56      0.00      0.00      0.00       0  pt_data_worker
01:53:44 PM  1000    180388    3.00    1.00    0.00    0.00    4.00    16  18193.00      0.00 64070440 3501044  10.75      0.00      0.00      0.00       0  pt_data_worker
01:53:44 PM  1000    180389    3.00    2.00    0.00    0.00    5.00    17  17093.00      0.00 64135988 3549788  10.90      0.00      0.00      0.00       0  pt_data_worker
01:53:44 PM  1000    180390    4.00    2.00    0.00    0.00    6.00    27  17093.00      0.00 64029504 3438252  10.56      0.00      0.00      0.00       0  pt_data_worker
01:53:44 PM  1000    180391    3.00    2.00    0.00    0.00    5.00     9  18183.00      1.00 64029516 3436640  10.56      4.00      0.00      0.00       0  pt_data_worker

# Time        UID       PID    %usr %system  %guest   %wait    %CPU   CPU  minflt/s  majflt/s     VSZ     RSS   %MEM   kB_rd/s   kB_wr/s kB_ccwr/s iodelay  Command
01:53:45 PM     0       583    0.00    0.00    0.00    0.00    0.00     2      4.00      0.00   30488    5040   0.02     -1.00     -1.00     -1.00       0  systemd-udevd
01:53:45 PM     0       974    0.00    1.00    0.00    0.00    1.00    31      0.00      0.00       0       0   0.00     -1.00     -1.00     -1.00       0  nvidia-modeset/kthread_q
01:53:45 PM     0      1483    1.00    0.00    0.00    0.00    1.00     8      0.00      0.00 1360300   29760   0.09     -1.00     -1.00     -1.00       0  tailscaled
01:53:45 PM  1000    125786    0.00    2.00    0.00    0.00    2.00     8      0.00      0.00   17752   10824   0.03      0.00      0.00      0.00       0  htop
01:53:45 PM  1000    180331    0.00    1.00    0.00    0.00    1.00    24      0.00      0.00  336828    3196   0.01      0.00      0.00      0.00       0  nvidia-smi
01:53:45 PM  1000    180332    0.00    0.00    0.00    0.00    0.00    12      0.00      0.00    8916    1688   0.01      0.00      4.00      0.00       0  mpstat
01:53:45 PM  1000    180333    0.00    0.00    0.00    0.00    0.00     8      0.00      0.00   13648    4764   0.01      0.00      4.00      0.00       0  pidstat
01:53:45 PM  1000    180335    0.00    0.00    0.00    0.00    0.00    12      0.00      0.00    8632    1492   0.00      0.00      4.00      0.00       0  tee
01:53:45 PM  1000    180336  102.00    2.00    0.00    0.00  104.00    11   3292.00      3.00 64760064 5812400  17.85     12.00      0.00      0.00       0  python
01:53:45 PM  1000    180392    2.00    2.00    0.00    0.00    4.00    12  17114.00      0.00 64095064 3496992  10.74      0.00      0.00      0.00       0  pt_data_worker
01:53:45 PM  1000    180393    3.00    1.00    0.00    0.00    4.00     8  17076.00      0.00 64095076 3501832  10.76      0.00      0.00      0.00       0  pt_data_worker
01:53:45 PM  1000    180394    4.00    2.00    0.00    0.00    6.00     9  17094.00      0.00 64004976 3417064  10.49      0.00      0.00      0.00       0  pt_data_worker
01:53:45 PM  1000    180395    3.00    2.00    0.00    0.00    5.00     2  17081.00      0.00 64029564 3437276  10.56      0.00      0.00      0.00       0  pt_data_worker
01:53:45 PM  1000    180396    2.00    3.00    0.00    0.00    5.00    22  18055.00      0.00 64070536 3442320  10.57      0.00      0.00      0.00       0  pt_data_worker
01:53:45 PM  1000    180397    3.00    2.00    0.00    0.00    5.00     9  18062.00      0.00 64070548 3483140  10.70      0.00      0.00      0.00       0  pt_data_worker

# Time        UID       PID    %usr %system  %guest   %wait    %CPU   CPU  minflt/s  majflt/s     VSZ     RSS   %MEM   kB_rd/s   kB_wr/s kB_ccwr/s iodelay  Command
01:53:46 PM     0      1483    0.00    1.00    0.00    0.00    1.00     8     44.00     10.00 1360300   29760   0.09     -1.00     -1.00     -1.00       0  tailscaled
01:53:46 PM  1000    125786    1.00    3.00    0.00    0.00    4.00    12      0.00      0.00   17752   10824   0.03      0.00      0.00      0.00       0  htop
01:53:46 PM  1000    180331    0.00    1.00    0.00    0.00    1.00    24      0.00      0.00  336828    3196   0.01      0.00      0.00      0.00       0  nvidia-smi
01:53:46 PM  1000    180332    1.00    0.00    0.00    0.00    1.00    12      0.00      0.00    8916    1688   0.01      0.00      4.00      0.00       0  mpstat
01:53:46 PM  1000    180335    0.00    0.00    0.00    0.00    0.00    12      0.00      0.00    8632    1492   0.00      0.00      8.00      0.00       0  tee
01:53:46 PM  1000    180336  102.00    1.00    0.00    0.00  103.00    11   2740.00      0.00 64760064 5812400  17.85      0.00      0.00      0.00       0  python
01:53:46 PM  1000    180398    2.00    2.00    0.00    0.00    4.00     7  17085.00      0.00 64070560 3483432  10.70      0.00      0.00      0.00       0  pt_data_worker
01:53:46 PM  1000    180399    4.00    2.00    0.00    0.00    6.00     0  17085.00      0.00 64005036 3415900  10.49      0.00      0.00      0.00       0  pt_data_worker
01:53:46 PM  1000    180400    2.00    2.00    0.00    0.00    4.00    13  17079.00      1.00 64095160 3501780  10.76      4.00      0.00      0.00       0  pt_data_worker
01:53:46 PM  1000    180401    2.00    1.00    0.00    0.00    3.00    16  17129.00      0.00 64005060 3417652  10.50      0.00      0.00      0.00       0  pt_data_worker
01:53:46 PM  1000    180402    2.00    2.00    0.00    0.00    4.00     8  17086.00      0.00 64005072 3433100  10.54      0.00      0.00      0.00       0  pt_data_worker

# Time        UID       PID    %usr %system  %guest   %wait    %CPU   CPU  minflt/s  majflt/s     VSZ     RSS   %MEM   kB_rd/s   kB_wr/s kB_ccwr/s iodelay  Command
01:53:47 PM     0        15    0.00    1.00    0.00    0.00    1.00    12      0.00      0.00       0       0   0.00     -1.00     -1.00     -1.00       0  rcu_preempt
01:53:47 PM     0       526    0.00    0.00    0.00    0.00    0.00     4     13.00     12.00   67880   14404   0.04     -1.00     -1.00     -1.00       0  systemd-journal
01:53:47 PM     0      1483    0.00    0.00    0.00    0.00    0.00     8      1.00      1.00 1360300   29760   0.09     -1.00     -1.00     -1.00       0  tailscaled
01:53:47 PM  1000    180331    0.00    1.00    0.00    0.00    1.00    25      0.00      0.00  336828    3196   0.01      0.00      0.00      0.00       0  nvidia-smi
01:53:47 PM  1000    180332    0.00    0.00    0.00    0.00    0.00    12      0.00      0.00    8916    1688   0.01      0.00      4.00      0.00       0  mpstat
01:53:47 PM  1000    180333    1.00    1.00    0.00    0.00    2.00     8      0.00      0.00   13648    4764   0.01      0.00      4.00      0.00       0  pidstat
01:53:47 PM  1000    180336  103.00    2.00    0.00    0.00  105.00    11   3289.00      6.00 64760064 5812400  17.85     24.00      0.00      0.00       0  python
01:53:47 PM  1000    180387    2.00    2.00    0.00    0.00    4.00     9  19122.00      0.00 64029468 3437336  10.56      0.00      0.00      0.00       0  pt_data_worker
01:53:47 PM  1000    180388    2.00    2.00    0.00    0.00    4.00     2  18187.00      0.00 64070440 3501040  10.75      0.00      0.00      0.00       0  pt_data_worker
01:53:47 PM  1000    180389    2.00    2.00    0.00    0.00    4.00     9  17086.00      0.00 64135988 3549840  10.90      0.00      0.00      0.00       0  pt_data_worker
01:53:47 PM  1000    180390    4.00    2.00    0.00    0.00    6.00     2  17080.00      0.00 64029504 3437992  10.56      0.00      0.00      0.00       0  pt_data_worker
01:53:47 PM  1000    180391    2.00    2.00    0.00    0.00    4.00     9  18184.00      0.00 64029516 3436636  10.55      0.00      0.00      0.00       0  pt_data_worker
01:53:47 PM  1000    180392    2.00    3.00    0.00    0.00    5.00    13  17084.00      0.00 64095064 3496988  10.74      0.00      0.00      0.00       0  pt_data_worker

# Time        UID       PID    %usr %system  %guest   %wait    %CPU   CPU  minflt/s  majflt/s     VSZ     RSS   %MEM   kB_rd/s   kB_wr/s kB_ccwr/s iodelay  Command
01:53:48 PM     0        30    0.00    1.00    0.00    0.00    1.00     4      0.00      0.00       0       0   0.00     -1.00     -1.00     -1.00       0  migration/4
01:53:48 PM   990       942    0.00    1.00    0.00    0.00    1.00     8      0.00      0.00   17752    4500   0.01     -1.00     -1.00     -1.00       0  systemd-oomd
01:53:48 PM     0      1165    0.00    1.00    0.00    0.00    1.00     4      0.00      0.00   17400    3380   0.01     -1.00     -1.00     -1.00       0  wpa_supplicant
01:53:48 PM     0      1483    0.00    0.00    0.00    0.00    0.00     8      0.00      1.00 1360300   29760   0.09     -1.00     -1.00     -1.00       0  tailscaled
01:53:48 PM  1000    125786    0.00    3.00    0.00    0.00    3.00     8      0.00      0.00   17752   10824   0.03      0.00      0.00      0.00       0  htop
01:53:48 PM  1000    180328    0.00    1.00    0.00    0.00    1.00     8      0.00      0.00   15344    4664   0.01     -1.00     -1.00     -1.00       0  sshd
01:53:48 PM  1000    180331    0.00    2.00    0.00    0.00    2.00    25      0.00      0.00  336828    3196   0.01      0.00      0.00      0.00       0  nvidia-smi
01:53:48 PM  1000    180332    0.00    0.00    0.00    0.00    0.00    12      0.00      0.00    8916    1688   0.01      0.00      4.00      0.00       0  mpstat
01:53:48 PM  1000    180333    0.00    1.00    0.00    0.00    1.00     8      0.00      0.00   13648    4764   0.01      0.00      0.00      0.00       0  pidstat
01:53:48 PM  1000    180335    0.00    1.00    0.00    0.00    1.00    12      0.00      0.00    8632    1492   0.00      0.00      0.00      0.00       0  tee
01:53:48 PM  1000    180336  102.00    1.00    0.00    0.00  103.00    11   2737.00      1.00 64760064 5812400  17.85      4.00      0.00      0.00       0  python
01:53:48 PM  1000    180393    2.00    3.00    0.00    0.00    5.00    18  17091.00      0.00 64095076 3501872  10.76      0.00      0.00      0.00       0  pt_data_worker
01:53:48 PM  1000    180394    2.00    2.00    0.00    0.00    4.00     9  17092.00      0.00 64004976 3417060  10.49      0.00      0.00      0.00       0  pt_data_worker
01:53:48 PM  1000    180395    4.00    2.00    0.00    0.00    6.00    18  17089.00      0.00 64029564 3437016  10.56      0.00      0.00      0.00       0  pt_data_worker
01:53:48 PM  1000    180396    2.00    3.00    0.00    0.00    5.00     8  18068.00      0.00 64070536 3442328  10.57      0.00      0.00      0.00       0  pt_data_worker
01:53:48 PM  1000    180397    3.00    2.00    0.00    0.00    5.00     9  18057.00      0.00 64070548 3483136  10.70      0.00      0.00      0.00       0  pt_data_worker

# Time        UID       PID    %usr %system  %guest   %wait    %CPU   CPU  minflt/s  majflt/s     VSZ     RSS   %MEM   kB_rd/s   kB_wr/s kB_ccwr/s iodelay  Command
01:53:49 PM     0      1483    0.00    1.00    0.00    0.00    1.00     8     64.00     12.00 1360300   30272   0.09     -1.00     -1.00     -1.00       0  tailscaled
01:53:49 PM  1000      6390    0.00    0.00    0.00    0.00    0.00    10      6.00      0.00   16396    8088   0.02      0.00      0.00      0.00       0  zsh
01:53:49 PM  1000    125786    0.00    3.00    0.00    0.00    3.00     8      0.00      0.00   17752   10824   0.03      0.00      0.00      0.00       0  htop
01:53:49 PM     0    142150    0.00    1.00    0.00    0.00    1.00     7      0.00      0.00       0       0   0.00     -1.00     -1.00     -1.00       0  kworker/7:3-mm_percpu_wq
01:53:49 PM  1000    180331    0.00    1.00    0.00    0.00    1.00    23      0.00      0.00  336828    3196   0.01      0.00      0.00      0.00       0  nvidia-smi
01:53:49 PM  1000    180332    0.00    0.00    0.00    0.00    0.00    12      0.00      0.00    8916    1688   0.01      0.00      4.00      0.00       0  mpstat
01:53:49 PM  1000    180333    0.00    0.00    0.00    0.00    0.00     8      0.00      0.00   13648    4764   0.01      0.00      4.00      0.00       0  pidstat
01:53:49 PM  1000    180335    0.00    0.00    0.00    0.00    0.00    12      0.00      0.00    8632    1492   0.00      0.00      8.00      0.00       0  tee
01:53:49 PM  1000    180336   99.00    1.00    0.00    0.00  100.00    11   2745.00      1.00 64760064 5812332  17.85      4.00      0.00      0.00       0  python
01:53:49 PM  1000    180398    3.00    2.00    0.00    0.00    5.00     5  17088.00      1.00 64070560 3483440  10.70     24.00      0.00      0.00       0  pt_data_worker
01:53:49 PM  1000    180399    3.00    2.00    0.00    0.00    5.00     0  17091.00      0.00 64005036 3415900  10.49      0.00      0.00      0.00       0  pt_data_worker
01:53:49 PM  1000    180400    2.00    2.00    0.00    0.00    4.00    12  17079.00      0.00 64095160 3501780  10.76      0.00      0.00      0.00       0  pt_data_worker
01:53:49 PM  1000    180401    3.00    2.00    0.00    0.00    5.00    12  17087.00      0.00 64005060 3417656  10.50      0.00      0.00      0.00       0  pt_data_worker
01:53:49 PM  1000    180402    3.00    2.00    0.00    0.00    5.00     4  17088.00      0.00 64005072 3433096  10.54      0.00      0.00      0.00       0  pt_data_worker

# Time        UID       PID    %usr %system  %guest   %wait    %CPU   CPU  minflt/s  majflt/s     VSZ     RSS   %MEM   kB_rd/s   kB_wr/s kB_ccwr/s iodelay  Command
01:53:50 PM     0       386    0.00    1.00    0.00    0.00    1.00    12      0.00      0.00       0       0   0.00     -1.00     -1.00     -1.00       0  kworker/12:2-mm_percpu_wq
01:53:50 PM  1000    180331    1.00    2.00    0.00    0.00    3.00    23      0.00      0.00  336828    3196   0.01      0.00      4.00      0.00       0  nvidia-smi
01:53:50 PM  1000    180332    0.00    0.00    0.00    0.00    0.00    12      0.00      0.00    8916    1688   0.01      0.00      4.00      0.00       0  mpstat
01:53:50 PM  1000    180333    1.00    0.00    0.00    0.00    1.00     8      0.00      0.00   13648    4764   0.01      0.00      8.00      0.00       0  pidstat
01:53:50 PM  1000    180336   84.00    1.00    0.00    0.00   85.00    11   2742.00      6.00 64760064 5812196  17.85     24.00      0.00      0.00       0  python
01:53:50 PM  1000    180387    2.00    2.00    0.00    0.00    4.00     9  19110.00      0.00 64029468 3437332  10.56      0.00      0.00      0.00       0  pt_data_worker
01:53:50 PM  1000    180388    3.00    2.00    0.00    0.00    5.00     5  18192.00      0.00 64070440 3501036  10.75      0.00      0.00      0.00       0  pt_data_worker
01:53:50 PM  1000    180389    2.00    2.00    0.00    0.00    4.00     9  17084.00      0.00 64135988 3549836  10.90      0.00      0.00      0.00       0  pt_data_worker
01:53:50 PM  1000    180390    2.00    2.00    0.00    0.00    4.00    14  17089.00      0.00 64029504 3437732  10.56      0.00      0.00      0.00       0  pt_data_worker
01:53:50 PM  1000    180391    3.00    2.00    0.00    0.00    5.00     9  18194.00      0.00 64029516 3436888  10.56      0.00      0.00      0.00       0  pt_data_worker

# Time        UID       PID    %usr %system  %guest   %wait    %CPU   CPU  minflt/s  majflt/s     VSZ     RSS   %MEM   kB_rd/s   kB_wr/s kB_ccwr/s iodelay  Command
01:53:51 PM     0       526    0.00    0.00    0.00    0.00    0.00    22     21.00     28.00   67880   15824   0.05     -1.00     -1.00     -1.00       0  systemd-journal
01:53:51 PM     0      1049    0.00    0.00    0.00    0.00    0.00     6      4.00      0.00  314008    4352   0.01     -1.00     -1.00     -1.00       0  accounts-daemon
01:53:51 PM   102      1105    0.00    0.00    0.00    0.00    0.00    11      4.00      0.00  222580    3888   0.01     -1.00     -1.00     -1.00       0  rsyslogd
01:53:51 PM     0      1483    1.00    0.00    0.00    0.00    1.00     8      0.00      0.00 1360300   30272   0.09     -1.00     -1.00     -1.00       0  tailscaled
01:53:51 PM  1000    125786    2.00    3.00    0.00    0.00    5.00     8      0.00      0.00   17752   10824   0.03      0.00      0.00      0.00       0  htop
01:53:51 PM   120    179783    0.00    0.00    0.00    0.00    0.00    22     19.00     59.00 25994904   20012   0.06     -1.00     -1.00     -1.00       0  Xorg
01:53:51 PM  1000    180331    0.00    1.00    0.00    0.00    1.00    23      0.00      0.00  336828    3196   0.01      0.00      0.00      0.00       0  nvidia-smi
01:53:51 PM  1000    180332    0.00    0.00    0.00    0.00    0.00    12      0.00      0.00    8916    1688   0.01      0.00      4.00      0.00       0  mpstat
01:53:51 PM  1000    180333    0.00    1.00    0.00    0.00    1.00     8      0.00      0.00   13648    4764   0.01      0.00      0.00      0.00       0  pidstat
01:53:51 PM  1000    180336   96.00    2.00    0.00    0.00   98.00    10   2741.00      2.00 64760064 5812196  17.85      8.00      0.00      0.00       0  python
01:53:51 PM  1000    180392    3.00    2.00    0.00    0.00    5.00    13  17082.00      0.00 64095064 3496996  10.74      0.00      0.00      0.00       0  pt_data_worker
01:53:51 PM  1000    180393    2.00    2.00    0.00    0.00    4.00     8  17078.00      0.00 64095076 3501872  10.76      0.00      0.00      0.00       0  pt_data_worker
01:53:51 PM  1000    180394    4.00    2.00    0.00    0.00    6.00     8  17087.00      1.00 64004976 3417056  10.49      4.00      0.00      0.00       0  pt_data_worker
01:53:51 PM  1000    180395    2.00    2.00    0.00    0.00    4.00     2  17077.00      0.00 64029564 3437012  10.56      0.00      0.00      0.00       0  pt_data_worker
01:53:51 PM  1000    180396    3.00    2.00    0.00    0.00    5.00     8  18058.00      0.00 64070536 3442240  10.57      0.00      0.00      0.00       0  pt_data_worker
01:53:51 PM  1000    181249    0.00    1.00    0.00    0.00    1.00    18      0.00      0.00 17381260  344396   1.06      0.00      0.00      0.00       0  python

# Time        UID       PID    %usr %system  %guest   %wait    %CPU   CPU  minflt/s  majflt/s     VSZ     RSS   %MEM   kB_rd/s   kB_wr/s kB_ccwr/s iodelay  Command
01:53:52 PM     0       526    0.00    0.00    0.00    0.00    0.00     4     23.00      3.00   67880   15824   0.05     -1.00     -1.00     -1.00       0  systemd-journal
01:53:52 PM   102      1105    0.00    0.00    0.00    0.00    0.00    11      1.00      0.00  222580    3888   0.01     -1.00     -1.00     -1.00       0  rsyslogd
01:53:52 PM  1000    125786    0.00    3.00    0.00    0.00    3.00     8      0.00      0.00   17752   10824   0.03      0.00      0.00      0.00       0  htop
01:53:52 PM     0    173694    0.00    1.00    0.00    0.00    1.00     3      0.00      0.00       0       0   0.00     -1.00     -1.00     -1.00       0  kworker/u128:5+flush-259:0
01:53:52 PM   120    179783    0.00    0.00    0.00    0.00    0.00    22    119.00     71.00 25994904   21068   0.06     -1.00     -1.00     -1.00       0  Xorg
01:53:52 PM   120    179822    0.00    0.00    0.00    0.00    0.00     2      5.00     11.00    9800    2372   0.01     -1.00     -1.00     -1.00       0  dbus-daemon
01:53:52 PM   120    179843    0.00    0.00    0.00    0.00    0.00    23      5.00     13.00 4031472  108276   0.33     -1.00     -1.00     -1.00       0  gnome-shell
01:53:52 PM   120    179977    0.00    0.00    0.00    0.00    0.00     7     26.00      7.00  520544    6920   0.02     -1.00     -1.00     -1.00       0  gsd-power
01:53:52 PM  1000    180331    0.00    1.00    0.00    0.00    1.00    23      0.00      0.00  336828    3196   0.01      0.00      0.00      0.00       0  nvidia-smi
01:53:52 PM  1000    180332    0.00    0.00    0.00    0.00    0.00    12      0.00      0.00    8916    1688   0.01      0.00      4.00      0.00       0  mpstat
01:53:52 PM  1000    180333    0.00    0.00    0.00    0.00    0.00     8      0.00      0.00   13648    4764   0.01      0.00      4.00      0.00       0  pidstat
01:53:52 PM  1000    180336   97.00    1.00    0.00    0.00   98.00    10   2745.00      2.00 64760064 5812196  17.85      8.00      0.00      0.00       0  python
01:53:52 PM  1000    180397    2.00    2.00    0.00    0.00    4.00     9  18052.00      0.00 64070548 3483132  10.70      0.00      0.00      0.00       0  pt_data_worker
01:53:52 PM  1000    180398    2.00    2.00    0.00    0.00    4.00     8  17090.00      0.00 64070560 3483852  10.70      0.00      0.00      0.00       0  pt_data_worker
01:53:52 PM  1000    180399    2.00    2.00    0.00    0.00    4.00     2  17086.00      0.00 64005036 3415772  10.49      0.00      0.00      0.00       0  pt_data_worker
01:53:52 PM  1000    180400    3.00    2.00    0.00    0.00    5.00     0  17087.00      0.00 64095160 3501520  10.75      0.00      0.00      0.00       0  pt_data_worker
01:53:52 PM  1000    180401    3.00    2.00    0.00    0.00    5.00    23  17103.00      0.00 64005060 3417796  10.50      0.00      0.00      0.00       0  pt_data_worker
01:53:52 PM  1000    181283    0.00    1.00    0.00    0.00    1.00    14      0.00      0.00 17381260  344396   1.06      0.00      0.00      0.00       0  python

# Time        UID       PID    %usr %system  %guest   %wait    %CPU   CPU  minflt/s  majflt/s     VSZ     RSS   %MEM   kB_rd/s   kB_wr/s kB_ccwr/s iodelay  Command
01:53:53 PM     0       526    0.00    0.00    0.00    0.00    0.00     4      3.00      1.00   67880   15824   0.05     -1.00     -1.00     -1.00       0  systemd-journal
01:53:53 PM   120    179783    0.00    0.00    0.00    0.00    0.00    22     10.00     57.00 25994904   21600   0.07     -1.00     -1.00     -1.00       0  Xorg
01:53:53 PM  1000    180332    0.00    0.00    0.00    0.00    0.00    12      0.00      0.00    8916    1688   0.01      0.00      4.00      0.00       0  mpstat
01:53:53 PM  1000    180333    1.00    1.00    0.00    0.00    2.00     8      0.00      0.00   13648    4764   0.01      0.00      4.00      0.00       0  pidstat
01:53:53 PM  1000    180336   97.00    1.00    0.00    0.00   98.00     9   2741.00      1.00 64760064 5812196  17.85      4.00      0.00      0.00       0  python
01:53:53 PM  1000    180387    3.00    2.00    0.00    0.00    5.00     8  19109.00      1.00 64029468 3437328  10.56      4.00      0.00      0.00       0  pt_data_worker
01:53:53 PM  1000    180388    3.00    2.00    0.00    0.00    5.00    12  18194.00      0.00 64070440 3501032  10.75      0.00      0.00      0.00       0  pt_data_worker
01:53:53 PM  1000    180389    3.00    2.00    0.00    0.00    5.00     9  17087.00      0.00 64135988 3549832  10.90      0.00      0.00      0.00       0  pt_data_worker
01:53:53 PM  1000    180390    3.00    2.00    0.00    0.00    5.00    14  17077.00      0.00 64029504 3437732  10.56      0.00      0.00      0.00       0  pt_data_worker
01:53:53 PM  1000    180402    3.00    2.00    0.00    0.00    5.00    23  17085.00      0.00 64005072 3433092  10.54      0.00      0.00      0.00       0  pt_data_worker

# Time        UID       PID    %usr %system  %guest   %wait    %CPU   CPU  minflt/s  majflt/s     VSZ     RSS   %MEM   kB_rd/s   kB_wr/s kB_ccwr/s iodelay  Command
01:53:54 PM     0      1483    0.00    1.00    0.00    0.00    1.00     8      0.00      0.00 1360300   30272   0.09     -1.00     -1.00     -1.00       0  tailscaled
01:53:54 PM  1000    125786    1.00    3.00    0.00    0.00    4.00    10      0.00      0.00   17752   10824   0.03      0.00      0.00      0.00       0  htop
01:53:54 PM   120    179783    0.00    0.00    0.00    0.00    0.00    22      8.00     50.00 25994904   22716   0.07     -1.00     -1.00     -1.00       0  Xorg
01:53:54 PM  1000    180331    0.00    1.00    0.00    0.00    1.00    23      0.00      0.00  336828    3196   0.01      0.00      0.00      0.00       0  nvidia-smi
01:53:54 PM  1000    180335    0.00    0.00    0.00    0.00    0.00    14      0.00      0.00    8632    1492   0.00      0.00      4.00      0.00       0  tee
01:53:54 PM  1000    180336  102.00    1.00    0.00    0.00  103.00    10   2736.00      0.00 64760064 5812328  17.85      0.00      0.00      0.00       0  python
01:53:54 PM  1000    180391    4.00    2.00    0.00    0.00    6.00     6  18190.00      0.00 64029516 3436628  10.55      0.00      0.00      0.00       0  pt_data_worker
01:53:54 PM  1000    180392    2.00    2.00    0.00    0.00    4.00     8  17082.00      0.00 64095064 3497208  10.74      0.00      0.00      0.00       0  pt_data_worker
01:53:54 PM  1000    180393    3.00    2.00    0.00    0.00    5.00     0  17077.00      0.00 64095076 3501880  10.76      0.00      0.00      0.00       0  pt_data_worker
01:53:54 PM  1000    180394    3.00    2.00    0.00    0.00    5.00     6  17086.00      0.00 64004976 3417052  10.49      0.00      0.00      0.00       0  pt_data_worker
01:53:54 PM  1000    180395    2.00    2.00    0.00    0.00    4.00     2  17080.00      0.00 64029564 3437008  10.56      0.00      0.00      0.00       0  pt_data_worker
01:53:54 PM  1000    180396    1.00    1.00    0.00    0.00    2.00     8   8709.00      0.00 64104332 3473216  10.67      0.00      0.00      0.00       0  pt_data_worker

# Time        UID       PID    %usr %system  %guest   %wait    %CPU   CPU  minflt/s  majflt/s     VSZ     RSS   %MEM   kB_rd/s   kB_wr/s kB_ccwr/s iodelay  Command
01:53:55 PM     0     24100    0.00    1.00    0.00    0.00    1.00     0      0.00      0.00       0       0   0.00     -1.00     -1.00     -1.00       0  kworker/0:1-mm_percpu_wq
01:53:55 PM  1000    125786    0.00    3.00    0.00    0.00    3.00     8      0.00      0.00   17752   10824   0.03      0.00      0.00      0.00       0  htop
01:53:55 PM   120    179783    0.00    0.00    0.00    0.00    0.00    22     37.00     81.00 25994904   23520   0.07     -1.00     -1.00     -1.00       0  Xorg
01:53:55 PM   120    179822    0.00    0.00    0.00    0.00    0.00     2      1.00      1.00    9800    2372   0.01     -1.00     -1.00     -1.00       0  dbus-daemon
01:53:55 PM   120    179832    0.00    0.00    0.00    0.00    0.00    22     11.00     15.00    9500    1896   0.01     -1.00     -1.00     -1.00       0  dbus-daemon
01:53:55 PM   120    179843    0.00    0.00    0.00    0.00    0.00     6     37.00     76.00 4031472  110560   0.34     -1.00     -1.00     -1.00       0  gnome-shell
01:53:55 PM   120    179867    0.00    0.00    0.00    0.00    0.00    23     19.00     22.00  236060    3088   0.01     -1.00     -1.00     -1.00       0  at-spi2-registr
01:53:55 PM   120    179977    0.00    0.00    0.00    0.00    0.00     7      1.00      0.00  520544    6920   0.02     -1.00     -1.00     -1.00       0  gsd-power
01:53:55 PM  1000    180331    1.00    2.00    0.00    0.00    3.00    23      0.00      0.00  336828    3196   0.01      0.00      0.00      0.00       0  nvidia-smi
01:53:55 PM  1000    180332    0.00    0.00    0.00    0.00    0.00    14      0.00      0.00    8916    1688   0.01      0.00      4.00      0.00       0  mpstat
01:53:55 PM  1000    180333    0.00    1.00    0.00    0.00    1.00    12      0.00      0.00   13648    4764   0.01      0.00      4.00      0.00       0  pidstat
01:53:55 PM  1000    180336   72.00   30.00    0.00    0.00  102.00    10 356139.00      0.00 66106648 7099072  21.80     44.00      4.00      0.00       0  python
01:53:55 PM  1000    180396    2.00    1.00    0.00    0.00    3.00     8   9343.00      0.00 64070536 3442264  10.57      0.00      0.00      0.00       0  pt_data_worker
01:53:55 PM  1000    180397    2.00    3.00    0.00    0.00    5.00    19  18059.00      0.00 64070548 3483128  10.70      0.00      0.00      0.00       0  pt_data_worker
01:53:55 PM  1000    180398    2.00    2.00    0.00    0.00    4.00     8  17080.00      0.00 64070560 3483856  10.70      0.00      0.00      0.00       0  pt_data_worker

# Time        UID       PID    %usr %system  %guest   %wait    %CPU   CPU  minflt/s  majflt/s     VSZ     RSS   %MEM   kB_rd/s   kB_wr/s kB_ccwr/s iodelay  Command
01:53:56 PM     0        73    0.00    1.00    0.00    0.00    1.00    17      0.00      0.00       0       0   0.00     -1.00     -1.00     -1.00       0  migration/17
01:53:56 PM  1000    180332    0.00    0.00    0.00    0.00    0.00    14      0.00      0.00    8916    1688   0.01      0.00      4.00      0.00       0  mpstat
01:53:56 PM  1000    180333    0.00    1.00    0.00    0.00    1.00     8      0.00      0.00   13648    4764   0.01      0.00      0.00      0.00       0  pidstat
01:53:56 PM  1000    180336   41.00   59.00    0.00    0.00  100.00    10 775285.00      0.00 68540184 9592260  29.46      0.00      0.00      0.00       0  python

# Time        UID       PID    %usr %system  %guest   %wait    %CPU   CPU  minflt/s  majflt/s     VSZ     RSS   %MEM   kB_rd/s   kB_wr/s kB_ccwr/s iodelay  Command
01:53:57 PM     0       239    0.00    2.00    0.00    0.00    2.00     8      0.00      0.00       0       0   0.00     -1.00     -1.00     -1.00       0  kswapd0
01:53:57 PM  1000      9066    1.00    0.00    0.00    0.00    1.00     2      0.00      0.00  958328    8328   0.03      0.00      0.00      0.00       0  Omniverse Hub
01:53:57 PM  1000    125786    1.00    3.00    0.00    0.00    4.00     8      3.00      0.00   17752   10824   0.03      0.00      0.00      0.00       0  htop
01:53:57 PM     0    134499    0.00    1.00    0.00    0.00    1.00     2      0.00      0.00       0       0   0.00     -1.00     -1.00     -1.00       0  kworker/u128:2+flush-259:0
01:53:57 PM     0    142287    0.00    1.00    0.00    0.00    1.00    29      0.00      0.00       0       0   0.00     -1.00     -1.00     -1.00       0  kworker/u128:0-events_power_efficient
01:53:57 PM     0    173694    0.00    1.00    0.00    0.00    1.00     7      0.00      0.00       0       0   0.00     -1.00     -1.00     -1.00       0  kworker/u128:5+flush-259:0
01:53:57 PM   120    179843    0.00    0.00    0.00    0.00    0.00     6      0.00      0.00 4031472  108256   0.33     -1.00     -1.00     -1.00       0  gnome-shell
01:53:57 PM   120    179864    0.00    0.00    0.00    0.00    0.00     2      0.00      0.00  837272    5996   0.02     -1.00     -1.00     -1.00       0  mutter-x11-fram
01:53:57 PM  1000    180331    0.00    2.00    0.00    0.00    2.00    23      0.00      0.00  336828    3196   0.01      0.00      4.00      0.00       0  nvidia-smi
01:53:57 PM  1000    180332    0.00    0.00    0.00    0.00    0.00    14      0.00      0.00    8916    1688   0.01      0.00      8.00      0.00       0  mpstat
01:53:57 PM  1000    180333    0.00    1.00    0.00    0.00    1.00     8      0.00      0.00   13648    4764   0.01      0.00      0.00      0.00       0  pidstat
01:53:57 PM  1000    180336    9.00   28.00    0.00    0.00   37.00    10 138250.00      0.00 69093148 10145220  31.16      0.00 1183744.00      0.00       0  python
01:53:57 PM  1000    181482    0.00    1.00    0.00    0.00    1.00    23      0.00      0.00 17381260  344348   1.06      0.00      0.00      0.00       0  python

# Time        UID       PID    %usr %system  %guest   %wait    %CPU   CPU  minflt/s  majflt/s     VSZ     RSS   %MEM   kB_rd/s   kB_wr/s kB_ccwr/s iodelay  Command
01:53:58 PM     0       219    0.00    4.00    0.00    0.00    4.00    12      0.00      0.00       0       0   0.00     -1.00     -1.00     -1.00       0  kcompactd0
01:53:58 PM     0       239    0.00    1.00    0.00    0.00    1.00     8      0.00      0.00       0       0   0.00     -1.00     -1.00     -1.00       0  kswapd0
01:53:58 PM     0       974    0.00    1.00    0.00    0.00    1.00    15      0.00      0.00       0       0   0.00     -1.00     -1.00     -1.00       0  nvidia-modeset/kthread_q
01:53:58 PM     0      1483    0.00    0.00    0.00    0.00    0.00     8      1.00      0.00 1360300   30272   0.09     -1.00     -1.00     -1.00       0  tailscaled
01:53:58 PM  1000    125786    1.00    3.00    0.00    0.00    4.00     8      0.00      0.00   17752   10824   0.03      0.00      0.00      0.00       0  htop
01:53:58 PM   120    179843    0.00    0.00    0.00    0.00    0.00     6      0.00      0.00 4031472  108000   0.33     -1.00     -1.00     -1.00       0  gnome-shell
01:53:58 PM  1000    180332    0.00    0.00    0.00    0.00    0.00    14      0.00      0.00    8916    1688   0.01      0.00      4.00      0.00       0  mpstat
01:53:58 PM  1000    180333    0.00    0.00    0.00    0.00    0.00     8      0.00      0.00   13648    4764   0.01      0.00      8.00      0.00       0  pidstat
01:53:58 PM  1000    180336    3.00    1.00    0.00    0.00    4.00    10      0.00      0.00 69093148 10145220  31.16      0.00 163840.00      0.00       0  python

# Time        UID       PID    %usr %system  %guest   %wait    %CPU   CPU  minflt/s  majflt/s     VSZ     RSS   %MEM   kB_rd/s   kB_wr/s kB_ccwr/s iodelay  Command
01:53:59 PM     0       219    0.00    2.00    0.00    0.00    2.00    12      0.00      0.00       0       0   0.00     -1.00     -1.00     -1.00       0  kcompactd0
01:53:59 PM     0      1483    1.00    0.00    0.00    0.00    1.00     8      4.00      4.00 1360300   30272   0.09     -1.00     -1.00     -1.00       0  tailscaled
01:53:59 PM  1000      6390    0.00    0.00    0.00    0.00    0.00    10      6.00      0.00   16396    8088   0.02      0.00      0.00      0.00       0  zsh
01:53:59 PM   120    179843    0.00    0.00    0.00    0.00    0.00     6      0.00      0.00 4031472  107488   0.33     -1.00     -1.00     -1.00       0  gnome-shell
01:53:59 PM  1000    180331    1.00    1.00    0.00    0.00    2.00    21      0.00      0.00  336828    3196   0.01      0.00      0.00      0.00       0  nvidia-smi
01:53:59 PM  1000    180332    0.00    0.00    0.00    0.00    0.00    14      0.00      0.00    8916    1688   0.01      0.00      4.00      0.00       0  mpstat
01:53:59 PM  1000    180333    0.00    1.00    0.00    0.00    1.00     8      0.00      0.00   13648    4764   0.01      0.00      0.00      0.00       0  pidstat
01:53:59 PM  1000    180336    3.00    0.00    0.00    0.00    3.00    10      0.00      0.00 69093148 10145220  31.16      0.00 122880.00      0.00       0  python

# Time        UID       PID    %usr %system  %guest   %wait    %CPU   CPU  minflt/s  majflt/s     VSZ     RSS   %MEM   kB_rd/s   kB_wr/s kB_ccwr/s iodelay  Command
01:54:00 PM     0       219    0.00    2.00    0.00    0.00    2.00    10      0.00      0.00       0       0   0.00     -1.00     -1.00     -1.00       0  kcompactd0
01:54:00 PM  1000    125786    0.00    3.00    0.00    0.00    3.00     8      0.00      0.00   17752   10824   0.03      0.00      0.00      0.00       0  htop
01:54:00 PM     0    134499    0.00    1.00    0.00    0.00    1.00     9      0.00      0.00       0       0   0.00     -1.00     -1.00     -1.00       0  kworker/u128:2+flush-259:0
01:54:00 PM   120    179843    0.00    0.00    0.00    0.00    0.00     6      0.00      1.00 4031472  106976   0.33     -1.00     -1.00     -1.00       0  gnome-shell
01:54:00 PM  1000    180331    0.00    1.00    0.00    0.00    1.00    21      0.00      0.00  336828    3196   0.01      4.00      0.00      0.00       0  nvidia-smi
01:54:00 PM  1000    180332    0.00    1.00    0.00    0.00    1.00    14      0.00      0.00    8916    1688   0.01      0.00      4.00      0.00       0  mpstat
01:54:00 PM  1000    180333    0.00    0.00    0.00    0.00    0.00     8      0.00      0.00   13648    4764   0.01      0.00      8.00      0.00       0  pidstat
01:54:00 PM  1000    180336    3.00    2.00    0.00    0.00    5.00    10      0.00      0.00 69093148 10145220  31.16      0.00 104448.00      0.00       0  python

# Time        UID       PID    %usr %system  %guest   %wait    %CPU   CPU  minflt/s  majflt/s     VSZ     RSS   %MEM   kB_rd/s   kB_wr/s kB_ccwr/s iodelay  Command
01:54:01 PM     0       219    0.00    2.00    0.00    0.00    2.00    10      0.00      0.00       0       0   0.00     -1.00     -1.00     -1.00       0  kcompactd0
01:54:01 PM     0      1164    0.00    0.00    0.00    0.00    0.00     1      3.00      2.00  337032    8404   0.03     -1.00     -1.00     -1.00       0  NetworkManager
01:54:01 PM  1000    125723    0.00    1.00    0.00    0.00    1.00     0      0.00      0.00    6828    1760   0.01      0.00      0.00      0.00       0  gitstatusd-linu
01:54:01 PM  1000    125786    1.00    3.00    0.00    0.00    4.00     8      0.00      0.00   17752   10824   0.03      0.00      0.00      0.00       0  htop
01:54:01 PM   120    179843    0.00    0.00    0.00    0.00    0.00     6      0.00      0.00 4031472  106720   0.33     -1.00     -1.00     -1.00       0  gnome-shell
01:54:01 PM  1000    180331    0.00    0.00    0.00    0.00    0.00    21      0.00      0.00  336828    3196   0.01      0.00      4.00      0.00       0  nvidia-smi
01:54:01 PM  1000    180332    0.00    0.00    0.00    0.00    0.00    14      0.00      0.00    8916    1688   0.01      0.00      4.00      0.00       0  mpstat
01:54:01 PM  1000    180333    1.00    1.00    0.00    0.00    2.00     8      0.00      0.00   13648    4764   0.01      0.00      0.00      0.00       0  pidstat
01:54:01 PM  1000    180336    3.00    0.00    0.00    0.00    3.00    10      0.00      0.00 69093148 10145220  31.16      0.00  94208.00      0.00       0  python

# Time        UID       PID    %usr %system  %guest   %wait    %CPU   CPU  minflt/s  majflt/s     VSZ     RSS   %MEM   kB_rd/s   kB_wr/s kB_ccwr/s iodelay  Command
01:54:02 PM     0       239    0.00    1.00    0.00    0.00    1.00     8      0.00      0.00       0       0   0.00     -1.00     -1.00     -1.00       0  kswapd0
01:54:02 PM   991       958    0.00    0.00    0.00    0.00    0.00    12      6.00      5.00   22000    7784   0.02     -1.00     -1.00     -1.00       0  systemd-resolve
01:54:02 PM   101      1013    0.00    0.00    0.00    0.00    0.00     7      8.00      0.00   12716    3632   0.01     -1.00     -1.00     -1.00       0  dbus-daemon
01:54:02 PM     0      1164    0.00    0.00    0.00    0.00    0.00     1     22.00      4.00  337032    9536   0.03     -1.00     -1.00     -1.00       0  NetworkManager
01:54:02 PM   120    179843    0.00    0.00    0.00    0.00    0.00     6      0.00      0.00 4031472  106208   0.33     -1.00     -1.00     -1.00       0  gnome-shell
01:54:02 PM  1000    180331    0.00    1.00    0.00    0.00    1.00    21      0.00      0.00  336828    3196   0.01      0.00      0.00      0.00       0  nvidia-smi
01:54:02 PM  1000    180332    0.00    0.00    0.00    0.00    0.00    14      0.00      0.00    8916    1688   0.01      0.00      8.00      0.00       0  mpstat
01:54:02 PM  1000    180333    0.00    0.00    0.00    0.00    0.00     8      0.00      0.00   13648    4764   0.01      0.00      4.00      0.00       0  pidstat
01:54:02 PM  1000    180336    3.00    2.00    0.00    0.00    5.00    10      0.00      0.00 69093148 10145220  31.16      0.00  86016.00      0.00       0  python
01:54:02 PM  1000    180399    1.00    0.00    0.00    0.00    1.00     2      0.00      0.00 64005036 3415772  10.49      0.00      0.00      0.00       0  pt_data_worker

# Time        UID       PID    %usr %system  %guest   %wait    %CPU   CPU  minflt/s  majflt/s     VSZ     RSS   %MEM   kB_rd/s   kB_wr/s kB_ccwr/s iodelay  Command
01:54:03 PM     0       219    0.00    2.00    0.00    0.00    2.00    10      0.00      0.00       0       0   0.00     -1.00     -1.00     -1.00       0  kcompactd0
01:54:03 PM  1000    125786    0.00    3.00    0.00    0.00    3.00     8      0.00      0.00   17752   10824   0.03      0.00      0.00      0.00       0  htop
01:54:03 PM  1000    180331    1.00    1.00    0.00    0.00    2.00    23      0.00      0.00  336828    3196   0.01      0.00      4.00      0.00       0  nvidia-smi
01:54:03 PM  1000    180332    0.00    0.00    0.00    0.00    0.00    14      0.00      0.00    8916    1688   0.01      0.00      4.00      0.00       0  mpstat
01:54:03 PM  1000    180333    0.00    1.00    0.00    0.00    1.00     8      0.00      0.00   13648    4764   0.01      0.00      4.00      0.00       0  pidstat
01:54:03 PM  1000    180336    2.00    1.00    0.00    0.00    3.00    10      0.00      0.00 69093148 10145220  31.16      0.00  79872.00      0.00       0  python

# Time        UID       PID    %usr %system  %guest   %wait    %CPU   CPU  minflt/s  majflt/s     VSZ     RSS   %MEM   kB_rd/s   kB_wr/s kB_ccwr/s iodelay  Command
01:54:04 PM     0       219    0.00    2.00    0.00    0.00    2.00    10      0.00      0.00       0       0   0.00     -1.00     -1.00     -1.00       0  kcompactd0
01:54:04 PM     0     22343    0.00    1.00    0.00    0.00    1.00    11      0.00      0.00       0       0   0.00     -1.00     -1.00     -1.00       0  kworker/11:1-events
01:54:04 PM  1000    125786    1.00    3.00    0.00    0.00    4.00     8      0.00      0.00   17752   10824   0.03      0.00      0.00      0.00       0  htop
01:54:04 PM   120    179843    0.00    0.00    0.00    0.00    0.00     6      0.00      0.00 4031472  105952   0.33     -1.00     -1.00     -1.00       0  gnome-shell
01:54:04 PM  1000    180331    0.00    1.00    0.00    0.00    1.00    23      0.00      0.00  336828    3196   0.01      0.00      0.00      0.00       0  nvidia-smi
01:54:04 PM  1000    180332    0.00    0.00    0.00    0.00    0.00    14      0.00      0.00    8916    1688   0.01      0.00      4.00      0.00       0  mpstat
01:54:04 PM  1000    180333    0.00    1.00    0.00    0.00    1.00    10      0.00      0.00   13648    4764   0.01      0.00      0.00      0.00       0  pidstat
01:54:04 PM  1000    180336    3.00    1.00    0.00    0.00    4.00    12      0.00      0.00 69093148 10145220  31.16      0.00  71680.00      0.00       0  python

# Time        UID       PID    %usr %system  %guest   %wait    %CPU   CPU  minflt/s  majflt/s     VSZ     RSS   %MEM   kB_rd/s   kB_wr/s kB_ccwr/s iodelay  Command
01:54:05 PM     0      1483    0.00    0.00    0.00    0.00    0.00     8      1.00      0.00 1360300   30272   0.09     -1.00     -1.00     -1.00       0  tailscaled
01:54:05 PM     0    134499    0.00    2.00    0.00    0.00    2.00    11      0.00      0.00       0       0   0.00     -1.00     -1.00     -1.00       0  kworker/u128:2+flush-259:0
01:54:05 PM   120    179843    0.00    0.00    0.00    0.00    0.00     6      1.00      9.00 4031472  105440   0.32     -1.00     -1.00     -1.00       0  gnome-shell
01:54:05 PM  1000    180331    0.00    0.00    0.00    0.00    0.00    23      0.00      0.00  336828    3196   0.01      0.00      4.00      0.00       0  nvidia-smi
01:54:05 PM  1000    180332    0.00    0.00    0.00    0.00    0.00    14      0.00      0.00    8916    1688   0.01      0.00      4.00      0.00       0  mpstat
01:54:05 PM  1000    180333    0.00    0.00    0.00    0.00    0.00    10      0.00      0.00   13648    4764   0.01      0.00      4.00      0.00       0  pidstat
01:54:05 PM  1000    180336    2.00    1.00    0.00    0.00    3.00    12      0.00      0.00 69093148 10145220  31.16      0.00  88064.00      0.00       0  python

# Time        UID       PID    %usr %system  %guest   %wait    %CPU   CPU  minflt/s  majflt/s     VSZ     RSS   %MEM   kB_rd/s   kB_wr/s kB_ccwr/s iodelay  Command
01:54:06 PM     0        15    0.00    1.00    0.00    0.00    1.00     0      0.00      0.00       0       0   0.00     -1.00     -1.00     -1.00       0  rcu_preempt
01:54:06 PM     0       171    0.00    2.00    0.00    0.00    2.00     3      0.00      0.00       0       0   0.00     -1.00     -1.00     -1.00       0  kworker/3:0-events
01:54:06 PM     0       219    0.00    2.00    0.00    0.00    2.00    10      0.00      0.00       0       0   0.00     -1.00     -1.00     -1.00       0  kcompactd0
01:54:06 PM     0       239    0.00    1.00    0.00    0.00    1.00     8      0.00      0.00       0       0   0.00     -1.00     -1.00     -1.00       0  kswapd0
01:54:06 PM     0       974    0.00    1.00    0.00    0.00    1.00    15      0.00      0.00       0       0   0.00     -1.00     -1.00     -1.00       0  nvidia-modeset/kthread_q
01:54:06 PM     0     30899    0.00    1.00    0.00    0.00    1.00     3      0.00      0.00       0       0   0.00     -1.00     -1.00     -1.00       0  kworker/3:3-events_freezable
01:54:06 PM  1000    125786    0.00    3.00    0.00    0.00    3.00    10      0.00      0.00   17752   10824   0.03      0.00      0.00      0.00       0  htop
01:54:06 PM   120    179843    0.00    0.00    0.00    0.00    0.00     6      0.00      0.00 4031472  104416   0.32     -1.00     -1.00     -1.00       0  gnome-shell
01:54:06 PM  1000    180331    1.00    1.00    0.00    0.00    2.00    23      0.00      0.00  336828    3196   0.01      0.00      4.00      0.00       0  nvidia-smi
01:54:06 PM  1000    180332    0.00    0.00    0.00    0.00    0.00    14      0.00      0.00    8916    1688   0.01      0.00      4.00      0.00       0  mpstat
01:54:06 PM  1000    180333    0.00    1.00    0.00    0.00    1.00    10      0.00      0.00   13648    4764   0.01      0.00      4.00      0.00       0  pidstat
01:54:06 PM  1000    180336    3.00    3.00    0.00    0.00    6.00    10      0.00      0.00 69093148 10145220  31.16      0.00 212992.00      0.00       0  python
01:54:06 PM  1000    181626    0.00    1.00    0.00    0.00    1.00     4      0.00      0.00 17381260  344424   1.06      0.00      0.00      0.00       0  python

# Time        UID       PID    %usr %system  %guest   %wait    %CPU   CPU  minflt/s  majflt/s     VSZ     RSS   %MEM   kB_rd/s   kB_wr/s kB_ccwr/s iodelay  Command
01:54:07 PM     0       219    0.00    2.00    0.00    0.00    2.00    10      0.00      0.00       0       0   0.00     -1.00     -1.00     -1.00       0  kcompactd0
01:54:07 PM   120    179843    0.00    0.00    0.00    0.00    0.00     6      0.00      0.00 4031472  103648   0.32     -1.00     -1.00     -1.00       0  gnome-shell
01:54:07 PM  1000    180331    0.00    1.00    0.00    0.00    1.00    23      0.00      0.00  336828    3196   0.01      0.00      4.00      0.00       0  nvidia-smi
01:54:07 PM  1000    180332    0.00    0.00    0.00    0.00    0.00    14      0.00      0.00    8916    1688   0.01      0.00      8.00      0.00       0  mpstat
01:54:07 PM  1000    180333    1.00    0.00    0.00    0.00    1.00    10      0.00      1.00   13648    4764   0.01      0.00      4.00      0.00       0  pidstat
01:54:07 PM  1000    180336    2.00    3.00    0.00    0.00    5.00    10      0.00      0.00 69093148 10145220  31.16      0.00 161792.00      0.00       0  python

# Time        UID       PID    %usr %system  %guest   %wait    %CPU   CPU  minflt/s  majflt/s     VSZ     RSS   %MEM   kB_rd/s   kB_wr/s kB_ccwr/s iodelay  Command
01:54:08 PM     0       219    0.00    3.00    0.00    0.00    3.00    10      0.00      0.00       0       0   0.00     -1.00     -1.00     -1.00       0  kcompactd0
01:54:08 PM     0       239    0.00    1.00    0.00    0.00    1.00     8      0.00      0.00       0       0   0.00     -1.00     -1.00     -1.00       0  kswapd0
01:54:08 PM     0      1483    0.00    0.00    0.00    0.00    0.00     8      0.00      1.00 1360300   30272   0.09     -1.00     -1.00     -1.00       0  tailscaled
01:54:08 PM  1000    125786    1.00    3.00    0.00    0.00    4.00    10      0.00      0.00   17752   10824   0.03      0.00      0.00      0.00       0  htop
01:54:08 PM     0    142287    0.00    1.00    0.00    0.00    1.00    11      0.00      0.00       0       0   0.00     -1.00     -1.00     -1.00       0  kworker/u128:0-ext4-rsv-conversion
01:54:08 PM   120    179843    0.00    0.00    0.00    0.00    0.00     6      0.00      0.00 4031472  103136   0.32     -1.00     -1.00     -1.00       0  gnome-shell
01:54:08 PM  1000    180331    0.00    1.00    0.00    0.00    1.00    23      0.00      0.00  336828    3196   0.01      0.00      0.00      0.00       0  nvidia-smi
01:54:08 PM  1000    180332    0.00    0.00    0.00    0.00    0.00    14      0.00      0.00    8916    1688   0.01      0.00      8.00      0.00       0  mpstat
01:54:08 PM  1000    180333    0.00    1.00    0.00    0.00    1.00    10      0.00      0.00   13648    4764   0.01      0.00      4.00      0.00       0  pidstat
01:54:08 PM  1000    180336    3.00    1.00    0.00    0.00    4.00     8      0.00      0.00 69093148 10145220  31.16      0.00 112640.00      0.00       0  python
01:54:08 PM  1000    181444    1.00    0.00    0.00    0.00    1.00    17      0.00      0.00 17381260  344412   1.06      0.00      0.00      0.00       0  python

# Time        UID       PID    %usr %system  %guest   %wait    %CPU   CPU  minflt/s  majflt/s     VSZ     RSS   %MEM   kB_rd/s   kB_wr/s kB_ccwr/s iodelay  Command
01:54:09 PM     0       219    0.00    2.00    0.00    0.00    2.00     8      0.00      0.00       0       0   0.00     -1.00     -1.00     -1.00       0  kcompactd0
01:54:09 PM  1000      6390    0.00    0.00    0.00    0.00    0.00    10      6.00      0.00   16396    8088   0.02      0.00      0.00      0.00       0  zsh
01:54:09 PM  1000    125786    0.00    3.00    0.00    0.00    3.00    10      0.00      0.00   17752   10824   0.03      0.00      0.00      0.00       0  htop
01:54:09 PM   120    179843    0.00    0.00    0.00    0.00    0.00     6      0.00      0.00 4031472  102624   0.32     -1.00     -1.00     -1.00       0  gnome-shell
01:54:09 PM  1000    180331    0.00    1.00    0.00    0.00    1.00    23      0.00      0.00  336828    3196   0.01      0.00      4.00      0.00       0  nvidia-smi
01:54:09 PM  1000    180332    0.00    0.00    0.00    0.00    0.00    14      0.00      0.00    8916    1688   0.01      0.00      4.00      0.00       0  mpstat
01:54:09 PM  1000    180333    0.00    0.00    0.00    0.00    0.00    10      0.00      0.00   13648    4764   0.01      0.00      4.00      0.00       0  pidstat
01:54:09 PM  1000    180336    2.00    1.00    0.00    0.00    3.00    10      0.00      0.00 69093148 10145220  31.16      0.00  92160.00      0.00       0  python

# Time        UID       PID    %usr %system  %guest   %wait    %CPU   CPU  minflt/s  majflt/s     VSZ     RSS   %MEM   kB_rd/s   kB_wr/s kB_ccwr/s iodelay  Command
01:54:10 PM     0       219    0.00    2.00    0.00    0.00    2.00    10      0.00      0.00       0       0   0.00     -1.00     -1.00     -1.00       0  kcompactd0
01:54:10 PM     0    134499    0.00    1.00    0.00    0.00    1.00    11      0.00      0.00       0       0   0.00     -1.00     -1.00     -1.00       0  kworker/u128:2+flush-259:0
01:54:10 PM   120    179843    0.00    0.00    0.00    0.00    0.00     6      0.00      0.00 4031472  101856   0.31     -1.00     -1.00     -1.00       0  gnome-shell
01:54:10 PM  1000    180331    0.00    1.00    0.00    0.00    1.00    23      0.00      0.00  336828    3196   0.01      0.00      0.00      0.00       0  nvidia-smi
01:54:10 PM  1000    180332    0.00    0.00    0.00    0.00    0.00    14      0.00      0.00    8916    1688   0.01      0.00      4.00      0.00       0  mpstat
01:54:10 PM  1000    180333    0.00    1.00    0.00    0.00    1.00    10      0.00      0.00   13648    4764   0.01      0.00      4.00      0.00       0  pidstat
01:54:10 PM  1000    180336    3.00    2.00    0.00    0.00    5.00     8      0.00      0.00 69093148 10145220  31.16      0.00  96256.00      0.00       0  python

# Time        UID       PID    %usr %system  %guest   %wait    %CPU   CPU  minflt/s  majflt/s     VSZ     RSS   %MEM   kB_rd/s   kB_wr/s kB_ccwr/s iodelay  Command
01:54:11 PM  1000      9066    0.00    1.00    0.00    0.00    1.00     2      0.00      0.00  958328    8328   0.03      0.00      0.00      0.00       0  Omniverse Hub
01:54:11 PM  1000    125786    1.00    3.00    0.00    0.00    4.00    10      0.00      0.00   17752   10824   0.03      0.00      0.00      0.00       0  htop
01:54:11 PM   120    179843    0.00    0.00    0.00    0.00    0.00     6      0.00      0.00 4031472  101344   0.31     -1.00     -1.00     -1.00       0  gnome-shell
01:54:11 PM  1000    180331    0.00    1.00    0.00    0.00    1.00    23      0.00      0.00  336828    3196   0.01      0.00      4.00      0.00       0  nvidia-smi
01:54:11 PM  1000    180332    0.00    0.00    0.00    0.00    0.00    14      0.00      0.00    8916    1688   0.01      0.00      8.00      0.00       0  mpstat
01:54:11 PM  1000    180333    1.00    0.00    0.00    0.00    1.00    10      0.00      0.00   13648    4764   0.01      0.00      4.00      0.00       0  pidstat
01:54:11 PM  1000    180336    3.00    1.00    0.00    0.00    4.00     8      0.00      0.00 69093148 10145220  31.16      0.00  87040.00      0.00       0  python

# Time        UID       PID    %usr %system  %guest   %wait    %CPU   CPU  minflt/s  majflt/s     VSZ     RSS   %MEM   kB_rd/s   kB_wr/s kB_ccwr/s iodelay  Command
01:54:12 PM     0       219    0.00    3.00    0.00    0.00    3.00     8      0.00      0.00       0       0   0.00     -1.00     -1.00     -1.00       0  kcompactd0
01:54:12 PM  1000    125786    1.00    3.00    0.00    0.00    4.00    10      0.00      0.00   17752   10824   0.03      0.00      0.00      0.00       0  htop
01:54:12 PM  1000    180331    1.00    1.00    0.00    0.00    2.00    23      0.00      0.00  336828    3196   0.01      0.00      0.00      0.00       0  nvidia-smi
01:54:12 PM  1000    180332    0.00    0.00    0.00    0.00    0.00    14      0.00      0.00    8916    1688   0.01      0.00      4.00      0.00       0  mpstat
01:54:12 PM  1000    180333    0.00    1.00    0.00    0.00    1.00    10      0.00      0.00   13648    4764   0.01      0.00      4.00      0.00       0  pidstat
01:54:12 PM  1000    180336    2.00    2.00    0.00    0.00    4.00     8      0.00      0.00 69093148 10145220  31.16      0.00  84992.00      0.00       0  python

# Time        UID       PID    %usr %system  %guest   %wait    %CPU   CPU  minflt/s  majflt/s     VSZ     RSS   %MEM   kB_rd/s   kB_wr/s kB_ccwr/s iodelay  Command
01:54:13 PM     0       219    0.00    1.00    0.00    0.00    1.00    10      0.00      0.00       0       0   0.00     -1.00     -1.00     -1.00       0  kcompactd0
01:54:13 PM     0       239    0.00    1.00    0.00    0.00    1.00     8      0.00      0.00       0       0   0.00     -1.00     -1.00     -1.00       0  kswapd0
01:54:13 PM     0      1483    0.00    1.00    0.00    0.00    1.00     8      0.00      0.00 1360300   30272   0.09     -1.00     -1.00     -1.00       0  tailscaled
01:54:13 PM     0     27984    0.00    1.00    0.00    0.00    1.00     9      0.00      0.00       0       0   0.00     -1.00     -1.00     -1.00       0  kworker/u128:13-writeback
01:54:13 PM   120    179843    0.00    0.00    0.00    0.00    0.00     6      0.00      0.00 4031472  100576   0.31     -1.00     -1.00     -1.00       0  gnome-shell
01:54:13 PM  1000    180331    0.00    1.00    0.00    0.00    1.00    23      0.00      0.00  336828    3196   0.01      0.00      4.00      0.00       0  nvidia-smi
01:54:13 PM  1000    180332    0.00    0.00    0.00    0.00    0.00    14      0.00      0.00    8916    1688   0.01      0.00      8.00      0.00       0  mpstat
01:54:13 PM  1000    180333    0.00    0.00    0.00    0.00    0.00    10      0.00      0.00   13648    4764   0.01      0.00      4.00      0.00       0  pidstat
01:54:13 PM  1000    180336    2.00    1.00    0.00    0.00    3.00    10      0.00      0.00 69093148 10145220  31.16      0.00  77824.00      0.00       0  python

# Time        UID       PID    %usr %system  %guest   %wait    %CPU   CPU  minflt/s  majflt/s     VSZ     RSS   %MEM   kB_rd/s   kB_wr/s kB_ccwr/s iodelay  Command
01:54:14 PM     0       974    0.00    1.00    0.00    0.00    1.00    16      0.00      0.00       0       0   0.00     -1.00     -1.00     -1.00       0  nvidia-modeset/kthread_q
01:54:14 PM  1000    125786    0.00    2.00    0.00    0.00    2.00    10      0.00      0.00   17752   10824   0.03      0.00      0.00      0.00       0  htop
01:54:14 PM     0    134499    0.00    1.00    0.00    0.00    1.00    11      0.00      0.00       0       0   0.00     -1.00     -1.00     -1.00       0  kworker/u128:2+flush-259:0
01:54:14 PM   120    179783    0.00    1.00    0.00    0.00    1.00     0      0.00      0.00 25994904   23520   0.07     -1.00     -1.00     -1.00       0  Xorg
01:54:14 PM  1000    180331    0.00    1.00    0.00    0.00    1.00    23      0.00      0.00  336828    3196   0.01      0.00      0.00      0.00       0  nvidia-smi
01:54:14 PM  1000    180332    0.00    0.00    0.00    0.00    0.00    14      0.00      0.00    8916    1688   0.01      0.00      8.00      0.00       0  mpstat
01:54:14 PM  1000    180333    0.00    1.00    0.00    0.00    1.00    10      0.00      0.00   13648    4764   0.01      0.00      4.00      0.00       0  pidstat
01:54:14 PM  1000    180336    2.00    1.00    0.00    0.00    3.00     8      0.00      0.00 69093148 10145220  31.16      0.00  86016.00      0.00       0  python

# Time        UID       PID    %usr %system  %guest   %wait    %CPU   CPU  minflt/s  majflt/s     VSZ     RSS   %MEM   kB_rd/s   kB_wr/s kB_ccwr/s iodelay  Command
01:54:15 PM     0       219    0.00    2.00    0.00    0.00    2.00    10      0.00      0.00       0       0   0.00     -1.00     -1.00     -1.00       0  kcompactd0
01:54:15 PM     0       239    0.00    1.00    0.00    0.00    1.00     8      0.00      0.00       0       0   0.00     -1.00     -1.00     -1.00       0  kswapd0
01:54:15 PM  1000    125786    1.00    3.00    0.00    0.00    4.00    10      0.00      0.00   17752   10824   0.03      0.00      0.00      0.00       0  htop
01:54:15 PM   120    179843    0.00    0.00    0.00    0.00    0.00     6      0.00      0.00 4031472   99040   0.30     -1.00     -1.00     -1.00       0  gnome-shell
01:54:15 PM  1000    180331    0.00    1.00    0.00    0.00    1.00    23      0.00      0.00  336828    3196   0.01      0.00      4.00      0.00       0  nvidia-smi
01:54:15 PM  1000    180333    0.00    0.00    0.00    0.00    0.00    10      0.00      0.00   13648    4764   0.01      0.00      4.00      0.00       0  pidstat
01:54:15 PM  1000    180336    4.00    4.00    0.00    0.00    8.00     8      0.00      0.00 69093148 10145220  31.16      0.00 296960.00      0.00       0  python

# Time        UID       PID    %usr %system  %guest   %wait    %CPU   CPU  minflt/s  majflt/s     VSZ     RSS   %MEM   kB_rd/s   kB_wr/s kB_ccwr/s iodelay  Command
01:54:16 PM     0       219    0.00    2.00    0.00    0.00    2.00    10      0.00      0.00       0       0   0.00     -1.00     -1.00     -1.00       0  kcompactd0
01:54:16 PM     0    134499    0.00    1.00    0.00    0.00    1.00    11      0.00      0.00       0       0   0.00     -1.00     -1.00     -1.00       0  kworker/u128:2+flush-259:0
01:54:16 PM  1000    180331    1.00    2.00    0.00    0.00    3.00    23      0.00      0.00  336828    3196   0.01      0.00      0.00      0.00       0  nvidia-smi
01:54:16 PM  1000    180332    0.00    0.00    0.00    0.00    0.00    14      0.00      0.00    8916    1688   0.01      0.00      8.00      0.00       0  mpstat
01:54:16 PM  1000    180333    1.00    1.00    0.00    0.00    2.00    10      0.00      0.00   13648    4764   0.01      0.00      4.00      0.00       0  pidstat
01:54:16 PM  1000    180336    3.00    1.00    0.00    0.00    4.00     8      0.00      0.00 69093148 10145220  31.16      0.00 131072.00      0.00       0  python

# Time        UID       PID    %usr %system  %guest   %wait    %CPU   CPU  minflt/s  majflt/s     VSZ     RSS   %MEM   kB_rd/s   kB_wr/s kB_ccwr/s iodelay  Command
01:54:17 PM     0       219    0.00    2.00    0.00    0.00    2.00     8      0.00      0.00       0       0   0.00     -1.00     -1.00     -1.00       0  kcompactd0
01:54:17 PM  1000    125786    1.00    3.00    0.00    0.00    4.00    10      0.00      0.00   17752   10824   0.03      0.00      0.00      0.00       0  htop
01:54:17 PM   120    179843    0.00    0.00    0.00    0.00    0.00     6      0.00      0.00 4031472   98528   0.30     -1.00     -1.00     -1.00       0  gnome-shell
01:54:17 PM  1000    180331    0.00    1.00    0.00    0.00    1.00    23      0.00      0.00  336828    3196   0.01      0.00      4.00      0.00       0  nvidia-smi
01:54:17 PM  1000    180332    0.00    0.00    0.00    0.00    0.00    14      0.00      0.00    8916    1688   0.01      0.00      8.00      0.00       0  mpstat
01:54:17 PM  1000    180333    0.00    0.00    0.00    0.00    0.00    10      0.00      0.00   13648    4764   0.01      0.00      4.00      0.00       0  pidstat
01:54:17 PM  1000    180336    2.00    2.00    0.00    0.00    4.00     8      0.00      0.00 69093148 10145220  31.16      0.00 102400.00      0.00       0  python

# Time        UID       PID    %usr %system  %guest   %wait    %CPU   CPU  minflt/s  majflt/s     VSZ     RSS   %MEM   kB_rd/s   kB_wr/s kB_ccwr/s iodelay  Command
01:54:18 PM     0       219    0.00    2.00    0.00    0.00    2.00     8      0.00      0.00       0       0   0.00     -1.00     -1.00     -1.00       0  kcompactd0
01:54:18 PM     0      1483    1.00    0.00    0.00    0.00    1.00     8      0.00      0.00 1360300   30272   0.09     -1.00     -1.00     -1.00       0  tailscaled
01:54:18 PM  1000    125786    1.00    3.00    0.00    0.00    4.00    10      0.00      0.00   17752   10824   0.03      0.00      0.00      0.00       0  htop
01:54:18 PM  1000    180331    0.00    1.00    0.00    0.00    1.00    23      0.00      0.00  336828    3196   0.01      0.00      4.00      0.00       0  nvidia-smi
01:54:18 PM  1000    180332    0.00    0.00    0.00    0.00    0.00    14      0.00      0.00    8916    1688   0.01      0.00      4.00      0.00       0  mpstat
01:54:18 PM  1000    180333    0.00    1.00    0.00    0.00    1.00    10      0.00      0.00   13648    4764   0.01      0.00      4.00      0.00       0  pidstat
01:54:18 PM  1000    180336    2.00    1.00    0.00    0.00    3.00     8      0.00      0.00 69093148 10145220  31.16      0.00  92160.00      0.00       0  python
01:54:18 PM  1000    181326    1.00    0.00    0.00    0.00    1.00     1      0.00      0.00 17381260  344400   1.06      0.00      0.00      0.00       0  python

# Time        UID       PID    %usr %system  %guest   %wait    %CPU   CPU  minflt/s  majflt/s     VSZ     RSS   %MEM   kB_rd/s   kB_wr/s kB_ccwr/s iodelay  Command
01:54:19 PM     0       219    0.00    2.00    0.00    0.00    2.00     8      0.00      0.00       0       0   0.00     -1.00     -1.00     -1.00       0  kcompactd0
01:54:19 PM  1000      6390    0.00    0.00    0.00    0.00    0.00    10      6.00      0.00   16396    8088   0.02      0.00      0.00      0.00       0  zsh
01:54:19 PM   120    179843    0.00    0.00    0.00    0.00    0.00     6      0.00      0.00 4031472   98272   0.30     -1.00     -1.00     -1.00       0  gnome-shell
01:54:19 PM   120    179889    0.00    0.00    0.00    0.00    0.00     7      0.00      0.00  309644    2440   0.01     -1.00     -1.00     -1.00       0  xdg-permission-
01:54:19 PM  1000    180331    0.00    2.00    0.00    0.00    2.00    23      0.00      0.00  336828    3196   0.01      0.00      0.00      0.00       0  nvidia-smi
01:54:19 PM  1000    180332    0.00    0.00    0.00    0.00    0.00    14      0.00      0.00    8916    1688   0.01      0.00      8.00      0.00       0  mpstat
01:54:19 PM  1000    180333    1.00    0.00    0.00    0.00    1.00    10      0.00      0.00   13648    4764   0.01      0.00      4.00      0.00       0  pidstat
01:54:19 PM  1000    180336    3.00    1.00    0.00    0.00    4.00    11      0.00      0.00 69093148 10145220  31.16      0.00  90112.00      0.00       0  python

# Time        UID       PID    %usr %system  %guest   %wait    %CPU   CPU  minflt/s  majflt/s     VSZ     RSS   %MEM   kB_rd/s   kB_wr/s kB_ccwr/s iodelay  Command
01:54:20 PM     0       239    0.00    1.00    0.00    0.00    1.00     4      0.00      0.00       0       0   0.00     -1.00     -1.00     -1.00       0  kswapd0
01:54:20 PM  1000    125786    0.00    3.00    0.00    0.00    3.00    10      0.00      0.00   17752   10824   0.03      0.00      0.00      0.00       0  htop
01:54:20 PM   120    179843    0.00    0.00    0.00    0.00    0.00     6      0.00      0.00 4031472   98016   0.30     -1.00     -1.00     -1.00       0  gnome-shell
01:54:20 PM  1000    180331    0.00    1.00    0.00    0.00    1.00    23      0.00      0.00  336828    3196   0.01      0.00      4.00      0.00       0  nvidia-smi
01:54:20 PM  1000    180332    0.00    0.00    0.00    0.00    0.00    14      0.00      0.00    8916    1688   0.01      0.00      4.00      0.00       0  mpstat
01:54:20 PM  1000    180333    0.00    0.00    0.00    0.00    0.00    10      0.00      0.00   13648    4764   0.01      0.00      4.00      0.00       0  pidstat
01:54:20 PM  1000    180336    1.00    2.00    0.00    0.00    3.00    11      0.00      0.00 69093148 10145220  31.16      0.00  83968.00      0.00       0  python
01:54:20 PM  1000    180398    1.00    0.00    0.00    0.00    1.00    10      0.00      0.00 64070560 3483856  10.70      0.00      0.00      0.00       0  pt_data_worker

# Time        UID       PID    %usr %system  %guest   %wait    %CPU   CPU  minflt/s  majflt/s     VSZ     RSS   %MEM   kB_rd/s   kB_wr/s kB_ccwr/s iodelay  Command
01:54:21 PM     0       219    0.00    2.00    0.00    0.00    2.00     8      0.00      0.00       0       0   0.00     -1.00     -1.00     -1.00       0  kcompactd0
01:54:21 PM     0      1483    0.00    0.00    0.00    0.00    0.00     8      1.00      0.00 1360300   30272   0.09     -1.00     -1.00     -1.00       0  tailscaled
01:54:21 PM  1000    125786    1.00    3.00    0.00    0.00    4.00    10      0.00      0.00   17752   10824   0.03      0.00      0.00      0.00       0  htop
01:54:21 PM     0    134499    0.00    1.00    0.00    0.00    1.00    12      0.00      0.00       0       0   0.00     -1.00     -1.00     -1.00       0  kworker/u128:2+flush-259:0
01:54:21 PM  1000    180331    0.00    2.00    0.00    0.00    2.00    23      0.00      0.00  336828    3196   0.01      0.00      0.00      0.00       0  nvidia-smi
01:54:21 PM  1000    180332    0.00    0.00    0.00    0.00    0.00    14      0.00      0.00    8916    1688   0.01      0.00      4.00      0.00       0  mpstat
01:54:21 PM  1000    180333    0.00    1.00    0.00    0.00    1.00    10      0.00      0.00   13648    4764   0.01      0.00      0.00      0.00       0  pidstat
01:54:21 PM  1000    180336    2.00    0.00    0.00    0.00    2.00    11      0.00      0.00 69093148 10145220  31.16      0.00  80896.00      0.00       0  python

# Time        UID       PID    %usr %system  %guest   %wait    %CPU   CPU  minflt/s  majflt/s     VSZ     RSS   %MEM   kB_rd/s   kB_wr/s kB_ccwr/s iodelay  Command
01:54:22 PM     0      1483    1.00    1.00    0.00    0.00    2.00     8    103.00     69.00 1360812   30568   0.09     -1.00     -1.00     -1.00       0  tailscaled
01:54:22 PM   120    179843    0.00    0.00    0.00    0.00    0.00     6      0.00      0.00 4031472   97760   0.30     -1.00     -1.00     -1.00       0  gnome-shell
01:54:22 PM  1000    180331    1.00    1.00    0.00    0.00    2.00    23      0.00      0.00  336828    3196   0.01      0.00      4.00      0.00       0  nvidia-smi
01:54:22 PM  1000    180332    0.00    0.00    0.00    0.00    0.00    14      0.00      0.00    8916    1688   0.01      0.00      8.00      0.00       0  mpstat
01:54:22 PM  1000    180333    0.00    0.00    0.00    0.00    0.00    10      0.00      0.00   13648    4764   0.01      0.00      8.00      0.00       0  pidstat
01:54:22 PM  1000    180336    2.00    1.00    0.00    0.00    3.00    11      0.00      0.00 69093148 10145220  31.16      0.00  76800.00      0.00       0  python

# Time        UID       PID    %usr %system  %guest   %wait    %CPU   CPU  minflt/s  majflt/s     VSZ     RSS   %MEM   kB_rd/s   kB_wr/s kB_ccwr/s iodelay  Command
01:54:23 PM     0       219    0.00    2.00    0.00    0.00    2.00     8      0.00      0.00       0       0   0.00     -1.00     -1.00     -1.00       0  kcompactd0
01:54:23 PM     0       526    0.00    0.00    0.00    0.00    0.00    23     29.00      9.00   67880   16384   0.05     -1.00     -1.00     -1.00       0  systemd-journal
01:54:23 PM     0      1483    1.00    1.00    0.00    0.00    2.00     8     37.00     33.00 1360812   32200   0.10     -1.00     -1.00     -1.00       0  tailscaled
01:54:23 PM     0     27984    0.00    1.00    0.00    0.00    1.00     6      0.00      0.00       0       0   0.00     -1.00     -1.00     -1.00       0  kworker/u128:13-events_unbound
01:54:23 PM  1000    125786    0.00    3.00    0.00    0.00    3.00     8      0.00      0.00   17752   10824   0.03      0.00      0.00      0.00       0  htop
01:54:23 PM     0    134499    0.00    1.00    0.00    0.00    1.00    15      0.00      0.00       0       0   0.00     -1.00     -1.00     -1.00       0  kworker/u128:2+flush-259:0
01:54:23 PM   120    179843    0.00    0.00    0.00    0.00    0.00     6      0.00      0.00 4031472   97504   0.30     -1.00     -1.00     -1.00       0  gnome-shell
01:54:23 PM   120    179902    0.00    0.00    0.00    0.00    0.00     5      0.00      0.00 2531944    7192   0.02     -1.00     -1.00     -1.00       0  gjs
01:54:23 PM  1000    180331    0.00    1.00    0.00    0.00    1.00    23      0.00      0.00  336828    3196   0.01      0.00      4.00      0.00       0  nvidia-smi
01:54:23 PM  1000    180332    0.00    0.00    0.00    0.00    0.00    14      0.00      0.00    8916    1688   0.01      0.00      8.00      0.00       0  mpstat
01:54:23 PM  1000    180333    1.00    1.00    0.00    0.00    2.00    10      0.00      0.00   13648    4764   0.01      0.00      0.00      0.00       0  pidstat
01:54:23 PM  1000    180336    2.00    8.00    0.00    0.00   10.00    11      0.00      0.00 69093148 10145220  31.16      0.00 319488.00      0.00       0  python

# Time        UID       PID    %usr %system  %guest   %wait    %CPU   CPU  minflt/s  majflt/s     VSZ     RSS   %MEM   kB_rd/s   kB_wr/s kB_ccwr/s iodelay  Command
01:54:24 PM     0       219    0.00    2.00    0.00    0.00    2.00     8      0.00      0.00       0       0   0.00     -1.00     -1.00     -1.00       0  kcompactd0
01:54:24 PM     0       239    0.00    1.00    0.00    0.00    1.00     5      0.00      0.00       0       0   0.00     -1.00     -1.00     -1.00       0  kswapd0
01:54:24 PM     0      1483    0.00    0.00    0.00    0.00    0.00     8     53.00      5.00 1360812   32456   0.10     -1.00     -1.00     -1.00       0  tailscaled
01:54:24 PM  1000    125786    1.00    2.00    0.00    0.00    3.00    10      0.00      0.00   17752   10824   0.03      0.00      0.00      0.00       0  htop
01:54:24 PM   120    179843    0.00    0.00    0.00    0.00    0.00     6      0.00      0.00 4031472   97248   0.30     -1.00     -1.00     -1.00       0  gnome-shell
01:54:24 PM   120    179902    0.00    0.00    0.00    0.00    0.00     5      0.00      0.00 2531944    6424   0.02     -1.00     -1.00     -1.00       0  gjs
01:54:24 PM  1000    180331    0.00    1.00    0.00    0.00    1.00    23      0.00      0.00  336828    3196   0.01      0.00      4.00      0.00       0  nvidia-smi
01:54:24 PM  1000    180332    0.00    0.00    0.00    0.00    0.00    14      0.00      0.00    8916    1688   0.01      0.00      8.00      0.00       0  mpstat
01:54:24 PM  1000    180333    0.00    0.00    0.00    0.00    0.00    10      0.00      0.00   13648    4764   0.01      0.00      8.00      0.00       0  pidstat
01:54:24 PM  1000    180336    3.00    0.00    0.00    0.00    3.00    11      0.00      0.00 69093148 10145220  31.16      0.00 151552.00      0.00       0  python

# Time        UID       PID    %usr %system  %guest   %wait    %CPU   CPU  minflt/s  majflt/s     VSZ     RSS   %MEM   kB_rd/s   kB_wr/s kB_ccwr/s iodelay  Command
01:54:25 PM     0       219    0.00    1.00    0.00    0.00    1.00     8      0.00      0.00       0       0   0.00     -1.00     -1.00     -1.00       0  kcompactd0
01:54:25 PM  1000    180331    1.00    1.00    0.00    0.00    2.00    23      0.00      0.00  336828    3196   0.01      0.00      0.00      0.00       0  nvidia-smi
01:54:25 PM  1000    180333    0.00    1.00    0.00    0.00    1.00    14      0.00      0.00   13648    4764   0.01      0.00      4.00      0.00       0  pidstat
01:54:25 PM  1000    180336    3.00    1.00    0.00    0.00    4.00    11      0.00      0.00 69093148 10145220  31.16      0.00 105472.00      0.00       0  python

# Time        UID       PID    %usr %system  %guest   %wait    %CPU   CPU  minflt/s  majflt/s     VSZ     RSS   %MEM   kB_rd/s   kB_wr/s kB_ccwr/s iodelay  Command
01:54:26 PM     0       219    0.00    2.00    0.00    0.00    2.00     8      0.00      0.00       0       0   0.00     -1.00     -1.00     -1.00       0  kcompactd0
01:54:26 PM   991       958    0.00    0.00    0.00    0.00    0.00    12      1.00      1.00   22000    7784   0.02     -1.00     -1.00     -1.00       0  systemd-resolve
01:54:26 PM     0      1164    0.00    0.00    0.00    0.00    0.00     1      6.00      1.00  337032    9828   0.03     -1.00     -1.00     -1.00       0  NetworkManager
01:54:26 PM     0      1483    0.00    0.00    0.00    0.00    0.00     8      3.00      2.00 1360812   32456   0.10     -1.00     -1.00     -1.00       0  tailscaled
01:54:26 PM  1000    125786    0.00    4.00    0.00    0.00    4.00    10      0.00      0.00   17752   10824   0.03      0.00      0.00      0.00       0  htop
01:54:26 PM   120    179902    0.00    0.00    0.00    0.00    0.00     5      0.00      0.00 2531944    5912   0.02     -1.00     -1.00     -1.00       0  gjs
01:54:26 PM  1000    180331    0.00    1.00    0.00    0.00    1.00    23      0.00      0.00  336828    3196   0.01      0.00      0.00      0.00       0  nvidia-smi
01:54:26 PM  1000    180332    0.00    0.00    0.00    0.00    0.00    14      0.00      0.00    8916    1688   0.01      0.00      8.00      0.00       0  mpstat
01:54:26 PM  1000    180333    0.00    1.00    0.00    0.00    1.00    14      0.00      0.00   13648    4764   0.01      0.00      0.00      0.00       0  pidstat
01:54:26 PM  1000    180336    2.00    1.00    0.00    0.00    3.00    11      0.00      0.00 69093148 10145220  31.16      0.00  95232.00      0.00       0  python

# Time        UID       PID    %usr %system  %guest   %wait    %CPU   CPU  minflt/s  majflt/s     VSZ     RSS   %MEM   kB_rd/s   kB_wr/s kB_ccwr/s iodelay  Command
01:54:27 PM     0       974    0.00    1.00    0.00    0.00    1.00    18      0.00      0.00       0       0   0.00     -1.00     -1.00     -1.00       0  nvidia-modeset/kthread_q
01:54:27 PM     0      1483    0.00    0.00    0.00    0.00    0.00     8      2.00      0.00 1360812   32456   0.10     -1.00     -1.00     -1.00       0  tailscaled
01:54:27 PM     0     24154    0.00    1.00    0.00    0.00    1.00     6      0.00      0.00       0       0   0.00     -1.00     -1.00     -1.00       0  kworker/6:0-events
01:54:27 PM     0     33859    0.00    1.00    0.00    0.00    1.00     6      0.00      0.00       0       0   0.00     -1.00     -1.00     -1.00       0  kworker/6:1-mm_percpu_wq
01:54:27 PM     0    134499    0.00    1.00    0.00    0.00    1.00     8      0.00      0.00       0       0   0.00     -1.00     -1.00     -1.00       0  kworker/u128:2+flush-259:0
01:54:27 PM   120    179843    0.00    0.00    0.00    0.00    0.00     6      0.00      0.00 4031472   96992   0.30     -1.00     -1.00     -1.00       0  gnome-shell
01:54:27 PM   120    179912    0.00    0.00    0.00    0.00    0.00    14      0.00      0.00  543768    3932   0.01     -1.00     -1.00     -1.00       0  gsd-sharing
01:54:27 PM  1000    180331    0.00    2.00    0.00    0.00    2.00    23      0.00      0.00  336828    3196   0.01      0.00      8.00      0.00       0  nvidia-smi
01:54:27 PM  1000    180332    0.00    0.00    0.00    0.00    0.00    14      0.00      0.00    8916    1688   0.01      0.00      8.00      0.00       0  mpstat
01:54:27 PM  1000    180333    0.00    0.00    0.00    0.00    0.00     8      0.00      0.00   13648    4764   0.01      0.00      8.00      0.00       0  pidstat
01:54:27 PM  1000    180336    3.00    1.00    0.00    0.00    4.00     2      0.00      0.00 69093148 10145220  31.16      0.00  90112.00      0.00       0  python

# Time        UID       PID    %usr %system  %guest   %wait    %CPU   CPU  minflt/s  majflt/s     VSZ     RSS   %MEM   kB_rd/s   kB_wr/s kB_ccwr/s iodelay  Command
01:54:28 PM     0       219    0.00    2.00    0.00    0.00    2.00     8      0.00      0.00       0       0   0.00     -1.00     -1.00     -1.00       0  kcompactd0
01:54:28 PM     0       239    0.00    1.00    0.00    0.00    1.00     5      0.00      0.00       0       0   0.00     -1.00     -1.00     -1.00       0  kswapd0
01:54:28 PM  1000    125786    1.00    3.00    0.00    0.00    4.00    10      0.00      0.00   17752   10824   0.03      0.00      0.00      0.00       0  htop
01:54:28 PM  1000    180331    0.00    1.00    0.00    0.00    1.00    23      0.00      0.00  336828    3196   0.01      0.00      0.00      0.00       0  nvidia-smi
01:54:28 PM  1000    180332    0.00    0.00    0.00    0.00    0.00    14      0.00      0.00    8916    1688   0.01      0.00      4.00      0.00       0  mpstat
01:54:28 PM  1000    180333    0.00    1.00    0.00    0.00    1.00     8      1.00      0.00   13648    4764   0.01      0.00      4.00      0.00       0  pidstat
01:54:28 PM  1000    180336    2.00    1.00    0.00    0.00    3.00     8      0.00      0.00 69093148 10145220  31.16      0.00  83968.00      0.00       0  python

# Time        UID       PID    %usr %system  %guest   %wait    %CPU   CPU  minflt/s  majflt/s     VSZ     RSS   %MEM   kB_rd/s   kB_wr/s kB_ccwr/s iodelay  Command
01:54:29 PM     0       219    0.00    2.00    0.00    0.00    2.00     8      0.00      0.00       0       0   0.00     -1.00     -1.00     -1.00       0  kcompactd0
01:54:29 PM  1000      6390    0.00    0.00    0.00    0.00    0.00    10      6.00      0.00   16396    8088   0.02      0.00      0.00      0.00       0  zsh
01:54:29 PM  1000    125786    0.00    3.00    0.00    0.00    3.00    10      0.00      0.00   17752   10824   0.03      0.00      0.00      0.00       0  htop
01:54:29 PM  1000    180331    1.00    2.00    0.00    0.00    3.00    23      0.00      0.00  336828    3196   0.01      0.00      4.00      0.00       0  nvidia-smi
01:54:29 PM  1000    180332    0.00    0.00    0.00    0.00    0.00    14      0.00      0.00    8916    1688   0.01      0.00      8.00      0.00       0  mpstat
01:54:29 PM  1000    180333    1.00    0.00    0.00    0.00    1.00    10      0.00      0.00   13648    4764   0.01      0.00      4.00      0.00       0  pidstat
01:54:29 PM  1000    180336    2.00   12.00    0.00    0.00   14.00     8      0.00      0.00 64760064 5812268  17.85      0.00  73880.00      0.00       0  python

# Time        UID       PID    %usr %system  %guest   %wait    %CPU   CPU  minflt/s  majflt/s     VSZ     RSS   %MEM   kB_rd/s   kB_wr/s kB_ccwr/s iodelay  Command
01:54:30 PM     0       239    0.00    1.00    0.00    0.00    1.00    10      0.00      0.00       0       0   0.00     -1.00     -1.00     -1.00       0  kswapd0
01:54:30 PM   120    179912    0.00    0.00    0.00    0.00    0.00    14      0.00      0.00  543768    3420   0.01     -1.00     -1.00     -1.00       0  gsd-sharing
01:54:30 PM   120    179913    0.00    0.00    0.00    0.00    0.00     2      0.00      0.00  408768    3484   0.01     -1.00     -1.00     -1.00       0  gsd-wacom
01:54:30 PM   120    179918    0.00    0.00    0.00    0.00    0.00     9      0.00      0.00  409888    4656   0.01     -1.00     -1.00     -1.00       0  gsd-color
01:54:30 PM   120    179921    0.00    0.00    0.00    0.00    0.00     0      0.00      0.00  408232    2612   0.01     -1.00     -1.00     -1.00       0  gsd-keyboard
01:54:30 PM  1000    180331    0.00    1.00    0.00    0.00    1.00    23      0.00      0.00  336828    3196   0.01      0.00      0.00      0.00       0  nvidia-smi
01:54:30 PM  1000    180332    0.00    0.00    0.00    0.00    0.00    14      0.00      0.00    8916    1688   0.01      0.00      4.00      0.00       0  mpstat
01:54:30 PM  1000    180333    0.00    1.00    0.00    0.00    1.00    10      0.00      0.00   13648    4764   0.01      0.00      4.00      0.00       0  pidstat
01:54:30 PM  1000    180336   18.00   47.00    0.00    0.00   65.00     8 485947.00      0.00 65767728 6819816  20.95      0.00 372736.00      0.00       0  python

# Time        UID       PID    %usr %system  %guest   %wait    %CPU   CPU  minflt/s  majflt/s     VSZ     RSS   %MEM   kB_rd/s   kB_wr/s kB_ccwr/s iodelay  Command
01:54:31 PM     0       219    0.00    2.00    0.00    0.00    2.00     8      0.00      0.00       0       0   0.00     -1.00     -1.00     -1.00       0  kcompactd0
01:54:31 PM     0      1483    1.00    0.00    0.00    0.00    1.00     8      0.00      0.00 1360812   32456   0.10     -1.00     -1.00     -1.00       0  tailscaled
01:54:31 PM  1000    125786    0.00    3.00    0.00    0.00    3.00    10      0.00      0.00   17752   10824   0.03      0.00      0.00      0.00       0  htop
01:54:31 PM     0    134499    0.00    1.00    0.00    0.00    1.00     9      0.00      0.00       0       0   0.00     -1.00     -1.00     -1.00       0  kworker/u128:2+flush-259:0
01:54:31 PM  1000    180331    0.00    1.00    0.00    0.00    1.00    23      0.00      0.00  336828    3196   0.01      0.00      4.00      0.00       0  nvidia-smi
01:54:31 PM  1000    180332    0.00    0.00    0.00    0.00    0.00    14      0.00      0.00    8916    1688   0.01      0.00      4.00      0.00       0  mpstat
01:54:31 PM  1000    180336    3.00    1.00    0.00    0.00    4.00     8      0.00      0.00 65767728 6819816  20.95      0.00 145408.00      0.00       0  python

# Time        UID       PID    %usr %system  %guest   %wait    %CPU   CPU  minflt/s  majflt/s     VSZ     RSS   %MEM   kB_rd/s   kB_wr/s kB_ccwr/s iodelay  Command
01:54:32 PM     0       219    0.00    2.00    0.00    0.00    2.00    10      0.00      0.00       0       0   0.00     -1.00     -1.00     -1.00       0  kcompactd0
01:54:32 PM     0       239    0.00    2.00    0.00    0.00    2.00    11      0.00      0.00       0       0   0.00     -1.00     -1.00     -1.00       0  kswapd0
01:54:32 PM     0       561    0.00    1.00    0.00    0.00    1.00    11      0.00      0.00       0       0   0.00     -1.00     -1.00     -1.00       0  kworker/11:1H-kblockd
01:54:32 PM  1000    125786    0.00    3.00    0.00    0.00    3.00    10      0.00      0.00   17752   10824   0.03      0.00      0.00      0.00       0  htop
01:54:32 PM     0    134499    0.00    1.00    0.00    0.00    1.00    11      0.00      0.00       0       0   0.00     -1.00     -1.00     -1.00       0  kworker/u128:2+flush-259:0
01:54:32 PM     0    142287    0.00    1.00    0.00    0.00    1.00     9      0.00      0.00       0       0   0.00     -1.00     -1.00     -1.00       0  kworker/u128:0-ext4-rsv-conversion
01:54:32 PM   120    179902    0.00    0.00    0.00    0.00    0.00     5      0.00      0.00 2531944    5400   0.02     -1.00     -1.00     -1.00       0  gjs
01:54:32 PM   120    179924    0.00    0.00    0.00    0.00    0.00    27      0.00      0.00  324100    2816   0.01     -1.00     -1.00     -1.00       0  gsd-print-notif
01:54:32 PM   120    179934    0.00    0.00    0.00    0.00    0.00    31      0.00      0.00  386388    2160   0.01     -1.00     -1.00     -1.00       0  gsd-smartcard
01:54:32 PM  1000    180331    0.00    1.00    0.00    0.00    1.00    23      0.00      0.00  336828    3196   0.01      4.00      4.00      0.00       0  nvidia-smi
01:54:32 PM  1000    180332    0.00    0.00    0.00    0.00    0.00    14      0.00      0.00    8916    1688   0.01      0.00      8.00      0.00       0  mpstat
01:54:32 PM  1000    180333    1.00    1.00    0.00    0.00    2.00    10      0.00      0.00   13648    4764   0.01      0.00      8.00      0.00       0  pidstat
01:54:32 PM  1000    180336    2.00    7.00    0.00    0.00    9.00     8      0.00      0.00 65767728 6819816  20.95      0.00 577536.00      0.00       0  python

# Time        UID       PID    %usr %system  %guest   %wait    %CPU   CPU  minflt/s  majflt/s     VSZ     RSS   %MEM   kB_rd/s   kB_wr/s kB_ccwr/s iodelay  Command
01:54:33 PM     0      1483    0.00    0.00    0.00    0.00    0.00     8      1.00      2.00 1360812   32456   0.10     -1.00     -1.00     -1.00       0  tailscaled
01:54:33 PM  1000      9066    0.00    1.00    0.00    0.00    1.00     2      0.00      0.00  958328    8328   0.03      0.00      0.00      0.00       0  Omniverse Hub
01:54:33 PM     0     14274    0.00    1.00    0.00    0.00    1.00    10      0.00      0.00       0       0   0.00     -1.00     -1.00     -1.00       0  kworker/10:0-events
01:54:33 PM   120    179902    0.00    0.00    0.00    0.00    0.00     5      0.00      0.00 2531944    5144   0.02     -1.00     -1.00     -1.00       0  gjs
01:54:33 PM   120    179913    0.00    0.00    0.00    0.00    0.00     2      0.00      0.00  408768    3228   0.01     -1.00     -1.00     -1.00       0  gsd-wacom
01:54:33 PM  1000    180331    1.00    0.00    0.00    0.00    1.00    23      0.00      0.00  336828    3196   0.01      0.00      0.00      0.00       0  nvidia-smi
01:54:33 PM  1000    180332    0.00    0.00    0.00    0.00    0.00    14      0.00      0.00    8916    1688   0.01      0.00      4.00      0.00       0  mpstat
01:54:33 PM  1000    180333    0.00    0.00    0.00    0.00    0.00    10      0.00      0.00   13648    4764   0.01      0.00      4.00      0.00       0  pidstat
01:54:33 PM  1000    180336    2.00    2.00    0.00    0.00    4.00     8      0.00      0.00 65767728 6819816  20.95      0.00 126976.00      0.00       0  python

# Time        UID       PID    %usr %system  %guest   %wait    %CPU   CPU  minflt/s  majflt/s     VSZ     RSS   %MEM   kB_rd/s   kB_wr/s kB_ccwr/s iodelay  Command
01:54:34 PM  1000    125786    1.00    3.00    0.00    0.00    4.00    10      0.00      0.00   17752   10824   0.03      0.00      0.00      0.00       0  htop
01:54:34 PM   120    179823    0.00    0.00    0.00    0.00    0.00    15      0.00      0.00  521084    3496   0.01     -1.00     -1.00     -1.00       0  gnome-session-b
01:54:34 PM   120    179918    0.00    0.00    0.00    0.00    0.00     9      0.00      0.00  409888    4400   0.01     -1.00     -1.00     -1.00       0  gsd-color
01:54:34 PM   120    179943    0.00    0.00    0.00    0.00    0.00    24      0.00      0.00  432240    4256   0.01     -1.00     -1.00     -1.00       0  gsd-datetime
01:54:34 PM   120    179951    0.00    0.00    0.00    0.00    0.00     6      0.00      0.00  591176    4404   0.01     -1.00     -1.00     -1.00       0  gsd-media-keys
01:54:34 PM  1000    180331    0.00    1.00    0.00    0.00    1.00    23      0.00      0.00  336828    3196   0.01      0.00      4.00      0.00       0  nvidia-smi
01:54:34 PM  1000    180332    0.00    0.00    0.00    0.00    0.00    14      0.00      0.00    8916    1688   0.01      0.00      4.00      0.00       0  mpstat
01:54:34 PM  1000    180333    0.00    1.00    0.00    0.00    1.00    10      0.00      0.00   13648    4764   0.01      0.00      4.00      0.00       0  pidstat
01:54:34 PM  1000    180336    2.00    0.00    0.00    0.00    2.00    10      0.00      0.00 65767728 6819816  20.95      0.00 102400.00      0.00       0  python

# Time        UID       PID    %usr %system  %guest   %wait    %CPU   CPU  minflt/s  majflt/s     VSZ     RSS   %MEM   kB_rd/s   kB_wr/s kB_ccwr/s iodelay  Command
01:54:35 PM  1000    125786    1.00    3.00    0.00    0.00    4.00    10      0.00      0.00   17752   10824   0.03      0.00      0.00      0.00       0  htop
01:54:35 PM     0    134499    0.00    1.00    0.00    0.00    1.00     9      0.00      0.00       0       0   0.00     -1.00     -1.00     -1.00       0  kworker/u128:2+flush-259:0
01:54:35 PM  1000    180331    0.00    1.00    0.00    0.00    1.00    23      0.00      0.00  336828    3196   0.01      0.00      0.00      0.00       0  nvidia-smi
01:54:35 PM  1000    180332    0.00    0.00    0.00    0.00    0.00    14      0.00      0.00    8916    1688   0.01      0.00      4.00      0.00       0  mpstat
01:54:35 PM  1000    180335    0.00    0.00    0.00    0.00    0.00    14      0.00      0.00    8632    1492   0.00      4.00      4.00      0.00       0  tee
01:54:35 PM  1000    180336    1.00    4.00    0.00    0.00    5.00    11     43.00      6.00 64760064 5812496  17.85   1104.00  16196.00      0.00       0  python

# Time        UID       PID    %usr %system  %guest   %wait    %CPU   CPU  minflt/s  majflt/s     VSZ     RSS   %MEM   kB_rd/s   kB_wr/s kB_ccwr/s iodelay  Command
01:54:36 PM     0       974    0.00    1.00    0.00    0.00    1.00    18      0.00      0.00       0       0   0.00     -1.00     -1.00     -1.00       0  nvidia-modeset/kthread_q
01:54:36 PM  1000    180331    1.00    1.00    0.00    0.00    2.00    23      0.00      0.00  336828    3196   0.01      0.00      0.00      0.00       0  nvidia-smi
01:54:36 PM  1000    180332    0.00    0.00    0.00    0.00    0.00    14      0.00      0.00    8916    1688   0.01      0.00      4.00      0.00       0  mpstat
01:54:36 PM  1000    180333    1.00    1.00    0.00    0.00    2.00    10      0.00      0.00   13648    4764   0.01      0.00      4.00      0.00       0  pidstat
01:54:36 PM  1000    180336   34.00   66.00    0.00    0.00  100.00    11 812631.00      0.00 67292952 8324200  25.57      0.00      4.00      0.00       0  python

# Time        UID       PID    %usr %system  %guest   %wait    %CPU   CPU  minflt/s  majflt/s     VSZ     RSS   %MEM   kB_rd/s   kB_wr/s kB_ccwr/s iodelay  Command
01:54:37 PM     0       239    0.00    1.00    0.00    0.00    1.00    11      0.00      0.00       0       0   0.00     -1.00     -1.00     -1.00       0  kswapd0
01:54:37 PM  1000    125786    0.00    3.00    0.00    0.00    3.00    10      0.00      0.00   17752   10824   0.03      0.00      0.00      0.00       0  htop
01:54:37 PM  1000    180331    0.00    1.00    0.00    0.00    1.00    23      0.00      0.00  336828    3196   0.01      0.00      4.00      0.00       0  nvidia-smi
01:54:37 PM  1000    180332    0.00    0.00    0.00    0.00    0.00    14      0.00      0.00    8916    1688   0.01      0.00      4.00      0.00       0  mpstat
01:54:37 PM  1000    180336   34.00   34.00    0.00    0.00   68.00     2 455572.00      0.00 69093148 10145384  31.16      0.00  32768.00      0.00       0  python

# Time        UID       PID    %usr %system  %guest   %wait    %CPU   CPU  minflt/s  majflt/s     VSZ     RSS   %MEM   kB_rd/s   kB_wr/s kB_ccwr/s iodelay  Command
01:54:38 PM     0       219    0.00    2.00    0.00    0.00    2.00    10      0.00      0.00       0       0   0.00     -1.00     -1.00     -1.00       0  kcompactd0
01:54:38 PM  1000    125786    0.00    3.00    0.00    0.00    3.00    10      0.00      0.00   17752   10824   0.03      0.00      0.00      0.00       0  htop
01:54:38 PM  1000    180331    0.00    1.00    0.00    0.00    1.00    23      0.00      0.00  336828    3196   0.01      0.00      0.00      0.00       0  nvidia-smi
01:54:38 PM  1000    180332    0.00    0.00    0.00    0.00    0.00    14      0.00      0.00    8916    1688   0.01      0.00      8.00      0.00       0  mpstat
01:54:38 PM  1000    180333    0.00    1.00    0.00    0.00    1.00     8      0.00      0.00   13648    4764   0.01      0.00      4.00      0.00       0  pidstat
01:54:38 PM  1000    180336    1.00    1.00    0.00    1.00    2.00     8      0.00      0.00 69093148 10145384  31.16      0.00  90112.00      0.00       0  python

# Time        UID       PID    %usr %system  %guest   %wait    %CPU   CPU  minflt/s  majflt/s     VSZ     RSS   %MEM   kB_rd/s   kB_wr/s kB_ccwr/s iodelay  Command
01:54:39 PM     0       219    0.00    1.00    0.00    0.00    1.00    10      0.00      0.00       0       0   0.00     -1.00     -1.00     -1.00       0  kcompactd0
01:54:39 PM     0      1483    0.00    1.00    0.00    0.00    1.00     8      1.00      0.00 1360812   32456   0.10     -1.00     -1.00     -1.00       0  tailscaled
01:54:39 PM  1000      6390    0.00    0.00    0.00    0.00    0.00    10      6.00      0.00   16396    8088   0.02      0.00      0.00      0.00       0  zsh
01:54:39 PM     0     27984    0.00    1.00    0.00    0.00    1.00     6      0.00      0.00       0       0   0.00     -1.00     -1.00     -1.00       0  kworker/u128:13-ext4-rsv-conversion
01:54:39 PM   120    179921    0.00    0.00    0.00    0.00    0.00     0      0.00      0.00  408232    2356   0.01     -1.00     -1.00     -1.00       0  gsd-keyboard
01:54:39 PM   120    179943    0.00    0.00    0.00    0.00    0.00    24      0.00      0.00  432240    4000   0.01     -1.00     -1.00     -1.00       0  gsd-datetime
01:54:39 PM   120    179951    0.00    0.00    0.00    0.00    0.00     6      0.00      0.00  591176    4148   0.01     -1.00     -1.00     -1.00       0  gsd-media-keys
01:54:39 PM  1000    180331    0.00    1.00    0.00    0.00    1.00     6      0.00      0.00  336828    3196   0.01      0.00      0.00      0.00       0  nvidia-smi
01:54:39 PM  1000    180332    0.00    0.00    0.00    0.00    0.00    14      0.00      0.00    8916    1688   0.01      0.00      4.00      0.00       0  mpstat
01:54:39 PM  1000    180333    0.00    0.00    0.00    0.00    0.00     8      0.00      0.00   13648    4764   0.01      0.00      4.00      0.00       0  pidstat
01:54:39 PM  1000    180336    2.00    0.00    0.00    0.00    2.00     8      0.00      0.00 69093148 10145384  31.16      0.00  81920.00      0.00       0  python

# Time        UID       PID    %usr %system  %guest   %wait    %CPU   CPU  minflt/s  majflt/s     VSZ     RSS   %MEM   kB_rd/s   kB_wr/s kB_ccwr/s iodelay  Command
01:54:40 PM     0        15    0.00    1.00    0.00    0.00    1.00     0      0.00      0.00       0       0   0.00     -1.00     -1.00     -1.00       0  rcu_preempt
01:54:40 PM  1000    125786    1.00    3.00    0.00    0.00    4.00    10      0.00      0.00   17752   10824   0.03      0.00      0.00      0.00       0  htop
01:54:40 PM     0    134499    0.00    2.00    0.00    0.00    2.00     9      0.00      0.00       0       0   0.00     -1.00     -1.00     -1.00       0  kworker/u128:2+flush-259:0
01:54:40 PM   120    179902    0.00    0.00    0.00    0.00    0.00     5      0.00      0.00 2531944    4888   0.02     -1.00     -1.00     -1.00       0  gjs
01:54:40 PM  1000    180331    1.00    1.00    0.00    0.00    2.00     6      0.00      0.00  336828    3196   0.01      0.00      4.00      0.00       0  nvidia-smi
01:54:40 PM  1000    180332    0.00    0.00    0.00    0.00    0.00    14      0.00      0.00    8916    1688   0.01      0.00      8.00      0.00       0  mpstat
01:54:40 PM  1000    180333    1.00    1.00    0.00    0.00    2.00     8      0.00      0.00   13648    4764   0.01      0.00      0.00      0.00       0  pidstat
01:54:40 PM  1000    180336    2.00    2.00    0.00    0.00    4.00    10      0.00      0.00 69093148 10145384  31.16      0.00 110592.00      0.00       0  python
01:54:40 PM  1000    180397    1.00    0.00    0.00    0.00    1.00    19      0.00      0.00 64070548 3483128  10.70      0.00      0.00      0.00       0  pt_data_worker

# Time        UID       PID    %usr %system  %guest   %wait    %CPU   CPU  minflt/s  majflt/s     VSZ     RSS   %MEM   kB_rd/s   kB_wr/s kB_ccwr/s iodelay  Command
01:54:41 PM     0       219    0.00    2.00    0.00    0.00    2.00    10      0.00      0.00       0       0   0.00     -1.00     -1.00     -1.00       0  kcompactd0
01:54:41 PM  1000    125786    1.00    2.00    0.00    0.00    3.00    10      0.00      0.00   17752   10824   0.03      0.00      0.00      0.00       0  htop
01:54:41 PM   120    179924    0.00    0.00    0.00    0.00    0.00    27      0.00      0.00  324100    2560   0.01     -1.00     -1.00     -1.00       0  gsd-print-notif
01:54:41 PM   120    179951    0.00    0.00    0.00    0.00    0.00     6      0.00      0.00  591176    3892   0.01     -1.00     -1.00     -1.00       0  gsd-media-keys
01:54:41 PM  1000    180333    0.00    0.00    0.00    0.00    0.00     8      0.00      0.00   13648    4764   0.01      0.00      8.00      0.00       0  pidstat
01:54:41 PM  1000    180336    3.00    1.00    0.00    0.00    4.00    10      0.00      0.00 69093148 10145384  31.16      0.00 137216.00      0.00       0  python

# Time        UID       PID    %usr %system  %guest   %wait    %CPU   CPU  minflt/s  majflt/s     VSZ     RSS   %MEM   kB_rd/s   kB_wr/s kB_ccwr/s iodelay  Command
01:54:42 PM     0       219    0.00    2.00    0.00    0.00    2.00    10      0.00      0.00       0       0   0.00     -1.00     -1.00     -1.00       0  kcompactd0
01:54:42 PM     0       239    0.00    1.00    0.00    0.00    1.00    14      0.00      0.00       0       0   0.00     -1.00     -1.00     -1.00       0  kswapd0
01:54:42 PM  1000    180331    0.00    1.00    0.00    0.00    1.00     6      0.00      0.00  336828    3196   0.01      0.00      0.00      0.00       0  nvidia-smi
01:54:42 PM  1000    180332    0.00    0.00    0.00    0.00    0.00    14      0.00      0.00    8916    1688   0.01      0.00      4.00      0.00       0  mpstat
01:54:42 PM  1000    180333    0.00    1.00    0.00    0.00    1.00     8      0.00      0.00   13648    4764   0.01      0.00      0.00      0.00       0  pidstat
01:54:42 PM  1000    180336    3.00    1.00    0.00    0.00    4.00    10      0.00      0.00 69093148 10145384  31.16      0.00 129024.00      0.00       0  python

# Time        UID       PID    %usr %system  %guest   %wait    %CPU   CPU  minflt/s  majflt/s     VSZ     RSS   %MEM   kB_rd/s   kB_wr/s kB_ccwr/s iodelay  Command
01:54:43 PM     0       219    0.00    2.00    0.00    0.00    2.00    10      0.00      0.00       0       0   0.00     -1.00     -1.00     -1.00       0  kcompactd0
01:54:43 PM  1000    125786    0.00    4.00    0.00    0.00    4.00    10      0.00      0.00   17752   10824   0.03      0.00      0.00      0.00       0  htop
01:54:43 PM   120    179958    0.00    0.00    0.00    0.00    0.00     6      0.00      0.00  394080    2632   0.01     -1.00     -1.00     -1.00       0  gsd-sound
01:54:43 PM  1000    180331    0.00    0.00    0.00    0.00    0.00    10      0.00      0.00  336828    3196   0.01      0.00      4.00      0.00       0  nvidia-smi
01:54:43 PM  1000    180332    0.00    0.00    0.00    0.00    0.00    14      0.00      0.00    8916    1688   0.01      0.00      4.00      0.00       0  mpstat
01:54:43 PM  1000    180333    1.00    0.00    0.00    0.00    1.00     8      0.00      0.00   13648    4764   0.01      0.00      0.00      0.00       0  pidstat
01:54:43 PM  1000    180336    2.00    1.00    0.00    0.00    3.00    10      0.00      0.00 69093148 10145384  31.16      0.00 110592.00      0.00       0  python

# Time        UID       PID    %usr %system  %guest   %wait    %CPU   CPU  minflt/s  majflt/s     VSZ     RSS   %MEM   kB_rd/s   kB_wr/s kB_ccwr/s iodelay  Command
01:54:44 PM     0       219    0.00    2.00    0.00    0.00    2.00    10      0.00      0.00       0       0   0.00     -1.00     -1.00     -1.00       0  kcompactd0
01:54:44 PM     0      1483    0.00    0.00    0.00    0.00    0.00     8     12.00      5.00 1360812   32456   0.10     -1.00     -1.00     -1.00       0  tailscaled
01:54:44 PM  1000    125786    1.00    2.00    0.00    0.00    3.00    10      0.00      0.00   17752   10824   0.03      0.00      0.00      0.00       0  htop
01:54:44 PM  1000    180331    0.00    1.00    0.00    0.00    1.00     6      0.00      0.00  336828    3196   0.01      0.00      0.00      0.00       0  nvidia-smi
01:54:44 PM  1000    180332    0.00    0.00    0.00    0.00    0.00    14      0.00      0.00    8916    1688   0.01      0.00      4.00      0.00       0  mpstat
01:54:44 PM  1000    180333    0.00    1.00    0.00    0.00    1.00     8      0.00      0.00   13648    4764   0.01      0.00      4.00      0.00       0  pidstat
01:54:44 PM  1000    180336    2.00    1.00    0.00    0.00    3.00    12      0.00      0.00 69093148 10145384  31.16      0.00  98304.00      0.00       0  python
01:54:44 PM  1000    181352    1.00    0.00    0.00    0.00    1.00    10      0.00      0.00 17381260  344408   1.06      0.00      0.00      0.00       0  python

# Time        UID       PID    %usr %system  %guest   %wait    %CPU   CPU  minflt/s  majflt/s     VSZ     RSS   %MEM   kB_rd/s   kB_wr/s kB_ccwr/s iodelay  Command
01:54:45 PM     0       219    0.00    2.00    0.00    0.00    2.00    10      0.00      0.00       0       0   0.00     -1.00     -1.00     -1.00       0  kcompactd0
01:54:45 PM     0      1483    0.00    0.00    0.00    0.00    0.00     8     12.00      9.00 1360812   32456   0.10     -1.00     -1.00     -1.00       0  tailscaled
01:54:45 PM  1000    180331    0.00    1.00    0.00    0.00    1.00     6      0.00      0.00  336828    3196   0.01      0.00      0.00      0.00       0  nvidia-smi
01:54:45 PM  1000    180332    0.00    0.00    0.00    0.00    0.00    14      0.00      0.00    8916    1688   0.01      0.00      8.00      0.00       0  mpstat
01:54:45 PM  1000    180336    2.00    0.00    0.00    0.00    2.00    10      0.00      0.00 69093148 10145384  31.16      0.00  90112.00      0.00       0  python

# Time        UID       PID    %usr %system  %guest   %wait    %CPU   CPU  minflt/s  majflt/s     VSZ     RSS   %MEM   kB_rd/s   kB_wr/s kB_ccwr/s iodelay  Command
01:54:46 PM     0       219    0.00    2.00    0.00    0.00    2.00    10      0.00      0.00       0       0   0.00     -1.00     -1.00     -1.00       0  kcompactd0
01:54:46 PM     0       239    0.00    1.00    0.00    0.00    1.00    14      0.00      0.00       0       0   0.00     -1.00     -1.00     -1.00       0  kswapd0
01:54:46 PM     0       974    0.00    1.00    0.00    0.00    1.00    15      0.00      0.00       0       0   0.00     -1.00     -1.00     -1.00       0  nvidia-modeset/kthread_q
01:54:46 PM  1000    125786    1.00    3.00    0.00    0.00    4.00    10      0.00      0.00   17752   10824   0.03      0.00      0.00      0.00       0  htop
01:54:46 PM     0    134499    0.00    1.00    0.00    0.00    1.00     9      0.00      0.00       0       0   0.00     -1.00     -1.00     -1.00       0  kworker/u128:2+flush-259:0
01:54:46 PM   120    179902    0.00    0.00    0.00    0.00    0.00     5      0.00      0.00 2531944    4632   0.01     -1.00     -1.00     -1.00       0  gjs
01:54:46 PM   120    179951    0.00    0.00    0.00    0.00    0.00     6      0.00      0.00  591176    3636   0.01     -1.00     -1.00     -1.00       0  gsd-media-keys
01:54:46 PM   120    179955    0.00    0.00    0.00    0.00    0.00     3      0.00      0.00  309892    2384   0.01     -1.00     -1.00     -1.00       0  gsd-screensaver
01:54:46 PM   120    179964    0.00    0.00    0.00    0.00    0.00     5      0.00      0.00  384088    2244   0.01     -1.00     -1.00     -1.00       0  gsd-a11y-settin
01:54:46 PM  1000    180333    0.00    0.00    0.00    0.00    0.00     8      0.00      0.00   13648    4764   0.01      0.00      4.00      0.00       0  pidstat
01:54:46 PM  1000    180336    2.00    1.00    0.00    0.00    3.00    10      0.00      0.00 69093148 10145384  31.16      0.00  83968.00      0.00       0  python

# Time        UID       PID    %usr %system  %guest   %wait    %CPU   CPU  minflt/s  majflt/s     VSZ     RSS   %MEM   kB_rd/s   kB_wr/s kB_ccwr/s iodelay  Command
01:54:47 PM     0      1483    0.00    0.00    0.00    0.00    0.00     8     69.00     10.00 1360812   32712   0.10     -1.00     -1.00     -1.00       0  tailscaled
01:54:47 PM  1000    125786    0.00    2.00    0.00    0.00    2.00    10      0.00      0.00   17752   10824   0.03      0.00      0.00      0.00       0  htop
01:54:47 PM   120    179958    0.00    0.00    0.00    0.00    0.00     6      0.00      0.00  394080    2376   0.01     -1.00     -1.00     -1.00       0  gsd-sound
01:54:47 PM  1000    180331    0.00    1.00    0.00    0.00    1.00     6      0.00      0.00  336828    3196   0.01      0.00      0.00      0.00       0  nvidia-smi
01:54:47 PM  1000    180332    0.00    0.00    0.00    0.00    0.00    14      0.00      0.00    8916    1688   0.01      0.00      4.00      0.00       0  mpstat
01:54:47 PM  1000    180333    1.00    1.00    0.00    0.00    2.00     8      0.00      0.00   13648    4764   0.01      0.00      4.00      0.00       0  pidstat
01:54:47 PM  1000    180336    2.00    1.00    0.00    0.00    3.00    12      0.00      0.00 69093148 10145384  31.16      0.00  79872.00      0.00       0  python

# Time        UID       PID    %usr %system  %guest   %wait    %CPU   CPU  minflt/s  majflt/s     VSZ     RSS   %MEM   kB_rd/s   kB_wr/s kB_ccwr/s iodelay  Command
01:54:48 PM     0       219    0.00    1.00    0.00    0.00    1.00    11      0.00      0.00       0       0   0.00     -1.00     -1.00     -1.00       0  kcompactd0
01:54:48 PM     0      1483    0.00    0.00    0.00    0.00    0.00     8      3.00      0.00 1360812   32712   0.10     -1.00     -1.00     -1.00       0  tailscaled
01:54:48 PM  1000    125786    0.00    1.00    0.00    0.00    1.00    10      0.00      0.00   17752   10824   0.03      0.00      0.00      0.00       0  htop
01:54:48 PM  1000    180331    1.00    0.00    0.00    0.00    1.00    10      0.00      0.00  336828    3196   0.01      4.00      4.00      0.00       0  nvidia-smi
01:54:48 PM  1000    180332    0.00    0.00    0.00    0.00    0.00    14      0.00      0.00    8916    1688   0.01      0.00      4.00      0.00       0  mpstat
01:54:48 PM  1000    180336    2.00    1.00    0.00    0.00    3.00     8      0.00      0.00 69093148 10145384  31.16      0.00  73728.00      0.00       0  python

# Time        UID       PID    %usr %system  %guest   %wait    %CPU   CPU  minflt/s  majflt/s     VSZ     RSS   %MEM   kB_rd/s   kB_wr/s kB_ccwr/s iodelay  Command
01:54:49 PM     0       219    0.00    1.00    0.00    0.00    1.00     8      0.00      0.00       0       0   0.00     -1.00     -1.00     -1.00       0  kcompactd0
01:54:49 PM     0      1483    0.00    0.00    0.00    0.00    0.00     8      1.00      1.00 1360812   32712   0.10     -1.00     -1.00     -1.00       0  tailscaled
01:54:49 PM  1000      6390    0.00    0.00    0.00    0.00    0.00     8      6.00      0.00   16396    8088   0.02      0.00      0.00      0.00       0  zsh
01:54:49 PM     0     27984    0.00    1.00    0.00    0.00    1.00    12      0.00      0.00       0       0   0.00     -1.00     -1.00     -1.00       0  kworker/u128:13-events_power_efficient
01:54:49 PM  1000    125786    1.00    3.00    0.00    0.00    4.00    10      0.00      0.00   17752   10824   0.03      0.00      0.00      0.00       0  htop
01:54:49 PM     0    134499    0.00    1.00    0.00    0.00    1.00     9      0.00      0.00       0       0   0.00     -1.00     -1.00     -1.00       0  kworker/u128:2+flush-259:0
01:54:49 PM   120    179943    0.00    0.00    0.00    0.00    0.00    24      0.00      0.00  432240    3744   0.01     -1.00     -1.00     -1.00       0  gsd-datetime
01:54:49 PM  1000    180331    0.00    1.00    0.00    0.00    1.00     6      0.00      0.00  336828    3196   0.01      0.00      0.00      0.00       0  nvidia-smi
01:54:49 PM  1000    180332    0.00    0.00    0.00    0.00    0.00    14      0.00      0.00    8916    1688   0.01      0.00      8.00      0.00       0  mpstat
01:54:49 PM  1000    180333    0.00    1.00    0.00    0.00    1.00    10      0.00      0.00   13648    4764   0.01      0.00      0.00      0.00       0  pidstat
01:54:49 PM  1000    180336    2.00    1.00    0.00    0.00    3.00    12      0.00      0.00 69093148 10145384  31.16      0.00  83968.00      0.00       0  python

# Time        UID       PID    %usr %system  %guest   %wait    %CPU   CPU  minflt/s  majflt/s     VSZ     RSS   %MEM   kB_rd/s   kB_wr/s kB_ccwr/s iodelay  Command
01:54:50 PM     0       219    0.00    1.00    0.00    0.00    1.00     8      0.00      0.00       0       0   0.00     -1.00     -1.00     -1.00       0  kcompactd0
01:54:50 PM     0       239    0.00    1.00    0.00    0.00    1.00     2      0.00      0.00       0       0   0.00     -1.00     -1.00     -1.00       0  kswapd0
01:54:50 PM     0      1483    0.00    0.00    0.00    0.00    0.00     8     22.00      4.00 1360812   32712   0.10     -1.00     -1.00     -1.00       0  tailscaled
01:54:50 PM     0    125925    0.00    1.00    0.00    0.00    1.00    14      0.00      0.00       0       0   0.00     -1.00     -1.00     -1.00       0  kworker/14:0-events
01:54:50 PM     0    179756    0.00    1.00    0.00    0.00    1.00    14      0.00      0.00       0       0   0.00     -1.00     -1.00     -1.00       0  kworker/14:1-events
01:54:50 PM  1000    180331    0.00    1.00    0.00    0.00    1.00     6      0.00      0.00  336828    3196   0.01      0.00      4.00      0.00       0  nvidia-smi
01:54:50 PM  1000    180332    0.00    0.00    0.00    0.00    0.00    14      0.00      0.00    8916    1688   0.01      0.00      4.00      0.00       0  mpstat
01:54:50 PM  1000    180333    0.00    0.00    0.00    0.00    0.00    10      0.00      0.00   13648    4764   0.01      0.00      8.00      0.00       0  pidstat
01:54:50 PM  1000    180336    2.00    2.00    0.00    0.00    4.00     8      0.00      0.00 69093148 10145384  31.16      0.00  79872.00      0.00       0  python
01:54:50 PM  1000    181334    1.00    0.00    0.00    0.00    1.00    24      0.00      0.00 17381260  344344   1.06      0.00      0.00      0.00       0  python

# Time        UID       PID    %usr %system  %guest   %wait    %CPU   CPU  minflt/s  majflt/s     VSZ     RSS   %MEM   kB_rd/s   kB_wr/s kB_ccwr/s iodelay  Command
01:54:51 PM     0       219    0.00    2.00    0.00    0.00    2.00     8      0.00      0.00       0       0   0.00     -1.00     -1.00     -1.00       0  kcompactd0
01:54:51 PM     0      1483    1.00    1.00    0.00    0.00    2.00     8      0.00      0.00 1360812   32712   0.10     -1.00     -1.00     -1.00       0  tailscaled
01:54:51 PM  1000    125786    0.00    3.00    0.00    0.00    3.00    10      0.00      0.00   17752   10824   0.03      0.00      0.00      0.00       0  htop
01:54:51 PM  1000    180331    0.00    0.00    0.00    0.00    0.00     8      0.00      0.00  336828    3196   0.01      0.00      4.00      0.00       0  nvidia-smi
01:54:51 PM  1000    180332    0.00    0.00    0.00    0.00    0.00    14      0.00      0.00    8916    1688   0.01      0.00      4.00      0.00       0  mpstat
01:54:51 PM  1000    180333    1.00    1.00    0.00    0.00    2.00    10      0.00      0.00   13648    4764   0.01      0.00      0.00      0.00       0  pidstat
01:54:51 PM  1000    180336    2.00    1.00    0.00    0.00    3.00     8      0.00      0.00 69093148 10145384  31.16      0.00  96256.00      0.00       0  python

# Time        UID       PID    %usr %system  %guest   %wait    %CPU   CPU  minflt/s  majflt/s     VSZ     RSS   %MEM   kB_rd/s   kB_wr/s kB_ccwr/s iodelay  Command
01:54:52 PM  1000    125786    1.00    3.00    0.00    0.00    4.00    10      0.00      0.00   17752   10824   0.03      0.00      0.00      0.00       0  htop
01:54:52 PM   120    179977    0.00    0.00    0.00    0.00    0.00     7      0.00      0.00  520544    6664   0.02     -1.00     -1.00     -1.00       0  gsd-power
01:54:52 PM  1000    180331    0.00    1.00    0.00    0.00    1.00     8      0.00      0.00  336828    3196   0.01      0.00      0.00      0.00       0  nvidia-smi
01:54:52 PM  1000    180332    0.00    0.00    0.00    0.00    0.00    14      0.00      0.00    8916    1688   0.01      0.00      4.00      0.00       0  mpstat
01:54:52 PM  1000    180333    0.00    0.00    0.00    0.00    0.00    10      0.00      0.00   13648    4764   0.01      0.00      4.00      0.00       0  pidstat
01:54:52 PM  1000    180336    3.00    1.00    0.00    0.00    4.00     8      0.00      0.00 69093148 10145384  31.16      0.00  81920.00      0.00       0  python

# Time        UID       PID    %usr %system  %guest   %wait    %CPU   CPU  minflt/s  majflt/s     VSZ     RSS   %MEM   kB_rd/s   kB_wr/s kB_ccwr/s iodelay  Command
01:54:53 PM     0       219    0.00    2.00    0.00    0.00    2.00     8      0.00      0.00       0       0   0.00     -1.00     -1.00     -1.00       0  kcompactd0
01:54:53 PM  1000    180331    0.00    0.00    0.00    0.00    0.00     8      0.00      0.00  336828    3196   0.01      0.00      4.00      0.00       0  nvidia-smi
01:54:53 PM  1000    180332    0.00    0.00    0.00    0.00    0.00    14      0.00      0.00    8916    1688   0.01      0.00      4.00      0.00       0  mpstat
01:54:53 PM  1000    180333    0.00    1.00    0.00    0.00    1.00    10      0.00      0.00   13648    4764   0.01      0.00      0.00      0.00       0  pidstat
01:54:53 PM  1000    180336    2.00    1.00    0.00    0.00    3.00    10      0.00      0.00 69093148 10145384  31.16      0.00  75776.00      0.00       0  python

# Time        UID       PID    %usr %system  %guest   %wait    %CPU   CPU  minflt/s  majflt/s     VSZ     RSS   %MEM   kB_rd/s   kB_wr/s kB_ccwr/s iodelay  Command
01:54:54 PM     0       219    0.00    2.00    0.00    0.00    2.00     8      0.00      0.00       0       0   0.00     -1.00     -1.00     -1.00       0  kcompactd0
01:54:54 PM  1000    125786    0.00    3.00    0.00    0.00    3.00    10      0.00      0.00   17752   10824   0.03      0.00      0.00      0.00       0  htop
01:54:54 PM     0    134499    0.00    1.00    0.00    0.00    1.00     9      0.00      0.00       0       0   0.00     -1.00     -1.00     -1.00       0  kworker/u128:2+flush-259:0
01:54:54 PM   120    179912    0.00    0.00    0.00    0.00    0.00    14      0.00      0.00  543768    3164   0.01     -1.00     -1.00     -1.00       0  gsd-sharing
01:54:54 PM  1000    180331    0.00    1.00    0.00    0.00    1.00     8      0.00      0.00  336828    3196   0.01      0.00      0.00      0.00       0  nvidia-smi
01:54:54 PM  1000    180332    0.00    0.00    0.00    0.00    0.00    14      0.00      0.00    8916    1688   0.01      0.00      4.00      0.00       0  mpstat
01:54:54 PM  1000    180333    0.00    0.00    0.00    0.00    0.00    10      0.00      0.00   13648    4764   0.01      0.00      4.00      0.00       0  pidstat
01:54:54 PM  1000    180336    2.00    1.00    0.00    0.00    3.00    10      0.00      0.00 69093148 10145384  31.16      0.00  71680.00      0.00       0  python

# Time        UID       PID    %usr %system  %guest   %wait    %CPU   CPU  minflt/s  majflt/s     VSZ     RSS   %MEM   kB_rd/s   kB_wr/s kB_ccwr/s iodelay  Command
01:54:55 PM  1000    125786    1.00    3.00    0.00    0.00    4.00    10      0.00      0.00   17752   10824   0.03      0.00      0.00      0.00       0  htop
01:54:55 PM   120    179783    0.00    0.00    0.00    0.00    0.00     0     12.00     29.00 25994904   23520   0.07     -1.00     -1.00     -1.00       0  Xorg
01:54:55 PM   120    179843    0.00    0.00    0.00    0.00    0.00     7      3.00      7.00 4031472   96992   0.30     -1.00     -1.00     -1.00       0  gnome-shell
01:54:55 PM   120    179977    0.00    0.00    0.00    0.00    0.00     7      1.00      0.00  520544    6664   0.02     -1.00     -1.00     -1.00       0  gsd-power
01:54:55 PM  1000    180331    1.00    1.00    0.00    0.00    2.00    17      0.00      0.00  336828    3196   0.01      0.00      0.00      0.00       0  nvidia-smi
01:54:55 PM  1000    180332    0.00    1.00    0.00    0.00    1.00    14      0.00      0.00    8916    1688   0.01      0.00      8.00      0.00       0  mpstat
01:54:55 PM  1000    180333    0.00    1.00    0.00    0.00    1.00    10      0.00      0.00   13648    4764   0.01      0.00      4.00      0.00       0  pidstat
01:54:55 PM  1000    180336    2.00    2.00    0.00    0.00    4.00    10      0.00      0.00 69093148 10145384  31.16      0.00  65536.00      0.00       0  python

# Time        UID       PID    %usr %system  %guest   %wait    %CPU   CPU  minflt/s  majflt/s     VSZ     RSS   %MEM   kB_rd/s   kB_wr/s kB_ccwr/s iodelay  Command
01:54:56 PM     0       219    0.00    2.00    0.00    0.00    2.00    11      0.00      0.00       0       0   0.00     -1.00     -1.00     -1.00       0  kcompactd0
01:54:56 PM     0       239    0.00    1.00    0.00    0.00    1.00     8      0.00      0.00       0       0   0.00     -1.00     -1.00     -1.00       0  kswapd0
01:54:56 PM     0       974    0.00    1.00    0.00    0.00    1.00    14      0.00      0.00       0       0   0.00     -1.00     -1.00     -1.00       0  nvidia-modeset/kthread_q
01:54:56 PM  1000      9066    0.00    1.00    0.00    0.00    1.00     2      0.00      0.00  958328    8328   0.03      0.00      0.00      0.00       0  Omniverse Hub
01:54:56 PM   120    179783    0.00    0.00    0.00    0.00    0.00     1      9.00     22.00 25994904   23520   0.07     -1.00     -1.00     -1.00       0  Xorg
01:54:56 PM   120    179843    0.00    1.00    0.00    0.00    1.00     7      6.00     23.00 4031472   97544   0.30     -1.00     -1.00     -1.00       0  gnome-shell
01:54:56 PM   120    179977    0.00    0.00    0.00    0.00    0.00     7      0.00      0.00  520544    6408   0.02     -1.00     -1.00     -1.00       0  gsd-power
01:54:56 PM   120    180004    0.00    0.00    0.00    0.00    0.00     7      4.00      0.00  389028    8056   0.02     -1.00     -1.00     -1.00       0  ibus-daemon
01:54:56 PM   120    180102    0.00    0.00    0.00    0.00    0.00     2     32.00      2.00  236972    4396   0.01     -1.00     -1.00     -1.00       0  ibus-engine-sim
01:54:56 PM  1000    180331    0.00    1.00    0.00    0.00    1.00    17      0.00      0.00  336828    3196   0.01      0.00      0.00      0.00       0  nvidia-smi
01:54:56 PM  1000    180333    1.00    0.00    0.00    0.00    1.00    10      0.00      0.00   13648    4764   0.01      0.00      0.00      0.00       0  pidstat
01:54:56 PM  1000    180336    1.00    1.00    0.00    0.00    2.00    10      0.00      0.00 69093148 10145384  31.16      0.00  61440.00      0.00       0  python

# Time        UID       PID    %usr %system  %guest   %wait    %CPU   CPU  minflt/s  majflt/s     VSZ     RSS   %MEM   kB_rd/s   kB_wr/s kB_ccwr/s iodelay  Command
01:54:57 PM     0      5133    0.00    1.00    0.00    0.00    1.00    13      0.00      0.00       0       0   0.00     -1.00     -1.00     -1.00       0  kworker/13:1H-kblockd
01:54:57 PM  1000    125650    0.00    1.00    0.00    0.00    1.00    14      0.00      0.00   15344    5976   0.02     -1.00     -1.00     -1.00       0  sshd
01:54:57 PM  1000    125786    0.00    3.00    0.00    0.00    3.00    10      0.00      0.00   17752   10824   0.03      0.00      0.00      0.00       0  htop
01:54:57 PM     0    134499    0.00    1.00    0.00    0.00    1.00    12      0.00      0.00       0       0   0.00     -1.00     -1.00     -1.00       0  kworker/u128:2+flush-259:0
01:54:57 PM     0    142287    0.00    1.00    0.00    0.00    1.00     9      0.00      0.00       0       0   0.00     -1.00     -1.00     -1.00       0  kworker/u128:0-ext4-rsv-conversion
01:54:57 PM   120    179783    0.00    0.00    0.00    0.00    0.00     1      7.00      5.00 25994904   23520   0.07     -1.00     -1.00     -1.00       0  Xorg
01:54:57 PM   120    179843    1.00    0.00    0.00    0.00    1.00    16    135.00    135.00 4032960  100272   0.31     -1.00     -1.00     -1.00       0  gnome-shell
01:54:57 PM   120    180004    0.00    0.00    0.00    0.00    0.00     8      1.00      0.00  389028    8056   0.02     -1.00     -1.00     -1.00       0  ibus-daemon
01:54:57 PM   120    180102    0.00    0.00    0.00    0.00    0.00     2      2.00      0.00  236972    4396   0.01     -1.00     -1.00     -1.00       0  ibus-engine-sim
01:54:57 PM  1000    180331    0.00    1.00    0.00    0.00    1.00    17      0.00      0.00  336828    3196   0.01      0.00      0.00      0.00       0  nvidia-smi
01:54:57 PM  1000    180332    0.00    0.00    0.00    0.00    0.00    14      0.00      0.00    8916    1688   0.01      0.00      8.00      0.00       0  mpstat
01:54:57 PM  1000    180333    0.00    1.00    0.00    0.00    1.00    10      0.00      0.00   13648    4764   0.01      0.00      4.00      0.00       0  pidstat
01:54:57 PM  1000    180336    2.00    1.00    0.00    0.00    3.00    10      0.00      0.00 69093148 10145384  31.16      0.00  59392.00      0.00       0  python

# Time        UID       PID    %usr %system  %guest   %wait    %CPU   CPU  minflt/s  majflt/s     VSZ     RSS   %MEM   kB_rd/s   kB_wr/s kB_ccwr/s iodelay  Command
01:54:58 PM     0       219    0.00    2.00    0.00    0.00    2.00    11      0.00      0.00       0       0   0.00     -1.00     -1.00     -1.00       0  kcompactd0
01:54:58 PM     0       526    0.00    0.00    0.00    0.00    0.00     4     29.00      0.00   67880   16384   0.05     -1.00     -1.00     -1.00       0  systemd-journal
01:54:58 PM  1000    125786    0.00    3.00    0.00    1.00    3.00    10      0.00      0.00   17752   10824   0.03      0.00      0.00      0.00       0  htop
01:54:58 PM   120    179783    0.00    0.00    0.00    0.00    0.00     1    133.00     17.00 25994904   24032   0.07     -1.00     -1.00     -1.00       0  Xorg
01:54:58 PM   120    179843    0.00    0.00    0.00    0.00    0.00    11    556.00    107.00 4032960  102576   0.32     -1.00     -1.00     -1.00       0  gnome-shell
01:54:58 PM  1000    180331    0.00    2.00    0.00    0.00    2.00    17      0.00      0.00  336828    3196   0.01      0.00      4.00      0.00       0  nvidia-smi
01:54:58 PM  1000    180332    0.00    0.00    0.00    0.00    0.00    14      0.00      0.00    8916    1688   0.01      0.00      8.00      0.00       0  mpstat
01:54:58 PM  1000    180333    0.00    0.00    0.00    0.00    0.00    10      0.00      0.00   13648    4764   0.01      0.00      4.00      0.00       0  pidstat
01:54:58 PM  1000    180336    3.00    2.00    0.00    0.00    5.00     8      0.00      0.00 69093148 10145384  31.16      0.00 245760.00      0.00       0  python

# Time        UID       PID    %usr %system  %guest   %wait    %CPU   CPU  minflt/s  majflt/s     VSZ     RSS   %MEM   kB_rd/s   kB_wr/s kB_ccwr/s iodelay  Command
01:54:59 PM     0       219    0.00    1.00    0.00    0.00    1.00     8      0.00      0.00       0       0   0.00     -1.00     -1.00     -1.00       0  kcompactd0
01:54:59 PM     0       239    0.00    1.00    0.00    0.00    1.00    10      0.00      0.00       0       0   0.00     -1.00     -1.00     -1.00       0  kswapd0
01:54:59 PM  1000      6390    0.00    0.00    0.00    0.00    0.00     8      6.00      0.00   16396    8088   0.02      0.00      0.00      0.00       0  zsh
01:54:59 PM     0    134499    0.00    1.00    0.00    0.00    1.00     9      0.00      0.00       0       0   0.00     -1.00     -1.00     -1.00       0  kworker/u128:2+flush-259:0
01:54:59 PM   120    179783    0.00    1.00    0.00    0.00    1.00     1    105.00     18.00 25994904   23776   0.07     -1.00     -1.00     -1.00       0  Xorg
01:54:59 PM   120    179843    0.00    0.00    0.00    0.00    0.00    12     66.00     25.00 4032960  102832   0.32     -1.00     -1.00     -1.00       0  gnome-shell
01:54:59 PM   120    179913    0.00    0.00    0.00    0.00    0.00     2      0.00      0.00  408768    2972   0.01     -1.00     -1.00     -1.00       0  gsd-wacom
01:54:59 PM   120    179929    0.00    0.00    0.00    0.00    0.00    18      0.00      0.00  531420    2320   0.01     -1.00     -1.00     -1.00       0  gsd-rfkill
01:54:59 PM  1000    180331    0.00    3.00    0.00    0.00    3.00    17      0.00      0.00  336828    3196   0.01      0.00      0.00      0.00       0  nvidia-smi
01:54:59 PM  1000    180332    0.00    0.00    0.00    0.00    0.00    14      0.00      0.00    8916    1688   0.01      0.00      4.00      0.00       0  mpstat
01:54:59 PM  1000    180333    0.00    1.00    0.00    0.00    1.00    10      0.00      0.00   13648    4764   0.01      0.00      8.00      0.00       0  pidstat
01:54:59 PM  1000    180336    2.00    2.00    0.00    0.00    4.00    11      0.00      0.00 69093148 10145384  31.16      0.00 143360.00      0.00       0  python

# Time        UID       PID    %usr %system  %guest   %wait    %CPU   CPU  minflt/s  majflt/s     VSZ     RSS   %MEM   kB_rd/s   kB_wr/s kB_ccwr/s iodelay  Command
01:55:00 PM     0       219    0.00    2.00    0.00    0.00    2.00     8      0.00      0.00       0       0   0.00     -1.00     -1.00     -1.00       0  kcompactd0
01:55:00 PM  1000    125786    1.00    3.00    0.00    0.00    4.00    10      0.00      0.00   17752   10824   0.03      0.00      0.00      0.00       0  htop
01:55:00 PM   120    179843    0.00    1.00    0.00    0.00    1.00    12     13.00     32.00 4032960  102832   0.32     -1.00     -1.00     -1.00       0  gnome-shell
01:55:00 PM   120    179902    0.00    0.00    0.00    0.00    0.00     5      0.00      0.00 2531944    4376   0.01     -1.00     -1.00     -1.00       0  gjs
01:55:00 PM   120    179913    0.00    0.00    0.00    0.00    0.00     2      0.00      0.00  408768    2716   0.01     -1.00     -1.00     -1.00       0  gsd-wacom
01:55:00 PM   120    179918    0.00    0.00    0.00    0.00    0.00     9      0.00      0.00  409888    4144   0.01     -1.00     -1.00     -1.00       0  gsd-color
01:55:00 PM   120    179921    0.00    0.00    0.00    0.00    0.00     0      0.00      0.00  408232    2100   0.01     -1.00     -1.00     -1.00       0  gsd-keyboard
01:55:00 PM  1000    180331    0.00    2.00    0.00    0.00    2.00    17      0.00      0.00  336828    3196   0.01      0.00      4.00      0.00       0  nvidia-smi
01:55:00 PM  1000    180332    0.00    0.00    0.00    0.00    0.00    14      0.00      0.00    8916    1688   0.01      0.00      8.00      0.00       0  mpstat
01:55:00 PM  1000    180333    1.00    0.00    0.00    0.00    1.00    10      0.00      0.00   13648    4764   0.01      0.00      0.00      0.00       0  pidstat
01:55:00 PM  1000    180336    2.00    2.00    0.00    0.00    4.00     8      0.00      0.00 69093148 10145384  31.16      0.00 104448.00      0.00       0  python

# Time        UID       PID    %usr %system  %guest   %wait    %CPU   CPU  minflt/s  majflt/s     VSZ     RSS   %MEM   kB_rd/s   kB_wr/s kB_ccwr/s iodelay  Command
01:55:01 PM     0       219    0.00    2.00    0.00    0.00    2.00     8      0.00      0.00       0       0   0.00     -1.00     -1.00     -1.00       0  kcompactd0
01:55:01 PM  1000    125786    0.00    4.00    0.00    0.00    4.00    10      0.00      0.00   17752   10824   0.03      0.00      0.00      0.00       0  htop
01:55:01 PM   120    179843    1.00    0.00    0.00    0.00    1.00    12     11.00     32.00 4032960  103088   0.32     -1.00     -1.00     -1.00       0  gnome-shell
01:55:01 PM   120    179951    0.00    0.00    0.00    0.00    0.00     6      0.00      0.00  591176    3380   0.01     -1.00     -1.00     -1.00       0  gsd-media-keys
01:55:01 PM   120    180004    0.00    0.00    0.00    0.00    0.00     8      3.00      0.00  389028    8056   0.02     -1.00     -1.00     -1.00       0  ibus-daemon
01:55:01 PM   120    180102    0.00    0.00    0.00    0.00    0.00     2      1.00      0.00  236972    4396   0.01     -1.00     -1.00     -1.00       0  ibus-engine-sim
01:55:01 PM  1000    180331    1.00    1.00    0.00    0.00    2.00    17      0.00      0.00  336828    3196   0.01      0.00      0.00      0.00       0  nvidia-smi
01:55:01 PM  1000    180333    0.00    1.00    0.00    0.00    1.00    10      0.00      0.00   13648    4764   0.01      0.00      8.00      0.00       0  pidstat
01:55:01 PM  1000    180336    3.00    1.00    0.00    0.00    4.00    11      0.00      0.00 69093148 10145384  31.16      0.00  94208.00      0.00       0  python

# Time        UID       PID    %usr %system  %guest   %wait    %CPU   CPU  minflt/s  majflt/s     VSZ     RSS   %MEM   kB_rd/s   kB_wr/s kB_ccwr/s iodelay  Command
01:55:02 PM     0       219    0.00    2.00    0.00    0.00    2.00     8      0.00      0.00       0       0   0.00     -1.00     -1.00     -1.00       0  kcompactd0
01:55:02 PM     0       526    0.00    0.00    0.00    0.00    0.00     4     37.00      3.00   67880   16916   0.05     -1.00     -1.00     -1.00       0  systemd-journal
01:55:02 PM     0      1051    0.00    0.00    0.00    0.00    0.00    11     12.00      0.00    9760    1948   0.01     -1.00     -1.00     -1.00       0  cron
01:55:02 PM  1000      6457    1.00    0.00    0.00    0.00    1.00    27      0.00      0.00    7168    1680   0.01      0.00      0.00      0.00       0  gitstatusd-linu
01:55:02 PM   120    179783    0.00    0.00    0.00    0.00    0.00     1     41.00     18.00 25994904   24032   0.07     -1.00     -1.00     -1.00       0  Xorg
01:55:02 PM   120    179843    0.00    0.00    0.00    0.00    0.00    11     94.00    125.00 4032960  107424   0.33     -1.00     -1.00     -1.00       0  gnome-shell
01:55:02 PM   120    179864    0.00    0.00    0.00    0.00    0.00     3     15.00     40.00  837272    6568   0.02     -1.00     -1.00     -1.00       0  mutter-x11-fram
01:55:02 PM   120    179867    0.00    0.00    0.00    0.00    0.00     0      1.00      2.00  236060    3088   0.01     -1.00     -1.00     -1.00       0  at-spi2-registr
01:55:02 PM  1000    180331    0.00    2.00    0.00    0.00    2.00    16      0.00      0.00  336828    3196   0.01      0.00      4.00      0.00       0  nvidia-smi
01:55:02 PM  1000    180332    0.00    0.00    0.00    0.00    0.00     8      0.00      0.00    8916    1688   0.01      0.00      8.00      0.00       0  mpstat
01:55:02 PM  1000    180333    0.00    1.00    0.00    0.00    1.00    10      0.00      0.00   13648    4764   0.01      0.00      0.00      0.00       0  pidstat
01:55:02 PM  1000    180336    2.00    1.00    0.00    0.00    3.00     8      0.00      0.00 69093148 10145384  31.16      0.00  88064.00      0.00       0  python

# Time        UID       PID    %usr %system  %guest   %wait    %CPU   CPU  minflt/s  majflt/s     VSZ     RSS   %MEM   kB_rd/s   kB_wr/s kB_ccwr/s iodelay  Command
01:55:03 PM     0         1    0.00    0.00    0.00    0.00    0.00     6     21.00      0.00   23212    8656   0.03     -1.00     -1.00     -1.00       0  systemd
01:55:03 PM     0       219    0.00    2.00    0.00    0.00    2.00     8      0.00      0.00       0       0   0.00     -1.00     -1.00     -1.00       0  kcompactd0
01:55:03 PM     0       239    0.00    1.00    0.00    0.00    1.00     2      0.00      0.00       0       0   0.00     -1.00     -1.00     -1.00       0  kswapd0
01:55:03 PM     0       526    0.00    0.00    0.00    0.00    0.00     4     10.00      2.00   67880   17196   0.05     -1.00     -1.00     -1.00       0  systemd-journal
01:55:03 PM     0      1049    0.00    0.00    0.00    0.00    0.00     6     19.00      0.00  314008    5164   0.02     -1.00     -1.00     -1.00       0  accounts-daemon
01:55:03 PM     0      1483    0.00    0.00    0.00    0.00    0.00     8      2.00      3.00 1360812   32712   0.10     -1.00     -1.00     -1.00       0  tailscaled
01:55:03 PM     0      1544    0.00    0.00    0.00    0.00    0.00    30     28.00      0.00  315268    6756   0.02     -1.00     -1.00     -1.00       0  gdm3
01:55:03 PM  1000    125786    1.00    2.00    0.00    0.00    3.00    10      0.00      0.00   17752   10824   0.03      0.00      0.00      0.00       0  htop
01:55:03 PM   120    179843    1.00    0.00    0.00    0.00    1.00    14     26.00     35.00 4032960  108452   0.33     -1.00     -1.00     -1.00       0  gnome-shell
01:55:03 PM   120    179864    0.00    0.00    0.00    0.00    0.00     3     10.00     23.00  837272    6836   0.02     -1.00     -1.00     -1.00       0  mutter-x11-fram
01:55:03 PM   120    179913    0.00    0.00    0.00    0.00    0.00     2      0.00      0.00  408768    2460   0.01     -1.00     -1.00     -1.00       0  gsd-wacom
01:55:03 PM   120    179951    0.00    0.00    0.00    0.00    0.00     6      0.00      0.00  591176    3124   0.01     -1.00     -1.00     -1.00       0  gsd-media-keys
01:55:03 PM   120    179977    0.00    0.00    0.00    0.00    0.00     7      0.00      0.00  520544    6152   0.02     -1.00     -1.00     -1.00       0  gsd-power
01:55:03 PM  1000    180331    0.00    2.00    0.00    0.00    2.00    17      0.00      0.00  336828    3196   0.01      0.00      4.00      0.00       0  nvidia-smi
01:55:03 PM  1000    180332    0.00    0.00    0.00    0.00    0.00     8      0.00      0.00    8916    1688   0.01      0.00      8.00      0.00       0  mpstat
01:55:03 PM  1000    180333    0.00    0.00    0.00    0.00    0.00    10      0.00      0.00   13648    4764   0.01      0.00      4.00      0.00       0  pidstat
01:55:03 PM  1000    180336    2.00    1.00    0.00    0.00    3.00     8      0.00      0.00 69093148 10145384  31.16      0.00  86016.00      0.00       0  python
01:55:03 PM     0    186912    0.00    0.00    0.00    0.00    0.00    15    161.00      8.00  242892    6396   0.02     -1.00     -1.00     -1.00       0  gdm-session-wor

# Time        UID       PID    %usr %system  %guest   %wait    %CPU   CPU  minflt/s  majflt/s     VSZ     RSS   %MEM   kB_rd/s   kB_wr/s kB_ccwr/s iodelay  Command
01:55:04 PM     0         1    0.00    0.00    0.00    0.00    0.00    14      4.00      0.00   23212    8656   0.03     -1.00     -1.00     -1.00       0  systemd
01:55:04 PM     0       526    0.00    0.00    0.00    0.00    0.00     4     26.00      1.00   67880   17196   0.05     -1.00     -1.00     -1.00       0  systemd-journal
01:55:04 PM   101      1013    0.00    0.00    0.00    0.00    0.00     7      2.00      1.00   12716    3904   0.01     -1.00     -1.00     -1.00       0  dbus-daemon
01:55:04 PM   987      1046    0.00    0.00    0.00    0.00    0.00    10     28.00      0.00  393036   10400   0.03     -1.00     -1.00     -1.00       0  polkitd
01:55:04 PM     0      1049    0.00    0.00    0.00    0.00    0.00     6      5.00      3.00  314008    5164   0.02     -1.00     -1.00     -1.00       0  accounts-daemon
01:55:04 PM     0      1483    0.00    0.00    0.00    0.00    0.00     8      1.00      0.00 1360812   32712   0.10     -1.00     -1.00     -1.00       0  tailscaled
01:55:04 PM  1000    125786    1.00    3.00    0.00    0.00    4.00    10      0.00      0.00   17752   10824   0.03      0.00      0.00      0.00       0  htop
01:55:04 PM     0    134499    0.00    1.00    0.00    0.00    1.00    11      0.00      0.00       0       0   0.00     -1.00     -1.00     -1.00       0  kworker/u128:2+flush-259:0
01:55:04 PM   120    179843    0.00    0.00    0.00    0.00    0.00    14      5.00     24.00 4032960  108452   0.33     -1.00     -1.00     -1.00       0  gnome-shell
01:55:04 PM   120    179864    0.00    0.00    0.00    0.00    0.00     3      5.00     14.00  837272    7100   0.02     -1.00     -1.00     -1.00       0  mutter-x11-fram
01:55:04 PM  1000    180331    0.00    1.00    0.00    0.00    1.00     0      0.00      0.00  336828    3196   0.01      0.00      0.00      0.00       0  nvidia-smi
01:55:04 PM  1000    180332    0.00    0.00    0.00    0.00    0.00     8      0.00      0.00    8916    1688   0.01      0.00      4.00      0.00       0  mpstat
01:55:04 PM  1000    180333    0.00    1.00    0.00    0.00    1.00    10      0.00      0.00   13648    4764   0.01      0.00      4.00      0.00       0  pidstat
01:55:04 PM  1000    180336    2.00    1.00    0.00    0.00    3.00     8      0.00      0.00 69093148 10145384  31.16      0.00  81920.00      0.00       0  python
01:55:04 PM     0    186912    1.00    0.00    0.00    0.00    1.00    11     43.00     16.00  242920    7216   0.02     -1.00     -1.00     -1.00       0  gdm-session-wor

# Time        UID       PID    %usr %system  %guest   %wait    %CPU   CPU  minflt/s  majflt/s     VSZ     RSS   %MEM   kB_rd/s   kB_wr/s kB_ccwr/s iodelay  Command
01:55:05 PM     0         1    0.00    0.00    0.00    0.00    0.00    11    125.00      2.00   23212    8656   0.03     -1.00     -1.00     -1.00       0  systemd
01:55:05 PM     0       219    0.00    2.00    0.00    0.00    2.00     8      0.00      0.00       0       0   0.00     -1.00     -1.00     -1.00       0  kcompactd0
01:55:05 PM     0       526    0.00    1.00    0.00    0.00    1.00     6     85.00      5.00   67880   17744   0.05     -1.00     -1.00     -1.00       0  systemd-journal
01:55:05 PM   108      1011    0.00    0.00    0.00    0.00    0.00     8      5.00      0.00    8768    3532   0.01     -1.00     -1.00     -1.00       0  avahi-daemon
01:55:05 PM   101      1013    0.00    0.00    0.00    0.00    0.00     2      7.00      7.00   12716    4176   0.01     -1.00     -1.00     -1.00       0  dbus-daemon
01:55:05 PM   988      1016    1.00    0.00    0.00    0.00    1.00    30     27.00      0.00  439232    7176   0.02     -1.00     -1.00     -1.00       0  gnome-remote-de
01:55:05 PM   987      1046    0.00    0.00    0.00    0.00    0.00    10      3.00      0.00  393036   10400   0.03     -1.00     -1.00     -1.00       0  polkitd
01:55:05 PM     0      1049    0.00    0.00    0.00    0.00    0.00    16      1.00      0.00  314008    5440   0.02     -1.00     -1.00     -1.00       0  accounts-daemon
01:55:05 PM     0      1054    0.00    0.00    0.00    0.00    0.00     4     26.00      5.00   18284    6856   0.02     -1.00     -1.00     -1.00       0  systemd-logind
01:55:05 PM     0      1055    0.00    0.00    0.00    0.00    0.00    10     22.00      0.00  425216    5612   0.02     -1.00     -1.00     -1.00       0  thermald
01:55:05 PM     0      1057    0.00    0.00    0.00    0.00    0.00    22     27.00      0.00  469964    7736   0.02     -1.00     -1.00     -1.00       0  udisksd
01:55:05 PM     0      1164    0.00    0.00    0.00    0.00    0.00     1      3.00      0.00  337032   10084   0.03     -1.00     -1.00     -1.00       0  NetworkManager
01:55:05 PM     0      1166    0.00    0.00    0.00    0.00    0.00    14     30.00      0.00  318400    7144   0.02     -1.00     -1.00     -1.00       0  ModemManager
01:55:05 PM   115      1693    0.00    0.00    0.00    0.00    0.00     9      8.00      2.00  268520    5848   0.02     -1.00     -1.00     -1.00       0  cups-browsed
01:55:05 PM     0      1884    0.00    1.00    0.00    0.00    1.00    29     25.00      0.00  318804    8204   0.03     -1.00     -1.00     -1.00       0  upowerd
01:55:05 PM     0      2147    0.00    0.00    0.00    0.00    0.00    28     30.00      0.00  313860    6400   0.02     -1.00     -1.00     -1.00       0  power-profiles-
01:55:05 PM  1000      2216    0.00    0.00    0.00    0.00    0.00     2     16.00      3.00   21300    8932   0.03      0.00      0.00      0.00       0  systemd
01:55:05 PM  1000      2240    0.00    0.00    0.00    0.00    0.00     1     13.00      1.00  407808   12040   0.04      4.00      0.00      0.00       0  wireplumber
01:55:05 PM     0      3082    0.00    0.00    0.00    0.00    0.00    21     26.00      0.00  405836    9148   0.03     -1.00     -1.00     -1.00       0  fwupd
01:55:05 PM     0    176712    0.00    0.00    0.00    0.00    0.00    24     24.00      0.00  375548   11036   0.03     -1.00     -1.00     -1.00       0  packagekitd
01:55:05 PM   120    179779    0.00    0.00    0.00    0.00    0.00    11     14.00      0.00  407656   11764   0.04     -1.00     -1.00     -1.00       0  wireplumber
01:55:05 PM   120    179823    0.00    0.00    0.00    0.00    0.00    16     26.00     27.00  521084    3496   0.01     -1.00     -1.00     -1.00       0  gnome-session-b
01:55:05 PM   120    179843    0.00    1.00    0.00    0.00    1.00    15     15.00     32.00 4032960  108452   0.33     -1.00     -1.00     -1.00       0  gnome-shell
01:55:05 PM   120    179951    0.00    0.00    0.00    0.00    0.00     6     13.00     13.00  591176    3124   0.01     -1.00     -1.00     -1.00       0  gsd-media-keys
01:55:05 PM   120    180004    0.00    1.00    0.00    0.00    1.00     8      3.00      1.00  389028    8056   0.02     -1.00     -1.00     -1.00       0  ibus-daemon
01:55:05 PM   120    180102    0.00    0.00    0.00    0.00    0.00     2      2.00      3.00  236972    4396   0.01     -1.00     -1.00     -1.00       0  ibus-engine-sim
01:55:05 PM  1000    180331    0.00    1.00    0.00    0.00    1.00     0      0.00      0.00  336828    3196   0.01      0.00      4.00      0.00       0  nvidia-smi
01:55:05 PM  1000    180332    0.00    0.00    0.00    0.00    0.00     8      0.00      0.00    8916    1688   0.01      0.00      8.00      0.00       0  mpstat
01:55:05 PM  1000    180333    1.00    0.00    0.00    0.00    1.00    10      0.00      0.00   13648    4764   0.01      0.00      8.00      0.00       0  pidstat
01:55:05 PM  1000    180336    1.00    1.00    0.00    0.00    2.00     2      0.00      0.00 69093148 10145384  31.16      0.00  75776.00      0.00       0  python
01:55:05 PM  1000    180385    1.00    0.00    0.00    0.00    1.00     3      0.00      0.00 17529748  546252   1.68      0.00      0.00      0.00       0  python
01:55:05 PM     0    186912    0.00    0.00    0.00    0.00    0.00    11     10.00      0.00  242920    7216   0.02     -1.00     -1.00     -1.00       0  gdm-session-wor
01:55:05 PM  1000    200833    0.00    0.00    0.00    0.00    0.00    24     34.00      0.00  242920    2452   0.01     -1.00     -1.00     -1.00       0  gdm-session-wor
01:55:05 PM  1000    200834    0.00    0.00    0.00    0.00    0.00    20     23.00      3.00    6320     280   0.00    380.00      0.00      0.00       0  9

# Time        UID       PID    %usr %system  %guest   %wait    %CPU   CPU  minflt/s  majflt/s     VSZ     RSS   %MEM   kB_rd/s   kB_wr/s kB_ccwr/s iodelay  Command
01:55:06 PM     0       219    0.00    2.00    0.00    0.00    2.00     8      0.00      0.00       0       0   0.00     -1.00     -1.00     -1.00       0  kcompactd0
01:55:06 PM     0       526    0.00    0.00    0.00    0.00    0.00     6     28.00      2.00   67880   17744   0.05     -1.00     -1.00     -1.00       0  systemd-journal
01:55:06 PM   101      1013    0.00    0.00    0.00    0.00    0.00     2      3.00      0.00   12716    4176   0.01     -1.00     -1.00     -1.00       0  dbus-daemon
01:55:06 PM   987      1046    1.00    0.00    0.00    0.00    1.00    10     12.00      2.00  393036   10968   0.03     -1.00     -1.00     -1.00       0  polkitd
01:55:06 PM     0      1544    0.00    0.00    0.00    0.00    0.00    30      2.00      0.00  315268    6756   0.02     -1.00     -1.00     -1.00       0  gdm3
01:55:06 PM  1000    125786    0.00    2.00    0.00    0.00    2.00     8      0.00      0.00   17752   10824   0.03      0.00      0.00      0.00       0  htop
01:55:06 PM     0    134499    0.00    1.00    0.00    0.00    1.00    10      0.00      0.00       0       0   0.00     -1.00     -1.00     -1.00       0  kworker/u128:2+flush-259:0
01:55:06 PM     0    173694    0.00    1.00    0.00    0.00    1.00     7      0.00      0.00       0       0   0.00     -1.00     -1.00     -1.00       0  kworker/u128:5-ext4-rsv-conversion
01:55:06 PM  1000    179682    0.00    0.00    0.00    0.00    0.00    12     26.00      0.00    9500    3196   0.01     20.00      0.00      0.00       0  dbus-daemon
01:55:06 PM   120    179823    0.00    0.00    0.00    0.00    0.00    16     49.00     39.00  521084    5408   0.02     -1.00     -1.00     -1.00       0  gnome-session-b
01:55:06 PM   120    179843    1.00    0.00    0.00    0.00    1.00     8     88.00    154.00 4032960  112280   0.34     -1.00     -1.00     -1.00       0  gnome-shell
01:55:06 PM   120    179951    0.00    0.00    0.00    0.00    0.00     6     68.00     41.00  591176    4864   0.01     -1.00     -1.00     -1.00       0  gsd-media-keys
01:55:06 PM   120    180004    0.00    0.00    0.00    0.00    0.00     7      0.00      0.00  389028    7800   0.02     -1.00     -1.00     -1.00       0  ibus-daemon
01:55:06 PM  1000    180331    0.00    1.00    0.00    0.00    1.00     0      0.00      0.00  336828    3196   0.01      0.00      4.00      0.00       0  nvidia-smi
01:55:06 PM  1000    180332    0.00    0.00    0.00    0.00    0.00     8      0.00      0.00    8916    1688   0.01      0.00      4.00      0.00       0  mpstat
01:55:06 PM  1000    180333    0.00    0.00    0.00    0.00    0.00    10      0.00      2.00   13648    4764   0.01      0.00      4.00      0.00       0  pidstat
01:55:06 PM  1000    180336    3.00    1.00    0.00    0.00    4.00    11      0.00      0.00 69093148 10145384  31.16      0.00 104448.00      0.00       0  python
01:55:06 PM     0    186912    0.00    0.00    0.00    0.00    0.00    11     59.00      0.00  242920    7216   0.02     -1.00     -1.00     -1.00       0  gdm-session-wor
01:55:06 PM  1000    200834    0.00    0.00    0.00    0.00    0.00    12    940.00     70.00  316856    9516   0.03   7012.00      4.00      4.00       0  gnome-keyring-d

# Time        UID       PID    %usr %system  %guest   %wait    %CPU   CPU  minflt/s  majflt/s     VSZ     RSS   %MEM   kB_rd/s   kB_wr/s kB_ccwr/s iodelay  Command
01:55:07 PM     0       239    0.00    1.00    0.00    0.00    1.00     9      0.00      0.00       0       0   0.00     -1.00     -1.00     -1.00       0  kswapd0
01:55:07 PM     0       526    0.00    0.00    0.00    0.00    0.00     6     36.00      0.00   67880   17744   0.05     -1.00     -1.00     -1.00       0  systemd-journal
01:55:07 PM     0       974    0.00    1.00    0.00    0.00    1.00    16      0.00      0.00       0       0   0.00     -1.00     -1.00     -1.00       0  nvidia-modeset/kthread_q
01:55:07 PM   988      1016    0.00    0.00    0.00    0.00    0.00    30      1.00      0.00  439232    7176   0.02     -1.00     -1.00     -1.00       0  gnome-remote-de
01:55:07 PM     0      1544    0.00    0.00    0.00    0.00    0.00    30     35.00      4.00  315268    7072   0.02     -1.00     -1.00     -1.00       0  gdm3
01:55:07 PM  1000    125786    1.00    3.00    0.00    0.00    4.00    11      0.00      0.00   17752   10824   0.03      0.00      0.00      0.00       0  htop
01:55:07 PM   120    179783    1.00    1.00    0.00    0.00    2.00    12     59.00     62.00 25994904   24324   0.07     -1.00     -1.00     -1.00       0  Xorg
01:55:07 PM   120    179843    0.00    0.00    0.00    0.00    0.00     8      9.00     10.00 4032960  112280   0.34     -1.00     -1.00     -1.00       0  gnome-shell
01:55:07 PM   120    179864    0.00    0.00    0.00    0.00    0.00    13      4.00     11.00  837272    7100   0.02     -1.00     -1.00     -1.00       0  mutter-x11-fram
01:55:07 PM   120    179913    0.00    0.00    0.00    0.00    0.00    10      9.00     12.00  408768    2460   0.01     -1.00     -1.00     -1.00       0  gsd-wacom
01:55:07 PM   120    179918    0.00    0.00    0.00    0.00    0.00     9      5.00     11.00  409888    4144   0.01     -1.00     -1.00     -1.00       0  gsd-color
01:55:07 PM   120    179921    1.00    0.00    0.00    0.00    1.00     0      8.00     11.00  408232    2356   0.01     -1.00     -1.00     -1.00       0  gsd-keyboard
01:55:07 PM   120    179951    0.00    0.00    0.00    0.00    0.00    14     16.00     11.00  591176    5140   0.02     -1.00     -1.00     -1.00       0  gsd-media-keys
01:55:07 PM   120    179977    0.00    0.00    0.00    0.00    0.00     7     11.00     11.00  520544    6460   0.02     -1.00     -1.00     -1.00       0  gsd-power
01:55:07 PM   120    180004    0.00    0.00    0.00    0.00    0.00     7      0.00      0.00  389028    7544   0.02     -1.00     -1.00     -1.00       0  ibus-daemon
01:55:07 PM   120    180043    0.00    0.00    0.00    0.00    0.00    29      0.00      0.00  416580    3196   0.01     -1.00     -1.00     -1.00       0  gsd-printer
01:55:07 PM   120    180075    0.00    0.00    0.00    0.00    0.00     3     22.00      4.00  261296    5492   0.02     -1.00     -1.00     -1.00       0  ibus-x11
01:55:07 PM  1000    180331    1.00    1.00    0.00    0.00    2.00     0      0.00      0.00  336828    3196   0.01      0.00      0.00      0.00       0  nvidia-smi
01:55:07 PM  1000    180332    0.00    0.00    0.00    0.00    0.00     8      0.00      0.00    8916    1688   0.01      0.00      4.00      0.00       0  mpstat
01:55:07 PM  1000    180333    0.00    1.00    0.00    0.00    1.00     8      0.00      0.00   13648    4764   0.01      0.00      8.00      0.00       0  pidstat
01:55:07 PM  1000    180336    2.00   14.00    0.00    0.00   16.00     8      0.00      0.00 69093148 10145384  31.16      0.00 374784.00      0.00       0  python
01:55:07 PM  1000    181612    1.00    0.00    0.00    0.00    1.00    26      0.00      0.00 17381260  344424   1.06      0.00      0.00      0.00       0  python
01:55:07 PM     0    186912    0.00    0.00    0.00    0.00    0.00     6     17.00      0.00  242920    7216   0.02     -1.00     -1.00     -1.00       0  gdm-session-wor

# Time        UID       PID    %usr %system  %guest   %wait    %CPU   CPU  minflt/s  majflt/s     VSZ     RSS   %MEM   kB_rd/s   kB_wr/s kB_ccwr/s iodelay  Command
01:55:08 PM     0       219    0.00    2.00    0.00    0.00    2.00     8      0.00      0.00       0       0   0.00     -1.00     -1.00     -1.00       0  kcompactd0
01:55:08 PM     0       526    0.00    0.00    0.00    0.00    0.00     6     15.00      0.00   67880   18044   0.06     -1.00     -1.00     -1.00       0  systemd-journal
01:55:08 PM  1000      9066    1.00    0.00    0.00    0.00    1.00     2      0.00      0.00  958328    8328   0.03      0.00      0.00      0.00       0  Omniverse Hub
01:55:08 PM   120    179783    0.00    1.00    0.00    0.00    1.00    11     26.00     26.00 25994904   24324   0.07     -1.00     -1.00     -1.00       0  Xorg
01:55:08 PM   120    179864    0.00    0.00    0.00    0.00    0.00    13      6.00     35.00  837272    7100   0.02     -1.00     -1.00     -1.00       0  mutter-x11-fram
01:55:08 PM   120    179913    0.00    0.00    0.00    0.00    0.00    10     19.00     35.00  408768    3008   0.01     -1.00     -1.00     -1.00       0  gsd-wacom
01:55:08 PM   120    179918    0.00    1.00    0.00    0.00    1.00     9     12.00     11.00  409888    4412   0.01     -1.00     -1.00     -1.00       0  gsd-color
01:55:08 PM   120    179921    0.00    0.00    0.00    0.00    0.00    12     19.00     34.00  408232    2632   0.01     -1.00     -1.00     -1.00       0  gsd-keyboard
01:55:08 PM   120    179951    0.00    0.00    0.00    0.00    0.00    14      2.00      5.00  591176    5396   0.02     -1.00     -1.00     -1.00       0  gsd-media-keys
01:55:08 PM   120    179977    0.00    0.00    0.00    0.00    0.00     7      1.00      3.00  520544    6460   0.02     -1.00     -1.00     -1.00       0  gsd-power
01:55:08 PM   120    180043    0.00    0.00    0.00    0.00    0.00    29      0.00      0.00  416580    2940   0.01     -1.00     -1.00     -1.00       0  gsd-printer
01:55:08 PM  1000    180332    0.00    0.00    0.00    0.00    0.00    12      0.00      0.00    8916    1688   0.01      0.00      8.00      0.00       0  mpstat
01:55:08 PM  1000    180333    0.00    0.00    0.00    0.00    0.00     8      0.00      0.00   13648    4764   0.01      0.00      4.00      0.00       0  pidstat
01:55:08 PM  1000    180336    3.00    0.00    0.00    0.00    3.00     8      0.00      0.00 69093148 10145384  31.16      0.00 110592.00      0.00       0  python

# Time        UID       PID    %usr %system  %guest   %wait    %CPU   CPU  minflt/s  majflt/s     VSZ     RSS   %MEM   kB_rd/s   kB_wr/s kB_ccwr/s iodelay  Command
01:55:09 PM     0         1    0.00    1.00    0.00    0.00    1.00    22    738.00      0.00   23212    8656   0.03     -1.00     -1.00     -1.00       0  systemd
01:55:09 PM     0       219    0.00    2.00    0.00    0.00    2.00     8      0.00      0.00       0       0   0.00     -1.00     -1.00     -1.00       0  kcompactd0
01:55:09 PM     0       239    0.00    1.00    0.00    0.00    1.00     9      0.00      0.00       0       0   0.00     -1.00     -1.00     -1.00       0  kswapd0
01:55:09 PM     0       526    0.00    0.00    0.00    0.00    0.00     4     89.00      0.00   67880   18044   0.06     -1.00     -1.00     -1.00       0  systemd-journal
01:55:09 PM     0      1012    0.00    1.00    0.00    0.00    1.00    28     17.00      0.00   13672    4592   0.01     -1.00     -1.00     -1.00       0  bluetoothd
01:55:09 PM   101      1013    1.00    0.00    0.00    0.00    1.00     4      2.00      0.00   12716    4460   0.01     -1.00     -1.00     -1.00       0  dbus-daemon
01:55:09 PM   987      1046    0.00    1.00    0.00    0.00    1.00    23      0.00      1.00  393036   10968   0.03     -1.00     -1.00     -1.00       0  polkitd
01:55:09 PM     0      1049    0.00    0.00    0.00    0.00    0.00     0      1.00      0.00  314008    5440   0.02     -1.00     -1.00     -1.00       0  accounts-daemon
01:55:09 PM     0      1054    0.00    0.00    0.00    0.00    0.00     6      3.00      0.00   18284    6856   0.02     -1.00     -1.00     -1.00       0  systemd-logind
01:55:09 PM     0      1483    0.00    0.00    0.00    0.00    0.00     8      1.00      0.00 1360812   32712   0.10     -1.00     -1.00     -1.00       0  tailscaled
01:55:09 PM     0      1544    0.00    0.00    0.00    0.00    0.00     8     12.00      0.00  315268    7332   0.02     -1.00     -1.00     -1.00       0  gdm3
01:55:09 PM  1000      2240    1.00    1.00    0.00    0.00    2.00    10     70.00     10.00  407816   14524   0.04    480.00      0.00      0.00       0  wireplumber
01:55:09 PM  1000      6390    0.00    0.00    0.00    0.00    0.00     8      6.00      0.00   16396    8088   0.02      0.00      0.00      0.00       0  zsh
01:55:09 PM  1000    125786    1.00    3.00    0.00    0.00    4.00    11      0.00      0.00   17752   10824   0.03      0.00      0.00      0.00       0  htop
01:55:09 PM     0    134499    0.00    1.00    0.00    0.00    1.00    12      0.00      0.00       0       0   0.00     -1.00     -1.00     -1.00       0  kworker/u128:2+flush-259:0
01:55:09 PM   120    179777    0.00    0.00    0.00    0.00    0.00    10     92.00     12.00  114612    9776   0.03     -1.00     -1.00     -1.00       0  pipewire
01:55:09 PM   120    179779    0.00    0.00    0.00    0.00    0.00     9     36.00      8.00  406776   12864   0.04     -1.00     -1.00     -1.00       0  wireplumber
01:55:09 PM   120    179780    0.00    0.00    0.00    0.00    0.00    12      9.00      1.00  110592    4796   0.01     -1.00     -1.00     -1.00       0  pipewire-pulse
01:55:09 PM   120    179783    0.00    7.00    0.00    0.00    7.00    12     65.00     22.00 25994904   24840   0.08     -1.00     -1.00     -1.00       0  Xorg
01:55:09 PM   120    179784    0.00    0.00    0.00    0.00    0.00    20      8.00      0.00    9524    2340   0.01     -1.00     -1.00     -1.00       0  dbus-daemon
01:55:09 PM   120    179822    0.00    0.00    0.00    0.00    0.00     2     42.00     15.00    9800    2660   0.01     -1.00     -1.00     -1.00       0  dbus-daemon
01:55:09 PM   120    179823    0.00    0.00    0.00    0.00    0.00    21     16.00     10.00  521084    5408   0.02     -1.00     -1.00     -1.00       0  gnome-session-b
01:55:09 PM   120    179843    1.00    0.00    0.00    0.00    1.00    11     41.00     29.00 4032960  113376   0.35     -1.00     -1.00     -1.00       0  gnome-shell
01:55:09 PM   120    179864    0.00    0.00    0.00    0.00    0.00    13     18.00     38.00  837272    7656   0.02     -1.00     -1.00     -1.00       0  mutter-x11-fram
01:55:09 PM   120    179867    0.00    0.00    0.00    0.00    0.00     0     12.00     11.00  236060    3088   0.01     -1.00     -1.00     -1.00       0  at-spi2-registr
01:55:09 PM   120    179912    0.00    0.00    0.00    0.00    0.00    14      8.00     11.00  543768    3164   0.01     -1.00     -1.00     -1.00       0  gsd-sharing
01:55:09 PM   120    179913    0.00    0.00    0.00    0.00    0.00     2     46.00     31.00  408768    3544   0.01     -1.00     -1.00     -1.00       0  gsd-wacom
01:55:09 PM   120    179918    0.00    0.00    0.00    0.00    0.00     6     31.00     21.00  409888    4684   0.01     -1.00     -1.00     -1.00       0  gsd-color
01:55:09 PM   120    179921    0.00    0.00    0.00    0.00    0.00    12     73.00     35.00  408232    4076   0.01     -1.00     -1.00     -1.00       0  gsd-keyboard
01:55:09 PM   120    179924    0.00    0.00    0.00    0.00    0.00    27      8.00     11.00  324100    2560   0.01     -1.00     -1.00     -1.00       0  gsd-print-notif
01:55:09 PM   120    179929    0.00    0.00    0.00    0.00    0.00    18      6.00     11.00  531420    2320   0.01     -1.00     -1.00     -1.00       0  gsd-rfkill
01:55:09 PM   120    179934    0.00    0.00    0.00    0.00    0.00    31     11.00     11.00  386388    2416   0.01     -1.00     -1.00     -1.00       0  gsd-smartcard
01:55:09 PM   120    179943    0.00    0.00    0.00    0.00    0.00    24      8.00     11.00  432240    3744   0.01     -1.00     -1.00     -1.00       0  gsd-datetime
01:55:09 PM   120    179951    0.00    0.00    0.00    0.00    0.00     6     36.00     28.00  591176    6300   0.02     -1.00     -1.00     -1.00       0  gsd-media-keys
01:55:09 PM   120    179955    0.00    0.00    0.00    0.00    0.00     3      9.00     12.00  309892    2384   0.01     -1.00     -1.00     -1.00       0  gsd-screensaver
01:55:09 PM   120    179958    0.00    0.00    0.00    0.00    0.00     6      8.00     11.00  394080    2376   0.01     -1.00     -1.00     -1.00       0  gsd-sound
01:55:09 PM   120    179964    0.00    0.00    0.00    0.00    0.00     5      6.00     11.00  384088    2244   0.01     -1.00     -1.00     -1.00       0  gsd-a11y-settin
01:55:09 PM   120    179974    0.00    0.00    0.00    0.00    0.00    15     12.00      8.00  459308    4428   0.01     -1.00     -1.00     -1.00       0  gsd-housekeepin
01:55:09 PM   120    179977    0.00    0.00    0.00    0.00    0.00     4     12.00      6.00  520544    7016   0.02     -1.00     -1.00     -1.00       0  gsd-power
01:55:09 PM   120    180004    0.00    0.00    0.00    0.00    0.00     7      0.00      0.00  389028    7288   0.02     -1.00     -1.00     -1.00       0  ibus-daemon
01:55:09 PM   120    180043    0.00    0.00    0.00    0.00    0.00    29      0.00      0.00  416580    2684   0.01     -1.00     -1.00     -1.00       0  gsd-printer
01:55:09 PM   120    180071    0.00    0.00    0.00    0.00    0.00    20      0.00      0.00  236980    3064   0.01     -1.00     -1.00     -1.00       0  ibus-memconf
01:55:09 PM   120    180075    0.00    0.00    0.00    0.00    0.00     3     13.00      3.00  261296    5796   0.02     -1.00     -1.00     -1.00       0  ibus-x11
01:55:09 PM  1000    180331    0.00    2.00    0.00    0.00    2.00     0      0.00      0.00  336828    3196   0.01      0.00      4.00      0.00       0  nvidia-smi
01:55:09 PM  1000    180332    0.00    0.00    0.00    0.00    0.00    12      0.00      0.00    8916    1688   0.01      0.00      8.00      0.00       0  mpstat
01:55:09 PM  1000    180333    1.00    1.00    0.00    0.00    2.00     8      0.00      0.00   13648    4764   0.01      0.00      8.00      0.00       0  pidstat
01:55:09 PM  1000    180336    2.00    1.00    0.00    0.00    3.00     8      0.00      0.00 69093148 10145384  31.16      0.00  96256.00      0.00       0  python
01:55:09 PM     0    186912    0.00    0.00    0.00    0.00    0.00     8     85.00      0.00  242920    7216   0.02     -1.00     -1.00     -1.00       0  gdm-session-wor
01:55:09 PM  1000    200863    0.00    0.00    0.00    0.00    0.00    24    512.00      7.00   88452    5172   0.02    444.00      0.00      0.00       0  gdm-x-session
01:55:09 PM  1000    200871    0.00    0.00    0.00    0.00    0.00     2    214.00      2.00    6272     528   0.00    136.00      0.00      0.00       0  Xorg

# Time        UID       PID    %usr %system  %guest   %wait    %CPU   CPU  minflt/s  majflt/s     VSZ     RSS   %MEM   kB_rd/s   kB_wr/s kB_ccwr/s iodelay  Command
01:55:10 PM     0       219    0.00    2.00    0.00    0.00    2.00     8      0.00      0.00       0       0   0.00     -1.00     -1.00     -1.00       0  kcompactd0
01:55:10 PM     0       526    0.00    0.00    0.00    0.00    0.00     6     42.00      0.00   67880   18044   0.06     -1.00     -1.00     -1.00       0  systemd-journal
01:55:10 PM     0      1483    0.00    0.00    0.00    0.00    0.00     8      3.00      0.00 1360812   32712   0.10     -1.00     -1.00     -1.00       0  tailscaled
01:55:10 PM  1000      2240    1.00    1.00    0.00    0.00    2.00    11    106.00      0.00  407816   14524   0.04     84.00      0.00      0.00       0  wireplumber
01:55:10 PM   120    179779    0.00    0.00    0.00    0.00    0.00    14      2.00      0.00  406776   12864   0.04     -1.00     -1.00     -1.00       0  wireplumber
01:55:10 PM   120    179783    0.00    0.00    0.00    0.00    0.00    11      3.00      0.00 25994904   24840   0.08     -1.00     -1.00     -1.00       0  Xorg
01:55:10 PM   120    179843    0.00    1.00    0.00    0.00    1.00    11     76.00     27.00 4032960  113632   0.35     -1.00     -1.00     -1.00       0  gnome-shell
01:55:10 PM   120    179867    0.00    0.00    0.00    0.00    0.00     0     20.00      8.00  236060    3656   0.01     -1.00     -1.00     -1.00       0  at-spi2-registr
01:55:10 PM   120    179912    0.00    0.00    0.00    0.00    0.00    14     26.00     25.00  543768    3712   0.01     -1.00     -1.00     -1.00       0  gsd-sharing
01:55:10 PM   120    179913    0.00    0.00    0.00    0.00    0.00     2     19.00     18.00  408768    4124   0.01     -1.00     -1.00     -1.00       0  gsd-wacom
01:55:10 PM   120    179918    0.00    0.00    0.00    0.00    0.00     6      5.00      2.00  409888    4940   0.02     -1.00     -1.00     -1.00       0  gsd-color
01:55:10 PM   120    179924    0.00    0.00    0.00    0.00    0.00    27     41.00     25.00  324100    3424   0.01     -1.00     -1.00     -1.00       0  gsd-print-notif
01:55:10 PM   120    179929    0.00    0.00    0.00    0.00    0.00     2     44.00     25.00  531420    3432   0.01     -1.00     -1.00     -1.00       0  gsd-rfkill
01:55:10 PM   120    179934    0.00    0.00    0.00    0.00    0.00    31     51.00     26.00  386388    3528   0.01     -1.00     -1.00     -1.00       0  gsd-smartcard
01:55:10 PM   120    179943    0.00    0.00    0.00    0.00    0.00    24     55.00     23.00  432240    4604   0.01     -1.00     -1.00     -1.00       0  gsd-datetime
01:55:10 PM   120    179955    0.00    0.00    0.00    0.00    0.00     3     50.00     17.00  309892    3460   0.01     -1.00     -1.00     -1.00       0  gsd-screensaver
01:55:10 PM   120    179958    0.00    0.00    0.00    0.00    0.00     6     43.00     24.00  394080    3276   0.01     -1.00     -1.00     -1.00       0  gsd-sound
01:55:10 PM   120    179964    0.00    0.00    0.00    0.00    0.00     5     43.00     27.00  384088    3060   0.01     -1.00     -1.00     -1.00       0  gsd-a11y-settin
01:55:10 PM  1000    180331    1.00    1.00    0.00    0.00    2.00     0      0.00      0.00  336828    3196   0.01      0.00      0.00      0.00       0  nvidia-smi
01:55:10 PM  1000    180332    0.00    0.00    0.00    0.00    0.00    12      0.00      0.00    8916    1688   0.01      0.00      4.00      0.00       0  mpstat
01:55:10 PM  1000    180333    0.00    0.00    0.00    0.00    0.00     8      0.00      1.00   13648    4764   0.01      0.00     12.00      0.00       0  pidstat
01:55:10 PM  1000    180336    2.00    1.00    0.00    0.00    3.00    11      0.00      0.00 69093148 10145384  31.16      0.00  88064.00      0.00       0  python
01:55:10 PM  1000    200871    0.00    0.00    0.00    0.00    0.00     4    418.00      6.00   14944    6372   0.02    544.00      4.00      0.00       0  Xorg

# Time        UID       PID    %usr %system  %guest   %wait    %CPU   CPU  minflt/s  majflt/s     VSZ     RSS   %MEM   kB_rd/s   kB_wr/s kB_ccwr/s iodelay  Command
01:55:11 PM     0         1    0.00    0.00    0.00    0.00    0.00     2     18.00      0.00   23212    8656   0.03     -1.00     -1.00     -1.00       0  systemd
01:55:11 PM     0        15    0.00    1.00    0.00    0.00    1.00    10      0.00      0.00       0       0   0.00     -1.00     -1.00     -1.00       0  rcu_preempt
01:55:11 PM     0       219    0.00    2.00    0.00    0.00    2.00     8      0.00      0.00       0       0   0.00     -1.00     -1.00     -1.00       0  kcompactd0
01:55:11 PM     0       526    0.00    0.00    0.00    0.00    0.00    19     44.00      0.00   67880   18044   0.06     -1.00     -1.00     -1.00       0  systemd-journal
01:55:11 PM   987      1046    0.00    0.00    0.00    0.00    0.00     0      0.00      1.00  393036   10968   0.03     -1.00     -1.00     -1.00       0  polkitd
01:55:11 PM     0      1055    0.00    1.00    0.00    0.00    1.00    10      0.00      0.00  425216    5612   0.02     -1.00     -1.00     -1.00       0  thermald
01:55:11 PM     0      1483    0.00    0.00    0.00    0.00    0.00     8     10.00      2.00 1360812   32712   0.10     -1.00     -1.00     -1.00       0  tailscaled
01:55:11 PM     0      2147    1.00    0.00    0.00    0.00    1.00    28      0.00      0.00  313860    6400   0.02     -1.00     -1.00     -1.00       0  power-profiles-
01:55:11 PM  1000      2238    0.00    0.00    0.00    0.00    0.00     0     73.00      0.00  116496   15720   0.05      0.00      0.00      0.00       0  pipewire
01:55:11 PM  1000      2240    2.00    0.00    0.00    0.00    2.00    12     47.00      0.00  407808   14828   0.05      8.00      0.00      0.00       0  wireplumber
01:55:11 PM  1000      2242    0.00    0.00    0.00    0.00    0.00     2      3.00      0.00  128544   16704   0.05      0.00      0.00      0.00       0  pipewire-pulse
01:55:11 PM  1000    125786    0.00    3.00    0.00    0.00    3.00    11      0.00      0.00   17752   10824   0.03      0.00      0.00      0.00       0  htop
01:55:11 PM   120    179823    0.00    0.00    0.00    0.00    0.00    21      1.00      0.00  521084    5408   0.02     -1.00     -1.00     -1.00       0  gnome-session-b
01:55:11 PM   120    179843    0.00    0.00    0.00    0.00    0.00     9     13.00     12.00 4032960  113892   0.35     -1.00     -1.00     -1.00       0  gnome-shell
01:55:11 PM   120    179912    0.00    0.00    0.00    0.00    0.00    15     26.00     17.00  543768    4008   0.01     -1.00     -1.00     -1.00       0  gsd-sharing
01:55:11 PM   120    179924    0.00    0.00    0.00    0.00    0.00    27     20.00      5.00  324100    3424   0.01     -1.00     -1.00     -1.00       0  gsd-print-notif
01:55:11 PM   120    179929    0.00    0.00    0.00    0.00    0.00     3     11.00      6.00  531420    3432   0.01     -1.00     -1.00     -1.00       0  gsd-rfkill
01:55:11 PM   120    179958    0.00    0.00    0.00    0.00    0.00     7     10.00      4.00  394080    3276   0.01     -1.00     -1.00     -1.00       0  gsd-sound
01:55:11 PM   120    179964    0.00    0.00    0.00    0.00    0.00     5      6.00      2.00  384088    3060   0.01     -1.00     -1.00     -1.00       0  gsd-a11y-settin
01:55:11 PM  1000    180331    0.00    1.00    0.00    0.00    1.00     2      0.00      0.00  336828    3196   0.01      0.00      4.00      0.00       0  nvidia-smi
01:55:11 PM  1000    180332    0.00    0.00    0.00    0.00    0.00    12      0.00      0.00    8916    1688   0.01      0.00      4.00      0.00       0  mpstat
01:55:11 PM  1000    180333    0.00    1.00    0.00    0.00    1.00     8      0.00      0.00   13648    4764   0.01      0.00      4.00      0.00       0  pidstat
01:55:11 PM  1000    180336    2.00    0.00    0.00    0.00    2.00    11      0.00      0.00 69093148 10145384  31.16      0.00  85888.00      0.00       0  python
01:55:11 PM  1000    181484    1.00    0.00    0.00    0.00    1.00     2      0.00      0.00 17381260  344412   1.06      0.00      0.00      0.00       0  python
01:55:11 PM  1000    200871    0.00    2.00    0.00    0.00    2.00    14    128.00      9.00   18292    8292   0.03    984.00      4.00      0.00       0  Xorg

# Time        UID       PID    %usr %system  %guest   %wait    %CPU   CPU  minflt/s  majflt/s     VSZ     RSS   %MEM   kB_rd/s   kB_wr/s kB_ccwr/s iodelay  Command
01:55:12 PM     0         1    0.00    0.00    0.00    0.00    0.00     2    109.00      0.00   23212    8656   0.03     -1.00     -1.00     -1.00       0  systemd
01:55:12 PM     0       526    0.00    0.00    0.00    0.00    0.00     6     17.00      0.00   67880   18044   0.06     -1.00     -1.00     -1.00       0  systemd-journal
01:55:12 PM   987      1046    1.00    0.00    0.00    0.00    1.00     0      0.00      0.00  393036   10968   0.03     -1.00     -1.00     -1.00       0  polkitd
01:55:12 PM  1000      2240    0.00    0.00    0.00    0.00    0.00    24      2.00      0.00  407808   14828   0.05      4.00      4.00      0.00       0  wireplumber
01:55:12 PM     0     27984    0.00    1.00    0.00    0.00    1.00    11      0.00      0.00       0       0   0.00     -1.00     -1.00     -1.00       0  kworker/u128:13-events_unbound
01:55:12 PM  1000    125786    1.00    3.00    0.00    0.00    4.00    10      0.00      0.00   17752   10824   0.03      0.00      0.00      0.00       0  htop
01:55:12 PM   120    180075    0.00    0.00    0.00    0.00    0.00     3      0.00      0.00  261296    5540   0.02     -1.00     -1.00     -1.00       0  ibus-x11
01:55:12 PM   120    180078    0.00    0.00    0.00    0.00    0.00    23      0.00      0.00  310760    2724   0.01     -1.00     -1.00     -1.00       0  ibus-portal
01:55:12 PM  1000    180331    0.00    1.00    0.00    0.00    1.00     0      0.00      0.00  336828    3196   0.01      0.00      0.00      0.00       0  nvidia-smi
01:55:12 PM  1000    180332    0.00    0.00    0.00    0.00    0.00    12      0.00      0.00    8916    1688   0.01      0.00      8.00      0.00       0  mpstat
01:55:12 PM  1000    180333    0.00    0.00    0.00    0.00    0.00     8      0.00      0.00   13648    4764   0.01      0.00      8.00      0.00       0  pidstat
01:55:12 PM  1000    180336    1.00    1.00    0.00    0.00    2.00    11      0.00      0.00 69093148 10145384  31.16      0.00  82048.00      0.00       0  python
01:55:12 PM  1000    200871    0.00    1.00    0.00    0.00    1.00    10    124.00      7.00   26512    9948   0.03    828.00      4.00      0.00       0  Xorg

# Time        UID       PID    %usr %system  %guest   %wait    %CPU   CPU  minflt/s  majflt/s     VSZ     RSS   %MEM   kB_rd/s   kB_wr/s kB_ccwr/s iodelay  Command
01:55:13 PM     0       219    0.00    2.00    0.00    0.00    2.00     8      0.00      0.00       0       0   0.00     -1.00     -1.00     -1.00       0  kcompactd0
01:55:13 PM     0       526    0.00    0.00    0.00    0.00    0.00     6      5.00      0.00   67880   18044   0.06     -1.00     -1.00     -1.00       0  systemd-journal
01:55:13 PM  1000    180331    0.00    1.00    0.00    0.00    1.00     0      0.00      0.00  336828    3196   0.01      0.00      8.00      0.00       0  nvidia-smi
01:55:13 PM  1000    180332    0.00    0.00    0.00    0.00    0.00    12      0.00      0.00    8916    1688   0.01      0.00      4.00      0.00       0  mpstat
01:55:13 PM  1000    180333    1.00    1.00    0.00    0.00    2.00     8      0.00      0.00   13648    4764   0.01      0.00      4.00      0.00       0  pidstat
01:55:13 PM  1000    180336    2.00    1.00    0.00    0.00    3.00    11      0.00      0.00 69093148 10145384  31.16      0.00  77824.00      0.00       0  python
01:55:13 PM  1000    181666    1.00    0.00    0.00    0.00    1.00    18      0.00      0.00 17382284  344436   1.06      0.00      0.00      0.00       0  python
01:55:13 PM  1000    200871    0.00    0.00    0.00    0.00    0.00    10    529.00     17.00  147560   15000   0.05   4724.00      0.00      0.00       0  Xorg

# Time        UID       PID    %usr %system  %guest   %wait    %CPU   CPU  minflt/s  majflt/s     VSZ     RSS   %MEM   kB_rd/s   kB_wr/s kB_ccwr/s iodelay  Command
01:55:14 PM     0       219    0.00    2.00    0.00    0.00    2.00     8      0.00      0.00       0       0   0.00     -1.00     -1.00     -1.00       0  kcompactd0
01:55:14 PM     0       239    0.00    1.00    0.00    0.00    1.00     9      0.00      0.00       0       0   0.00     -1.00     -1.00     -1.00       0  kswapd0
01:55:14 PM     0      1483    1.00    1.00    0.00    0.00    2.00     8      2.00      0.00 1360812   32712   0.10     -1.00     -1.00     -1.00       0  tailscaled
01:55:14 PM  1000    125786    0.00    3.00    0.00    0.00    3.00    11      0.00      0.00   17752   10824   0.03      0.00      0.00      0.00       0  htop
01:55:14 PM     0    134499    0.00    1.00    0.00    0.00    1.00     9      0.00      0.00       0       0   0.00     -1.00     -1.00     -1.00       0  kworker/u128:2+flush-259:0
01:55:14 PM   120    180004    0.00    0.00    0.00    0.00    0.00     7      0.00      0.00  389028    7032   0.02     -1.00     -1.00     -1.00       0  ibus-daemon
01:55:14 PM   120    180075    0.00    0.00    0.00    0.00    0.00     3      0.00      0.00  261296    5284   0.02     -1.00     -1.00     -1.00       0  ibus-x11
01:55:14 PM  1000    180331    0.00    2.00    0.00    0.00    2.00     0      0.00      0.00  336828    3196   0.01      0.00      4.00      0.00       0  nvidia-smi
01:55:14 PM  1000    180332    0.00    0.00    0.00    0.00    0.00    12      0.00      0.00    8916    1688   0.01      0.00      8.00      0.00       0  mpstat
01:55:14 PM  1000    180333    0.00    0.00    0.00    0.00    0.00     8      0.00      0.00   13648    4764   0.01      0.00      4.00      0.00       0  pidstat
01:55:14 PM  1000    180336    1.00    0.00    0.00    0.00    1.00     8      0.00      0.00 69093148 10145384  31.16      0.00  73728.00      0.00       0  python
01:55:14 PM  1000    200871    0.00    0.00    0.00    0.00    0.00    11    509.00     28.00  147560   19408   0.06   4676.00      0.00      0.00       0  Xorg

# Time        UID       PID    %usr %system  %guest   %wait    %CPU   CPU  minflt/s  majflt/s     VSZ     RSS   %MEM   kB_rd/s   kB_wr/s kB_ccwr/s iodelay  Command
01:55:15 PM     0         1    0.00    0.00    0.00    0.00    0.00     2      1.00      0.00   23212    8656   0.03     -1.00     -1.00     -1.00       0  systemd
01:55:15 PM  1000    125786    1.00    3.00    0.00    0.00    4.00    11      0.00      0.00   17752   10824   0.03      0.00      0.00      0.00       0  htop
01:55:15 PM  1000    180331    0.00    1.00    0.00    0.00    1.00     0      0.00      0.00  336828    3196   0.01      0.00      0.00      0.00       0  nvidia-smi
01:55:15 PM  1000    180332    0.00    0.00    0.00    0.00    0.00    12      0.00      0.00    8916    1688   0.01      0.00      8.00      0.00       0  mpstat
01:55:15 PM  1000    180333    0.00    1.00    0.00    0.00    1.00     8      0.00      0.00   13648    4764   0.01      0.00      4.00      0.00       0  pidstat
01:55:15 PM  1000    180336    2.00    1.00    0.00    0.00    3.00     4      0.00      0.00 69093148 10145384  31.16      0.00  79872.00      0.00       0  python
01:55:15 PM  1000    181381    1.00    0.00    0.00    0.00    1.00     9      0.00      0.00 17381260  344408   1.06      0.00      0.00      0.00       0  python
01:55:15 PM  1000    200871    0.00    0.00    0.00    0.00    0.00    12    659.00     23.00  147560   29916   0.09   9084.00      0.00      0.00       0  Xorg

# Time        UID       PID    %usr %system  %guest   %wait    %CPU   CPU  minflt/s  majflt/s     VSZ     RSS   %MEM   kB_rd/s   kB_wr/s kB_ccwr/s iodelay  Command
01:55:16 PM     0       219    0.00    1.00    0.00    0.00    1.00     8      0.00      0.00       0       0   0.00     -1.00     -1.00     -1.00       0  kcompactd0
01:55:16 PM  1000    180331    1.00    1.00    0.00    0.00    2.00     0      0.00      0.00  336828    3196   0.01      0.00      4.00      0.00       0  nvidia-smi
01:55:16 PM  1000    180332    0.00    0.00    0.00    0.00    0.00    12      0.00      0.00    8916    1688   0.01      0.00      4.00      0.00       0  mpstat
01:55:16 PM  1000    180333    0.00    0.00    0.00    0.00    0.00     8      0.00      0.00   13648    4764   0.01      0.00      8.00      0.00       0  pidstat
01:55:16 PM  1000    180336    2.00    1.00    0.00    0.00    3.00    11      0.00      0.00 69093148 10145384  31.16      0.00  98304.00      0.00       0  python
01:55:16 PM  1000    181328    0.00    1.00    0.00    0.00    1.00    10      0.00      0.00 17381260  344400   1.06      0.00      0.00      0.00       0  python
01:55:16 PM  1000    200871    0.00    1.00    0.00    0.00    1.00    12     74.00     66.00  147560   33232   0.10   6088.00      0.00      0.00       0  Xorg

# Time        UID       PID    %usr %system  %guest   %wait    %CPU   CPU  minflt/s  majflt/s     VSZ     RSS   %MEM   kB_rd/s   kB_wr/s kB_ccwr/s iodelay  Command
01:55:17 PM     0         1    0.00    0.00    0.00    0.00    0.00     2    221.00      0.00   23212    8656   0.03     -1.00     -1.00     -1.00       0  systemd
01:55:17 PM     0       526    0.00    0.00    0.00    0.00    0.00     6     41.00      1.00   67880   18044   0.06     -1.00     -1.00     -1.00       0  systemd-journal
01:55:17 PM  1000    125786    1.00    2.00    0.00    0.00    3.00    11      0.00      0.00   17752   10824   0.03      0.00      0.00      0.00       0  htop
01:55:17 PM     0    134499    0.00    1.00    0.00    0.00    1.00     9      0.00      0.00       0       0   0.00     -1.00     -1.00     -1.00       0  kworker/u128:2+flush-259:0
01:55:17 PM   120    179843    1.00    0.00    0.00    0.00    1.00     9      5.00      0.00 4032960  113892   0.35     -1.00     -1.00     -1.00       0  gnome-shell
01:55:17 PM   120    180004    0.00    0.00    0.00    0.00    0.00     7      0.00      0.00  389028    6008   0.02     -1.00     -1.00     -1.00       0  ibus-daemon
01:55:17 PM  1000    180331    0.00    1.00    0.00    0.00    1.00     0      0.00      0.00  336828    3196   0.01      0.00      0.00      0.00       0  nvidia-smi
01:55:17 PM  1000    180332    0.00    0.00    0.00    0.00    0.00    12      0.00      0.00    8916    1688   0.01      0.00      4.00      0.00       0  mpstat
01:55:17 PM  1000    180333    1.00    1.00    0.00    0.00    2.00     8      0.00      0.00   13648    4764   0.01      0.00      0.00      0.00       0  pidstat
01:55:17 PM  1000    180336    2.00    1.00    0.00    0.00    3.00     2      0.00      0.00 69093148 10145384  31.16      0.00  90112.00      0.00       0  python
01:55:17 PM  1000    200871    0.00    0.00    0.00    0.00    0.00    12     14.00     31.00  147560   34088   0.10   1916.00      0.00      0.00       0  Xorg

# Time        UID       PID    %usr %system  %guest   %wait    %CPU   CPU  minflt/s  majflt/s     VSZ     RSS   %MEM   kB_rd/s   kB_wr/s kB_ccwr/s iodelay  Command
01:55:18 PM     0       219    0.00    2.00    0.00    0.00    2.00     8      0.00      0.00       0       0   0.00     -1.00     -1.00     -1.00       0  kcompactd0
01:55:18 PM     0      1483    0.00    0.00    0.00    0.00    0.00     8      3.00      0.00 1360812   32712   0.10     -1.00     -1.00     -1.00       0  tailscaled
01:55:18 PM  1000    125650    0.00    0.00    0.00    0.00    0.00    16      1.00      0.00   15344    6236   0.02     -1.00     -1.00     -1.00       0  sshd
01:55:18 PM   120    179977    0.00    0.00    0.00    0.00    0.00     4      2.00      1.00  520544    7016   0.02     -1.00     -1.00     -1.00       0  gsd-power
01:55:18 PM  1000    180331    0.00    1.00    0.00    0.00    1.00     0      0.00      0.00  336828    3196   0.01      0.00      4.00      0.00       0  nvidia-smi
01:55:18 PM  1000    180332    0.00    0.00    0.00    0.00    0.00    12      0.00      0.00    8916    1688   0.01      0.00      8.00      0.00       0  mpstat
01:55:18 PM  1000    180333    0.00    0.00    0.00    0.00    0.00     8      0.00      0.00   13648    4764   0.01      0.00      4.00      0.00       0  pidstat
01:55:18 PM  1000    180336    2.00    0.00    0.00    0.00    2.00    11      0.00      0.00 69093148 10145384  31.16      0.00  88064.00      0.00       0  python
01:55:18 PM  1000    180388    1.00    0.00    0.00    0.00    1.00     5      0.00      0.00 64070440 3501032  10.75      0.00      0.00      0.00       0  pt_data_worker
01:55:18 PM  1000    200871    0.00    0.00    0.00    0.00    0.00    13     24.00     39.00  147560   34628   0.11   1888.00      0.00      0.00       0  Xorg

# Time        UID       PID    %usr %system  %guest   %wait    %CPU   CPU  minflt/s  majflt/s     VSZ     RSS   %MEM   kB_rd/s   kB_wr/s kB_ccwr/s iodelay  Command
01:55:19 PM     0       219    0.00    2.00    0.00    0.00    2.00     8      0.00      0.00       0       0   0.00     -1.00     -1.00     -1.00       0  kcompactd0
01:55:19 PM     0       239    0.00    1.00    0.00    0.00    1.00     9      0.00      0.00       0       0   0.00     -1.00     -1.00     -1.00       0  kswapd0
01:55:19 PM     0      1049    1.00    0.00    0.00    0.00    1.00     0      6.00      0.00  314008    5756   0.02     -1.00     -1.00     -1.00       0  accounts-daemon
01:55:19 PM  1000      6390    0.00    0.00    0.00    0.00    0.00     8      6.00      0.00   16396    8088   0.02      0.00      0.00      0.00       0  zsh
01:55:19 PM  1000    125651    2.00    0.00    0.00    0.00    2.00    11   1312.00     14.00   15728    9024   0.03  29940.00    456.00      0.00       0  zsh
01:55:19 PM  1000    125723    0.00    0.00    0.00    0.00    0.00    20      7.00     16.00    6828    2052   0.01   1052.00      0.00      0.00       0  gitstatusd-linu
01:55:19 PM     0    142287    0.00    1.00    0.00    0.00    1.00    20      0.00      0.00       0       0   0.00     -1.00     -1.00     -1.00       0  kworker/u128:0-ext4-rsv-conversion
01:55:19 PM   120    179843    0.00    0.00    0.00    0.00    0.00     9      4.00      0.00 4032960  113892   0.35     -1.00     -1.00     -1.00       0  gnome-shell
01:55:19 PM   120    180004    0.00    0.00    0.00    0.00    0.00     7      0.00      0.00  389028    5752   0.02     -1.00     -1.00     -1.00       0  ibus-daemon
01:55:19 PM  1000    180331    0.00    1.00    0.00    0.00    1.00     0      0.00      0.00  336828    3196   0.01      0.00      0.00      0.00       0  nvidia-smi
01:55:19 PM  1000    180332    0.00    0.00    0.00    0.00    0.00    12      0.00      0.00    8916    1688   0.01      0.00      8.00      0.00       0  mpstat
01:55:19 PM  1000    180333    0.00    0.00    0.00    0.00    0.00     8      0.00      0.00   13648    4764   0.01      0.00      8.00      0.00       0  pidstat
01:55:19 PM  1000    180336    2.00    1.00    0.00    0.00    3.00    11      0.00      0.00 69093148 10145384  31.16      0.00  83968.00      0.00       0  python
01:55:19 PM     0    186912    0.00    0.00    0.00    0.00    0.00    10     29.00      0.00  242920    7216   0.02     -1.00     -1.00     -1.00       0  gdm-session-wor
01:55:19 PM  1000    200871    0.00    0.00    0.00    0.00    0.00    13     23.00     33.00  147716   35716   0.11   1448.00      0.00      0.00       0  Xorg

# Time        UID       PID    %usr %system  %guest   %wait    %CPU   CPU  minflt/s  majflt/s     VSZ     RSS   %MEM   kB_rd/s   kB_wr/s kB_ccwr/s iodelay  Command
01:55:20 PM     0         1    0.00    0.00    0.00    0.00    0.00     6      7.00      0.00   23212    8656   0.03     -1.00     -1.00     -1.00       0  systemd
01:55:20 PM     0       583    0.00    0.00    0.00    0.00    0.00     2    101.00      0.00   30488    5304   0.02     -1.00     -1.00     -1.00       0  systemd-udevd
01:55:20 PM   990       942    0.00    1.00    0.00    0.00    1.00     8      0.00      0.00   17752    4500   0.01     -1.00     -1.00     -1.00       0  systemd-oomd
01:55:20 PM     0      1052    0.00    0.00    0.00    0.00    0.00     6     46.00      5.00  310228    5576   0.02     -1.00     -1.00     -1.00       0  switcheroo-cont
01:55:20 PM     0      1483    1.00    1.00    0.00    0.00    2.00     8      3.00      0.00 1360812   32712   0.10     -1.00     -1.00     -1.00       0  tailscaled
01:55:20 PM     0      1544    0.00    0.00    0.00    0.00    0.00    12      6.00      1.00  315268    7332   0.02     -1.00     -1.00     -1.00       0  gdm3
01:55:20 PM  1000      2238    1.00    0.00    0.00    0.00    1.00    25      5.00      0.00  116500   15720   0.05      0.00      0.00      0.00       0  pipewire
01:55:20 PM  1000      2240    0.00    1.00    0.00    0.00    1.00    24      0.00      0.00  407808   14828   0.05      0.00      0.00      0.00       0  wireplumber
01:55:20 PM     0      3082    0.00    0.00    0.00    0.00    0.00     8      6.00      6.00  405836    9416   0.03     -1.00     -1.00     -1.00       0  fwupd
01:55:20 PM  1000      9066    0.00    1.00    0.00    0.00    1.00     2      0.00      0.00  958328    8328   0.03      0.00      0.00      0.00       0  Omniverse Hub
01:55:20 PM  1000    125650    1.00    0.00    0.00    0.00    1.00    19      0.00      0.00   15344    6236   0.02     -1.00     -1.00     -1.00       0  sshd
01:55:20 PM  1000    125651    0.00    0.00    0.00    0.00    0.00    11    100.00      2.00   15728    9024   0.03    136.00      0.00      0.00       0  zsh
01:55:20 PM     0    139062    0.00   49.00    0.00    0.00   49.00     4      0.00      0.00       0       0   0.00     -1.00     -1.00     -1.00       0  kworker/4:2-events
01:55:20 PM   120    179783    0.00    0.00    0.00    0.00    0.00    11      6.00      2.00 25994904   24840   0.08     -1.00     -1.00     -1.00       0  Xorg
01:55:20 PM   120    179843    0.00    0.00    0.00    0.00    0.00     9      1.00      0.00 4032960  113892   0.35     -1.00     -1.00     -1.00       0  gnome-shell
01:55:20 PM  1000    180331    0.00    1.00    0.00    0.00    1.00     0      0.00      0.00  336828    3196   0.01      0.00      4.00      0.00       0  nvidia-smi
01:55:20 PM  1000    180332    0.00    0.00    0.00    0.00    0.00    12      0.00      0.00    8916    1688   0.01      0.00      4.00      0.00       0  mpstat
01:55:20 PM  1000    180333    1.00    1.00    0.00    0.00    2.00     8      0.00      0.00   13648    4764   0.01      0.00      8.00      0.00       0  pidstat
01:55:20 PM  1000    180336    2.00    1.00    0.00    0.00    3.00    11      0.00      0.00 69093148 10145384  31.16      0.00  81920.00      0.00       0  python
01:55:20 PM  1000    181632    0.00    1.00    0.00    0.00    1.00     6      0.00      0.00 17382284  344432   1.06      0.00      0.00      0.00       0  python
01:55:20 PM  1000    200871    0.00    0.00    0.00    0.00    0.00    13     18.00     26.00  147716   36236   0.11   1244.00      0.00      0.00       0  Xorg
01:55:20 PM     0    200887    0.00    0.00    0.00    0.00    0.00     6    327.00      2.00   30492    5256   0.02     -1.00     -1.00     -1.00       0  (udev-worker)

# Time        UID       PID    %usr %system  %guest   %wait    %CPU   CPU  minflt/s  majflt/s     VSZ     RSS   %MEM   kB_rd/s   kB_wr/s kB_ccwr/s iodelay  Command
01:55:21 PM     0       219    0.00    2.00    0.00    0.00    2.00    11      0.00      0.00       0       0   0.00     -1.00     -1.00     -1.00       0  kcompactd0
01:55:21 PM  1000      2240    0.00    0.00    0.00    0.00    0.00     0      0.00      0.00  407808   14828   0.05      4.00      4.00      0.00       0  wireplumber
01:55:21 PM  1000    125651    0.00    0.00    0.00    0.00    0.00     8    124.00      0.00   15728    9024   0.03      4.00      8.00      0.00       0  zsh
01:55:21 PM   120    180004    0.00    0.00    0.00    0.00    0.00     7      0.00      0.00  389028    5240   0.02     -1.00     -1.00     -1.00       0  ibus-daemon
01:55:21 PM  1000    180331    0.00    1.00    0.00    0.00    1.00     0      0.00      0.00  336828    3196   0.01      0.00      4.00      0.00       0  nvidia-smi
01:55:21 PM  1000    180332    0.00    0.00    0.00    0.00    0.00    12      0.00      0.00    8916    1688   0.01      0.00      8.00      0.00       0  mpstat
01:55:21 PM  1000    180333    0.00    0.00    0.00    0.00    0.00     8      0.00      1.00   13648    4764   0.01      0.00      4.00      0.00       0  pidstat
01:55:21 PM  1000    180336    2.00    1.00    0.00    0.00    3.00    15      0.00      0.00 69093148 10145384  31.16      0.00  75776.00      0.00       0  python
01:55:21 PM  1000    181579    1.00    0.00    0.00    0.00    1.00    14      0.00      0.00 17381260  344424   1.06      0.00      0.00      0.00       0  python
01:55:21 PM  1000    200871    0.00    0.00    0.00    0.00    0.00    13     28.00     30.00  147716   37020   0.11    832.00      0.00      0.00       0  Xorg
01:55:21 PM  1000    200891    0.00    0.00    0.00    0.00    0.00    20     78.00      1.00    1636     292   0.00    232.00      0.00      0.00       0  nvidia-smi

# Time        UID       PID    %usr %system  %guest   %wait    %CPU   CPU  minflt/s  majflt/s     VSZ     RSS   %MEM   kB_rd/s   kB_wr/s kB_ccwr/s iodelay  Command
01:55:22 PM     0      1483    1.00    1.00    0.00    0.00    2.00     8      0.00      0.00 1360812   32712   0.10     -1.00     -1.00     -1.00       0  tailscaled
01:55:22 PM     0    134499    0.00    1.00    0.00    0.00    1.00     9      0.00      0.00       0       0   0.00     -1.00     -1.00     -1.00       0  kworker/u128:2+flush-259:0
01:55:22 PM  1000    180331    1.00    1.00    0.00    0.00    2.00     0      0.00      0.00  336828    3196   0.01      0.00      0.00      0.00       0  nvidia-smi
01:55:22 PM  1000    180332    0.00    0.00    0.00    0.00    0.00    12      0.00      0.00    8916    1688   0.01      0.00      4.00      0.00       0  mpstat
01:55:22 PM  1000    180333    0.00    1.00    0.00    0.00    1.00     8      0.00      1.00   13648    4764   0.01      0.00      4.00      0.00       0  pidstat
01:55:22 PM  1000    180336    2.00    1.00    0.00    0.00    3.00    10      0.00      0.00 69093148 10145384  31.16      0.00  71680.00      0.00       0  python
01:55:22 PM  1000    200871    0.00    1.00    0.00    0.00    1.00    13     72.00     69.00  147868   38308   0.12   1672.00      0.00      0.00       0  Xorg
01:55:22 PM  1000    200891    0.00    0.00    0.00    0.00    0.00     8   3893.00     18.00  189188   20172   0.06   3740.00      0.00      0.00       0  nvidia-smi

# Time        UID       PID    %usr %system  %guest   %wait    %CPU   CPU  minflt/s  majflt/s     VSZ     RSS   %MEM   kB_rd/s   kB_wr/s kB_ccwr/s iodelay  Command
01:55:23 PM     0       583    0.00    0.00    0.00    0.00    0.00     2     24.00      0.00   30488    5584   0.02     -1.00     -1.00     -1.00       0  systemd-udevd
01:55:23 PM   122      1384    0.00    0.00    0.00    0.00    0.00     0     13.00      4.00    3340    1792   0.01     -1.00     -1.00     -1.00       0  nvidia-persiste
01:55:23 PM  1000    125651    0.00    0.00    0.00    0.00    0.00     8    424.00      0.00   15696    8764   0.03   4336.00      0.00      0.00       0  zsh
01:55:23 PM   120    180004    0.00    0.00    0.00    0.00    0.00     7      0.00      0.00  389028    4984   0.02     -1.00     -1.00     -1.00       0  ibus-daemon
01:55:23 PM  1000    180331    0.00    1.00    0.00    0.00    1.00     0      0.00      0.00  336828    3196   0.01      0.00      4.00      0.00       0  nvidia-smi
01:55:23 PM  1000    180332    0.00    0.00    0.00    0.00    0.00    12      0.00      0.00    8916    1688   0.01      0.00      4.00      0.00       0  mpstat
01:55:23 PM  1000    180333    0.00    0.00    0.00    0.00    0.00     8      0.00      0.00   13648    4764   0.01      0.00      4.00      0.00       0  pidstat
01:55:23 PM  1000    180336    1.00    0.00    0.00    0.00    1.00    10      0.00      0.00 69093148 10145384  31.16      0.00  67584.00      0.00       0  python
01:55:23 PM  1000    200871    0.00    0.00    0.00    0.00    0.00    13     70.00     29.00  147868   39432   0.12   1360.00      0.00      0.00       0  Xorg

# Time        UID       PID    %usr %system  %guest   %wait    %CPU   CPU  minflt/s  majflt/s     VSZ     RSS   %MEM   kB_rd/s   kB_wr/s kB_ccwr/s iodelay  Command
01:55:24 PM     0       219    0.00    2.00    0.00    0.00    2.00    11      0.00      0.00       0       0   0.00     -1.00     -1.00     -1.00       0  kcompactd0
01:55:24 PM     0       239    0.00    1.00    0.00    0.00    1.00     8      0.00      0.00       0       0   0.00     -1.00     -1.00     -1.00       0  kswapd0
01:55:24 PM     0       526    0.00    0.00    0.00    0.00    0.00     6    110.00      0.00   67880   18044   0.06     -1.00     -1.00     -1.00       0  systemd-journal
01:55:24 PM   102      1105    0.00    0.00    0.00    0.00    0.00    11      1.00      0.00  222580    3888   0.01     -1.00     -1.00     -1.00       0  rsyslogd
01:55:24 PM     0      1483    0.00    0.00    0.00    0.00    0.00     8      1.00      1.00 1360812   32712   0.10     -1.00     -1.00     -1.00       0  tailscaled
01:55:24 PM  1000      2238    0.00    0.00    0.00    0.00    0.00     2      0.00      0.00  116496   15720   0.05      0.00      0.00      0.00       0  pipewire
01:55:24 PM  1000      2240    1.00    0.00    0.00    0.00    1.00     0      0.00      0.00  407808   14828   0.05      0.00      0.00      0.00       0  wireplumber
01:55:24 PM     0    134499    0.00    1.00    0.00    0.00    1.00    11      0.00      0.00       0       0   0.00     -1.00     -1.00     -1.00       0  kworker/u128:2+flush-259:0
01:55:24 PM   120    179843    0.00    0.00    0.00    0.00    0.00     9      0.00      0.00 4032960  113380   0.35     -1.00     -1.00     -1.00       0  gnome-shell
01:55:24 PM   120    180004    0.00    0.00    0.00    0.00    0.00     7      0.00      0.00  389028    4472   0.01     -1.00     -1.00     -1.00       0  ibus-daemon
01:55:24 PM   120    180075    0.00    0.00    0.00    0.00    0.00     3      0.00      0.00  261296    5028   0.02     -1.00     -1.00     -1.00       0  ibus-x11
01:55:24 PM  1000    180331    0.00    1.00    0.00    0.00    1.00     0      0.00      0.00  336828    3196   0.01      0.00      4.00      0.00       0  nvidia-smi
01:55:24 PM  1000    180332    0.00    0.00    0.00    0.00    0.00    12      0.00      0.00    8916    1688   0.01      0.00      8.00      0.00       0  mpstat
01:55:24 PM  1000    180333    1.00    1.00    0.00    0.00    2.00     8      0.00      0.00   13648    4764   0.01      0.00      4.00      0.00       0  pidstat
01:55:24 PM  1000    180336    2.00   15.00    0.00    0.00   17.00    10      0.00      0.00 68354312 6851560  21.04      0.00 336024.00      0.00       0  python
01:55:24 PM  1000    200871    0.00   35.00    0.00    0.00   35.00     9    730.00     42.00  335848   49304   0.15   2484.00      8.00      0.00       0  Xorg

# Time        UID       PID    %usr %system  %guest   %wait    %CPU   CPU  minflt/s  majflt/s     VSZ     RSS   %MEM   kB_rd/s   kB_wr/s kB_ccwr/s iodelay  Command
01:55:25 PM     0         1    1.00    0.00    0.00    0.00    1.00    20    213.00      0.00   23212    8656   0.03     -1.00     -1.00     -1.00       0  systemd
01:55:25 PM     0       219    0.00    3.00    0.00    0.00    3.00    11      0.00      0.00       0       0   0.00     -1.00     -1.00     -1.00       0  kcompactd0
01:55:25 PM     0       239    0.00    1.00    0.00    0.00    1.00     0      0.00      0.00       0       0   0.00     -1.00     -1.00     -1.00       0  kswapd0
01:55:25 PM     0       526    0.00    1.00    0.00    0.00    1.00     6    103.00      3.00   67880   18304   0.06     -1.00     -1.00     -1.00       0  systemd-journal
01:55:25 PM     0       560    0.00    1.00    0.00    0.00    1.00    10      0.00      0.00       0       0   0.00     -1.00     -1.00     -1.00       0  kworker/10:1H-i915_cleanup
01:55:25 PM   988      1016    0.00    1.00    0.00    0.00    1.00    16      0.00      0.00  439232    7176   0.02     -1.00     -1.00     -1.00       0  gnome-remote-de
01:55:25 PM   987      1046    2.00    2.00    0.00    0.00    4.00    21      0.00      0.00  393036   10968   0.03     -1.00     -1.00     -1.00       0  polkitd
01:55:25 PM     0      1544    0.00    0.00    0.00    0.00    0.00    12      2.00      0.00  315268    7332   0.02     -1.00     -1.00     -1.00       0  gdm3
01:55:25 PM  1000      2238    0.00    0.00    0.00    0.00    0.00     2      5.00      0.00  116500   15720   0.05      0.00      0.00      0.00       0  pipewire
01:55:25 PM  1000      2240    0.00    0.00    0.00    0.00    0.00     0      0.00      0.00  407808   14828   0.05      0.00      4.00      0.00       0  wireplumber
01:55:25 PM     0      3082    0.00    0.00    0.00    0.00    0.00    10     11.00      3.00  405836    9672   0.03     -1.00     -1.00     -1.00       0  fwupd
01:55:25 PM     0     24912    0.00    1.00    0.00    0.00    1.00     9      0.00      0.00       0       0   0.00     -1.00     -1.00     -1.00       0  kworker/9:1-events
01:55:25 PM  1000    179682    0.00    0.00    0.00    0.00    0.00    30      1.00      0.00    9500    3196   0.01      0.00      0.00      0.00       0  dbus-daemon
01:55:25 PM   120    179843    0.00    0.00    0.00    0.00    0.00    29      1.00      0.00 4032960  111332   0.34     -1.00     -1.00     -1.00       0  gnome-shell
01:55:25 PM  1000    180331    0.00    1.00    0.00    0.00    1.00     2      0.00      0.00  336828    3196   0.01      0.00      0.00      0.00       0  nvidia-smi
01:55:25 PM  1000    180332    0.00    0.00    0.00    0.00    0.00    12      0.00      0.00    8916    1688   0.01      0.00      4.00      0.00       0  mpstat
01:55:25 PM  1000    180333    0.00    0.00    0.00    0.00    0.00    10      0.00      0.00   13648    4764   0.01      0.00      4.00      0.00       0  pidstat
01:55:25 PM  1000    180336   17.00   56.00    0.00    0.00   73.00     9 485944.00      0.00 65767728 6819984  20.95      0.00 555008.00      0.00       0  python
01:55:25 PM  1000    200863    0.00    0.00    0.00    0.00    0.00    21     70.00      0.00  236048    5488   0.02      4.00      0.00      0.00       0  gdm-x-session
01:55:25 PM  1000    200871    5.00   15.00    0.00    0.00   20.00    11  11077.00    781.00 25990624  158428   0.49  81816.00     44.00     12.00       0  Xorg
01:55:25 PM  1000    200950    0.00    0.00    0.00    0.00    0.00     0     31.00      0.00  236048    1336   0.00      4.00      0.00      0.00       0  gdm-x-session

# Time        UID       PID    %usr %system  %guest   %wait    %CPU   CPU  minflt/s  majflt/s     VSZ     RSS   %MEM   kB_rd/s   kB_wr/s kB_ccwr/s iodelay  Command
01:55:26 PM     0       219    0.00    1.00    0.00    0.00    1.00    11      0.00      0.00       0       0   0.00     -1.00     -1.00     -1.00       0  kcompactd0
01:55:26 PM     0       526    1.00    0.00    0.00    0.00    1.00    12     11.00      1.00   67880   18304   0.06     -1.00     -1.00     -1.00       0  systemd-journal
01:55:26 PM     0       974    0.00    1.00    0.00    0.00    1.00    15      0.00      0.00       0       0   0.00     -1.00     -1.00     -1.00       0  nvidia-modeset/kthread_q
01:55:26 PM  1000      2240    0.00    0.00    0.00    0.00    0.00     0      0.00      0.00  407808   14828   0.05      0.00      4.00      0.00       0  wireplumber
01:55:26 PM     0      3082    1.00    7.00    0.00    0.00    8.00    10      2.00      6.00  405836    9672   0.03     -1.00     -1.00     -1.00       0  fwupd
01:55:26 PM     0    142287    0.00    1.00    0.00    0.00    1.00    10      0.00      0.00       0       0   0.00     -1.00     -1.00     -1.00       0  kworker/u128:0+flush-259:0
01:55:26 PM   120    179843    0.00    0.00    0.00    0.00    0.00    29      2.00      0.00 4032960  111332   0.34     -1.00     -1.00     -1.00       0  gnome-shell
01:55:26 PM  1000    180331    0.00    1.00    0.00    0.00    1.00     2      0.00      0.00  336828    3196   0.01      0.00      0.00      0.00       0  nvidia-smi
01:55:26 PM  1000    180332    0.00    0.00    0.00    0.00    0.00    12      0.00      0.00    8916    1688   0.01      0.00      4.00      0.00       0  mpstat
01:55:26 PM  1000    180333    0.00    1.00    0.00    0.00    1.00    10      0.00      1.00   13648    4764   0.01      0.00      4.00      0.00       0  pidstat
01:55:26 PM  1000    180336    3.00    1.00    0.00    0.00    4.00     9      0.00      0.00 65767728 6819984  20.95      0.00 147456.00      0.00       0  python
01:55:26 PM  1000    181330    0.00    1.00    0.00    0.00    1.00    12      0.00      0.00 17381260  344404   1.06      0.00      0.00      0.00       0  python
01:55:26 PM  1000    200863    0.00    0.00    0.00    0.00    0.00    21     49.00      0.00  236048    5488   0.02     72.00      0.00      0.00       0  gdm-x-session
01:55:26 PM  1000    200954    0.00    0.00    0.00    0.00    0.00    17    203.00     18.00   10408    2820   0.01   1504.00      0.00      0.00       0  Xsession

# Time        UID       PID    %usr %system  %guest   %wait    %CPU   CPU  minflt/s  majflt/s     VSZ     RSS   %MEM   kB_rd/s   kB_wr/s kB_ccwr/s iodelay  Command
01:55:27 PM     0       219    0.00    2.00    0.00    0.00    2.00    11      0.00      0.00       0       0   0.00     -1.00     -1.00     -1.00       0  kcompactd0
01:55:27 PM     0       239    0.00    1.00    0.00    0.00    1.00     8      0.00      0.00       0       0   0.00     -1.00     -1.00     -1.00       0  kswapd0
01:55:27 PM   120    179843    0.00    0.00    0.00    0.00    0.00    29      0.00      0.00 4032960  111076   0.34     -1.00     -1.00     -1.00       0  gnome-shell
01:55:27 PM  1000    180331    1.00    0.00    0.00    0.00    1.00     2      0.00      0.00  336828    3196   0.01      0.00      0.00      0.00       0  nvidia-smi
01:55:27 PM  1000    180333    0.00    1.00    0.00    0.00    1.00    10      0.00      1.00   13648    4764   0.01      0.00      4.00      0.00       0  pidstat
01:55:27 PM  1000    180336    2.00    1.00    0.00    0.00    3.00     9      0.00      0.00 65767728 6819984  20.95      0.00 110592.00      0.00       0  python
01:55:27 PM  1000    200954    0.00    0.00    0.00    0.00    0.00    10     51.00      1.00   10376    2820   0.01    568.00      0.00      0.00       0  Xsession
01:55:27 PM  1000    200957    0.00    0.00    0.00    0.00    0.00     4     81.00      0.00   10376    1868   0.01      0.00      0.00      0.00       0  Xsession
01:55:27 PM  1000    200958    0.00    0.00    0.00    0.00    0.00    19    123.00      5.00    4488     532   0.00    508.00      0.00      0.00       0  flatpak
01:55:27 PM  1000    200959    0.00    0.00    0.00    0.00    0.00    22     70.00      0.00   10376    1916   0.01      0.00      0.00      0.00       0  Xsession

# Time        UID       PID    %usr %system  %guest   %wait    %CPU   CPU  minflt/s  majflt/s     VSZ     RSS   %MEM   kB_rd/s   kB_wr/s kB_ccwr/s iodelay  Command
01:55:28 PM     0       219    0.00    2.00    0.00    0.00    2.00    11      0.00      0.00       0       0   0.00     -1.00     -1.00     -1.00       0  kcompactd0
01:55:28 PM   120    179843    1.00    0.00    0.00    0.00    1.00    11      0.00      1.00 4032960  110564   0.34     -1.00     -1.00     -1.00       0  gnome-shell
01:55:28 PM  1000    180331    0.00    1.00    0.00    0.00    1.00     0      0.00      0.00  336828    3196   0.01      0.00      0.00      0.00       0  nvidia-smi
01:55:28 PM  1000    180332    0.00    0.00    0.00    0.00    0.00    12      0.00      0.00    8916    1688   0.01      0.00      4.00      0.00       0  mpstat
01:55:28 PM  1000    180333    0.00    0.00    0.00    0.00    0.00    10      0.00      2.00   13648    4764   0.01      0.00      0.00      0.00       0  pidstat
01:55:28 PM  1000    180336    2.00    0.00    0.00    0.00    2.00     9      0.00      0.00 65767728 6819984  20.95      0.00  98304.00      0.00       0  python
01:55:28 PM  1000    200958    0.00    0.00    0.00    0.00    0.00    13    127.00     12.00   18152    1644   0.01    960.00      0.00      0.00       0  flatpak

# Time        UID       PID    %usr %system  %guest   %wait    %CPU   CPU  minflt/s  majflt/s     VSZ     RSS   %MEM   kB_rd/s   kB_wr/s kB_ccwr/s iodelay  Command
01:55:29 PM     0      1483    0.00    1.00    0.00    0.00    1.00     8      0.00      0.00 1360812   32712   0.10     -1.00     -1.00     -1.00       0  tailscaled
01:55:29 PM  1000      6390    0.00    0.00    0.00    0.00    0.00     8      6.00      0.00   16396    8088   0.02      0.00      0.00      0.00       0  zsh
01:55:29 PM  1000    125651    0.00    0.00    0.00    0.00    0.00     8     66.00      0.00   15696    8764   0.03      0.00      0.00      0.00       0  zsh
01:55:29 PM     0    173694    0.00    1.00    0.00    0.00    1.00    13      0.00      0.00       0       0   0.00     -1.00     -1.00     -1.00       0  kworker/u128:5-writeback
01:55:29 PM   120    179843    0.00    0.00    0.00    0.00    0.00    11      0.00      0.00 4032960  110308   0.34     -1.00     -1.00     -1.00       0  gnome-shell
01:55:29 PM  1000    180331    0.00    1.00    0.00    0.00    1.00     0      0.00      0.00  336828    3196   0.01      0.00      0.00      0.00       0  nvidia-smi
01:55:29 PM  1000    180332    0.00    0.00    0.00    0.00    0.00    12      0.00      0.00    8916    1688   0.01      0.00      4.00      0.00       0  mpstat
01:55:29 PM  1000    180333    0.00    0.00    0.00    0.00    0.00    10      0.00      0.00   13648    4764   0.01      0.00      4.00      0.00       0  pidstat
01:55:29 PM  1000    180336    1.00    0.00    0.00    0.00    1.00     9      0.00      0.00 65767728 6819984  20.95      0.00  92160.00      0.00       0  python
01:55:29 PM  1000    200958    0.00    0.00    0.00    0.00    0.00    13     77.00     14.00   29384    2736   0.01   1288.00      0.00      0.00       0  flatpak

# Time        UID       PID    %usr %system  %guest   %wait    %CPU   CPU  minflt/s  majflt/s     VSZ     RSS   %MEM   kB_rd/s   kB_wr/s kB_ccwr/s iodelay  Command
01:55:30 PM     0        15    0.00    1.00    0.00    0.00    1.00    29      0.00      0.00       0       0   0.00     -1.00     -1.00     -1.00       0  rcu_preempt
01:55:30 PM     0        24    0.00    1.00    0.00    0.00    1.00     2      0.00      0.00       0       0   0.00     -1.00     -1.00     -1.00       0  migration/2
01:55:30 PM     0       219    0.00    2.00    0.00    0.00    2.00    11      0.00      0.00       0       0   0.00     -1.00     -1.00     -1.00       0  kcompactd0
01:55:30 PM     0      1483    1.00    0.00    0.00    0.00    1.00     8      0.00      0.00 1360812   32712   0.10     -1.00     -1.00     -1.00       0  tailscaled
01:55:30 PM  1000    125651    1.00    0.00    0.00    0.00    1.00     8     55.00      0.00   15696    8764   0.03      0.00      0.00      0.00       0  zsh
01:55:30 PM   120    179843    0.00    0.00    0.00    0.00    0.00    11      0.00      0.00 4032960  110052   0.34     -1.00     -1.00     -1.00       0  gnome-shell
01:55:30 PM  1000    180331    0.00    1.00    0.00    0.00    1.00     0      0.00      0.00  336828    3196   0.01      0.00      0.00      0.00       0  nvidia-smi
01:55:30 PM  1000    180332    0.00    0.00    0.00    0.00    0.00    12      0.00      0.00    8916    1688   0.01      0.00      4.00      0.00       0  mpstat
01:55:30 PM  1000    180333    1.00    1.00    0.00    0.00    2.00    10      0.00      1.00   13648    4764   0.01      0.00      0.00      0.00       0  pidstat
01:55:30 PM  1000    180336    2.00    1.00    0.00    0.00    3.00     9      0.00      0.00 65767728 6819984  20.95      0.00  88064.00      0.00       0  python
01:55:30 PM  1000    200958    0.00    0.00    0.00    0.00    0.00    13    652.00     16.00   71516   11948   0.04   3768.00      0.00      0.00       0  flatpak

# Time        UID       PID    %usr %system  %guest   %wait    %CPU   CPU  minflt/s  majflt/s     VSZ     RSS   %MEM   kB_rd/s   kB_wr/s kB_ccwr/s iodelay  Command
01:55:31 PM     0       219    0.00    0.99    0.00    0.00    0.99    11      0.00      0.00       0       0   0.00     -1.00     -1.00     -1.00       0  kcompactd0
01:55:31 PM     0       239    0.00    0.99    0.00    0.00    0.99     2      0.00      0.00       0       0   0.00     -1.00     -1.00     -1.00       0  kswapd0
01:55:31 PM     0      1057    0.00    0.00    0.00    0.00    0.00    12     18.81     13.86  469964    8320   0.03     -1.00     -1.00     -1.00       0  udisksd
01:55:31 PM     0      1483    0.00    0.00    0.00    0.00    0.00     8     69.31      3.96 1360812   32968   0.10     -1.00     -1.00     -1.00       0  tailscaled
01:55:31 PM  1000    125651    0.00    0.00    0.00    0.00    0.00     8     89.11      0.00   15696    8764   0.03      0.00      0.00      0.00       0  zsh
01:55:31 PM     0    142287    0.00    0.99    0.00    0.00    0.99    15      0.00      0.00       0       0   0.00     -1.00     -1.00     -1.00       0  kworker/u128:0+flush-259:0
01:55:31 PM  1000    180331    0.00    0.99    0.00    0.00    0.99     0      0.00      0.00  336828    3196   0.01      0.00      0.00      0.00       0  nvidia-smi
01:55:31 PM  1000    180332    0.00    0.00    0.00    0.00    0.00    12      0.00      0.00    8916    1688   0.01      0.00      3.96      0.00       0  mpstat
01:55:31 PM  1000    180333    0.00    0.00    0.00    0.00    0.00    10      0.00      0.00   13648    4764   0.01      0.00      3.96      0.00       0  pidstat
01:55:31 PM  1000    180336    0.99    0.99    0.00    0.00    1.98     9      0.00      0.00 65767728 6819984  20.95      0.00  83136.63      0.00       0  python
01:55:31 PM  1000    200954    0.00    0.00    0.00    0.00    0.00     6    162.38      0.00   10376    3076   0.01   7259.41      0.00      0.00       0  Xsession

# Time        UID       PID    %usr %system  %guest   %wait    %CPU   CPU  minflt/s  majflt/s     VSZ     RSS   %MEM   kB_rd/s   kB_wr/s kB_ccwr/s iodelay  Command
01:55:32 PM     0      1057    0.00    0.00    0.00    0.00    0.00    12      1.00      0.00  469964    8320   0.03     -1.00     -1.00     -1.00       0  udisksd
01:55:32 PM     0      1483    1.00    1.00    0.00    0.00    2.00     8     10.00      1.00 1360812   32968   0.10     -1.00     -1.00     -1.00       0  tailscaled
01:55:32 PM  1000    125651    0.00    0.00    0.00    0.00    0.00     8    106.00      0.00   15696    8764   0.03      0.00      0.00      0.00       0  zsh
01:55:32 PM   120    180104    0.00    0.00    0.00    0.00    0.00     6      0.00      0.00 2531956    7224   0.02     -1.00     -1.00     -1.00       0  gjs
01:55:32 PM  1000    180331    0.00    1.00    0.00    0.00    1.00     0      0.00      0.00  336828    3196   0.01      0.00      0.00      0.00       0  nvidia-smi
01:55:32 PM  1000    180333    1.00    0.00    0.00    0.00    1.00    10      0.00      0.00   13648    4764   0.01      0.00      0.00      0.00       0  pidstat
01:55:32 PM  1000    180336    2.00    0.00    0.00    0.00    2.00     9      0.00      0.00 65767728 6819984  20.95      0.00  81920.00      0.00       0  python
01:55:32 PM  1000    181446    1.00    0.00    0.00    0.00    1.00     2      0.00      0.00 17381260  344412   1.06      0.00      0.00      0.00       0  python
01:55:32 PM  1000    200871    0.00    0.00    0.00    0.00    0.00    11     91.00      0.00 25991036  158684   0.49      0.00      0.00      0.00       0  Xorg
01:55:32 PM  1000    200954    0.00    0.00    0.00    0.00    0.00    12    305.00      0.00   10376    3076   0.01    792.00      0.00      0.00       0  Xsession
01:55:32 PM  1000    200972    0.00    0.00    0.00    0.00    0.00    16     54.00      0.00   10376    1640   0.01     16.00      0.00      0.00       0  Xsession

# Time        UID       PID    %usr %system  %guest   %wait    %CPU   CPU  minflt/s  majflt/s     VSZ     RSS   %MEM   kB_rd/s   kB_wr/s kB_ccwr/s iodelay  Command
01:55:33 PM     0         1    0.00    0.00    0.00    0.00    0.00    30      5.00      0.00   23212    8656   0.03     -1.00     -1.00     -1.00       0  systemd
01:55:33 PM     0       219    0.00    2.00    0.00    0.00    2.00    11      0.00      0.00       0       0   0.00     -1.00     -1.00     -1.00       0  kcompactd0
01:55:33 PM     0       526    0.00    0.00    0.00    0.00    0.00    22     84.00      0.00   67880   18304   0.06     -1.00     -1.00     -1.00       0  systemd-journal
01:55:33 PM     0      1483    1.00    0.00    0.00    0.00    1.00     8      5.00      1.00 1360812   32968   0.10     -1.00     -1.00     -1.00       0  tailscaled
01:55:33 PM  1000      2216    0.00    0.00    0.00    0.00    0.00    23      2.00      1.00   21300    8932   0.03      0.00      0.00      0.00       0  systemd
01:55:33 PM  1000    125651    0.00    0.00    0.00    0.00    0.00    11    147.00      0.00   15696    8764   0.03      0.00      0.00      0.00       0  zsh
01:55:33 PM     0    142287    0.00    1.00    0.00    0.00    1.00    11      0.00      0.00       0       0   0.00     -1.00     -1.00     -1.00       0  kworker/u128:0+flush-259:0
01:55:33 PM  1000    179682    0.00    0.00    0.00    0.00    0.00    21      5.00      0.00    9500    3196   0.01      0.00      0.00      0.00       0  dbus-daemon
01:55:33 PM  1000    180331    0.00    1.00    0.00    0.00    1.00     2      0.00      0.00  336828    3196   0.01      0.00      0.00      0.00       0  nvidia-smi
01:55:33 PM  1000    180332    0.00    0.00    0.00    0.00    0.00    12      0.00      0.00    8916    1688   0.01      0.00      4.00      0.00       0  mpstat
01:55:33 PM  1000    180333    0.00    1.00    0.00    0.00    1.00    10      0.00      0.00   13648    4764   0.01      0.00      4.00      0.00       0  pidstat
01:55:33 PM  1000    180336    1.00    4.00    0.00    0.00    5.00     9      7.00     12.00 64760064 5812448  17.85     56.00  76952.00      0.00       0  python
01:55:33 PM  1000    181668    1.00    0.00    0.00    0.00    1.00    16      0.00      0.00 17382284  344436   1.06      0.00      0.00      0.00       0  python
01:55:33 PM  1000    200834    0.00    0.00    0.00    0.00    0.00    10      1.00      0.00  316856    9516   0.03      0.00      0.00      0.00       0  gnome-keyring-d
01:55:33 PM  1000    200871    0.00    0.00    0.00    0.00    0.00     2     69.00      3.00 25991036  158940   0.49   2152.00      0.00      0.00       0  Xorg
01:55:33 PM  1000    200954    0.00    1.00    0.00    0.00    1.00    11   2604.00     34.00   77188   14760   0.05   4632.00      0.00      0.00       0  gnome-session-b
01:55:33 PM  1000    201010    0.00    0.00    0.00    0.00    0.00    12   3800.00     44.00  154168   57016   0.18   3164.00      0.00      0.00       0  gnome-session-c
01:55:33 PM  1000    201011    0.00    0.00    0.00    0.00    0.00    11    941.00      3.00  383032    7724   0.02    116.00      0.00      0.00       0  at-spi-bus-laun
01:55:33 PM  1000    201018    0.00    0.00    0.00    0.00    0.00    23    245.00      0.00    9368    4816   0.01     12.00      0.00      0.00       0  dbus-daemon
01:55:33 PM  1000    201019    0.00    4.00    0.00    0.00    4.00    10   3704.00     14.00  141172   54100   0.17    196.00      0.00      0.00       0  gnome-session-c

# Time        UID       PID    %usr %system  %guest   %wait    %CPU   CPU  minflt/s  majflt/s     VSZ     RSS   %MEM   kB_rd/s   kB_wr/s kB_ccwr/s iodelay  Command
01:55:34 PM   990       942    1.00    0.00    0.00    0.00    1.00    12      0.00      0.00   17752    4500   0.01     -1.00     -1.00     -1.00       0  systemd-oomd
01:55:34 PM     0      1483    0.00    1.00    0.00    0.00    1.00     8      0.00      0.00 1360812   32968   0.10     -1.00     -1.00     -1.00       0  tailscaled
01:55:34 PM  1000      2216    0.00    0.00    0.00    0.00    0.00     4      2.00      7.00   21300    8932   0.03      0.00      0.00      0.00       0  systemd
01:55:34 PM  1000    125650    1.00    0.00    0.00    0.00    1.00     4      0.00      0.00   15344    6236   0.02     -1.00     -1.00     -1.00       0  sshd
01:55:34 PM  1000    125651    1.00    1.00    0.00    0.00    2.00    27    138.00      0.00   15696    8764   0.03      0.00      4.00      0.00       0  zsh
01:55:34 PM     0    134499    0.00    1.00    0.00    0.00    1.00    15      0.00      0.00       0       0   0.00     -1.00     -1.00     -1.00       0  kworker/u128:2-ext4-rsv-conversion
01:55:34 PM  1000    179682    0.00    0.00    0.00    0.00    0.00     8      5.00      0.00    9500    3196   0.01      0.00      0.00      0.00       0  dbus-daemon
01:55:34 PM  1000    180331    1.00    0.00    0.00    0.00    1.00     0      0.00      0.00  336828    3196   0.01      0.00      0.00      0.00       0  nvidia-smi
01:55:34 PM  1000    180332    0.00    0.00    0.00    0.00    0.00    12      0.00      0.00    8916    1688   0.01      0.00      4.00      0.00       0  mpstat
01:55:34 PM  1000    180333    0.00    1.00    0.00    0.00    1.00    12      2.00      1.00   13648    4764   0.01      0.00      4.00      0.00       0  pidstat
01:55:34 PM  1000    180335    0.00    0.00    0.00    0.00    0.00    14      0.00      0.00    8632    1492   0.00      4.00      4.00      0.00       0  tee
01:55:34 PM  1000    180336    0.00    0.00    0.00    0.00    0.00     9     83.00     19.00 64833796 5813032  17.85    120.00      0.00      0.00       0  python
01:55:34 PM  1000    180387    0.00    1.00    0.00    0.00    1.00    15     46.00     19.00       0       0   0.00     -1.00     -1.00     -1.00       0  pt_data_worker
01:55:34 PM  1000    180388    0.00    7.00    0.00    0.00    7.00    12     38.00      1.00       0       0   0.00     -1.00     -1.00     -1.00       0  pt_data_worker
01:55:34 PM  1000    180389    0.00    6.00    0.00    0.00    6.00    23     36.00      0.00       0       0   0.00     -1.00     -1.00     -1.00       0  pt_data_worker
01:55:34 PM  1000    180390    0.00    1.00    0.00    0.00    1.00    28     39.00      0.00       0       0   0.00     -1.00     -1.00     -1.00       0  pt_data_worker
01:55:34 PM  1000    180391    0.00    6.00    0.00    0.00    6.00    12     36.00      4.00       0       0   0.00     -1.00     -1.00     -1.00       0  pt_data_worker
01:55:34 PM  1000    180392    1.00    5.00    0.00    0.00    6.00    13     37.00      1.00       0       0   0.00     -1.00     -1.00     -1.00       0  pt_data_worker
01:55:34 PM  1000    180393    0.00    6.00    0.00    0.00    6.00    10     35.00      2.00       0       0   0.00     -1.00     -1.00     -1.00       0  pt_data_worker
01:55:34 PM  1000    180394    0.00    7.00    0.00    0.00    7.00    13     41.00      0.00       0       0   0.00     -1.00     -1.00     -1.00       0  pt_data_worker
01:55:34 PM  1000    180395    1.00    7.00    0.00    1.00    8.00    22     38.00      0.00       0       0   0.00     -1.00     -1.00     -1.00       0  pt_data_worker
01:55:34 PM  1000    180396    0.00    6.00    0.00    0.00    6.00    11     37.00      1.00       0       0   0.00     -1.00     -1.00     -1.00       0  pt_data_worker
01:55:34 PM  1000    180397    0.00    6.00    0.00    0.00    6.00    17     37.00      0.00       0       0   0.00     -1.00     -1.00     -1.00       0  pt_data_worker
01:55:34 PM  1000    180398    0.00    6.00    0.00    0.00    6.00    14     38.00      0.00       0       0   0.00     -1.00     -1.00     -1.00       0  pt_data_worker
01:55:34 PM  1000    180399    0.00    6.00    0.00    0.00    6.00    21     38.00      0.00       0       0   0.00     -1.00     -1.00     -1.00       0  pt_data_worker
01:55:34 PM  1000    180400    0.00    1.00    0.00    0.00    1.00     6     40.00      2.00       0       0   0.00     -1.00     -1.00     -1.00       0  pt_data_worker
01:55:34 PM  1000    180401    1.00    6.00    0.00    0.00    7.00    24     38.00      1.00       0       0   0.00     -1.00     -1.00     -1.00       0  pt_data_worker
01:55:34 PM  1000    180402    1.00    0.00    0.00    0.00    1.00     5     41.00      8.00       0       0   0.00     -1.00     -1.00     -1.00       0  pt_data_worker
01:55:34 PM  1000    200954    0.00    0.00    0.00    0.00    0.00    13    129.00      4.00  298576   15808   0.05   4432.00      0.00      0.00       0  gnome-session-b
01:55:34 PM  1000    201022    0.00    0.00    0.00    0.00    0.00     9    250.00      3.00    9220    2176   0.01    364.00      0.00      0.00       0  watch

# Time        UID       PID    %usr %system  %guest   %wait    %CPU   CPU  minflt/s  majflt/s     VSZ     RSS   %MEM   kB_rd/s   kB_wr/s kB_ccwr/s iodelay  Command
01:55:35 PM     0         1    1.00    2.00    0.00    0.00    3.00    16   2958.00      0.00   23212    9216   0.03     -1.00     -1.00     -1.00       0  systemd
01:55:35 PM     0       526    0.00    1.00    0.00    0.00    1.00    16    578.00      4.00   67880   19176   0.06     -1.00     -1.00     -1.00       0  systemd-journal
01:55:35 PM     0       583    0.00    0.00    0.00    0.00    0.00    31     79.00      0.00   30488    5584   0.02     -1.00     -1.00     -1.00       0  systemd-udevd
01:55:35 PM     0       974    0.00    1.00    0.00    0.00    1.00    15      0.00      0.00       0       0   0.00     -1.00     -1.00     -1.00       0  nvidia-modeset/kthread_q
01:55:35 PM   108      1011    0.00    0.00    0.00    0.00    0.00    14      2.00      0.00    8768    3532   0.01     -1.00     -1.00     -1.00       0  avahi-daemon
01:55:35 PM   101      1013    3.00    0.00    0.00    0.00    3.00     6      3.00      0.00   12716    4460   0.01     -1.00     -1.00     -1.00       0  dbus-daemon
01:55:35 PM   987      1046    2.00    0.00    0.00    0.00    2.00    24      0.00      0.00  393036   10968   0.03     -1.00     -1.00     -1.00       0  polkitd
01:55:35 PM     0      1052    0.00    0.00    0.00    0.00    0.00     6     10.00      0.00  310228    5832   0.02     -1.00     -1.00     -1.00       0  switcheroo-cont
01:55:35 PM     0      1054    1.00    1.00    0.00    0.00    2.00    31    902.00      0.00   18284    6932   0.02     -1.00     -1.00     -1.00       0  systemd-logind
01:55:35 PM     0      1057    1.00    0.00    0.00    0.00    1.00    14      6.00      0.00  469896    8320   0.03     -1.00     -1.00     -1.00       0  udisksd
01:55:35 PM   102      1105    1.00    1.00    0.00    0.00    2.00    11      1.00      0.00  222580    3888   0.01     -1.00     -1.00     -1.00       0  rsyslogd
01:55:35 PM     0      1164    0.00    0.00    0.00    0.00    0.00    14      5.00      0.00  337032   10084   0.03     -1.00     -1.00     -1.00       0  NetworkManager
01:55:35 PM     0      1166    0.00    0.00    0.00    0.00    0.00     6      3.00      0.00  318400    7144   0.02     -1.00     -1.00     -1.00       0  ModemManager
01:55:35 PM     0      1478    0.00    0.00    0.00    0.00    0.00     6     14.00      1.00   38736    6640   0.02     -1.00     -1.00     -1.00       0  cupsd
01:55:35 PM     0      1483    1.00    0.00    0.00    0.00    1.00     8      0.00      0.00 1360812   32968   0.10     -1.00     -1.00     -1.00       0  tailscaled
01:55:35 PM   118      1823    0.00    0.00    0.00    0.00    0.00     1     42.00      7.00  320664   11548   0.04     -1.00     -1.00     -1.00       0  colord
01:55:35 PM     0      1884    0.00    0.00    0.00    0.00    0.00    12      3.00      0.00  318804    8204   0.03     -1.00     -1.00     -1.00       0  upowerd
01:55:35 PM  1000      2216    3.00    1.00    0.00    0.00    4.00    19      8.00      1.00   21300    8952   0.03      0.00      0.00      0.00       0  systemd
01:55:35 PM  1000      2242    0.00    0.00    0.00    0.00    0.00     8     29.00      8.00  128544   17492   0.05     52.00      0.00      0.00       0  pipewire-pulse
01:55:35 PM     0      3082    0.00    0.00    0.00    0.00    0.00    30      4.00      6.00  405836    9672   0.03     -1.00     -1.00     -1.00       0  fwupd
01:55:35 PM  1000    125650    0.00    1.00    0.00    0.00    1.00    26      0.00      0.00   15344    6236   0.02     -1.00     -1.00     -1.00       0  sshd
01:55:35 PM  1000    179682    3.00    1.00    0.00    0.00    4.00    18    485.00      0.00   10080    3452   0.01      0.00      0.00      0.00       0  dbus-daemon
01:55:35 PM   120    179758    0.00    0.00    0.00    0.00    0.00    21     18.00      0.00   20732    7728   0.02     -1.00     -1.00     -1.00       0  systemd
01:55:35 PM   120    179843    0.00    0.00    0.00    0.00    0.00    27      6.00      3.00 4032960  110052   0.34     -1.00     -1.00     -1.00       0  gnome-shell
01:55:35 PM   120    179921    0.00    0.00    0.00    0.00    0.00    12      2.00      1.00  408232    4076   0.01     -1.00     -1.00     -1.00       0  gsd-keyboard
01:55:35 PM   120    179974    0.00    0.00    0.00    0.00    0.00    15      0.00      2.00  459308    4428   0.01     -1.00     -1.00     -1.00       0  gsd-housekeepin
01:55:35 PM   120    180043    0.00    0.00    0.00    0.00    0.00    31     54.00     36.00  416580    3836   0.01     -1.00     -1.00     -1.00       0  gsd-printer
01:55:35 PM  1000    180328    0.00    0.00    0.00    0.00    0.00     0      1.00      0.00   15344    4664   0.01     -1.00     -1.00     -1.00       0  sshd
01:55:35 PM  1000    180331    0.00    1.00    0.00    0.00    1.00     6      0.00      0.00  336828    3196   0.01      0.00      0.00      0.00       0  nvidia-smi
01:55:35 PM  1000    180332    1.00    0.00    0.00    0.00    1.00    12      0.00      0.00    8916    1688   0.01      0.00      4.00      0.00       0  mpstat
01:55:35 PM  1000    180333    0.00    0.00    0.00    0.00    0.00    10      0.00      0.00   13648    4764   0.01      0.00      4.00      0.00       0  pidstat
01:55:35 PM  1000    180335    0.00    0.00    0.00    0.00    0.00    14      0.00      0.00    8632    1492   0.00      0.00      8.00      0.00       0  tee
01:55:35 PM  1000    180336    3.00    1.00    0.00    0.00    4.00     8  11226.00     85.00 64710632 5813844  17.86  92272.00      0.00      0.00       0  python
01:55:35 PM  1000    180385   21.00    5.00    0.00    0.00   26.00    25  45756.00   2435.00 17525380  618692   1.90 111496.00      0.00      0.00       0  python
01:55:35 PM  1000    200834    1.00    0.00    0.00    0.00    1.00    19      4.00      0.00  316856    9516   0.03      0.00      0.00      0.00       0  gnome-keyring-d
01:55:35 PM  1000    200871    2.00   11.00    0.00    0.00   13.00    12   1096.00      0.00 25991956  159708   0.49      0.00     20.00     12.00       0  Xorg
01:55:35 PM  1000    201011    0.00    0.00    0.00    0.00    0.00    11      3.00      0.00  383032    7724   0.02      0.00      0.00      0.00       0  at-spi-bus-laun
01:55:35 PM  1000    201018    0.00    0.00    0.00    0.00    0.00     2     54.00      0.00    9500    4816   0.01      0.00      0.00      0.00       0  dbus-daemon
01:55:35 PM  1000    201022    0.00    0.00    0.00    0.00    0.00     9     44.00      0.00    9220    2176   0.01    132.00      0.00      0.00       0  watch
01:55:35 PM  1000    201030    0.00    0.00    0.00    0.00    0.00    24    730.00      1.00   91888    5360   0.02     20.00      0.00      0.00       0  gnome-session-c
01:55:35 PM  1000    201047    0.00    0.00    0.00    0.00    0.00    17    931.00      7.00  314500    7268   0.02   1080.00      0.00      0.00       0  gvfsd
01:55:35 PM  1000    201054    0.00    0.00    0.00    0.00    0.00     2    418.00      4.00  460044    6388   0.02    288.00      0.00      0.00       0  gvfsd-fuse
01:55:35 PM  1000    201056    2.00    1.00    0.00    0.00    3.00     4   2986.00      1.00  520904   17716   0.05    696.00      4.00      0.00       0  gnome-session-b
01:55:35 PM     0    201063    0.00    0.00    0.00    0.00    0.00    29    137.00      0.00   30492    5268   0.02     -1.00     -1.00     -1.00       0  (udev-worker)
01:55:35 PM  1000    201101   30.00   15.00    0.00    0.00   45.00    26  26944.00    217.00 4226756  206012   0.63  21484.00      4.00      0.00       0  gnome-shell
01:55:35 PM  1000    201119    5.00    3.00    0.00    0.00    8.00     8   7982.00    131.00  838672  108400   0.33  14040.00      0.00      0.00       0  mutter-x11-fram
01:55:35 PM  1000    201122    0.00    0.00    0.00    0.00    0.00     4    435.00      0.00  236060    7928   0.02      0.00      0.00      0.00       0  at-spi2-registr
01:55:35 PM  1000    201131    0.00    0.00    0.00    0.00    0.00    29     29.00      0.00    9652    1384   0.00      0.00      0.00      0.00       0  dbus-daemon
01:55:35 PM  1000    201132    2.00    1.00    0.00    0.00    3.00    10   4400.00     21.00 2496720   40208   0.12  13756.00   1456.00      0.00       0  gjs
01:55:35 PM  1000    201146    0.00    0.00    0.00    0.00    0.00    14    740.00      1.00  309644    5596   0.02     88.00      0.00      0.00       0  xdg-permission-
01:55:35 PM  1000    201147    0.00    0.00    0.00    0.00    0.00    24     29.00      0.00    9652    1408   0.00      0.00      0.00      0.00       0  dbus-daemon
01:55:35 PM  1000    201148    0.00    0.00    0.00    0.00    0.00    22    760.00     41.00  506188   13240   0.04   5400.00      0.00      0.00       0  gnome-shell-cal
01:55:35 PM  1000    201164    1.00    1.00    0.00    0.00    2.00     0   3080.00     79.00  524572   37908   0.12  10460.00      0.00      0.00       0  evolution-sourc
01:55:35 PM     0    201165    0.00    0.00    0.00    0.00    0.00     8   1786.00     14.00  375548   19808   0.06     -1.00     -1.00     -1.00       0  packagekitd
01:55:35 PM  1000    201167    1.00    0.00    0.00    0.00    1.00     8   2143.00      1.00 2468276   27156   0.08     24.00      0.00      0.00       0  gjs
01:55:35 PM  1000    201195    1.00    0.00    0.00    0.00    1.00    30   1359.00      2.00  385680    7452   0.02    280.00      4.00      0.00       0  ibus-daemon
01:55:35 PM  1000    201196    0.00    0.00    0.00    0.00    0.00    22    786.00      1.00  383932    5588   0.02     24.00      0.00      0.00       0  gsd-a11y-settin
01:55:35 PM  1000    201197    0.00    0.00    0.00    0.00    0.00    28   1479.00      1.00  409772   15288   0.05     32.00      0.00      0.00       0  gsd-color
01:55:35 PM  1000    201198    0.00    0.00    0.00    0.00    0.00    20   1128.00      2.00  432084   11856   0.04     96.00      0.00      0.00       0  gsd-datetime
01:55:35 PM  1000    201199    0.00    0.00    0.00    0.00    0.00     8    867.00      0.00  459152    6404   0.02     16.00      0.00      0.00       0  gsd-housekeepin
01:55:35 PM  1000    201200    1.00    0.00    0.00    0.00    1.00     5   1408.00      1.00  408116   15288   0.05     40.00      0.00      0.00       0  gsd-keyboard
01:55:35 PM  1000    201201    1.00    1.00    0.00    0.00    2.00    10   1794.00     13.00  664772   19640   0.06    676.00      0.00      0.00       0  gsd-media-keys
01:55:35 PM  1000    201202    1.00    0.00    0.00    0.00    1.00     1   1628.00      0.00  520288   17584   0.05      8.00      0.00      0.00       0  gsd-power
01:55:35 PM  1000    201203    0.00    0.00    0.00    0.00    0.00     3   1217.00      7.00  324100   10228   0.03    656.00      0.00      0.00       0  gsd-print-notif
01:55:35 PM  1000    201206    0.00    0.00    0.00    0.00    0.00     2    815.00      0.00  531420    5768   0.02      0.00      0.00      0.00       0  gsd-rfkill
01:55:35 PM  1000    201209    0.00    0.00    0.00    0.00    0.00    23    763.00      1.00  309896    5616   0.02     28.00      0.00      0.00       0  gsd-screensaver
01:55:35 PM  1000    201215    0.00    0.00    0.00    0.00    0.00    26   1194.00     10.00  543608   10456   0.03    452.00      0.00      0.00       0  gsd-sharing
01:55:35 PM  1000    201216    0.00    0.00    0.00    0.00    0.00    26    934.00      4.00  386232    7180   0.02    356.00      0.00      0.00       0  gsd-smartcard
01:55:35 PM  1000    201217    0.00    0.00    0.00    0.00    0.00     9   1037.00     12.00  394056    8864   0.03   1276.00      0.00      0.00       0  gsd-sound
01:55:35 PM  1000    201220    1.00    0.00    0.00    0.00    1.00     7   1527.00      1.00  408772   14396   0.04     36.00      0.00      0.00       0  gsd-wacom
01:55:35 PM  1000    201222    1.00    0.00    0.00    0.00    1.00     0   1472.00      1.00  335476   14312   0.04     96.00      0.00      0.00       0  gsd-xsettings
01:55:35 PM     0    201259    1.00    1.00    0.00    0.00    2.00    20    999.00      1.00   17300    7640   0.02     -1.00     -1.00     -1.00       0  systemd-hostnam
01:55:35 PM  1000    201261    0.00    0.00    0.00    0.00    0.00     0    602.00      5.00  305504    6340   0.02    424.00      0.00      0.00       0  gsd-disk-utilit
01:55:35 PM  1000    201264    1.00    0.00    0.00    0.00    1.00     9   2599.00     41.00  226632   34528   0.11   6160.00      0.00      0.00       0  evolution-alarm
01:55:35 PM  1000    201273    0.00    0.00    0.00    0.00    0.00    25    175.00      0.00    2812    1452   0.00      0.00      0.00      0.00       0  sh
01:55:35 PM  1000    201279    0.00    1.00    0.00    0.00    1.00    11   5346.00     45.00  278896   39796   0.12   6692.00      0.00      0.00       0  nvidia-settings
01:55:35 PM  1000    201285    5.00    3.00    0.00    0.00    8.00     8   8357.00     23.00  715228  115504   0.35   2316.00      0.00      0.00       0  gnome-software
01:55:35 PM  1000    201292    0.00    0.00    0.00    0.00    0.00    28    635.00     61.00 1602848    6828   0.02   5932.00      0.00      0.00       0  ubuntu-report
01:55:35 PM     0    201318    2.00    0.00    0.00    0.00    2.00    31    990.00      1.00   17308    7224   0.02     -1.00     -1.00     -1.00       0  systemd-localed
01:55:35 PM  1000    201343    0.00    0.00    0.00    0.00    0.00     0   1157.00      2.00  389604   10020   0.03    188.00      0.00      0.00       0  gvfs-udisks2-vo
01:55:35 PM  1000    201345    0.00    0.00    0.00    0.00    0.00    17    349.00      1.00  236980    6780   0.02     24.00      0.00      0.00       0  ibus-memconf
01:55:35 PM  1000    201355    4.00    0.00    0.00    0.00    4.00    10   2318.00     26.00  341020   22756   0.07   2052.00      0.00      0.00       0  ibus-extension-
01:55:35 PM  1000    201357    0.00    0.00    0.00    0.00    0.00    23    945.00      1.00  416580   14588   0.04     32.00      0.00      0.00       0  gsd-printer
01:55:35 PM  1000    201363    0.00    0.00    0.00    0.00    0.00    18    963.00      1.00  261436   16468   0.05    116.00      0.00      0.00       0  ibus-x11
01:55:35 PM  1000    201376    0.00    0.00    0.00    0.00    0.00    26    332.00      1.00  310760    6904   0.02     72.00      0.00      0.00       0  ibus-portal
01:55:35 PM  1000    201395    0.00    0.00    0.00    0.00    0.00     2    875.00      7.00  311228    6404   0.02    748.00      0.00      0.00       0  gvfs-gphoto2-vo
01:55:35 PM  1000    201408    0.00    0.00    0.00    0.00    0.00    24    913.00      6.00  389716    6724   0.02    468.00      0.00      0.00       0  gvfs-afc-volume
01:55:35 PM  1000    201409    1.00    0.00    0.00    0.00    1.00     4   3713.00      1.00   20988   12216   0.04   3716.00      0.00      0.00       0  dpkg-query
01:55:35 PM  1000    201415    0.00    0.00    0.00    0.00    0.00    26    833.00      1.00  310260    6032   0.02     96.00      0.00      0.00       0  gvfs-mtp-volume

# Time        UID       PID    %usr %system  %guest   %wait    %CPU   CPU  minflt/s  majflt/s     VSZ     RSS   %MEM   kB_rd/s   kB_wr/s kB_ccwr/s iodelay  Command
01:55:36 PM     0         1    0.00    1.00    0.00    0.00    1.00    14   1270.00      0.00   23212    9216   0.03     -1.00     -1.00     -1.00       0  systemd
01:55:36 PM     0       526    1.00    0.00    0.00    0.00    1.00    17    249.00      4.00   67880   19176   0.06     -1.00     -1.00     -1.00       0  systemd-journal
01:55:36 PM     0       583    0.00    0.00    0.00    0.00    0.00    17     20.00      0.00   30488    5584   0.02     -1.00     -1.00     -1.00       0  systemd-udevd
01:55:36 PM   108      1011    0.00    0.00    0.00    0.00    0.00    22      3.00      0.00    8768    3532   0.01     -1.00     -1.00     -1.00       0  avahi-daemon
01:55:36 PM     0      1012    0.00    0.00    0.00    0.00    0.00    21      1.00      0.00   13672    4592   0.01     -1.00     -1.00     -1.00       0  bluetoothd
01:55:36 PM   101      1013    2.00    1.00    0.00    0.00    3.00    17      0.00      0.00   12716    4460   0.01     -1.00     -1.00     -1.00       0  dbus-daemon
01:55:36 PM   987      1046    1.00    1.00    0.00    0.00    2.00     7      4.00      0.00  393036   10968   0.03     -1.00     -1.00     -1.00       0  polkitd
01:55:36 PM     0      1049    0.00    1.00    0.00    0.00    1.00    21      0.00      0.00  314008    5756   0.02     -1.00     -1.00     -1.00       0  accounts-daemon
01:55:36 PM     0      1164    1.00    0.00    0.00    0.00    1.00    17      4.00      1.00  337032   10340   0.03     -1.00     -1.00     -1.00       0  NetworkManager
01:55:36 PM     0      1165    0.00    0.00    0.00    0.00    0.00    29      8.00      0.00   17400    3380   0.01     -1.00     -1.00     -1.00       0  wpa_supplicant
01:55:36 PM     0      1478    0.00    0.00    0.00    0.00    0.00    31      2.00      0.00   38736    6640   0.02     -1.00     -1.00     -1.00       0  cupsd
01:55:36 PM     0      1483    1.00    0.00    0.00    0.00    1.00     8      2.00      0.00 1360812   32968   0.10     -1.00     -1.00     -1.00       0  tailscaled
01:55:36 PM     0      1544    0.00    0.00    0.00    0.00    0.00    14      4.00      0.00  315268    7332   0.02     -1.00     -1.00     -1.00       0  gdm3
01:55:36 PM   117      1661    0.00    0.00    0.00    0.00    0.00    20     18.00      0.00   22956    4200   0.01     -1.00     -1.00     -1.00       0  rtkit-daemon
01:55:36 PM   118      1823    0.00    0.00    0.00    0.00    0.00    14     13.00      0.00  320668   11864   0.04     -1.00     -1.00     -1.00       0  colord
01:55:36 PM     0      1884    0.00    0.00    0.00    0.00    0.00    25      2.00      0.00  318804    8204   0.03     -1.00     -1.00     -1.00       0  upowerd
01:55:36 PM     0      2147    0.00    0.00    0.00    0.00    0.00    20      1.00      1.00  313860    6400   0.02     -1.00     -1.00     -1.00       0  power-profiles-
01:55:36 PM  1000      2216    0.00    1.00    0.00    0.00    1.00    19      2.00      0.00   21300    9248   0.03      0.00      0.00      0.00       0  systemd
01:55:36 PM  1000      2238    0.00    0.00    0.00    0.00    0.00     6     13.00      5.00  116500   15720   0.05     40.00      0.00      0.00       0  pipewire
01:55:36 PM  1000      2242    1.00    0.00    0.00    0.00    1.00     4      4.00      3.00  128544   17492   0.05     24.00      0.00      0.00       0  pipewire-pulse
01:55:36 PM     0      3082    0.00    0.00    0.00    0.00    0.00    29      3.00      2.00  405836    9672   0.03     -1.00     -1.00     -1.00       0  fwupd
01:55:36 PM  1000    179682    3.00    2.00    0.00    0.00    5.00    18   1128.00      0.00   10528    3452   0.01    328.00      0.00      0.00       0  dbus-daemon
01:55:36 PM     0    179708    0.00    0.00    0.00    0.00    0.00    29     48.00     25.00  242360    4328   0.01     -1.00     -1.00     -1.00       0  gdm-session-wor
01:55:36 PM   120    179780    0.00    0.00    0.00    0.00    0.00    12      0.00      0.00  110460    4796   0.01     -1.00     -1.00     -1.00       0  pipewire-pulse
01:55:36 PM   120    179781    0.00    0.00    0.00    0.00    0.00    20     35.00     29.00  236048    2412   0.01     -1.00     -1.00     -1.00       0  gdm-x-session
01:55:36 PM   120    179783    1.00    0.00    0.00    0.00    1.00    13    658.00    264.00 25994592   43424   0.13     -1.00     -1.00     -1.00       0  Xorg
01:55:36 PM   120    179826    0.00    0.00    0.00    0.00    0.00     9     67.00     39.00  383188    3172   0.01     -1.00     -1.00     -1.00       0  at-spi-bus-laun
01:55:36 PM   120    179832    0.00    0.00    0.00    0.00    0.00    25     69.00     46.00       0       0   0.00     -1.00     -1.00     -1.00       0  dbus-daemon
01:55:36 PM   120    179843    0.00    1.00    0.00    0.00    1.00     1   1840.00    621.00 3989844  138256   0.42     -1.00     -1.00     -1.00       0  gnome-shell
01:55:36 PM   120    180004    0.00    0.00    0.00    0.00    0.00     7     12.00     10.00       0       0   0.00     -1.00     -1.00     -1.00       0  ibus-daemon
01:55:36 PM  1000    180332    0.00    0.00    0.00    0.00    0.00    12      0.00      0.00    8916    1688   0.01      0.00      4.00      0.00       0  mpstat
01:55:36 PM  1000    180333    0.00    1.00    0.00    0.00    1.00    15    106.00      2.00   14068    5020   0.02     12.00     12.00      0.00       0  pidstat
01:55:36 PM  1000    180336   25.00    3.00    0.00    0.00   28.00    11  40375.00   4915.00 64694240 5852176  17.97 439064.00     16.00      4.00       0  python
01:55:36 PM  1000    200871   12.00    2.00    0.00    0.00   14.00    16   1047.00      0.00 25995756  162780   0.50      0.00      0.00      0.00       0  Xorg
01:55:36 PM  1000    201011    0.00    0.00    0.00    0.00    0.00    22      1.00      0.00  383032    7724   0.02      0.00      0.00      0.00       0  at-spi-bus-laun
01:55:36 PM  1000    201018    0.00    0.00    0.00    0.00    0.00    18      9.00      0.00    9500    4816   0.01      0.00      0.00      0.00       0  dbus-daemon
01:55:36 PM  1000    201022    0.00    0.00    0.00    0.00    0.00    14     42.00      0.00    9220    2176   0.01      0.00      0.00      0.00       0  watch
01:55:36 PM  1000    201047    0.00    0.00    0.00    0.00    0.00    18     80.00      0.00  314600    7268   0.02      0.00      0.00      0.00       0  gvfsd
01:55:36 PM  1000    201054    0.00    0.00    0.00    0.00    0.00     2      1.00      0.00  460044    6388   0.02      0.00      0.00      0.00       0  gvfsd-fuse
01:55:36 PM  1000    201056    0.00    1.00    0.00    0.00    1.00     5     30.00      0.00  520904   17716   0.05  41128.00      0.00      0.00       0  gnome-session-b
01:55:36 PM     0    201063    0.00    0.00    0.00    0.00    0.00     4      7.00      0.00   30492    5268   0.02     -1.00     -1.00     -1.00       0  (udev-worker)
01:55:36 PM  1000    201101   68.00    7.00    0.00    0.00   75.00     3  22776.00    254.00 4558504  338564   1.04  19784.00     84.00      0.00       0  gnome-shell
01:55:36 PM  1000    201119    4.00    0.00    0.00    0.00    4.00    14    827.00      5.00  841292  112288   0.34   1552.00      0.00      0.00       0  mutter-x11-fram
01:55:36 PM  1000    201132    3.00    1.00    0.00    0.00    4.00    16   6107.00      0.00 2989224  127312   0.39      4.00      0.00      0.00       0  gjs
01:55:36 PM  1000    201148    1.00    1.00    0.00    0.00    2.00     4    318.00      8.00  654824   16184   0.05    396.00      0.00      0.00       0  gnome-shell-cal
01:55:36 PM  1000    201164    1.00    0.00    0.00    0.00    1.00     1    370.00     24.00  600352   41776   0.13   1972.00      0.00      0.00       0  evolution-sourc
01:55:36 PM     0    201165    0.00    0.00    0.00    0.00    0.00    14     38.00      0.00  375548   19808   0.06     -1.00     -1.00     -1.00       0  packagekitd
01:55:36 PM  1000    201167    0.00    0.00    0.00    0.00    0.00     8     14.00      0.00 2468276   27156   0.08      0.00      0.00      0.00       0  gjs
01:55:36 PM  1000    201195    1.00    1.00    0.00    0.00    2.00    18   2086.00      0.00  389200   10536   0.03      0.00      0.00      0.00       0  ibus-daemon
01:55:36 PM  1000    201197    8.00    0.00    0.00    0.00    8.00     0   2188.00      3.00  418824   25324   0.08     96.00      0.00      0.00       0  gsd-color
01:55:36 PM  1000    201199    0.00    0.00    0.00    0.00    0.00     8      6.00      0.00  459152    6404   0.02      0.00      0.00      0.00       0  gsd-housekeepin
01:55:36 PM  1000    201200    6.00    0.00    0.00    0.00    6.00     3   2227.00      2.00  417704   25468   0.08     80.00      0.00      0.00       0  gsd-keyboard
01:55:36 PM  1000    201201    7.00    0.00    0.00    0.00    7.00    12   2187.00      1.00  673824   29924   0.09      8.00      0.00      0.00       0  gsd-media-keys
01:55:36 PM  1000    201202    6.00    1.00    0.00    0.00    7.00     0   2211.00      0.00  529448   28016   0.09      0.00      0.00      0.00       0  gsd-power
01:55:36 PM  1000    201203    0.00    0.00    0.00    0.00    0.00     4      1.00      0.00  324100   10228   0.03      0.00      0.00      0.00       0  gsd-print-notif
01:55:36 PM  1000    201206    0.00    0.00    0.00    0.00    0.00     2      2.00      0.00  531420    5768   0.02      0.00      0.00      0.00       0  gsd-rfkill
01:55:36 PM  1000    201215    1.00    0.00    0.00    0.00    1.00    26      1.00      0.00  543608   10456   0.03      0.00      0.00      0.00       0  gsd-sharing
01:55:36 PM  1000    201220    7.00    0.00    0.00    0.00    7.00    18   2240.00      1.00  418356   25332   0.08     12.00      0.00      0.00       0  gsd-wacom
01:55:36 PM  1000    201222    6.00    0.00    0.00    0.00    6.00    20   2429.00      1.00  420200   27016   0.08      8.00      0.00      0.00       0  gsd-xsettings
01:55:36 PM  1000    201264    7.00    1.00    0.00    0.00    8.00    17   3301.00     54.00  832372   61496   0.19   3060.00      0.00      0.00       0  evolution-alarm
01:55:36 PM  1000    201285   49.00    4.00    0.00    0.00   53.00    28  30509.00     69.00 1323100  223368   0.69  12344.00      0.00      0.00       0  gnome-software
01:55:36 PM     0    201318    0.00    0.00    0.00    0.00    0.00    24      1.00      0.00   17308    7224   0.02     -1.00     -1.00     -1.00       0  systemd-localed
01:55:36 PM  1000    201343    0.00    0.00    0.00    0.00    0.00     0      3.00      0.00  389736   10020   0.03      0.00      0.00      0.00       0  gvfs-udisks2-vo
01:55:36 PM  1000    201355   79.00    1.00    0.00    0.00   80.00    10   2796.00      0.00  351196   33136   0.10   1084.00      0.00      0.00       0  ibus-extension-
01:55:36 PM  1000    201357    0.00    0.00    0.00    0.00    0.00    23      2.00      0.00  416580   14588   0.04      0.00      0.00      0.00       0  gsd-printer
01:55:36 PM  1000    201363    7.00    0.00    0.00    0.00    7.00    18   2194.00      3.00  270460   25948   0.08    128.00      0.00      0.00       0  ibus-x11
01:55:36 PM  1000    201376    0.00    0.00    0.00    0.00    0.00     7      2.00      0.00  310760    6904   0.02      0.00      0.00      0.00       0  ibus-portal
01:55:36 PM  1000    201408    0.00    0.00    0.00    0.00    0.00    19      2.00      0.00  389716    6724   0.02      0.00      0.00      0.00       0  gvfs-afc-volume
01:55:36 PM  1000    201421    0.00    0.00    0.00    0.00    0.00    24    774.00      1.00  310108    5824   0.02    108.00      0.00      0.00       0  gvfs-goa-volume
01:55:36 PM  1000    201437    1.00    1.00    0.00    0.00    2.00    31   1715.00      6.00  554712   13404   0.04   1708.00      0.00      0.00       0  xdg-desktop-por
01:55:36 PM  1000    201439    1.00    0.00    0.00    0.00    1.00     8   1543.00      5.00  547096   23488   0.07    464.00      0.00      0.00       0  goa-daemon
01:55:36 PM  1000    201450    0.00    0.00    0.00    0.00    0.00    31    503.00      5.00  389460    8596   0.03    292.00      0.00      0.00       0  goa-identity-se
01:55:36 PM  1000    201459    0.00    0.00    0.00    0.00    0.00    22    899.00      2.00  536900    6196   0.02    192.00      0.00      0.00       0  xdg-document-po
01:55:36 PM  1000    201465    2.00    1.00    0.00    0.00    3.00    27   1906.00     49.00  891152   21908   0.07   4736.00      0.00      0.00       0  evolution-calen
01:55:36 PM  1000    201472    0.00    0.00    0.00    0.00    0.00    27    117.00      0.00    2716    1940   0.01     -1.00     -1.00     -1.00       0  fusermount3
01:55:36 PM  1000    201479    2.00    0.00    0.00    0.00    2.00    26   2152.00      1.00 2468272   26952   0.08     20.00      0.00      0.00       0  gjs
01:55:36 PM  1000    201500    4.00    2.00    0.00    0.00    6.00     0   4879.00     57.00  736856   28752   0.09   9796.00    536.00      0.00       0  tracker-miner-f
01:55:36 PM  1000    201501   11.00    2.00    0.00    0.00   13.00    12   9914.00      5.00 1082588  122304   0.38   1120.00      0.00      0.00       0  xdg-desktop-por
01:55:36 PM  1000    201522    1.00    1.00    0.00    0.00    2.00    29   2139.00     30.00  825736   28564   0.09   2620.00     44.00      0.00       0  evolution-addre
01:55:36 PM  1000    201542    0.00    0.00    0.00    0.00    0.00    30    457.00      2.00  314304    8796   0.03    148.00      0.00      0.00       0  ibus-engine-uni
01:55:36 PM  1000    201565    0.00    0.00    0.00    0.00    0.00    16    873.00      1.00  230648    5972   0.02     84.00     52.00      0.00       0  dconf-service
01:55:36 PM  1000    201574    1.00    1.00    0.00    0.00    2.00     3   2514.00     65.00  402332   30336   0.09   6716.00      0.00      0.00       0  tracker-extract
01:55:36 PM  1000    201599    5.00    0.00    0.00    0.00    5.00    10   3453.00      2.00  418908   28132   0.09    308.00      0.00      0.00       0  xdg-desktop-por
01:55:36 PM   114    201601    1.00    1.00    0.00    0.00    2.00    18   1704.00      7.00  629240   14540   0.04     -1.00     -1.00     -1.00       0  geoclue
01:55:36 PM  1000    201603    4.00    1.00    0.00    0.00    5.00    16   3333.00     24.00  781936   33688   0.10   2184.00     32.00      0.00       0  gnome-pomodoro
01:55:36 PM  1000    201626    0.00    0.00    0.00    0.00    0.00    20    555.00      1.00    8624    1752   0.01     36.00      0.00      0.00       0  sleep
01:55:36 PM  1000    201643   15.00    4.00    0.00    0.00   19.00     6  11821.00    131.00 1259020  145120   0.45  12776.00     32.00      0.00       0  nautilus
01:55:36 PM  1000    201644    0.00    0.00    0.00    0.00    0.00    29    515.00      1.00  609780    8076   0.02     64.00      0.00      0.00       0  gvfsd-trash
01:55:36 PM  1000    201664    7.00    1.00    0.00    0.00    8.00    17   7217.00     17.00 2650928   56104   0.17   3484.00      0.00      0.00       0  gjs

# Time        UID       PID    %usr %system  %guest   %wait    %CPU   CPU  minflt/s  majflt/s     VSZ     RSS   %MEM   kB_rd/s   kB_wr/s kB_ccwr/s iodelay  Command
01:55:37 PM     0         1    1.00    1.00    0.00    0.00    2.00    30   1189.00      0.00   23212    9216   0.03     -1.00     -1.00     -1.00       0  systemd
01:55:37 PM     0        15    0.00    1.00    0.00    0.00    1.00    13      0.00      0.00       0       0   0.00     -1.00     -1.00     -1.00       0  rcu_preempt
01:55:37 PM     0       526    0.00    0.00    0.00    0.00    0.00    30     79.00      0.00   67880   19176   0.06     -1.00     -1.00     -1.00       0  systemd-journal
01:55:37 PM     0       583    0.00    0.00    0.00    0.00    0.00    18      5.00      0.00   30488    5584   0.02     -1.00     -1.00     -1.00       0  systemd-udevd
01:55:37 PM   991       958    0.00    0.00    0.00    0.00    0.00    26      1.00      1.00   22000    7784   0.02     -1.00     -1.00     -1.00       0  systemd-resolve
01:55:37 PM   101      1013    2.00    0.00    0.00    0.00    2.00    20      0.00      0.00   12716    4460   0.01     -1.00     -1.00     -1.00       0  dbus-daemon
01:55:37 PM   987      1046    3.00    2.00    0.00    0.00    5.00    30      0.00      1.00  393036   10968   0.03     -1.00     -1.00     -1.00       0  polkitd
01:55:37 PM     0      1057    0.00    1.00    0.00    0.00    1.00    14      0.00      0.00  469896    8320   0.03     -1.00     -1.00     -1.00       0  udisksd
01:55:37 PM     0      1544    0.00    1.00    0.00    0.00    1.00    28    277.00      0.00  315268    7608   0.02     -1.00     -1.00     -1.00       0  gdm3
01:55:37 PM   118      1823    0.00    0.00    0.00    0.00    0.00    14      0.00      0.00  320664   11864   0.04     -1.00     -1.00     -1.00       0  colord
01:55:37 PM     0      2147    0.00    0.00    0.00    0.00    0.00    10      2.00      0.00  313860    6400   0.02     -1.00     -1.00     -1.00       0  power-profiles-
01:55:37 PM     0      3082    1.00    0.00    0.00    0.00    1.00     5     48.00     38.00  405836   10752   0.03     -1.00     -1.00     -1.00       0  fwupd
01:55:37 PM     0     27905    0.00    1.00    0.00    0.00    1.00    29      0.00      0.00       0       0   0.00     -1.00     -1.00     -1.00       0  kworker/29:0-events
01:55:37 PM     0    142287    0.00    1.00    0.00    0.00    1.00     2      0.00      0.00       0       0   0.00     -1.00     -1.00     -1.00       0  kworker/u128:0-events_unbound
01:55:37 PM     0    179601    0.00    1.00    0.00    0.00    1.00    30      0.00      0.00       0       0   0.00     -1.00     -1.00     -1.00       0  kworker/30:0-events
01:55:37 PM  1000    179682    1.00    0.00    0.00    0.00    1.00    18     30.00      0.00   10528    3452   0.01      0.00      0.00      0.00       0  dbus-daemon
01:55:37 PM   120    179777    0.00    0.00    0.00    0.00    0.00    21      0.00      0.00  114456    9776   0.03     -1.00     -1.00     -1.00       0  pipewire
01:55:37 PM   120    179784    0.00    0.00    0.00    0.00    0.00    20      1.00      0.00    9524    2340   0.01     -1.00     -1.00     -1.00       0  dbus-daemon
01:55:37 PM  1000    180331    0.00    0.00    0.00    0.00    0.00    16      0.00      0.00  336828    3196   0.01      0.00      4.00      0.00       0  nvidia-smi
01:55:37 PM  1000    180333    1.00    0.00    0.00    0.00    1.00    15      0.00      3.00   14068    5020   0.02      0.00     16.00      0.00       0  pidstat
01:55:37 PM  1000    180336   40.00    4.00    0.00    0.00   44.00     1  38675.00   5124.00 64659416 5891320  18.09  79448.00      0.00      0.00       0  python
01:55:37 PM  1000    200871    0.00    0.00    0.00    0.00    0.00    31     13.00      0.00 25995756  162780   0.50      0.00      0.00      0.00       0  Xorg
01:55:37 PM  1000    201022    0.00    0.00    0.00    0.00    0.00    27     43.00      0.00    9220    2176   0.01      0.00      0.00      0.00       0  watch
01:55:37 PM  1000    201047    0.00    1.00    0.00    0.00    1.00    26     72.00      0.00  314600    7268   0.02      0.00      0.00      0.00       0  gvfsd
01:55:37 PM  1000    201101   86.00    8.00    0.00    0.00   94.00    11  31087.00     53.00 6870904  425300   1.31  14476.00     12.00      0.00       0  gnome-shell
01:55:37 PM     0    201165   20.00    3.00    0.00    0.00   23.00    21   6045.00     46.00  523028   95724   0.29     -1.00     -1.00     -1.00       0  packagekitd
01:55:37 PM  1000    201285   91.00    5.00    0.00    0.00   96.00    10  37963.00     32.00 1462548  333736   1.03   6776.00      0.00      0.00       0  gnome-software
01:55:37 PM  1000    201437    0.00    0.00    0.00    0.00    0.00    29      1.00      0.00  554712   13404   0.04      0.00      0.00      0.00       0  xdg-desktop-por
01:55:37 PM  1000    201450    0.00    0.00    0.00    0.00    0.00    31      2.00      0.00  389460    8596   0.03      0.00      0.00      0.00       0  goa-identity-se
01:55:37 PM  1000    201565    0.00    0.00    0.00    0.00    0.00    21      3.00      0.00  230648    5972   0.02      0.00     52.00      0.00       0  dconf-service
01:55:37 PM  1000    201603    0.00    0.00    0.00    0.00    0.00    17      1.00      0.00  781936   33688   0.10      0.00      0.00      0.00       0  gnome-pomodoro
01:55:37 PM  1000    201643    0.00    0.00    0.00    0.00    0.00    19      2.00      0.00 1259020  145120   0.45      0.00      0.00      0.00       0  nautilus
01:55:37 PM  1000    201664    0.00    0.00    0.00    0.00    0.00    17      1.00      0.00 2650928   56104   0.17      0.00      0.00      0.00       0  gjs
01:55:37 PM     0    201885    6.00    2.00    0.00    0.00    8.00    26   7299.00     64.00   72640   31748   0.10     -1.00     -1.00     -1.00       0  python3
01:55:37 PM    42    201886    0.00    0.00    0.00    0.00    0.00    23   1440.00      0.00   29152   14408   0.04     -1.00     -1.00     -1.00       0  https
01:55:37 PM    42    201887    0.00    0.00    0.00    0.00    0.00    23    531.00      0.00   25852    9920   0.03     -1.00     -1.00     -1.00       0  http
01:55:37 PM    42    201888    0.00    0.00    0.00    0.00    0.00    22    540.00      0.00   25856    9772   0.03     -1.00     -1.00     -1.00       0  http
01:55:37 PM    42    201889    0.00    0.00    0.00    0.00    0.00     2   1415.00      0.00   29020   14276   0.04     -1.00     -1.00     -1.00       0  https
01:55:37 PM    42    201890    0.00    0.00    0.00    0.00    0.00    27    531.00      0.00   25856    9540   0.03     -1.00     -1.00     -1.00       0  http
01:55:37 PM    42    201891    0.00    0.00    0.00    0.00    0.00    23   1410.00      0.00   29020   13884   0.04     -1.00     -1.00     -1.00       0  https
01:55:37 PM    42    201892    0.00    0.00    0.00    0.00    0.00     2   1378.00      0.00   28888   13560   0.04     -1.00     -1.00     -1.00       0  https
01:55:37 PM    42    201893    1.00    0.00    0.00    0.00    1.00    22   1422.00      0.00   29020   14492   0.04     -1.00     -1.00     -1.00       0  https
01:55:37 PM    42    201915    0.00    0.00    0.00    0.00    0.00    29    546.00      0.00   18628    6428   0.02     -1.00     -1.00     -1.00       0  gpgv
01:55:37 PM    42    201919    0.00    0.00    0.00    0.00    0.00    25    507.00      0.00   25820    9796   0.03     -1.00     -1.00     -1.00       0  https
01:55:37 PM  1000    202046    0.00    0.00    0.00    0.00    0.00    25    553.00      1.00  320396    9420   0.03     48.00      0.00      0.00       0  gvfsd-http
